{"type":"FeatureCollection","features":[{"type":"Feature","properties":{"state":"Tamil Nadu","district":"Thiruvallur","district_code":"IN-TN-THI"},"geometry":{"type":"Polygon","coordinates":[[[80.128,13.034],[80.08,13.016],[79.995,13.046],[79.891,12.945],[79.822,12.967],[79.79,13.024],[79.738,13.065],[79.736,13.167],[79.647,13.199],[79.631,13.145],[79.482,13.14],[79.45,13.093],[79.351,13.063],[79.284,13.123],[79.438,13.188],[79.406,13.335],[79.537,13.339],[79.534,13.276],[79.683,13.296],[79.703,13.222],[79.794,13.24],[79.81,13.317],[79.946,13.364],[80.037,13.538],[80.079,13.489],[80.215,13.49],[80.268,13.565],[80.326,13.445],[80.345,13.276],[80.3,13.142],[80.203,13.126],[80.187,13.023],[80.128,13.034]]]}},{"type":"Feature","properties":{"state":"Tamil Nadu","district":"Chennai","district_code":"IN-TN-CHE"},"geometry":{"type":"Polygon","coordinates":[[[80.128,13.034],[80.187,13.023],[80.203,13.126],[80.3,13.142],[80.25,12.858],[80.183,12.869],[80.196,12.96],[80.128,13.034]]]}},{"type":"Feature","properties":{"state":"Tamil Nadu","district":"Krishnagiri","district_code":"IN-TN-KRI"},"geometry":{"type":"Polygon","coordinates":[[[78.412,12.627],[78.436,12.395],[78.568,12.388],[78.647,12.259],[78.632,12.176],[78.472,12.173],[78.175,12.337],[78.127,12.403],[78.011,12.503],[77.927,12.325],[77.803,12.176],[77.747,12.155],[77.611,12.206],[77.505,12.198],[77.471,12.243],[77.551,12.292],[77.615,12.367],[77.635,12.488],[77.588,12.514],[77.601,12.668],[77.739,12.672],[77.793,12.749],[77.831,12.866],[77.866,12.87],[77.929,12.891],[77.979,12.836],[78.057,12.852],[78.134,12.782],[78.231,12.76],[78.302,12.665],[78.412,12.627]]]}},{"type":"Feature","properties":{"state":"Tamil Nadu","district":"Tiruvannamalai","district_code":"IN-TN-TIR"},"geometry":{"type":"Polygon","coordinates":[[[78.632,12.176],[78.647,12.259],[78.71,12.304],[78.759,12.443],[78.858,12.634],[78.898,12.689],[78.972,12.671],[79.065,12.747],[79.209,12.785],[79.45,12.671],[79.473,12.874],[79.56,12.854],[79.745,12.744],[79.741,12.694],[79.631,12.631],[79.724,12.587],[79.744,12.532],[79.707,12.415],[79.64,12.345],[79.452,12.374],[79.383,12.443],[79.232,12.443],[79.25,12.323],[79.21,12.166],[79.279,12.125],[79.172,12.03],[79.126,12.019],[78.959,12.069],[78.913,12.015],[78.757,12.011],[78.718,11.984],[78.684,12.106],[78.632,12.176]]]}},{"type":"Feature","properties":{"state":"Tamil Nadu","district":"Dharmapuri","district_code":"IN-TN-DHA"},"geometry":{"type":"Polygon","coordinates":[[[77.747,12.155],[77.803,12.176],[77.927,12.325],[78.011,12.503],[78.127,12.403],[78.175,12.337],[78.472,12.173],[78.632,12.176],[78.684,12.106],[78.718,11.984],[78.709,11.898],[78.627,11.869],[78.595,11.823],[78.482,11.817],[78.328,11.894],[78.234,11.979],[78.039,11.937],[77.971,11.896],[77.762,11.909],[77.676,11.952],[77.708,12.036],[77.776,12.113],[77.747,12.155]]]}},{"type":"Feature","properties":{"state":"Tamil Nadu","district":"Salem","district_code":"IN-TN-SAL"},"geometry":{"type":"Polygon","coordinates":[[[77.676,11.952],[77.762,11.909],[77.971,11.896],[78.039,11.937],[78.234,11.979],[78.328,11.894],[78.482,11.817],[78.595,11.823],[78.627,11.869],[78.693,11.852],[78.643,11.769],[78.701,11.692],[78.805,11.688],[78.787,11.614],[78.843,11.523],[78.799,11.386],[78.741,11.45],[78.652,11.423],[78.663,11.373],[78.571,11.315],[78.487,11.408],[78.435,11.491],[78.439,11.599],[78.303,11.589],[78.244,11.553],[78.046,11.519],[77.852,11.416],[77.696,11.464],[77.733,11.512],[77.748,11.665],[77.69,11.652],[77.71,11.81],[77.676,11.952]]]}},{"type":"Feature","properties":{"state":"Tamil Nadu","district":"Erode","district_code":"IN-TN-ERO"},"geometry":{"type":"Polygon","coordinates":[[[77.676,11.952],[77.71,11.81],[77.69,11.652],[77.748,11.665],[77.733,11.512],[77.696,11.464],[77.684,11.417],[77.808,11.267],[77.863,11.245],[77.893,11.078],[77.933,11.071],[77.871,11.024],[77.777,11.058],[77.64,11.123],[77.5,11.108],[77.473,11.179],[77.476,11.302],[77.334,11.317],[77.218,11.353],[77.147,11.336],[77.111,11.406],[76.964,11.386],[77.008,11.545],[76.848,11.595],[76.835,11.655],[76.909,11.795],[77.013,11.814],[77.111,11.773],[77.293,11.809],[77.429,11.768],[77.494,11.944],[77.676,11.952]]]}},{"type":"Feature","properties":{"state":"Tamil Nadu","district":"Nilgiris","district_code":"IN-TN-NIL"},"geometry":{"type":"Polygon","coordinates":[[[76.848,11.595],[77.008,11.545],[76.964,11.386],[76.851,11.34],[76.841,11.288],[76.707,11.24],[76.629,11.194],[76.442,11.201],[76.522,11.27],[76.548,11.359],[76.461,11.388],[76.234,11.527],[76.378,11.601],[76.418,11.671],[76.511,11.704],[76.56,11.622],[76.757,11.618],[76.848,11.595]]]}},{"type":"Feature","properties":{"state":"Tamil Nadu","district":"Namakkal","district_code":"IN-TN-NAM"},"geometry":{"type":"Polygon","coordinates":[[[77.696,11.464],[77.852,11.416],[78.046,11.519],[78.244,11.553],[78.303,11.589],[78.439,11.599],[78.435,11.491],[78.487,11.408],[78.45,11.281],[78.323,11.058],[78.23,11.094],[78.164,11.013],[78.101,11.076],[77.99,11.097],[77.933,11.071],[77.893,11.078],[77.863,11.245],[77.808,11.267],[77.684,11.417],[77.696,11.464]]]}},{"type":"Feature","properties":{"state":"Tamil Nadu","district":"Perambalur","district_code":"IN-TN-PER"},"geometry":{"type":"Polygon","coordinates":[[[78.663,11.373],[78.652,11.423],[78.741,11.45],[78.799,11.386],[78.843,11.523],[78.878,11.508],[78.962,11.405],[79.169,11.379],[79.131,11.332],[79.069,11.109],[79.007,11.058],[78.975,11.094],[78.761,11.12],[78.701,11.069],[78.675,11.164],[78.713,11.214],[78.733,11.324],[78.663,11.373]]]}},{"type":"Feature","properties":{"state":"Tamil Nadu","district":"Coimbatore","district_code":"IN-TN-COI"},"geometry":{"type":"Polygon","coordinates":[[[76.964,11.386],[77.111,11.406],[77.147,11.336],[77.161,11.168],[77.262,11.115],[77.166,11.065],[77.182,10.921],[77.248,10.904],[77.294,10.812],[77.196,10.803],[77.133,10.75],[77.158,10.584],[77.091,10.584],[77.074,10.463],[77.091,10.315],[77.051,10.262],[76.982,10.22],[76.899,10.253],[76.898,10.254],[76.892,10.26],[76.834,10.339],[76.815,10.423],[76.838,10.596],[76.907,10.782],[76.831,10.87],[76.656,10.939],[76.754,11.079],[76.695,11.167],[76.707,11.24],[76.841,11.288],[76.851,11.34],[76.964,11.386]]]}},{"type":"Feature","properties":{"state":"Tamil Nadu","district":"Tiruchirappalli","district_code":"IN-TN-TIRU"},"geometry":{"type":"Polygon","coordinates":[[[78.487,11.408],[78.571,11.315],[78.663,11.373],[78.733,11.324],[78.713,11.214],[78.675,11.164],[78.701,11.069],[78.761,11.12],[78.975,11.094],[79.007,11.058],[78.979,10.97],[79.004,10.893],[78.946,10.889],[78.869,10.826],[78.874,10.705],[78.759,10.653],[78.627,10.704],[78.551,10.686],[78.459,10.612],[78.505,10.376],[78.449,10.409],[78.378,10.31],[78.334,10.301],[78.28,10.372],[78.316,10.44],[78.207,10.474],[78.199,10.547],[78.244,10.554],[78.293,10.702],[78.378,10.726],[78.421,10.671],[78.566,10.741],[78.579,10.851],[78.403,10.961],[78.207,10.958],[78.164,11.013],[78.23,11.094],[78.323,11.058],[78.45,11.281],[78.487,11.408]]]}},{"type":"Feature","properties":{"state":"Tamil Nadu","district":"Ariyalur","district_code":"IN-TN-ARI"},"geometry":{"type":"Polygon","coordinates":[[[79.007,11.058],[79.069,11.109],[79.131,11.332],[79.169,11.379],[79.368,11.419],[79.389,11.368],[79.498,11.314],[79.51,11.229],[79.458,11.15],[79.398,11.067],[79.291,11.014],[79.222,10.947],[79.004,10.893],[78.979,10.97],[79.007,11.058]]]}},{"type":"Feature","properties":{"state":"Tamil Nadu","district":"Tiruppur","district_code":"IN-TN-TIRUP"},"geometry":{"type":"Polygon","coordinates":[[[77.147,11.336],[77.218,11.353],[77.334,11.317],[77.476,11.302],[77.473,11.179],[77.5,11.108],[77.64,11.123],[77.777,11.058],[77.76,10.903],[77.832,10.838],[77.808,10.68],[77.721,10.631],[77.586,10.683],[77.514,10.606],[77.418,10.625],[77.369,10.551],[77.384,10.449],[77.323,10.448],[77.329,10.272],[77.288,10.232],[77.181,10.357],[77.091,10.315],[77.074,10.463],[77.091,10.584],[77.158,10.584],[77.133,10.75],[77.196,10.803],[77.294,10.812],[77.248,10.904],[77.182,10.921],[77.166,11.065],[77.262,11.115],[77.161,11.168],[77.147,11.336]]]}},{"type":"Feature","properties":{"state":"Tamil Nadu","district":"Thanjavur","district_code":"IN-TN-THA"},"geometry":{"type":"Polygon","coordinates":[[[78.874,10.705],[78.869,10.826],[78.946,10.889],[79.004,10.893],[79.222,10.947],[79.291,11.014],[79.398,11.067],[79.458,11.15],[79.527,11.183],[79.553,11.13],[79.516,10.97],[79.455,10.865],[79.3,10.936],[79.268,10.888],[79.306,10.825],[79.303,10.744],[79.346,10.592],[79.482,10.489],[79.501,10.37],[79.472,10.316],[79.387,10.317],[79.267,10.229],[79.227,10.137],[79.115,10.235],[79.152,10.349],[79.132,10.497],[79.186,10.543],[79.132,10.632],[79.069,10.672],[78.918,10.671],[78.874,10.705]]]}},{"type":"Feature","properties":{"state":"Tamil Nadu","district":"Karur","district_code":"IN-TN-KAR"},"geometry":{"type":"Polygon","coordinates":[[[77.777,11.058],[77.871,11.024],[77.933,11.071],[77.99,11.097],[78.101,11.076],[78.164,11.013],[78.207,10.958],[78.403,10.961],[78.579,10.851],[78.566,10.741],[78.421,10.671],[78.378,10.726],[78.293,10.702],[78.244,10.554],[78.199,10.547],[78.14,10.562],[78.153,10.745],[78.181,10.811],[78.028,10.781],[77.975,10.64],[77.808,10.68],[77.832,10.838],[77.76,10.903],[77.777,11.058]]]}},{"type":"Feature","properties":{"state":"Tamil Nadu","district":"Thiruvarur","district_code":"IN-TN-THIR"},"geometry":{"type":"Polygon","coordinates":[[[79.501,10.37],[79.482,10.489],[79.346,10.592],[79.303,10.744],[79.306,10.825],[79.268,10.888],[79.3,10.936],[79.455,10.865],[79.516,10.97],[79.651,11.013],[79.748,10.996],[79.724,10.929],[79.669,10.914],[79.652,10.825],[79.684,10.733],[79.667,10.574],[79.715,10.526],[79.631,10.378],[79.501,10.37]]]}},{"type":"Feature","properties":{"state":"Tamil Nadu","district":"Dindigul","district_code":"IN-TN-DIN"},"geometry":{"type":"Polygon","coordinates":[[[78.199,10.547],[78.207,10.474],[78.316,10.44],[78.28,10.372],[78.334,10.301],[78.329,10.228],[78.28,10.129],[78.213,10.075],[78.143,10.183],[78.02,10.184],[77.913,10.074],[77.805,10.067],[77.713,10.026],[77.692,10.146],[77.618,10.214],[77.465,10.13],[77.36,10.151],[77.268,10.122],[77.288,10.232],[77.329,10.272],[77.323,10.448],[77.384,10.449],[77.369,10.551],[77.418,10.625],[77.514,10.606],[77.586,10.683],[77.721,10.631],[77.808,10.68],[77.975,10.64],[78.028,10.781],[78.181,10.811],[78.153,10.745],[78.14,10.562],[78.199,10.547]]]}},{"type":"Feature","properties":{"state":"Tamil Nadu","district":"Madurai","district_code":"IN-TN-MAD"},"geometry":{"type":"Polygon","coordinates":[[[78.334,10.301],[78.378,10.31],[78.452,10.119],[78.456,9.968],[78.317,9.927],[78.309,9.865],[78.152,9.875],[78.137,9.762],[78.062,9.741],[78.014,9.64],[77.774,9.642],[77.71,9.706],[77.644,9.704],[77.537,9.66],[77.476,9.563],[77.618,9.858],[77.679,9.932],[77.713,10.026],[77.805,10.067],[77.913,10.074],[78.02,10.184],[78.143,10.183],[78.213,10.075],[78.28,10.129],[78.329,10.228],[78.334,10.301]]]}},{"type":"Feature","properties":{"state":"Tamil Nadu","district":"Theni","district_code":"IN-TN-THE"},"geometry":{"type":"Polygon","coordinates":[[[77.268,10.122],[77.36,10.151],[77.465,10.13],[77.618,10.214],[77.692,10.146],[77.713,10.026],[77.679,9.932],[77.618,9.858],[77.476,9.563],[77.403,9.526],[77.318,9.602],[77.27,9.572],[77.167,9.612],[77.247,9.799],[77.213,9.877],[77.263,10.029],[77.268,10.122]]]}},{"type":"Feature","properties":{"state":"Tamil Nadu","district":"Virudhunagar","district_code":"IN-TN-VIR"},"geometry":{"type":"Polygon","coordinates":[[[77.476,9.563],[77.537,9.66],[77.644,9.704],[77.71,9.706],[77.774,9.642],[78.014,9.64],[78.062,9.741],[78.137,9.762],[78.208,9.781],[78.311,9.722],[78.34,9.659],[78.429,9.609],[78.378,9.578],[78.331,9.462],[78.219,9.447],[78.244,9.381],[78.363,9.35],[78.28,9.285],[78.212,9.306],[78.169,9.369],[78.057,9.363],[77.918,9.202],[77.848,9.245],[77.708,9.29],[77.508,9.332],[77.435,9.391],[77.34,9.42],[77.403,9.526],[77.476,9.563]]]}},{"type":"Feature","properties":{"state":"Tamil Nadu","district":"Thoothukkudi","district_code":"IN-TN-THO"},"geometry":{"type":"Polygon","coordinates":[[[77.848,9.245],[77.918,9.202],[78.057,9.363],[78.169,9.369],[78.212,9.306],[78.28,9.285],[78.274,9.149],[78.384,9.094],[78.228,8.974],[78.172,8.883],[78.161,8.805],[78.195,8.752],[78.138,8.68],[78.143,8.501],[78.057,8.379],[77.97,8.335],[77.851,8.357],[77.815,8.563],[77.822,8.779],[77.805,8.878],[77.689,9.0],[77.702,9.064],[77.675,9.138],[77.86,9.198],[77.848,9.245]]]}},{"type":"Feature","properties":{"state":"Tamil Nadu","district":"Kanyakumari","district_code":"IN-TN-KAN"},"geometry":{"type":"Polygon","coordinates":[[[77.589,8.14],[77.556,8.077],[77.445,8.094],[77.233,8.181],[77.098,8.292],[77.262,8.507],[77.27,8.578],[77.439,8.507],[77.49,8.389],[77.563,8.276],[77.54,8.16],[77.589,8.14]]]}},{"type":"Feature","properties":{"state":"Tamil Nadu","district":"Viluppuram","district_code":"IN-TN-VIL"},"geometry":{"type":"Polygon","coordinates":[[[79.172,12.03],[79.279,12.125],[79.21,12.166],[79.25,12.323],[79.232,12.443],[79.383,12.443],[79.452,12.374],[79.64,12.345],[79.799,12.337],[79.874,12.243],[80.008,12.254],[79.884,12.065],[79.857,12.05],[79.857,12.007],[79.84,11.956],[79.785,11.96],[79.686,11.88],[79.689,11.809],[79.681,11.797],[79.469,11.872],[79.432,11.783],[79.303,11.875],[79.219,11.875],[79.238,11.952],[79.172,12.03]]]}},{"type":"Feature","properties":{"state":"Tamil Nadu","district":"Cuddalore","district_code":"IN-TN-CUD"},"geometry":{"type":"Polygon","coordinates":[[[79.169,11.379],[78.962,11.405],[78.878,11.508],[78.924,11.567],[79.019,11.595],[79.184,11.586],[79.248,11.65],[79.296,11.636],[79.384,11.681],[79.444,11.666],[79.432,11.783],[79.469,11.872],[79.681,11.797],[79.689,11.809],[79.686,11.88],[79.808,11.845],[79.806,11.834],[79.796,11.786],[79.761,11.623],[79.767,11.522],[79.813,11.424],[79.643,11.284],[79.599,11.218],[79.527,11.183],[79.458,11.15],[79.51,11.229],[79.498,11.314],[79.389,11.368],[79.368,11.419],[79.169,11.379]]]}},{"type":"Feature","properties":{"state":"Tamil Nadu","district":"Pudukkottai","district_code":"IN-TN-PUD"},"geometry":{"type":"Polygon","coordinates":[[[78.505,10.376],[78.459,10.612],[78.551,10.686],[78.627,10.704],[78.759,10.653],[78.874,10.705],[78.918,10.671],[79.069,10.672],[79.132,10.632],[79.186,10.543],[79.132,10.497],[79.152,10.349],[79.115,10.235],[79.227,10.137],[79.251,10.051],[79.124,9.883],[79.121,9.88],[79.12,9.853],[79.117,9.85],[79.04,9.865],[78.991,9.943],[78.93,10.022],[78.959,10.096],[78.913,10.144],[78.709,10.176],[78.652,10.253],[78.522,10.327],[78.505,10.376]]]}},{"type":"Feature","properties":{"state":"Tamil Nadu","district":"Sivaganga","district_code":"IN-TN-SIV"},"geometry":{"type":"Polygon","coordinates":[[[78.378,10.31],[78.449,10.409],[78.505,10.376],[78.522,10.327],[78.652,10.253],[78.709,10.176],[78.913,10.144],[78.959,10.096],[78.93,10.022],[78.991,9.943],[78.832,9.835],[78.727,9.871],[78.725,9.711],[78.799,9.696],[78.822,9.6],[78.727,9.589],[78.657,9.546],[78.429,9.609],[78.34,9.659],[78.311,9.722],[78.208,9.781],[78.137,9.762],[78.152,9.875],[78.309,9.865],[78.317,9.927],[78.456,9.968],[78.452,10.119],[78.378,10.31]]]}},{"type":"Feature","properties":{"state":"Tamil Nadu","district":"Ramanathapuram","district_code":"IN-TN-RAM"},"geometry":{"type":"Polygon","coordinates":[[[78.28,9.285],[78.363,9.35],[78.244,9.381],[78.219,9.447],[78.331,9.462],[78.378,9.578],[78.429,9.609],[78.657,9.546],[78.727,9.589],[78.822,9.6],[78.799,9.696],[78.725,9.711],[78.727,9.871],[78.832,9.835],[78.991,9.943],[79.04,9.865],[79.117,9.85],[78.981,9.689],[78.93,9.596],[78.9,9.469],[78.984,9.359],[79.065,9.299],[79.158,9.285],[79.335,9.311],[79.303,9.245],[79.204,9.278],[79.089,9.26],[78.982,9.274],[78.872,9.257],[78.579,9.131],[78.424,9.117],[78.384,9.094],[78.274,9.149],[78.28,9.285]]]}},{"type":"Feature","properties":{"state":"Tamil Nadu","district":"Nagapattinam","district_code":"IN-TN-NAG"},"geometry":{"type":"MultiPolygon","coordinates":[[[[79.472,10.316],[79.501,10.37],[79.631,10.378],[79.715,10.526],[79.667,10.574],[79.684,10.733],[79.652,10.825],[79.669,10.914],[79.724,10.929],[79.819,10.88],[79.849,10.827],[79.872,10.36],[79.86,10.283],[79.768,10.272],[79.472,10.316]]],[[[79.516,10.97],[79.553,11.13],[79.527,11.183],[79.599,11.218],[79.643,11.284],[79.813,11.424],[79.857,11.177],[79.851,10.985],[79.748,10.996],[79.651,11.013],[79.516,10.97]]]]}},{"type":"Feature","properties":{"state":"Tamil Nadu","district":"Kallakurichi","district_code":"IN-TN-KAL"},"geometry":{"type":"Polygon","coordinates":[[[78.718,11.984],[78.757,12.011],[78.913,12.015],[78.959,12.069],[79.126,12.019],[79.172,12.03],[79.238,11.952],[79.219,11.875],[79.303,11.875],[79.432,11.783],[79.444,11.666],[79.384,11.681],[79.296,11.636],[79.248,11.65],[79.184,11.586],[79.019,11.595],[78.924,11.567],[78.878,11.508],[78.843,11.523],[78.787,11.614],[78.805,11.688],[78.701,11.692],[78.643,11.769],[78.693,11.852],[78.627,11.869],[78.709,11.898],[78.718,11.984]]]}},{"type":"Feature","properties":{"state":"Tamil Nadu","district":"Tenkasi","district_code":"IN-TN-TEN"},"geometry":{"type":"Polygon","coordinates":[[[77.34,9.42],[77.435,9.391],[77.508,9.332],[77.708,9.29],[77.848,9.245],[77.86,9.198],[77.675,9.138],[77.702,9.064],[77.624,9.057],[77.568,8.789],[77.468,8.812],[77.445,8.742],[77.361,8.75],[77.303,8.791],[77.256,8.879],[77.193,8.926],[77.149,9.01],[77.204,9.07],[77.268,9.153],[77.282,9.299],[77.34,9.42]]]}},{"type":"Feature","properties":{"state":"Tamil Nadu","district":"Tirunelveli","district_code":"IN-TN-TIRUN"},"geometry":{"type":"Polygon","coordinates":[[[77.702,9.064],[77.689,9.0],[77.805,8.878],[77.822,8.779],[77.815,8.563],[77.851,8.357],[77.97,8.335],[77.841,8.251],[77.794,8.163],[77.589,8.14],[77.54,8.16],[77.563,8.276],[77.49,8.389],[77.439,8.507],[77.27,8.578],[77.17,8.742],[77.199,8.771],[77.256,8.879],[77.303,8.791],[77.361,8.75],[77.445,8.742],[77.468,8.812],[77.568,8.789],[77.624,9.057],[77.702,9.064]]]}},{"type":"Feature","properties":{"state":"Tamil Nadu","district":"Vellore","district_code":"IN-TN-VEL"},"geometry":{"type":"Polygon","coordinates":[[[79.209,12.785],[79.065,12.747],[78.972,12.671],[78.898,12.689],[78.858,12.634],[78.768,12.681],[78.808,12.806],[78.782,12.847],[78.66,12.865],[78.603,12.844],[78.621,12.991],[78.751,13.054],[78.892,13.096],[78.994,13.086],[79.163,13.02],[79.235,13.105],[79.228,13.158],[79.294,13.052],[79.267,12.986],[79.189,12.913],[79.209,12.785]]]}},{"type":"Feature","properties":{"state":"Tamil Nadu","district":"Ranipet","district_code":"IN-TN-RAN"},"geometry":{"type":"Polygon","coordinates":[[[79.284,13.123],[79.351,13.063],[79.45,13.093],[79.482,13.14],[79.631,13.145],[79.647,13.199],[79.736,13.167],[79.738,13.065],[79.79,13.024],[79.568,12.899],[79.56,12.854],[79.473,12.874],[79.45,12.671],[79.209,12.785],[79.189,12.913],[79.267,12.986],[79.294,13.052],[79.228,13.158],[79.284,13.123]]]}},{"type":"Feature","properties":{"state":"Tamil Nadu","district":"Tirupathur","district_code":"IN-TN-TIRUPA"},"geometry":{"type":"Polygon","coordinates":[[[78.647,12.259],[78.568,12.388],[78.436,12.395],[78.412,12.627],[78.592,12.782],[78.603,12.844],[78.66,12.865],[78.782,12.847],[78.808,12.806],[78.768,12.681],[78.858,12.634],[78.759,12.443],[78.71,12.304],[78.647,12.259]]]}},{"type":"Feature","properties":{"state":"Tamil Nadu","district":"Kancheepuram","district_code":"IN-TN-KANC"},"geometry":{"type":"Polygon","coordinates":[[[79.79,13.024],[79.822,12.967],[79.891,12.945],[79.995,13.046],[80.08,13.016],[80.105,12.956],[80.053,12.839],[79.956,12.791],[79.909,12.799],[79.924,12.632],[79.823,12.62],[79.744,12.532],[79.724,12.587],[79.631,12.631],[79.741,12.694],[79.745,12.744],[79.56,12.854],[79.568,12.899],[79.79,13.024]]]}},{"type":"Feature","properties":{"state":"Tamil Nadu","district":"Chengalpattu","district_code":"IN-TN-CHEN"},"geometry":{"type":"Polygon","coordinates":[[[80.08,13.016],[80.128,13.034],[80.196,12.96],[80.183,12.869],[80.25,12.858],[80.255,12.78],[80.166,12.529],[80.138,12.411],[80.008,12.254],[79.874,12.243],[79.799,12.337],[79.64,12.345],[79.707,12.415],[79.744,12.532],[79.823,12.62],[79.924,12.632],[79.909,12.799],[79.956,12.791],[80.053,12.839],[80.105,12.956],[80.08,13.016]]]}},{"type":"Feature","properties":{"state":"Madhya Pradesh","district":"Burhanpur","district_code":"IN-MP-BUR"},"geometry":{"type":"Polygon","coordinates":[[[76.782,21.559],[76.783,21.464],[76.621,21.332],[76.662,21.281],[76.623,21.185],[76.49,21.192],[76.477,21.148],[76.383,21.076],[76.167,21.079],[76.159,21.255],[76.095,21.372],[75.987,21.369],[76.01,21.469],[75.951,21.548],[76.077,21.572],[76.176,21.542],[76.377,21.599],[76.513,21.561],[76.612,21.574],[76.782,21.559]]]}},{"type":"Feature","properties":{"state":"Maharashtra","district":"Gondia","district_code":"IN-M-GON"},"geometry":{"type":"Polygon","coordinates":[[[80.661,21.333],[80.614,21.226],[80.464,21.175],[80.44,21.097],[80.464,20.929],[80.547,20.935],[80.562,20.823],[80.391,20.807],[80.333,20.82],[80.308,20.728],[80.242,20.656],[80.057,20.712],[79.982,20.678],[79.995,20.749],[79.863,20.782],[79.94,20.957],[80.071,20.957],[80.063,21.201],[79.936,21.255],[79.825,21.273],[79.796,21.376],[79.88,21.427],[79.918,21.524],[80.066,21.555],[80.121,21.611],[80.268,21.618],[80.375,21.524],[80.423,21.441],[80.528,21.395],[80.622,21.321],[80.661,21.333]]]}},{"type":"Feature","properties":{"state":"Maharashtra","district":"Bhandara","district_code":"IN-M-BHA"},"geometry":{"type":"Polygon","coordinates":[[[79.918,21.524],[79.88,21.427],[79.796,21.376],[79.825,21.273],[79.936,21.255],[80.063,21.201],[80.071,20.957],[79.94,20.957],[79.863,20.782],[79.995,20.749],[79.982,20.678],[79.933,20.673],[79.75,20.69],[79.661,20.667],[79.519,20.715],[79.53,20.775],[79.655,20.965],[79.599,21.072],[79.495,21.138],[79.551,21.171],[79.576,21.277],[79.476,21.428],[79.476,21.491],[79.539,21.541],[79.739,21.603],[79.918,21.524]]]}},{"type":"Feature","properties":{"state":"Maharashtra","district":"Jalgaon","district_code":"IN-M-JAL"},"geometry":{"type":"Polygon","coordinates":[[[75.987,21.369],[76.095,21.372],[76.159,21.255],[76.167,21.079],[76.383,21.076],[76.398,21.032],[76.346,20.951],[76.164,21.036],[76.078,20.908],[76.113,20.892],[75.985,20.761],[76.006,20.647],[75.932,20.574],[75.824,20.555],[75.754,20.613],[75.535,20.606],[75.528,20.555],[75.396,20.521],[75.389,20.577],[75.257,20.576],[75.227,20.495],[75.159,20.477],[75.106,20.412],[75.126,20.35],[74.994,20.337],[74.934,20.271],[74.864,20.335],[74.801,20.445],[74.812,20.632],[74.933,20.657],[74.986,20.738],[74.962,20.902],[74.913,20.928],[74.91,21.031],[74.858,21.06],[74.895,21.149],[74.964,21.194],[75.037,21.192],[75.132,21.278],[75.121,21.343],[75.211,21.412],[75.383,21.38],[75.609,21.39],[75.987,21.369]]]}},{"type":"Feature","properties":{"state":"Chhattisgarh","district":"Mahasamund","district_code":"IN-C-MAH"},"geometry":{"type":"Polygon","coordinates":[[[83.269,21.377],[83.192,21.139],[83.077,21.112],[82.966,21.175],[82.64,21.155],[82.639,21.089],[82.561,20.947],[82.489,20.908],[82.46,20.826],[82.339,20.874],[82.198,20.939],[82.161,21.016],[81.989,21.083],[82.028,21.233],[82.146,21.311],[82.194,21.379],[82.252,21.318],[82.389,21.262],[82.472,21.328],[82.697,21.331],[82.691,21.484],[82.877,21.556],[82.934,21.497],[83.059,21.436],[83.269,21.377]]]}},{"type":"Feature","properties":{"state":"Maharashtra","district":"Wardha","district_code":"IN-M-WAR"},"geometry":{"type":"Polygon","coordinates":[[[78.251,21.331],[78.331,21.249],[78.446,21.237],[78.6,21.109],[78.652,21.034],[78.727,21.005],[78.733,20.947],[78.828,20.893],[78.942,20.768],[79.051,20.738],[79.143,20.679],[79.221,20.583],[79.132,20.458],[79.053,20.466],[78.817,20.397],[78.799,20.299],[78.739,20.294],[78.646,20.419],[78.562,20.44],[78.508,20.525],[78.41,20.513],[78.262,20.579],[78.274,20.693],[78.312,20.737],[78.257,20.886],[78.143,20.954],[78.144,21.139],[78.053,21.255],[78.079,21.355],[78.251,21.331]]]}},{"type":"Feature","properties":{"state":"Maharashtra","district":"Buldhana","district_code":"IN-M-BUL"},"geometry":{"type":"Polygon","coordinates":[[[76.383,21.076],[76.477,21.148],[76.49,21.192],[76.623,21.185],[76.662,21.281],[76.724,21.289],[76.783,21.193],[76.774,21.084],[76.797,21.003],[76.765,20.856],[76.774,20.775],[76.733,20.656],[76.783,20.603],[76.77,20.518],[76.708,20.5],[76.744,20.338],[76.82,20.28],[76.747,20.206],[76.757,20.128],[76.669,20.126],[76.658,20.001],[76.607,19.924],[76.64,19.866],[76.537,19.849],[76.494,19.92],[76.409,19.92],[76.297,19.869],[76.098,19.857],[76.08,19.913],[75.964,19.998],[76.095,20.096],[76.141,20.301],[76.086,20.367],[76.031,20.305],[75.967,20.37],[75.941,20.502],[75.976,20.532],[76.036,20.555],[76.006,20.647],[75.985,20.761],[76.113,20.892],[76.078,20.908],[76.164,21.036],[76.346,20.951],[76.398,21.032],[76.383,21.076]]]}},{"type":"Feature","properties":{"state":"Gujarat","district":"Valsad","district_code":"IN-G-VAL"},"geometry":{"type":"Polygon","coordinates":[[[72.775,20.132],[72.74,20.243],[72.778,20.337],[72.829,20.368],[72.887,20.462],[72.904,20.576],[72.855,20.75],[72.973,20.745],[73.047,20.7],[73.073,20.601],[73.219,20.602],[73.259,20.58],[73.407,20.624],[73.473,20.584],[73.468,20.496],[73.404,20.386],[73.416,20.205],[73.3,20.21],[73.249,20.122],[73.211,20.121],[73.135,20.199],[73.167,20.288],[73.043,20.326],[72.933,20.295],[72.962,20.209],[72.873,20.227],[72.775,20.132]]]}},{"type":"Feature","properties":{"state":"Maharashtra","district":"Akola","district_code":"IN-M-AKO"},"geometry":{"type":"Polygon","coordinates":[[[76.82,20.28],[76.744,20.338],[76.708,20.5],[76.77,20.518],[76.783,20.603],[76.733,20.656],[76.774,20.775],[76.765,20.856],[76.797,21.003],[76.774,21.084],[76.783,21.193],[76.999,21.196],[77.167,21.243],[77.176,21.072],[77.129,20.863],[77.286,20.847],[77.53,20.849],[77.611,20.8],[77.611,20.719],[77.479,20.662],[77.459,20.617],[77.34,20.576],[77.34,20.484],[77.23,20.474],[77.182,20.398],[77.014,20.412],[76.82,20.28]]]}},{"type":"Feature","properties":{"state":"Odisha","district":"Bhadrak","district_code":"IN-O-BHA"},"geometry":{"type":"Polygon","coordinates":[[[86.622,20.796],[86.599,20.855],[86.495,20.867],[86.361,20.848],[86.281,20.908],[86.286,21.016],[86.367,21.237],[86.515,21.135],[86.653,21.108],[86.673,21.17],[86.801,21.23],[86.859,21.214],[86.853,21.094],[86.977,20.86],[86.968,20.792],[86.865,20.783],[86.806,20.735],[86.76,20.767],[86.622,20.796]]]}},{"type":"Feature","properties":{"state":"Odisha","district":"Dhenkanal","district_code":"IN-O-DHE"},"geometry":{"type":"Polygon","coordinates":[[[85.712,21.138],[85.75,20.992],[85.845,20.933],[85.917,20.928],[85.899,20.847],[86.03,20.809],[85.916,20.701],[85.888,20.658],[85.787,20.672],[85.706,20.624],[85.656,20.55],[85.585,20.514],[85.504,20.536],[85.457,20.485],[85.252,20.518],[85.127,20.616],[85.114,20.683],[85.189,20.701],[85.255,20.796],[85.231,21.072],[85.272,21.175],[85.394,21.183],[85.498,21.115],[85.546,21.167],[85.706,21.168],[85.712,21.138]]]}},{"type":"Feature","properties":{"state":"Odisha","district":"Jajpur","district_code":"IN-O-JAJ"},"geometry":{"type":"Polygon","coordinates":[[[86.286,21.016],[86.281,20.908],[86.361,20.848],[86.495,20.867],[86.599,20.855],[86.622,20.796],[86.564,20.775],[86.526,20.689],[86.452,20.675],[86.377,20.594],[86.28,20.581],[86.145,20.642],[86.041,20.592],[85.916,20.701],[86.03,20.809],[85.899,20.847],[85.917,20.928],[85.845,20.933],[85.75,20.992],[85.712,21.138],[85.822,21.091],[85.917,21.093],[86.027,21.138],[86.05,21.021],[86.134,21.076],[86.286,21.016]]]}},{"type":"Feature","properties":{"state":"Odisha","district":"Subarnapur","district_code":"IN-O-SUB"},"geometry":{"type":"Polygon","coordinates":[[[84.279,20.922],[84.267,20.881],[84.192,20.889],[84.041,20.82],[83.937,20.842],[83.837,20.826],[83.762,20.781],[83.758,20.717],[83.685,20.559],[83.602,20.53],[83.594,20.606],[83.665,20.705],[83.576,20.873],[83.639,20.981],[83.51,20.98],[83.457,21.058],[83.548,21.076],[83.605,21.128],[83.714,21.119],[83.784,21.152],[83.84,21.094],[83.894,21.175],[83.984,21.131],[84.018,21.051],[84.143,21.034],[84.238,20.922],[84.279,20.922]]]}},{"type":"Feature","properties":{"state":"Odisha","district":"Nuapada","district_code":"IN-O-NUA"},"geometry":{"type":"Polygon","coordinates":[[[82.339,20.874],[82.46,20.826],[82.489,20.908],[82.561,20.947],[82.639,21.089],[82.694,21.02],[82.681,20.885],[82.701,20.728],[82.743,20.629],[82.684,20.46],[82.73,20.382],[82.813,20.326],[82.862,20.229],[82.821,20.166],[82.718,19.989],[82.398,20.056],[82.386,20.145],[82.421,20.205],[82.4,20.341],[82.438,20.434],[82.333,20.562],[82.377,20.632],[82.353,20.701],[82.339,20.874]]]}},{"type":"Feature","properties":{"state":"Odisha","district":"Balangir","district_code":"IN-O-BAL"},"geometry":{"type":"Polygon","coordinates":[[[83.457,21.058],[83.51,20.98],[83.639,20.981],[83.576,20.873],[83.665,20.705],[83.594,20.606],[83.602,20.53],[83.584,20.488],[83.666,20.422],[83.651,20.389],[83.619,20.352],[83.499,20.416],[83.421,20.403],[83.362,20.317],[83.238,20.257],[83.226,20.205],[83.145,20.169],[83.091,20.2],[83.016,20.172],[82.821,20.166],[82.862,20.229],[82.813,20.326],[82.73,20.382],[82.684,20.46],[82.743,20.629],[82.701,20.728],[82.889,20.907],[82.981,20.845],[83.131,20.858],[83.217,20.93],[83.285,20.853],[83.405,20.889],[83.386,20.99],[83.457,21.058]]]}},{"type":"Feature","properties":{"state":"Maharashtra","district":"Nashik","district_code":"IN-M-NAS"},"geometry":{"type":"Polygon","coordinates":[[[74.812,20.632],[74.801,20.445],[74.864,20.335],[74.934,20.271],[74.896,20.18],[74.818,20.25],[74.714,20.134],[74.736,20.081],[74.67,19.946],[74.318,19.985],[74.274,19.906],[74.363,19.872],[74.373,19.802],[74.167,19.73],[74.119,19.641],[74.022,19.674],[73.925,19.673],[73.84,19.741],[73.777,19.641],[73.703,19.597],[73.616,19.586],[73.485,19.725],[73.451,19.765],[73.407,20.019],[73.309,20.056],[73.249,20.122],[73.3,20.21],[73.416,20.205],[73.404,20.386],[73.468,20.496],[73.473,20.584],[73.407,20.624],[73.474,20.72],[73.615,20.625],[73.653,20.565],[73.745,20.565],[73.838,20.621],[73.875,20.73],[73.918,20.724],[73.942,20.84],[74.02,20.834],[74.158,20.862],[74.381,20.84],[74.436,20.803],[74.538,20.837],[74.665,20.775],[74.65,20.694],[74.812,20.632]]]}},{"type":"Feature","properties":{"state":"Odisha","district":"Boudh","district_code":"IN-O-BOU"},"geometry":{"type":"Polygon","coordinates":[[[83.602,20.53],[83.685,20.559],[83.758,20.717],[83.762,20.781],[83.837,20.826],[83.937,20.842],[84.041,20.82],[84.192,20.889],[84.267,20.881],[84.348,20.833],[84.36,20.765],[84.561,20.69],[84.639,20.624],[84.767,20.603],[84.682,20.433],[84.51,20.396],[84.388,20.53],[84.37,20.651],[84.276,20.672],[84.226,20.581],[83.874,20.583],[83.796,20.508],[83.814,20.436],[83.666,20.422],[83.584,20.488],[83.602,20.53]]]}},{"type":"Feature","properties":{"state":"Maharashtra","district":"Gadchiroli","district_code":"IN-M-GAD"},"geometry":{"type":"Polygon","coordinates":[[[79.982,20.678],[80.057,20.712],[80.242,20.656],[80.308,20.728],[80.333,20.82],[80.391,20.807],[80.562,20.823],[80.58,20.673],[80.521,20.58],[80.617,20.585],[80.591,20.393],[80.626,20.332],[80.395,20.244],[80.432,20.136],[80.505,20.144],[80.545,20.1],[80.53,19.939],[80.469,19.827],[80.547,19.818],[80.563,19.759],[80.672,19.703],[80.715,19.616],[80.895,19.52],[80.852,19.365],[80.752,19.288],[80.612,19.31],[80.577,19.398],[80.482,19.337],[80.394,19.187],[80.333,19.145],[80.329,19.07],[80.271,18.943],[80.349,18.848],[80.274,18.765],[80.276,18.72],[80.118,18.68],[80.019,18.771],[79.914,18.826],[79.961,18.866],[79.94,19.035],[79.858,19.102],[79.929,19.158],[79.978,19.399],[79.944,19.47],[79.865,19.51],[79.806,19.579],[79.782,19.728],[79.738,19.816],[79.803,19.893],[79.784,20.009],[79.852,20.03],[79.915,19.97],[79.99,20.045],[79.967,20.118],[79.987,20.214],[79.943,20.29],[79.972,20.353],[79.924,20.555],[79.933,20.673],[79.982,20.678]]]}},{"type":"Feature","properties":{"state":"Maharashtra","district":"Washim","district_code":"IN-M-WAS"},"geometry":{"type":"Polygon","coordinates":[[[76.64,19.866],[76.607,19.924],[76.658,20.001],[76.669,20.126],[76.757,20.128],[76.747,20.206],[76.82,20.28],[77.014,20.412],[77.182,20.398],[77.23,20.474],[77.34,20.484],[77.34,20.576],[77.459,20.617],[77.479,20.662],[77.611,20.719],[77.656,20.639],[77.65,20.565],[77.673,20.539],[77.574,20.4],[77.611,20.264],[77.666,20.247],[77.67,20.101],[77.58,20.029],[77.525,20.097],[77.372,20.047],[77.285,19.909],[77.215,19.974],[77.103,19.932],[77.036,20.008],[76.773,19.935],[76.74,19.873],[76.64,19.866]]]}},{"type":"Feature","properties":{"state":"Odisha","district":"Cuttack","district_code":"IN-O-CUT"},"geometry":{"type":"Polygon","coordinates":[[[85.127,20.616],[85.252,20.518],[85.457,20.485],[85.504,20.536],[85.585,20.514],[85.656,20.55],[85.706,20.624],[85.787,20.672],[85.888,20.658],[85.916,20.701],[86.041,20.592],[86.145,20.642],[86.28,20.581],[86.249,20.539],[86.273,20.387],[86.249,20.365],[86.01,20.378],[86.039,20.287],[86.151,20.214],[86.142,20.144],[86.182,20.053],[86.125,20.037],[86.081,20.104],[85.879,20.357],[85.786,20.434],[85.717,20.404],[85.624,20.293],[85.524,20.306],[85.33,20.279],[85.367,20.367],[85.159,20.379],[84.848,20.528],[84.897,20.583],[85.075,20.581],[85.127,20.616]]]}},{"type":"Feature","properties":{"state":"Maharashtra","district":"Chandrapur","district_code":"IN-M-CHA"},"geometry":{"type":"Polygon","coordinates":[[[79.519,20.715],[79.661,20.667],[79.75,20.69],[79.933,20.673],[79.924,20.555],[79.972,20.353],[79.943,20.29],[79.987,20.214],[79.967,20.118],[79.99,20.045],[79.915,19.97],[79.852,20.03],[79.784,20.009],[79.803,19.893],[79.738,19.816],[79.782,19.728],[79.806,19.579],[79.744,19.609],[79.472,19.501],[79.366,19.576],[79.253,19.593],[79.19,19.459],[79.097,19.532],[78.936,19.55],[78.956,19.656],[78.86,19.689],[78.842,19.762],[78.904,19.737],[78.972,19.807],[79.072,19.818],[79.108,20.009],[78.953,20.172],[78.921,20.254],[78.816,20.251],[78.799,20.299],[78.817,20.397],[79.053,20.466],[79.132,20.458],[79.221,20.583],[79.32,20.585],[79.354,20.653],[79.436,20.661],[79.519,20.715]]]}},{"type":"Feature","properties":{"state":"Maharashtra","district":"Yavatmal","district_code":"IN-M-YAV"},"geometry":{"type":"Polygon","coordinates":[[[78.274,20.693],[78.262,20.579],[78.41,20.513],[78.508,20.525],[78.562,20.44],[78.646,20.419],[78.739,20.294],[78.799,20.299],[78.816,20.251],[78.921,20.254],[78.953,20.172],[79.108,20.009],[79.072,19.818],[78.972,19.807],[78.904,19.737],[78.842,19.762],[78.575,19.818],[78.432,19.814],[78.381,19.88],[78.306,19.912],[78.205,19.898],[77.953,19.909],[77.849,19.796],[77.863,19.745],[78.031,19.692],[78.089,19.637],[78.179,19.651],[78.189,19.558],[78.068,19.458],[77.907,19.534],[77.799,19.45],[77.75,19.509],[77.649,19.557],[77.606,19.648],[77.458,19.682],[77.361,19.86],[77.285,19.909],[77.372,20.047],[77.525,20.097],[77.58,20.029],[77.67,20.101],[77.666,20.247],[77.611,20.264],[77.574,20.4],[77.673,20.539],[77.65,20.565],[77.779,20.54],[77.973,20.588],[78.037,20.665],[78.129,20.647],[78.274,20.693]]]}},{"type":"Feature","properties":{"state":"Odisha","district":"Kandhamal","district_code":"IN-O-KAN"},"geometry":{"type":"Polygon","coordinates":[[[83.651,20.389],[83.666,20.422],[83.814,20.436],[83.796,20.508],[83.874,20.583],[84.226,20.581],[84.276,20.672],[84.37,20.651],[84.388,20.53],[84.51,20.396],[84.542,20.251],[84.587,20.174],[84.487,20.141],[84.454,20.167],[84.363,20.026],[84.389,19.956],[84.463,19.953],[84.461,19.857],[84.379,19.846],[84.275,19.88],[84.185,19.861],[84.16,19.739],[84.24,19.666],[84.233,19.574],[84.129,19.63],[83.94,19.635],[83.845,19.71],[83.767,19.717],[83.648,19.657],[83.619,19.814],[83.529,19.855],[83.561,19.93],[83.496,19.96],[83.588,20.099],[83.711,20.101],[83.782,20.213],[83.72,20.238],[83.706,20.368],[83.651,20.389]]]}},{"type":"Feature","properties":{"state":"Maharashtra","district":"Jalna","district_code":"IN-M-JALN"},"geometry":{"type":"Polygon","coordinates":[[[75.976,20.532],[75.941,20.502],[75.967,20.37],[76.031,20.305],[76.086,20.367],[76.141,20.301],[76.095,20.096],[75.964,19.998],[76.08,19.913],[76.098,19.857],[76.297,19.869],[76.409,19.92],[76.494,19.92],[76.537,19.849],[76.513,19.825],[76.485,19.798],[76.488,19.677],[76.45,19.662],[76.442,19.541],[76.375,19.538],[76.364,19.47],[76.288,19.433],[76.263,19.333],[76.208,19.274],[76.104,19.308],[75.944,19.292],[75.912,19.392],[75.751,19.358],[75.606,19.385],[75.655,19.569],[75.598,19.6],[75.632,19.668],[75.624,19.77],[75.655,19.908],[75.644,20.007],[75.592,20.007],[75.644,20.185],[75.765,20.452],[75.838,20.458],[75.881,20.561],[75.976,20.532]]]}},{"type":"Feature","properties":{"state":"Odisha","district":"Nayagarh","district_code":"IN-O-NAY"},"geometry":{"type":"Polygon","coordinates":[[[84.51,20.396],[84.682,20.433],[84.767,20.603],[84.848,20.528],[85.159,20.379],[85.367,20.367],[85.33,20.279],[85.322,20.229],[85.223,20.221],[85.212,20.132],[85.362,20.188],[85.38,20.071],[85.455,19.971],[85.419,19.924],[85.162,19.905],[85.123,19.934],[84.94,19.898],[84.902,19.992],[84.798,20.09],[84.831,20.217],[84.704,20.279],[84.587,20.174],[84.542,20.251],[84.51,20.396]]]}},{"type":"Feature","properties":{"state":"Chhattisgarh","district":"Uttar Bastar Kanker","district_code":"IN-C-UTT"},"geometry":{"type":"Polygon","coordinates":[[[80.672,19.703],[80.563,19.759],[80.547,19.818],[80.469,19.827],[80.53,19.939],[80.545,20.1],[80.585,20.177],[80.654,20.227],[80.715,20.191],[80.75,20.291],[80.83,20.309],[80.86,20.387],[80.992,20.459],[81.149,20.376],[81.223,20.419],[81.325,20.563],[81.411,20.554],[81.456,20.514],[81.597,20.519],[81.692,20.481],[81.794,20.327],[81.775,20.232],[81.814,20.167],[81.68,20.13],[81.585,20.195],[81.45,20.147],[81.388,20.048],[81.291,20.022],[81.326,19.939],[81.406,19.88],[81.374,19.78],[81.158,19.755],[81.085,19.707],[81.008,19.813],[80.949,19.831],[80.888,19.938],[80.843,19.948],[80.748,19.853],[80.672,19.703]]]}},{"type":"Feature","properties":{"state":"Odisha","district":"Khordha","district_code":"IN-O-KHO"},"geometry":{"type":"Polygon","coordinates":[[[85.33,20.279],[85.524,20.306],[85.624,20.293],[85.717,20.404],[85.786,20.434],[85.879,20.357],[86.081,20.104],[85.899,20.11],[85.887,20.184],[85.703,20.143],[85.679,20.067],[85.552,19.963],[85.564,19.853],[85.438,19.883],[85.33,19.785],[85.252,19.767],[85.183,19.673],[85.137,19.739],[85.004,19.805],[84.94,19.898],[85.123,19.934],[85.162,19.905],[85.419,19.924],[85.455,19.971],[85.38,20.071],[85.362,20.188],[85.212,20.132],[85.223,20.221],[85.322,20.229],[85.33,20.279]]]}},{"type":"Feature","properties":{"state":"Odisha","district":"Kalahandi","district_code":"IN-O-KAL"},"geometry":{"type":"Polygon","coordinates":[[[82.718,19.989],[82.821,20.166],[83.016,20.172],[83.091,20.2],[83.145,20.169],[83.226,20.205],[83.238,20.257],[83.362,20.317],[83.421,20.403],[83.499,20.416],[83.619,20.352],[83.651,20.389],[83.706,20.368],[83.72,20.238],[83.782,20.213],[83.711,20.101],[83.588,20.099],[83.496,19.96],[83.405,19.921],[83.454,19.737],[83.369,19.62],[83.264,19.547],[83.186,19.457],[83.07,19.561],[82.98,19.45],[82.918,19.238],[82.871,19.196],[82.856,19.205],[82.822,19.322],[82.756,19.328],[82.689,19.42],[82.567,19.545],[82.547,19.612],[82.594,19.776],[82.697,19.831],[82.718,19.989]]]}},{"type":"Feature","properties":{"state":"Odisha","district":"Jagatsinghpur","district_code":"IN-O-JAG"},"geometry":{"type":"Polygon","coordinates":[[[86.182,20.053],[86.142,20.144],[86.151,20.214],[86.039,20.287],[86.01,20.378],[86.249,20.365],[86.394,20.365],[86.452,20.33],[86.604,20.341],[86.723,20.298],[86.777,20.335],[86.68,20.264],[86.533,20.181],[86.37,19.982],[86.27,20.041],[86.182,20.053]]]}},{"type":"Feature","properties":{"state":"Odisha","district":"Puri","district_code":"IN-O-PUR"},"geometry":{"type":"Polygon","coordinates":[[[86.081,20.104],[86.125,20.037],[86.182,20.053],[86.27,20.041],[86.37,19.982],[86.228,19.901],[85.885,19.813],[85.679,19.745],[85.353,19.589],[85.172,19.468],[85.183,19.673],[85.252,19.767],[85.33,19.785],[85.438,19.883],[85.564,19.853],[85.552,19.963],[85.679,20.067],[85.703,20.143],[85.887,20.184],[85.899,20.11],[86.081,20.104]]]}},{"type":"Feature","properties":{"state":"Maharashtra","district":"Ahmednagar","district_code":"IN-M-AHM"},"geometry":{"type":"Polygon","coordinates":[[[73.616,19.586],[73.703,19.597],[73.777,19.641],[73.84,19.741],[73.925,19.673],[74.022,19.674],[74.119,19.641],[74.167,19.73],[74.373,19.802],[74.363,19.872],[74.274,19.906],[74.318,19.985],[74.67,19.946],[74.592,19.781],[74.717,19.78],[74.849,19.646],[74.884,19.656],[75.153,19.589],[75.256,19.523],[75.329,19.505],[75.366,19.398],[75.476,19.426],[75.531,19.376],[75.52,19.278],[75.404,19.198],[75.45,19.083],[75.309,19.098],[75.285,19.035],[75.187,19.094],[75.165,19.037],[75.071,19.055],[74.942,19.134],[74.915,19.037],[74.824,18.933],[75.04,18.764],[75.156,18.642],[75.208,18.739],[75.277,18.729],[75.329,18.805],[75.381,18.769],[75.584,18.696],[75.462,18.606],[75.415,18.532],[75.312,18.521],[75.242,18.54],[75.106,18.49],[75.09,18.431],[74.915,18.379],[74.832,18.335],[74.809,18.382],[74.546,18.508],[74.578,18.549],[74.471,18.642],[74.476,18.687],[74.384,18.804],[74.174,19.032],[74.234,19.123],[74.219,19.202],[74.031,19.251],[73.999,19.359],[73.936,19.339],[73.78,19.387],[73.693,19.435],[73.714,19.484],[73.622,19.542],[73.616,19.586]]]}},{"type":"Feature","properties":{"state":"Odisha","district":"Nabarangapur","district_code":"IN-O-NAB"},"geometry":{"type":"Polygon","coordinates":[[[82.594,19.776],[82.547,19.612],[82.567,19.545],[82.689,19.42],[82.756,19.328],[82.822,19.322],[82.856,19.205],[82.804,19.152],[82.701,19.191],[82.616,19.158],[82.518,19.202],[82.402,19.165],[82.353,19.185],[82.206,19.121],[82.161,19.202],[82.189,19.428],[82.126,19.429],[82.1,19.517],[82.028,19.508],[82.059,19.629],[82.065,19.791],[81.986,19.802],[81.969,19.86],[81.869,19.902],[81.845,19.952],[81.875,20.051],[81.875,20.052],[81.946,20.106],[82.018,20.049],[82.07,20.057],[82.184,19.985],[82.268,19.975],[82.345,19.836],[82.446,19.91],[82.531,19.879],[82.594,19.776]]]}},{"type":"Feature","properties":{"state":"Maharashtra","district":"Hingoli","district_code":"IN-M-HIN"},"geometry":{"type":"Polygon","coordinates":[[[76.537,19.849],[76.64,19.866],[76.74,19.873],[76.773,19.935],[77.036,20.008],[77.103,19.932],[77.215,19.974],[77.285,19.909],[77.361,19.86],[77.458,19.682],[77.47,19.492],[77.38,19.339],[77.312,19.355],[77.179,19.229],[77.158,19.084],[77.085,19.109],[76.976,19.318],[76.889,19.355],[76.849,19.509],[76.912,19.642],[76.791,19.671],[76.685,19.758],[76.513,19.825],[76.537,19.849]]]}},{"type":"Feature","properties":{"state":"Odisha","district":"Rayagada","district_code":"IN-O-RAY"},"geometry":{"type":"Polygon","coordinates":[[[83.496,19.96],[83.561,19.93],[83.529,19.855],[83.619,19.814],[83.648,19.657],[83.767,19.717],[83.845,19.71],[83.94,19.635],[83.98,19.531],[83.948,19.396],[84.015,19.377],[84.021,19.29],[83.98,19.213],[84.033,19.132],[83.951,18.998],[83.793,19.018],[83.747,18.993],[83.756,18.911],[83.663,19.099],[83.608,19.097],[83.481,19.035],[83.46,18.956],[83.348,19.018],[83.279,19.123],[83.235,19.026],[83.136,19.136],[83.022,19.061],[83.006,19.121],[82.871,19.196],[82.918,19.238],[82.98,19.45],[83.07,19.561],[83.186,19.457],[83.264,19.547],[83.369,19.62],[83.454,19.737],[83.405,19.921],[83.496,19.96]]]}},{"type":"Feature","properties":{"state":"Maharashtra","district":"Nanded","district_code":"IN-M-NAN"},"geometry":{"type":"Polygon","coordinates":[[[77.458,19.682],[77.606,19.648],[77.649,19.557],[77.75,19.509],[77.799,19.45],[77.907,19.534],[78.068,19.458],[78.189,19.558],[78.179,19.651],[78.089,19.637],[78.031,19.692],[77.863,19.745],[77.849,19.796],[77.953,19.909],[78.205,19.898],[78.306,19.912],[78.364,19.781],[78.343,19.714],[78.276,19.692],[78.306,19.607],[78.309,19.481],[78.212,19.428],[78.193,19.317],[78.175,19.238],[78.042,19.271],[77.944,19.343],[77.863,19.304],[77.86,19.18],[77.797,19.073],[77.843,18.908],[77.949,18.844],[77.84,18.805],[77.788,18.683],[77.73,18.666],[77.739,18.556],[77.597,18.549],[77.585,18.446],[77.525,18.372],[77.551,18.292],[77.465,18.262],[77.409,18.302],[77.413,18.393],[77.317,18.442],[77.265,18.423],[77.297,18.547],[77.268,18.613],[77.153,18.647],[77.152,18.701],[77.046,18.683],[77.054,18.769],[76.99,18.828],[76.956,18.933],[77.023,18.932],[77.085,19.109],[77.158,19.084],[77.179,19.229],[77.312,19.355],[77.38,19.339],[77.47,19.492],[77.458,19.682]]]}},{"type":"Feature","properties":{"state":"Chhattisgarh","district":"Narayanpur","district_code":"IN-C-NAR"},"geometry":{"type":"Polygon","coordinates":[[[80.852,19.365],[80.895,19.52],[80.715,19.616],[80.672,19.703],[80.748,19.853],[80.843,19.948],[80.888,19.938],[80.949,19.831],[81.008,19.813],[81.085,19.707],[81.158,19.755],[81.374,19.78],[81.374,19.73],[81.486,19.688],[81.427,19.48],[81.476,19.472],[81.47,19.377],[81.343,19.319],[81.297,19.336],[81.129,19.256],[80.955,19.237],[80.952,19.311],[80.852,19.365]]]}},{"type":"Feature","properties":{"state":"Maharashtra","district":"Parbhani","district_code":"IN-M-PAR"},"geometry":{"type":"Polygon","coordinates":[[[76.208,19.274],[76.263,19.333],[76.288,19.433],[76.364,19.47],[76.375,19.538],[76.442,19.541],[76.45,19.662],[76.488,19.677],[76.485,19.798],[76.513,19.825],[76.685,19.758],[76.791,19.671],[76.912,19.642],[76.849,19.509],[76.889,19.355],[76.976,19.318],[77.085,19.109],[77.023,18.932],[76.956,18.933],[76.99,18.828],[76.87,18.831],[76.722,18.75],[76.586,18.872],[76.586,18.943],[76.477,18.954],[76.361,19.157],[76.364,19.233],[76.208,19.274]]]}},{"type":"Feature","properties":{"state":"Maharashtra","district":"Pune","district_code":"IN-M-PUN"},"geometry":{"type":"Polygon","coordinates":[[[73.78,19.387],[73.936,19.339],[73.999,19.359],[74.031,19.251],[74.219,19.202],[74.234,19.123],[74.174,19.032],[74.384,18.804],[74.476,18.687],[74.471,18.642],[74.578,18.549],[74.546,18.508],[74.809,18.382],[74.832,18.335],[74.843,18.246],[74.948,18.265],[75.022,18.189],[75.112,18.197],[75.094,18.068],[75.049,18.021],[75.112,17.939],[75.052,17.905],[74.864,17.953],[74.71,18.03],[74.655,18.068],[74.46,18.046],[74.353,18.097],[74.3,18.067],[74.119,18.133],[73.905,18.159],[73.858,18.031],[73.658,18.03],[73.593,18.108],[73.653,18.173],[73.541,18.207],[73.537,18.243],[73.421,18.303],[73.399,18.401],[73.408,18.5],[73.323,18.558],[73.388,18.654],[73.355,18.721],[73.369,18.795],[73.43,18.874],[73.46,18.965],[73.532,19.031],[73.526,19.13],[73.534,19.178],[73.63,19.204],[73.78,19.387]]]}},{"type":"Feature","properties":{"state":"Maharashtra","district":"Beed","district_code":"IN-M-BEE"},"geometry":{"type":"Polygon","coordinates":[[[75.606,19.385],[75.751,19.358],[75.912,19.392],[75.944,19.292],[76.104,19.308],[76.208,19.274],[76.364,19.233],[76.361,19.157],[76.477,18.954],[76.586,18.943],[76.586,18.872],[76.722,18.75],[76.734,18.699],[76.594,18.673],[76.496,18.613],[76.274,18.559],[76.101,18.588],[76.057,18.571],[75.939,18.642],[75.584,18.696],[75.381,18.769],[75.329,18.805],[75.277,18.729],[75.208,18.739],[75.156,18.642],[75.04,18.764],[74.824,18.933],[74.915,19.037],[74.942,19.134],[75.071,19.055],[75.165,19.037],[75.187,19.094],[75.285,19.035],[75.309,19.098],[75.45,19.083],[75.404,19.198],[75.52,19.278],[75.531,19.376],[75.476,19.426],[75.606,19.385]]]}},{"type":"Feature","properties":{"state":"Maharashtra","district":"Mumbai","district_code":"IN-M-MUM"},"geometry":{"type":"Polygon","coordinates":[[[72.895,18.981],[72.911,18.948],[72.836,18.864],[72.803,18.905],[72.84,19.048],[72.786,19.13],[72.784,19.264],[72.905,19.248],[72.98,19.154],[72.956,18.988],[72.895,18.981]]]}},{"type":"Feature","properties":{"state":"Odisha","district":"Koraput","district_code":"IN-O-KOR"},"geometry":{"type":"Polygon","coordinates":[[[82.856,19.205],[82.871,19.196],[83.006,19.121],[83.022,19.061],[83.136,19.136],[83.235,19.026],[83.279,19.123],[83.348,19.018],[83.317,18.974],[83.412,18.874],[83.204,18.753],[83.136,18.786],[82.999,18.609],[83.044,18.545],[83.019,18.457],[83.077,18.404],[82.969,18.361],[82.894,18.382],[82.807,18.452],[82.773,18.342],[82.587,18.277],[82.606,18.367],[82.486,18.529],[82.428,18.486],[82.415,18.563],[82.363,18.624],[82.313,18.576],[82.171,18.639],[82.091,18.738],[82.158,18.789],[82.177,18.903],[82.246,18.919],[82.206,19.121],[82.353,19.185],[82.402,19.165],[82.518,19.202],[82.616,19.158],[82.701,19.191],[82.804,19.152],[82.856,19.205]]]}},{"type":"Feature","properties":{"state":"Andhra Pradesh","district":"Srikakulam","district_code":"IN-AP-SRI"},"geometry":{"type":"Polygon","coordinates":[[[83.756,18.911],[83.747,18.993],[83.793,19.018],[83.891,18.816],[84.036,18.817],[84.09,18.758],[84.224,18.8],[84.319,18.789],[84.435,18.925],[84.423,18.949],[84.515,19.05],[84.591,19.024],[84.623,19.086],[84.701,19.119],[84.764,19.075],[84.604,18.89],[84.552,18.79],[84.493,18.74],[84.354,18.555],[84.148,18.373],[84.128,18.313],[83.935,18.208],[83.663,18.079],[83.603,18.158],[83.674,18.283],[83.585,18.354],[83.581,18.5],[83.633,18.556],[83.548,18.596],[83.538,18.71],[83.689,18.806],[83.813,18.837],[83.756,18.911]]]}},{"type":"Feature","properties":{"state":"Andhra Pradesh","district":"Vizianagaram","district_code":"IN-AP-VIZ"},"geometry":{"type":"Polygon","coordinates":[[[83.348,19.018],[83.46,18.956],[83.481,19.035],[83.608,19.097],[83.663,19.099],[83.756,18.911],[83.813,18.837],[83.689,18.806],[83.538,18.71],[83.548,18.596],[83.633,18.556],[83.581,18.5],[83.585,18.354],[83.674,18.283],[83.603,18.158],[83.663,18.079],[83.519,17.95],[83.406,17.964],[83.403,18.057],[83.273,18.008],[83.206,17.847],[83.146,17.846],[83.111,17.939],[83.007,17.977],[83.007,18.035],[83.152,18.191],[83.267,18.217],[83.077,18.404],[83.019,18.457],[83.044,18.545],[82.999,18.609],[83.136,18.786],[83.204,18.753],[83.412,18.874],[83.317,18.974],[83.348,19.018]]]}},{"type":"Feature","properties":{"state":"Maharashtra","district":"Latur","district_code":"IN-M-LAT"},"geometry":{"type":"Polygon","coordinates":[[[76.99,18.828],[77.054,18.769],[77.046,18.683],[77.152,18.701],[77.153,18.647],[77.268,18.613],[77.297,18.547],[77.265,18.423],[77.247,18.371],[77.065,18.151],[76.951,18.188],[76.921,18.118],[76.953,18.041],[76.906,18.009],[76.919,17.916],[76.776,17.877],[76.74,17.899],[76.675,17.918],[76.679,17.995],[76.598,18.031],[76.425,18.034],[76.38,18.087],[76.279,18.109],[76.317,18.329],[76.268,18.422],[76.274,18.559],[76.496,18.613],[76.594,18.673],[76.734,18.699],[76.722,18.75],[76.87,18.831],[76.99,18.828]]]}},{"type":"Feature","properties":{"state":"Maharashtra","district":"Osmanabad","district_code":"IN-M-OSM"},"geometry":{"type":"Polygon","coordinates":[[[75.312,18.521],[75.415,18.532],[75.462,18.606],[75.584,18.696],[75.939,18.642],[76.057,18.571],[76.101,18.588],[76.274,18.559],[76.268,18.422],[76.317,18.329],[76.279,18.109],[76.38,18.087],[76.425,18.034],[76.598,18.031],[76.679,17.995],[76.675,17.918],[76.74,17.899],[76.791,17.826],[76.714,17.781],[76.685,17.682],[76.656,17.718],[76.523,17.76],[76.49,17.66],[76.429,17.643],[76.269,17.727],[76.165,17.7],[76.129,17.767],[76.003,17.751],[76.019,17.828],[75.875,17.846],[75.84,17.98],[75.909,18.004],[75.98,17.972],[76.019,18.042],[75.938,18.126],[75.947,18.23],[75.896,18.358],[75.705,18.395],[75.569,18.236],[75.529,18.134],[75.438,18.204],[75.389,18.327],[75.303,18.435],[75.312,18.521]]]}},{"type":"Feature","properties":{"state":"Odisha","district":"Malkangiri","district_code":"IN-O-MAL"},"geometry":{"type":"Polygon","coordinates":[[[82.091,18.738],[82.171,18.639],[82.313,18.576],[82.363,18.624],[82.415,18.563],[82.428,18.486],[82.362,18.422],[82.383,18.368],[82.314,18.185],[82.351,18.173],[82.319,18.045],[82.25,17.993],[82.168,18.053],[82.031,18.07],[81.979,18.013],[81.81,17.957],[81.716,17.876],[81.617,17.824],[81.397,17.818],[81.4,17.894],[81.482,17.977],[81.481,18.052],[81.525,18.153],[81.53,18.24],[81.658,18.347],[81.75,18.354],[81.77,18.419],[81.911,18.57],[81.9,18.661],[82.091,18.738]]]}},{"type":"Feature","properties":{"state":"Maharashtra","district":"Solapur","district_code":"IN-M-SOL"},"geometry":{"type":"Polygon","coordinates":[[[74.832,18.335],[74.915,18.379],[75.09,18.431],[75.106,18.49],[75.242,18.54],[75.312,18.521],[75.303,18.435],[75.389,18.327],[75.438,18.204],[75.529,18.134],[75.569,18.236],[75.705,18.395],[75.896,18.358],[75.947,18.23],[75.938,18.126],[76.019,18.042],[75.98,17.972],[75.909,18.004],[75.84,17.98],[75.875,17.846],[76.019,17.828],[76.003,17.751],[76.129,17.767],[76.165,17.7],[76.269,17.727],[76.429,17.643],[76.332,17.597],[76.331,17.47],[76.372,17.436],[76.383,17.315],[76.23,17.366],[76.075,17.337],[75.932,17.323],[75.895,17.401],[75.814,17.373],[75.633,17.477],[75.574,17.384],[75.604,17.305],[75.517,17.241],[75.421,17.265],[75.239,17.216],[75.08,17.246],[74.921,17.166],[74.886,17.221],[74.959,17.293],[75.035,17.419],[74.938,17.51],[74.985,17.544],[74.907,17.627],[74.869,17.726],[74.688,17.804],[74.636,17.873],[74.71,18.03],[74.864,17.953],[75.052,17.905],[75.112,17.939],[75.049,18.021],[75.094,18.068],[75.112,18.197],[75.022,18.189],[74.948,18.265],[74.843,18.246],[74.832,18.335]]]}},{"type":"Feature","properties":{"state":"Andhra Pradesh","district":"Visakhapatnam","district_code":"IN-AP-VIS"},"geometry":{"type":"Polygon","coordinates":[[[82.428,18.486],[82.486,18.529],[82.606,18.367],[82.587,18.277],[82.773,18.342],[82.807,18.452],[82.894,18.382],[82.969,18.361],[83.077,18.404],[83.267,18.217],[83.152,18.191],[83.007,18.035],[83.007,17.977],[83.111,17.939],[83.146,17.846],[83.206,17.847],[83.273,18.008],[83.403,18.057],[83.406,17.964],[83.519,17.95],[83.42,17.857],[83.347,17.726],[83.162,17.56],[83.021,17.507],[82.992,17.473],[82.703,17.344],[82.542,17.249],[82.518,17.298],[82.603,17.455],[82.466,17.517],[82.411,17.467],[82.345,17.495],[82.304,17.59],[82.229,17.639],[82.002,17.639],[82.016,17.753],[81.961,17.818],[82.03,17.939],[81.979,18.013],[82.031,18.07],[82.168,18.053],[82.25,17.993],[82.319,18.045],[82.351,18.173],[82.314,18.185],[82.383,18.368],[82.362,18.422],[82.428,18.486]]]}},{"type":"Feature","properties":{"state":"Karnataka","district":"Bidar","district_code":"IN-K-BID"},"geometry":{"type":"Polygon","coordinates":[[[77.265,18.423],[77.317,18.442],[77.413,18.393],[77.409,18.302],[77.465,18.262],[77.551,18.292],[77.601,18.276],[77.563,18.196],[77.598,18.093],[77.548,18.056],[77.656,17.969],[77.586,17.907],[77.537,17.78],[77.453,17.694],[77.444,17.584],[77.311,17.595],[77.274,17.627],[77.086,17.659],[76.899,17.645],[76.685,17.682],[76.714,17.781],[76.791,17.826],[76.74,17.899],[76.776,17.877],[76.919,17.916],[76.906,18.009],[76.953,18.041],[76.921,18.118],[76.951,18.188],[77.065,18.151],[77.247,18.371],[77.265,18.423]]]}},{"type":"Feature","properties":{"state":"Maharashtra","district":"Satara","district_code":"IN-M-SAT"},"geometry":{"type":"Polygon","coordinates":[[[73.658,18.03],[73.858,18.031],[73.905,18.159],[74.119,18.133],[74.3,18.067],[74.353,18.097],[74.46,18.046],[74.655,18.068],[74.71,18.03],[74.636,17.873],[74.688,17.804],[74.869,17.726],[74.907,17.627],[74.86,17.511],[74.806,17.454],[74.694,17.48],[74.685,17.395],[74.528,17.419],[74.497,17.384],[74.285,17.421],[74.256,17.293],[74.285,17.205],[74.246,17.142],[74.031,17.091],[73.941,17.133],[73.833,17.227],[73.694,17.261],[73.667,17.392],[73.694,17.487],[73.745,17.555],[73.687,17.686],[73.569,17.725],[73.603,17.795],[73.572,17.876],[73.658,18.03]]]}},{"type":"Feature","properties":{"state":"Maharashtra","district":"Ratnagiri","district_code":"IN-M-RAT"},"geometry":{"type":"Polygon","coordinates":[[[73.572,17.876],[73.603,17.795],[73.569,17.725],[73.687,17.686],[73.745,17.555],[73.694,17.487],[73.667,17.392],[73.694,17.261],[73.707,17.171],[73.806,17.084],[73.832,17.025],[73.795,16.929],[73.71,16.83],[73.812,16.769],[73.852,16.648],[73.768,16.603],[73.621,16.582],[73.6,16.544],[73.468,16.494],[73.347,16.53],[73.352,16.615],[73.306,16.731],[73.318,16.805],[73.277,16.891],[73.297,16.985],[73.289,17.116],[73.223,17.265],[73.245,17.322],[73.184,17.385],[73.177,17.583],[73.044,17.982],[73.115,17.98],[73.173,18.059],[73.288,18.071],[73.373,17.925],[73.506,17.851],[73.572,17.876]]]}},{"type":"Feature","properties":{"state":"Karnataka","district":"Kalaburagi","district_code":"IN-K-KAL"},"geometry":{"type":"Polygon","coordinates":[[[76.429,17.643],[76.49,17.66],[76.523,17.76],[76.656,17.718],[76.685,17.682],[76.899,17.645],[77.086,17.659],[77.274,17.627],[77.311,17.595],[77.444,17.584],[77.467,17.577],[77.494,17.566],[77.686,17.511],[77.513,17.43],[77.484,17.355],[77.38,17.223],[77.364,17.158],[77.464,17.11],[77.497,17.043],[77.467,16.955],[77.459,16.885],[77.341,16.934],[77.166,16.94],[77.017,16.898],[76.982,16.809],[76.91,16.817],[76.87,16.896],[76.734,16.779],[76.597,16.765],[76.462,16.711],[76.37,16.769],[76.375,16.858],[76.441,16.997],[76.363,17.116],[76.369,17.166],[76.242,17.151],[76.127,17.245],[76.075,17.337],[76.23,17.366],[76.383,17.315],[76.372,17.436],[76.331,17.47],[76.332,17.597],[76.429,17.643]]]}},{"type":"Feature","properties":{"state":"Maharashtra","district":"Sangli","district_code":"IN-M-SAN"},"geometry":{"type":"Polygon","coordinates":[[[74.907,17.627],[74.985,17.544],[74.938,17.51],[75.035,17.419],[74.959,17.293],[74.886,17.221],[74.921,17.166],[75.08,17.246],[75.239,17.216],[75.421,17.265],[75.517,17.241],[75.604,17.305],[75.655,17.274],[75.626,17.173],[75.673,17.116],[75.665,16.979],[75.529,16.97],[75.465,16.989],[75.341,16.956],[75.28,16.956],[75.265,16.863],[75.182,16.843],[75.089,16.952],[74.902,16.863],[74.919,16.773],[74.85,16.773],[74.696,16.715],[74.627,16.788],[74.474,16.868],[74.407,16.846],[74.292,16.897],[74.066,16.902],[74.023,16.985],[73.849,17.151],[73.707,17.171],[73.694,17.261],[73.833,17.227],[73.941,17.133],[74.031,17.091],[74.246,17.142],[74.285,17.205],[74.256,17.293],[74.285,17.421],[74.497,17.384],[74.528,17.419],[74.685,17.395],[74.694,17.48],[74.806,17.454],[74.86,17.511],[74.907,17.627]]]}},{"type":"Feature","properties":{"state":"Maharashtra","district":"Kolhapur","district_code":"IN-M-KOL"},"geometry":{"type":"Polygon","coordinates":[[[73.852,16.648],[73.812,16.769],[73.71,16.83],[73.795,16.929],[73.832,17.025],[73.806,17.084],[73.707,17.171],[73.849,17.151],[74.023,16.985],[74.066,16.902],[74.292,16.897],[74.407,16.846],[74.474,16.868],[74.627,16.788],[74.696,16.715],[74.63,16.583],[74.571,16.555],[74.545,16.636],[74.315,16.555],[74.332,16.454],[74.317,16.326],[74.373,16.262],[74.48,16.249],[74.48,16.148],[74.372,16.079],[74.464,16.039],[74.387,15.904],[74.346,15.764],[74.239,15.745],[74.21,15.781],[74.109,15.822],[74.074,15.948],[74.095,16.007],[73.999,16.039],[73.993,16.093],[73.908,16.137],[73.941,16.244],[73.89,16.256],[73.832,16.344],[73.887,16.449],[73.83,16.549],[73.852,16.648]]]}},{"type":"Feature","properties":{"state":"Andhra Pradesh","district":"Krishna","district_code":"IN-AP-KRI"},"geometry":{"type":"Polygon","coordinates":[[[80.831,15.706],[80.895,15.922],[80.882,16.068],[80.799,16.282],[80.674,16.424],[80.664,16.472],[80.472,16.589],[80.369,16.588],[80.14,16.654],[80.128,16.802],[80.073,16.817],[80.039,16.918],[80.056,16.971],[80.187,17.021],[80.307,16.974],[80.322,16.879],[80.57,16.768],[80.563,16.832],[80.602,16.919],[80.534,16.962],[80.363,16.977],[80.505,17.069],[80.58,17.153],[80.7,17.084],[80.845,17.04],[80.877,17.07],[80.958,17.051],[80.935,16.959],[80.996,16.828],[80.973,16.626],[81.018,16.561],[81.189,16.622],[81.238,16.592],[81.33,16.689],[81.343,16.53],[81.438,16.399],[81.553,16.347],[81.392,16.343],[81.265,16.278],[81.213,16.208],[81.148,15.974],[81.015,15.851],[81.008,15.755],[80.938,15.716],[80.831,15.706]]]}},{"type":"Feature","properties":{"state":"Karnataka","district":"Belagavi","district_code":"IN-K-BEL"},"geometry":{"type":"Polygon","coordinates":[[[74.696,16.715],[74.85,16.773],[74.919,16.773],[74.902,16.863],[75.089,16.952],[75.182,16.843],[75.265,16.863],[75.28,16.956],[75.341,16.956],[75.335,16.869],[75.395,16.863],[75.384,16.764],[75.363,16.714],[75.266,16.692],[75.259,16.607],[75.158,16.583],[75.115,16.507],[75.008,16.538],[74.988,16.453],[75.043,16.318],[75.13,16.331],[75.149,16.282],[75.234,16.259],[75.286,16.201],[75.276,16.12],[75.439,16.116],[75.419,16.053],[75.451,15.886],[75.364,15.805],[75.303,15.812],[75.289,15.691],[75.202,15.649],[75.109,15.672],[75.057,15.632],[74.967,15.654],[74.831,15.61],[74.814,15.504],[74.739,15.415],[74.613,15.359],[74.545,15.416],[74.427,15.398],[74.422,15.463],[74.343,15.518],[74.278,15.522],[74.237,15.668],[74.118,15.651],[74.122,15.72],[74.21,15.781],[74.239,15.745],[74.346,15.764],[74.387,15.904],[74.464,16.039],[74.372,16.079],[74.48,16.148],[74.48,16.249],[74.373,16.262],[74.317,16.326],[74.332,16.454],[74.315,16.555],[74.545,16.636],[74.571,16.555],[74.63,16.583],[74.696,16.715]]]}},{"type":"Feature","properties":{"state":"Karnataka","district":"Yadgir","district_code":"IN-K-YAD"},"geometry":{"type":"Polygon","coordinates":[[[76.462,16.711],[76.597,16.765],[76.734,16.779],[76.87,16.896],[76.91,16.817],[76.982,16.809],[77.017,16.898],[77.166,16.94],[77.341,16.934],[77.459,16.885],[77.476,16.788],[77.426,16.721],[77.453,16.616],[77.416,16.518],[77.242,16.474],[77.288,16.409],[77.173,16.432],[77.156,16.472],[77.01,16.545],[76.971,16.504],[76.87,16.489],[76.841,16.431],[76.744,16.409],[76.481,16.292],[76.332,16.194],[76.3,16.284],[76.332,16.427],[76.435,16.438],[76.406,16.643],[76.462,16.711]]]}},{"type":"Feature","properties":{"state":"Karnataka","district":"Bagalkote","district_code":"IN-K-BAG"},"geometry":{"type":"Polygon","coordinates":[[[75.451,15.886],[75.419,16.053],[75.439,16.116],[75.276,16.12],[75.286,16.201],[75.234,16.259],[75.149,16.282],[75.13,16.331],[75.043,16.318],[74.988,16.453],[75.008,16.538],[75.115,16.507],[75.158,16.583],[75.259,16.607],[75.266,16.692],[75.363,16.714],[75.384,16.764],[75.494,16.593],[75.499,16.454],[75.633,16.443],[75.956,16.298],[76.026,16.3],[76.068,16.208],[76.239,16.166],[76.303,16.073],[76.328,15.933],[76.282,15.903],[76.227,15.941],[76.146,15.895],[76.058,15.907],[76.078,16.01],[75.974,15.987],[75.974,15.862],[75.876,15.932],[75.847,15.838],[75.737,15.814],[75.643,15.841],[75.529,15.834],[75.451,15.886]]]}},{"type":"Feature","properties":{"state":"Maharashtra","district":"Sindhudurg","district_code":"IN-M-SIN"},"geometry":{"type":"Polygon","coordinates":[[[73.347,16.53],[73.468,16.494],[73.6,16.544],[73.621,16.582],[73.768,16.603],[73.852,16.648],[73.83,16.549],[73.887,16.449],[73.832,16.344],[73.89,16.256],[73.941,16.244],[73.908,16.137],[73.993,16.093],[73.999,16.039],[74.095,16.007],[74.074,15.948],[74.109,15.822],[74.21,15.781],[74.122,15.72],[74.118,15.651],[73.991,15.612],[73.939,15.742],[73.875,15.75],[73.685,15.728],[73.589,15.91],[73.511,15.937],[73.411,16.273],[73.369,16.364],[73.347,16.53]]]}},{"type":"Feature","properties":{"state":"Andhra Pradesh","district":"Guntur","district_code":"IN-AP-GUN"},"geometry":{"type":"Polygon","coordinates":[[[80.073,16.817],[80.128,16.802],[80.14,16.654],[80.369,16.588],[80.472,16.589],[80.664,16.472],[80.674,16.424],[80.799,16.282],[80.882,16.068],[80.895,15.922],[80.831,15.706],[80.774,15.867],[80.68,15.885],[80.536,15.852],[80.418,15.799],[80.378,15.896],[80.38,15.973],[80.302,16.056],[80.23,16.032],[80.137,16.046],[80.001,16.139],[79.878,16.155],[79.869,16.031],[79.912,15.968],[79.869,15.917],[79.791,15.94],[79.747,15.859],[79.655,15.921],[79.559,15.948],[79.573,16.005],[79.537,16.163],[79.566,16.276],[79.447,16.303],[79.371,16.233],[79.215,16.226],[79.21,16.357],[79.219,16.512],[79.258,16.566],[79.418,16.581],[79.447,16.619],[79.542,16.633],[79.68,16.693],[79.793,16.725],[79.877,16.698],[79.949,16.636],[80.056,16.744],[80.073,16.817]]]}},{"type":"Feature","properties":{"state":"Andhra Pradesh","district":"East Godavari","district_code":"IN-AP-EAS"},"geometry":{"type":"Polygon","coordinates":[[[81.397,17.818],[81.617,17.824],[81.716,17.876],[81.81,17.957],[81.979,18.013],[82.03,17.939],[81.961,17.818],[82.016,17.753],[82.002,17.639],[82.229,17.639],[82.304,17.59],[82.345,17.495],[82.411,17.467],[82.466,17.517],[82.603,17.455],[82.518,17.298],[82.542,17.249],[82.319,17.058],[82.249,16.935],[82.249,16.876],[82.362,16.856],[82.317,16.662],[82.314,16.559],[82.233,16.542],[81.957,16.397],[81.849,16.373],[81.715,16.311],[81.7,16.423],[81.756,16.424],[81.846,16.496],[81.859,16.599],[81.744,16.794],[81.724,16.915],[81.745,16.964],[81.64,17.208],[81.68,17.302],[81.616,17.331],[81.564,17.44],[81.501,17.481],[81.408,17.465],[81.314,17.488],[81.255,17.565],[81.137,17.582],[81.007,17.646],[80.911,17.638],[80.886,17.736],[80.973,17.78],[81.059,17.733],[81.085,17.797],[81.166,17.858],[81.265,17.811],[81.397,17.818]],[[82.186,16.737],[82.2,16.721],[82.239,16.717],[82.267,16.695],[82.27,16.722],[82.186,16.737]]]}},{"type":"Feature","properties":{"state":"Karnataka","district":"Raichur","district_code":"IN-K-RAI"},"geometry":{"type":"Polygon","coordinates":[[[76.332,16.194],[76.481,16.292],[76.744,16.409],[76.841,16.431],[76.87,16.489],[76.971,16.504],[77.01,16.545],[77.156,16.472],[77.173,16.432],[77.288,16.409],[77.415,16.368],[77.49,16.386],[77.594,16.343],[77.5,16.222],[77.514,15.928],[77.248,15.965],[77.072,15.91],[77.026,15.837],[76.942,15.761],[76.916,15.7],[76.834,15.628],[76.811,15.547],[76.688,15.596],[76.69,15.649],[76.597,15.7],[76.447,15.734],[76.427,15.891],[76.282,15.903],[76.328,15.933],[76.303,16.073],[76.239,16.166],[76.332,16.194]]]}},{"type":"Feature","properties":{"state":"Andhra Pradesh","district":"Prakasam","district_code":"IN-AP-PRA"},"geometry":{"type":"Polygon","coordinates":[[[79.215,16.226],[79.371,16.233],[79.447,16.303],[79.566,16.276],[79.537,16.163],[79.573,16.005],[79.559,15.948],[79.655,15.921],[79.747,15.859],[79.791,15.94],[79.869,15.917],[79.912,15.968],[79.869,16.031],[79.878,16.155],[80.001,16.139],[80.137,16.046],[80.23,16.032],[80.302,16.056],[80.38,15.973],[80.378,15.896],[80.418,15.799],[80.316,15.723],[80.251,15.634],[80.206,15.474],[80.123,15.368],[80.04,15.009],[79.962,15.022],[79.779,14.981],[79.735,15.031],[79.563,15.044],[79.261,15.107],[79.129,15.1],[79.089,15.048],[79.083,15.173],[78.777,15.199],[78.759,15.184],[78.736,15.326],[78.771,15.42],[78.771,15.665],[78.809,15.867],[78.91,15.968],[78.923,16.123],[78.904,16.183],[79.03,16.241],[79.158,16.21],[79.215,16.226]]]}},{"type":"Feature","properties":{"state":"Andhra Pradesh","district":"Kurnool","district_code":"IN-AP-KUR"},"geometry":{"type":"Polygon","coordinates":[[[77.026,15.837],[77.072,15.91],[77.248,15.965],[77.514,15.928],[77.66,15.885],[77.803,15.874],[77.887,15.906],[78.083,15.841],[78.175,15.858],[78.248,15.972],[78.256,16.009],[78.41,16.075],[78.551,16.043],[78.601,16.084],[78.741,16.009],[78.923,16.123],[78.91,15.968],[78.809,15.867],[78.771,15.665],[78.771,15.42],[78.736,15.326],[78.759,15.184],[78.762,15.055],[78.631,14.926],[78.519,14.954],[78.485,15.037],[78.42,15.031],[78.29,15.071],[78.221,14.956],[78.134,14.961],[78.034,15.0],[78.014,15.113],[77.815,15.143],[77.748,15.13],[77.664,15.235],[77.582,15.188],[77.526,15.224],[77.363,15.222],[77.293,15.13],[77.156,15.14],[77.126,15.227],[77.152,15.293],[77.063,15.328],[77.033,15.436],[77.031,15.635],[77.083,15.66],[77.026,15.837]]]}},{"type":"Feature","properties":{"state":"Karnataka","district":"Koppal","district_code":"IN-K-KOP"},"geometry":{"type":"Polygon","coordinates":[[[75.847,15.838],[75.876,15.932],[75.974,15.862],[75.974,15.987],[76.078,16.01],[76.058,15.907],[76.146,15.895],[76.227,15.941],[76.282,15.903],[76.427,15.891],[76.447,15.734],[76.597,15.7],[76.69,15.649],[76.688,15.596],[76.811,15.547],[76.791,15.5],[76.612,15.442],[76.493,15.345],[76.364,15.328],[76.291,15.222],[76.187,15.235],[76.094,15.163],[75.951,15.139],[75.889,15.29],[75.866,15.408],[75.824,15.452],[75.898,15.607],[75.87,15.715],[75.967,15.679],[76.039,15.768],[75.928,15.79],[75.847,15.838]]]}},{"type":"Feature","properties":{"state":"Karnataka","district":"Gadag","district_code":"IN-K-GAD"},"geometry":{"type":"Polygon","coordinates":[[[75.289,15.691],[75.303,15.812],[75.364,15.805],[75.451,15.886],[75.529,15.834],[75.643,15.841],[75.737,15.814],[75.847,15.838],[75.928,15.79],[76.039,15.768],[75.967,15.679],[75.87,15.715],[75.898,15.607],[75.824,15.452],[75.866,15.408],[75.889,15.29],[75.951,15.139],[75.909,15.077],[75.701,14.949],[75.632,14.992],[75.542,14.979],[75.532,15.034],[75.416,15.085],[75.433,15.199],[75.413,15.299],[75.493,15.368],[75.482,15.532],[75.529,15.537],[75.554,15.647],[75.488,15.702],[75.413,15.656],[75.289,15.691]]]}},{"type":"Feature","properties":{"state":"Karnataka","district":"Ballari","district_code":"IN-K-BAL"},"geometry":{"type":"Polygon","coordinates":[[[76.811,15.547],[76.834,15.628],[76.916,15.7],[76.942,15.761],[77.026,15.837],[77.083,15.66],[77.031,15.635],[77.033,15.436],[77.063,15.328],[77.152,15.293],[77.126,15.227],[77.156,15.14],[77.114,15.034],[76.985,15.015],[76.8,15.096],[76.76,14.989],[76.678,14.887],[76.713,14.865],[76.644,14.712],[76.568,14.587],[76.511,14.56],[76.424,14.582],[76.334,14.688],[76.184,14.7],[76.129,14.869],[75.967,14.909],[75.802,14.869],[75.824,14.778],[75.759,14.734],[75.664,14.807],[75.701,14.949],[75.909,15.077],[75.951,15.139],[76.094,15.163],[76.187,15.235],[76.291,15.222],[76.364,15.328],[76.493,15.345],[76.612,15.442],[76.791,15.5],[76.811,15.547]]]}},{"type":"Feature","properties":{"state":"Karnataka","district":"Dharwad","district_code":"IN-K-DHA"},"geometry":{"type":"Polygon","coordinates":[[[74.739,15.415],[74.814,15.504],[74.831,15.61],[74.967,15.654],[75.057,15.632],[75.109,15.672],[75.202,15.649],[75.289,15.691],[75.413,15.656],[75.488,15.702],[75.554,15.647],[75.529,15.537],[75.482,15.532],[75.493,15.368],[75.413,15.299],[75.433,15.199],[75.416,15.085],[75.239,15.108],[75.083,15.075],[74.889,15.051],[74.832,15.136],[74.91,15.251],[74.889,15.308],[74.739,15.415]]]}},{"type":"Feature","properties":{"state":"Karnataka","district":"Uttara Kannada","district_code":"IN-K-UTT"},"geometry":{"type":"Polygon","coordinates":[[[74.278,15.522],[74.343,15.518],[74.422,15.463],[74.427,15.398],[74.545,15.416],[74.613,15.359],[74.739,15.415],[74.889,15.308],[74.91,15.251],[74.832,15.136],[74.889,15.051],[75.083,15.075],[75.103,14.934],[75.042,14.774],[75.051,14.649],[75.023,14.568],[74.901,14.53],[74.879,14.436],[74.948,14.399],[74.89,14.216],[74.792,14.227],[74.665,14.185],[74.638,14.095],[74.667,13.987],[74.583,13.926],[74.515,13.987],[74.47,14.189],[74.442,14.224],[74.395,14.418],[74.355,14.509],[74.269,14.627],[74.263,14.719],[74.118,14.785],[74.086,14.901],[74.202,14.926],[74.297,15.041],[74.272,15.097],[74.317,15.187],[74.26,15.242],[74.326,15.283],[74.323,15.368],[74.275,15.392],[74.251,15.492],[74.278,15.522]]]}},{"type":"Feature","properties":{"state":"Karnataka","district":"Haveri","district_code":"IN-K-HAV"},"geometry":{"type":"Polygon","coordinates":[[[75.416,15.085],[75.532,15.034],[75.542,14.979],[75.632,14.992],[75.701,14.949],[75.664,14.807],[75.759,14.734],[75.798,14.681],[75.818,14.565],[75.797,14.51],[75.69,14.492],[75.643,14.431],[75.603,14.293],[75.532,14.278],[75.349,14.388],[75.346,14.486],[75.265,14.58],[75.188,14.623],[75.051,14.649],[75.042,14.774],[75.103,14.934],[75.083,15.075],[75.239,15.108],[75.416,15.085]]]}},{"type":"Feature","properties":{"state":"Andhra Pradesh","district":"Anantapur","district_code":"IN-AP-ANA"},"geometry":{"type":"Polygon","coordinates":[[[77.156,15.14],[77.293,15.13],[77.363,15.222],[77.526,15.224],[77.582,15.188],[77.664,15.235],[77.748,15.13],[77.815,15.143],[78.014,15.113],[78.034,15.0],[78.134,14.961],[78.046,14.774],[78.135,14.695],[78.001,14.488],[78.106,14.394],[78.285,14.292],[78.421,14.284],[78.406,14.201],[78.461,14.108],[78.465,13.995],[78.387,13.938],[78.273,13.894],[78.238,13.779],[78.126,13.787],[78.115,13.863],[78.001,13.872],[77.97,13.959],[77.814,13.915],[77.782,13.819],[77.621,13.768],[77.456,13.683],[77.47,13.758],[77.433,13.844],[77.326,13.834],[77.181,13.87],[77.158,13.806],[77.065,13.743],[76.977,13.827],[77.042,13.933],[76.932,14.031],[76.948,14.095],[76.895,14.168],[77.003,14.198],[77.028,14.062],[77.173,14.013],[77.322,14.031],[77.398,13.907],[77.435,13.948],[77.39,14.017],[77.393,14.175],[77.504,14.157],[77.479,14.292],[77.409,14.337],[77.364,14.275],[77.138,14.337],[77.117,14.226],[77.005,14.235],[76.884,14.348],[76.901,14.49],[76.806,14.531],[76.765,14.602],[76.776,14.681],[76.837,14.791],[76.867,14.97],[76.76,14.989],[76.8,15.096],[76.985,15.015],[77.114,15.034],[77.156,15.14]]]}},{"type":"Feature","properties":{"state":"Andhra Pradesh","district":"S.P.S. Nellore","district_code":"IN-AP-S.P"},"geometry":{"type":"Polygon","coordinates":[[[80.268,13.565],[80.215,13.49],[80.079,13.489],[80.037,13.538],[79.956,13.708],[79.869,13.706],[79.851,13.769],[79.608,13.853],[79.592,13.923],[79.446,13.892],[79.436,14.024],[79.455,14.101],[79.435,14.244],[79.293,14.484],[79.242,14.593],[79.189,14.616],[79.187,14.711],[79.082,14.982],[79.089,15.048],[79.129,15.1],[79.261,15.107],[79.563,15.044],[79.735,15.031],[79.779,14.981],[79.962,15.022],[80.04,15.009],[80.109,14.739],[80.196,14.586],[80.169,14.351],[80.131,14.229],[80.146,14.042],[80.255,13.783],[80.233,13.657],[80.268,13.565]]]}},{"type":"Feature","properties":{"state":"Karnataka","district":"Chitradurga","district_code":"IN-K-CHI"},"geometry":{"type":"Polygon","coordinates":[[[76.511,14.56],[76.568,14.587],[76.644,14.712],[76.713,14.865],[76.678,14.887],[76.76,14.989],[76.867,14.97],[76.837,14.791],[76.776,14.681],[76.765,14.602],[76.806,14.531],[76.901,14.49],[76.884,14.348],[77.005,14.235],[77.003,14.198],[76.895,14.168],[76.948,14.095],[76.889,14.048],[76.851,13.963],[76.722,13.899],[76.765,13.782],[76.621,13.734],[76.455,13.591],[76.354,13.58],[76.273,13.606],[76.219,13.713],[76.149,13.732],[76.098,13.864],[76.029,13.899],[76.045,13.943],[76.062,14.223],[76.135,14.256],[76.156,14.321],[76.136,14.427],[76.208,14.458],[76.282,14.405],[76.459,14.451],[76.511,14.56]]]}},{"type":"Feature","properties":{"state":"Karnataka","district":"Davanagere","district_code":"IN-K-DAV"},"geometry":{"type":"Polygon","coordinates":[[[75.759,14.734],[75.824,14.778],[75.802,14.869],[75.967,14.909],[76.129,14.869],[76.184,14.7],[76.334,14.688],[76.424,14.582],[76.511,14.56],[76.459,14.451],[76.282,14.405],[76.208,14.458],[76.136,14.427],[76.156,14.321],[76.135,14.256],[76.062,14.223],[76.045,13.943],[76.029,13.899],[75.953,13.816],[75.878,13.811],[75.806,14.098],[75.604,14.057],[75.491,14.105],[75.399,14.117],[75.532,14.278],[75.603,14.293],[75.643,14.431],[75.69,14.492],[75.797,14.51],[75.818,14.565],[75.798,14.681],[75.759,14.734]]]}},{"type":"Feature","properties":{"state":"Karnataka","district":"Shivamogga","district_code":"IN-K-SHI"},"geometry":{"type":"Polygon","coordinates":[[[74.667,13.987],[74.638,14.095],[74.665,14.185],[74.792,14.227],[74.89,14.216],[74.948,14.399],[74.879,14.436],[74.901,14.53],[75.023,14.568],[75.051,14.649],[75.188,14.623],[75.265,14.58],[75.346,14.486],[75.349,14.388],[75.532,14.278],[75.399,14.117],[75.491,14.105],[75.604,14.057],[75.806,14.098],[75.878,13.811],[75.542,13.728],[75.506,13.765],[75.419,13.706],[75.415,13.653],[75.344,13.581],[75.245,13.606],[75.227,13.527],[75.141,13.461],[75.035,13.567],[74.999,13.738],[74.928,13.769],[74.908,13.857],[74.84,13.897],[74.711,13.905],[74.667,13.987]]]}},{"type":"Feature","properties":{"state":"Karnataka","district":"Udupi","district_code":"IN-K-UDU"},"geometry":{"type":"Polygon","coordinates":[[[74.583,13.926],[74.667,13.987],[74.711,13.905],[74.84,13.897],[74.908,13.857],[74.928,13.769],[74.999,13.738],[75.035,13.567],[75.141,13.461],[75.112,13.357],[75.167,13.203],[75.205,13.177],[75.15,13.125],[74.994,13.158],[74.878,13.096],[74.826,13.13],[74.777,13.071],[74.717,13.314],[74.67,13.635],[74.583,13.926]]]}},{"type":"Feature","properties":{"state":"Karnataka","district":"Chikkamagaluru","district_code":"IN-K-CHIK"},"geometry":{"type":"Polygon","coordinates":[[[76.029,13.899],[76.098,13.864],[76.149,13.732],[76.219,13.713],[76.273,13.606],[76.354,13.58],[76.364,13.547],[76.231,13.468],[76.162,13.47],[76.139,13.406],[76.042,13.375],[76.014,13.261],[75.899,13.266],[75.728,13.184],[75.754,13.136],[75.71,13.038],[75.643,13.031],[75.558,12.916],[75.514,12.979],[75.516,13.065],[75.407,13.112],[75.379,13.18],[75.294,13.125],[75.205,13.177],[75.167,13.203],[75.112,13.357],[75.141,13.461],[75.227,13.527],[75.245,13.606],[75.344,13.581],[75.415,13.653],[75.419,13.706],[75.506,13.765],[75.542,13.728],[75.878,13.811],[75.953,13.816],[76.029,13.899]]]}},{"type":"Feature","properties":{"state":"Karnataka","district":"Chikkaballapura","district_code":"IN-K-CHIKK"},"geometry":{"type":"Polygon","coordinates":[[[77.456,13.683],[77.621,13.768],[77.782,13.819],[77.814,13.915],[77.97,13.959],[78.001,13.872],[78.115,13.863],[78.126,13.787],[78.121,13.716],[78.204,13.629],[78.196,13.569],[78.21,13.471],[78.135,13.405],[78.134,13.288],[77.961,13.284],[77.935,13.246],[77.809,13.262],[77.828,13.327],[77.658,13.398],[77.433,13.464],[77.386,13.514],[77.364,13.629],[77.456,13.683]]]}},{"type":"Feature","properties":{"state":"Karnataka","district":"Hassan","district_code":"IN-K-HAS"},"geometry":{"type":"Polygon","coordinates":[[[75.558,12.916],[75.643,13.031],[75.71,13.038],[75.754,13.136],[75.728,13.184],[75.899,13.266],[76.014,13.261],[76.042,13.375],[76.139,13.406],[76.162,13.47],[76.231,13.468],[76.364,13.547],[76.419,13.449],[76.347,13.36],[76.37,13.2],[76.473,13.149],[76.473,13.093],[76.604,13.071],[76.632,13.004],[76.578,12.847],[76.49,12.807],[76.386,12.846],[76.349,12.785],[76.343,12.656],[76.306,12.61],[76.219,12.645],[76.113,12.527],[76.019,12.571],[75.936,12.63],[75.965,12.711],[75.88,12.835],[75.834,12.671],[75.667,12.697],[75.615,12.797],[75.621,12.855],[75.558,12.916]]]}},{"type":"Feature","properties":{"state":"Karnataka","district":"Kolar","district_code":"IN-K-KOL"},"geometry":{"type":"Polygon","coordinates":[[[78.231,12.76],[78.134,12.782],[78.057,12.852],[77.979,12.836],[77.929,12.891],[77.866,12.87],[77.864,12.973],[77.901,13.103],[77.956,13.13],[77.935,13.246],[77.961,13.284],[78.134,13.288],[78.135,13.405],[78.21,13.471],[78.196,13.569],[78.326,13.595],[78.401,13.588],[78.374,13.51],[78.364,13.362],[78.444,13.309],[78.586,13.276],[78.514,13.061],[78.467,12.975],[78.355,12.94],[78.312,12.859],[78.253,12.861],[78.231,12.76]]]}},{"type":"Feature","properties":{"state":"Karnataka","district":"Bengaluru Rural","district_code":"IN-K-BEN"},"geometry":{"type":"Polygon","coordinates":[[[77.866,12.87],[77.831,12.866],[77.765,12.943],[77.78,13.034],[77.725,13.193],[77.545,13.232],[77.481,13.224],[77.429,13.086],[77.331,12.975],[77.314,13.107],[77.204,13.185],[77.182,13.229],[77.228,13.313],[77.338,13.329],[77.349,13.457],[77.386,13.514],[77.433,13.464],[77.658,13.398],[77.828,13.327],[77.809,13.262],[77.935,13.246],[77.956,13.13],[77.901,13.103],[77.864,12.973],[77.866,12.87]]]}},{"type":"Feature","properties":{"state":"Karnataka","district":"Dakshina Kannada","district_code":"IN-K-DAK"},"geometry":{"type":"Polygon","coordinates":[[[74.777,13.071],[74.826,13.13],[74.878,13.096],[74.994,13.158],[75.15,13.125],[75.205,13.177],[75.294,13.125],[75.379,13.18],[75.407,13.112],[75.516,13.065],[75.514,12.979],[75.558,12.916],[75.621,12.855],[75.615,12.797],[75.667,12.697],[75.643,12.632],[75.67,12.551],[75.615,12.51],[75.493,12.484],[75.416,12.499],[75.28,12.524],[75.112,12.681],[74.982,12.738],[74.869,12.759],[74.823,12.847],[74.777,13.071]]]}},{"type":"Feature","properties":{"state":"Karnataka","district":"Bengaluru Urban","district_code":"IN-K-BENG"},"geometry":{"type":"Polygon","coordinates":[[[77.831,12.866],[77.793,12.749],[77.739,12.672],[77.601,12.668],[77.615,12.709],[77.543,12.775],[77.419,12.826],[77.343,12.888],[77.331,12.975],[77.429,13.086],[77.481,13.224],[77.545,13.232],[77.725,13.193],[77.78,13.034],[77.765,12.943],[77.831,12.866]]]}},{"type":"Feature","properties":{"state":"Kerala","district":"Kasaragod","district_code":"IN-K-KAS"},"geometry":{"type":"Polygon","coordinates":[[[74.869,12.759],[74.982,12.738],[75.112,12.681],[75.28,12.524],[75.416,12.499],[75.366,12.412],[75.422,12.373],[75.415,12.29],[75.204,12.191],[75.165,12.089],[75.042,12.389],[75.016,12.418],[74.869,12.759]]]}},{"type":"Feature","properties":{"state":"Karnataka","district":"Kodagu","district_code":"IN-K-KOD"},"geometry":{"type":"Polygon","coordinates":[[[75.667,12.697],[75.834,12.671],[75.88,12.835],[75.965,12.711],[75.936,12.63],[76.019,12.571],[75.909,12.399],[76.002,12.33],[76.025,12.249],[76.133,12.191],[76.19,12.05],[76.113,11.979],[76.003,11.931],[75.936,11.941],[75.87,11.952],[75.794,12.056],[75.636,12.149],[75.577,12.157],[75.485,12.29],[75.415,12.29],[75.422,12.373],[75.366,12.412],[75.416,12.499],[75.493,12.484],[75.615,12.51],[75.67,12.551],[75.643,12.632],[75.667,12.697]]]}},{"type":"Feature","properties":{"state":"Karnataka","district":"Chamarajanagara","district_code":"IN-K-CHA"},"geometry":{"type":"Polygon","coordinates":[[[77.747,12.155],[77.776,12.113],[77.708,12.036],[77.676,11.952],[77.494,11.944],[77.429,11.768],[77.293,11.809],[77.111,11.773],[77.013,11.814],[76.909,11.795],[76.835,11.655],[76.848,11.595],[76.757,11.618],[76.56,11.622],[76.511,11.704],[76.418,11.671],[76.413,11.758],[76.577,11.923],[76.578,11.988],[76.794,11.986],[76.915,12.026],[77.014,12.164],[77.123,12.197],[77.109,12.241],[77.167,12.311],[77.326,12.308],[77.43,12.287],[77.471,12.243],[77.505,12.198],[77.611,12.206],[77.747,12.155]]]}},{"type":"Feature","properties":{"state":"Kerala","district":"Wayanad","district_code":"IN-K-WAY"},"geometry":{"type":"Polygon","coordinates":[[[76.418,11.671],[76.378,11.601],[76.234,11.527],[76.143,11.45],[76.037,11.502],[75.909,11.6],[75.899,11.676],[75.8,11.753],[75.794,11.79],[75.809,11.856],[75.927,11.842],[75.936,11.941],[76.003,11.931],[76.113,11.979],[76.113,11.858],[76.207,11.861],[76.318,11.751],[76.413,11.758],[76.418,11.671]]]}},{"type":"Feature","properties":{"state":"Kerala","district":"Kozhikode","district_code":"IN-K-KOZ"},"geometry":{"type":"Polygon","coordinates":[[[75.794,11.79],[75.8,11.753],[75.899,11.676],[75.909,11.6],[76.037,11.502],[76.143,11.45],[76.083,11.307],[75.857,11.204],[75.826,11.123],[75.698,11.425],[75.618,11.478],[75.554,11.702],[75.665,11.758],[75.794,11.79]]]}},{"type":"Feature","properties":{"state":"Kerala","district":"Malappuram","district_code":"IN-K-MAL"},"geometry":{"type":"Polygon","coordinates":[[[76.069,10.73],[75.958,10.686],[75.91,10.793],[75.826,11.123],[75.857,11.204],[76.083,11.307],[76.143,11.45],[76.234,11.527],[76.461,11.388],[76.548,11.359],[76.522,11.27],[76.442,11.201],[76.409,11.119],[76.344,11.089],[76.32,10.936],[76.233,10.885],[76.17,10.914],[76.045,10.848],[76.069,10.73]]]}},{"type":"Feature","properties":{"state":"Kerala","district":"Palakkad","district_code":"IN-K-PAL"},"geometry":{"type":"Polygon","coordinates":[[[76.442,11.201],[76.629,11.194],[76.707,11.24],[76.695,11.167],[76.754,11.079],[76.656,10.939],[76.831,10.87],[76.907,10.782],[76.838,10.596],[76.815,10.423],[76.834,10.339],[76.623,10.379],[76.589,10.436],[76.474,10.486],[76.413,10.595],[76.468,10.752],[76.354,10.742],[76.205,10.768],[76.162,10.706],[76.069,10.73],[76.045,10.848],[76.17,10.914],[76.233,10.885],[76.32,10.936],[76.344,11.089],[76.409,11.119],[76.442,11.201]]]}},{"type":"Feature","properties":{"state":"Kerala","district":"Thrissur","district_code":"IN-K-THR"},"geometry":{"type":"Polygon","coordinates":[[[76.834,10.339],[76.892,10.26],[76.809,10.286],[76.696,10.264],[76.415,10.294],[76.312,10.181],[76.214,10.194],[76.162,10.184],[76.101,10.382],[75.958,10.686],[76.069,10.73],[76.162,10.706],[76.205,10.768],[76.354,10.742],[76.468,10.752],[76.413,10.595],[76.474,10.486],[76.589,10.436],[76.623,10.379],[76.834,10.339]]]}},{"type":"Feature","properties":{"state":"Kerala","district":"Idukki","district_code":"IN-K-IDU"},"geometry":{"type":"Polygon","coordinates":[[[77.051,10.262],[77.091,10.315],[77.181,10.357],[77.288,10.232],[77.268,10.122],[77.263,10.029],[77.213,9.877],[77.247,9.799],[77.167,9.612],[77.27,9.572],[77.318,9.602],[77.403,9.526],[77.34,9.42],[77.282,9.299],[77.21,9.449],[77.155,9.471],[77.062,9.447],[76.973,9.466],[76.886,9.539],[76.887,9.717],[76.808,9.788],[76.629,9.854],[76.783,10.036],[76.866,10.095],[76.927,10.179],[77.074,10.177],[77.051,10.262]]]}},{"type":"Feature","properties":{"state":"Kerala","district":"Ernakulam","district_code":"IN-K-ERN"},"geometry":{"type":"Polygon","coordinates":[[[76.899,10.253],[76.982,10.22],[77.051,10.262],[77.074,10.177],[76.927,10.179],[76.866,10.095],[76.783,10.036],[76.629,9.854],[76.58,9.821],[76.458,9.847],[76.373,9.836],[76.297,9.888],[76.28,9.789],[76.167,10.181],[76.214,10.194],[76.312,10.181],[76.415,10.294],[76.696,10.264],[76.809,10.286],[76.892,10.26],[76.898,10.254],[76.899,10.253]]]}},{"type":"Feature","properties":{"state":"Kerala","district":"Alappuzha","district_code":"IN-K-ALA"},"geometry":{"type":"Polygon","coordinates":[[[76.28,9.789],[76.297,9.888],[76.373,9.836],[76.392,9.548],[76.467,9.561],[76.514,9.4],[76.517,9.352],[76.641,9.34],[76.69,9.176],[76.633,9.139],[76.558,9.109],[76.479,9.123],[76.349,9.387],[76.32,9.483],[76.28,9.789]]]}},{"type":"Feature","properties":{"state":"Kerala","district":"Kottayam","district_code":"IN-K-KOT"},"geometry":{"type":"Polygon","coordinates":[[[76.629,9.854],[76.808,9.788],[76.887,9.717],[76.886,9.539],[76.973,9.466],[76.924,9.416],[76.854,9.457],[76.643,9.479],[76.514,9.4],[76.467,9.561],[76.392,9.548],[76.373,9.836],[76.458,9.847],[76.58,9.821],[76.629,9.854]]]}},{"type":"Feature","properties":{"state":"Kerala","district":"Pathanamthitta","district_code":"IN-K-PAT"},"geometry":{"type":"Polygon","coordinates":[[[77.282,9.299],[77.268,9.153],[77.204,9.07],[77.107,9.094],[76.93,9.174],[76.841,9.092],[76.692,9.09],[76.633,9.139],[76.69,9.176],[76.641,9.34],[76.517,9.352],[76.514,9.4],[76.643,9.479],[76.854,9.457],[76.924,9.416],[76.973,9.466],[77.062,9.447],[77.155,9.471],[77.21,9.449],[77.282,9.299]]]}},{"type":"Feature","properties":{"state":"Kerala","district":"Kollam","district_code":"IN-K-KOLL"},"geometry":{"type":"Polygon","coordinates":[[[77.204,9.07],[77.149,9.01],[77.193,8.926],[77.256,8.879],[77.199,8.771],[77.051,8.846],[77.025,8.775],[76.935,8.76],[76.815,8.859],[76.76,8.791],[76.682,8.776],[76.548,8.903],[76.479,9.123],[76.558,9.109],[76.633,9.139],[76.692,9.09],[76.841,9.092],[76.93,9.174],[77.107,9.094],[77.204,9.07]]]}},{"type":"Feature","properties":{"state":"Kerala","district":"Thiruvananthapuram","district_code":"IN-K-THI"},"geometry":{"type":"Polygon","coordinates":[[[77.098,8.292],[76.959,8.422],[76.699,8.739],[76.682,8.776],[76.76,8.791],[76.815,8.859],[76.935,8.76],[77.025,8.775],[77.051,8.846],[77.199,8.771],[77.17,8.742],[77.27,8.578],[77.262,8.507],[77.098,8.292]]]}},{"type":"Feature","properties":{"state":"Andhra Pradesh","district":"West Godavari","district_code":"IN-AP-WES"},"geometry":{"type":"Polygon","coordinates":[[[81.553,16.347],[81.438,16.399],[81.343,16.53],[81.33,16.689],[81.238,16.592],[81.189,16.622],[81.018,16.561],[80.973,16.626],[80.996,16.828],[80.935,16.959],[80.958,17.051],[80.877,17.07],[80.88,17.161],[80.941,17.219],[80.995,17.191],[81.174,17.231],[81.19,17.324],[81.275,17.318],[81.31,17.41],[81.021,17.52],[80.911,17.638],[81.007,17.646],[81.137,17.582],[81.255,17.565],[81.314,17.488],[81.408,17.465],[81.501,17.481],[81.564,17.44],[81.616,17.331],[81.68,17.302],[81.64,17.208],[81.745,16.964],[81.724,16.915],[81.744,16.794],[81.859,16.599],[81.846,16.496],[81.756,16.424],[81.7,16.423],[81.715,16.311],[81.553,16.347]]]}},{"type":"Feature","properties":{"state":"Chhattisgarh","district":"Dakshin Bastar Dantewada","district_code":"IN-C-DAK"},"geometry":{"type":"Polygon","coordinates":[[[81.129,19.256],[81.297,19.336],[81.343,19.319],[81.375,19.306],[81.343,19.231],[81.401,19.191],[81.502,19.204],[81.49,19.086],[81.53,19.037],[81.466,18.947],[81.556,18.912],[81.628,18.813],[81.712,18.838],[81.778,18.773],[81.674,18.652],[81.628,18.735],[81.57,18.74],[81.544,18.607],[81.489,18.624],[81.369,18.433],[81.259,18.479],[81.183,18.541],[81.16,18.691],[81.198,18.749],[81.236,18.967],[81.21,19.183],[81.145,19.182],[81.129,19.256]]]}},{"type":"Feature","properties":{"state":"Chhattisgarh","district":"Bastar","district_code":"IN-C-BAS"},"geometry":{"type":"Polygon","coordinates":[[[82.028,19.508],[82.1,19.517],[82.126,19.429],[82.189,19.428],[82.161,19.202],[82.206,19.121],[82.246,18.919],[82.177,18.903],[82.158,18.789],[82.091,18.738],[81.9,18.661],[81.767,18.593],[81.674,18.652],[81.778,18.773],[81.712,18.838],[81.628,18.813],[81.556,18.912],[81.466,18.947],[81.53,19.037],[81.49,19.086],[81.502,19.204],[81.401,19.191],[81.343,19.231],[81.375,19.306],[81.536,19.223],[81.608,19.273],[81.666,19.366],[81.794,19.352],[81.791,19.454],[81.863,19.552],[82.028,19.508]]]}},{"type":"Feature","properties":{"state":"Chhattisgarh","district":"Kondagaon","district_code":"IN-C-KON"},"geometry":{"type":"Polygon","coordinates":[[[81.374,19.78],[81.406,19.88],[81.326,19.939],[81.291,20.022],[81.388,20.048],[81.45,20.147],[81.585,20.195],[81.68,20.13],[81.814,20.167],[81.875,20.052],[81.875,20.051],[81.845,19.952],[81.869,19.902],[81.969,19.86],[81.986,19.802],[82.065,19.791],[82.059,19.629],[82.028,19.508],[81.863,19.552],[81.791,19.454],[81.794,19.352],[81.666,19.366],[81.608,19.273],[81.536,19.223],[81.375,19.306],[81.343,19.319],[81.47,19.377],[81.476,19.472],[81.427,19.48],[81.486,19.688],[81.374,19.73],[81.374,19.78]]]}},{"type":"Feature","properties":{"state":"Chhattisgarh","district":"Gariaband","district_code":"IN-C-GAR"},"geometry":{"type":"Polygon","coordinates":[[[81.989,21.083],[82.161,21.016],[82.198,20.939],[82.339,20.874],[82.353,20.701],[82.377,20.632],[82.333,20.562],[82.438,20.434],[82.4,20.341],[82.421,20.205],[82.386,20.145],[82.398,20.056],[82.718,19.989],[82.697,19.831],[82.594,19.776],[82.531,19.879],[82.446,19.91],[82.345,19.836],[82.268,19.975],[82.184,19.985],[82.07,20.057],[82.018,20.049],[82.1,20.106],[82.18,20.257],[82.108,20.291],[82.085,20.411],[82.021,20.528],[81.981,20.724],[81.923,20.752],[81.866,20.962],[81.989,21.083]]]}},{"type":"Feature","properties":{"state":"Chhattisgarh","district":"Raipur","district_code":"IN-C-RAI"},"geometry":{"type":"Polygon","coordinates":[[[82.194,21.379],[82.146,21.311],[82.028,21.233],[81.989,21.083],[81.866,20.962],[81.814,20.946],[81.749,21.012],[81.612,21.023],[81.58,21.122],[81.626,21.161],[81.542,21.247],[81.554,21.332],[81.638,21.403],[81.643,21.546],[81.695,21.601],[81.752,21.583],[81.901,21.6],[81.931,21.493],[82.194,21.379]]]}},{"type":"Feature","properties":{"state":"Chhattisgarh","district":"Durg","district_code":"IN-C-DUR"},"geometry":{"type":"Polygon","coordinates":[[[81.554,21.332],[81.542,21.247],[81.626,21.161],[81.58,21.122],[81.612,21.023],[81.59,20.94],[81.472,20.87],[81.417,20.849],[81.42,21.006],[81.155,21.076],[81.207,21.104],[81.198,21.222],[81.149,21.212],[81.192,21.388],[81.204,21.517],[81.356,21.544],[81.441,21.487],[81.496,21.354],[81.554,21.332]]]}},{"type":"Feature","properties":{"state":"Maharashtra","district":"Thane","district_code":"IN-M-THA"},"geometry":{"type":"Polygon","coordinates":[[[73.485,19.725],[73.616,19.586],[73.622,19.542],[73.714,19.484],[73.693,19.435],[73.78,19.387],[73.63,19.204],[73.534,19.178],[73.526,19.13],[73.353,19.131],[73.251,19.061],[73.176,19.109],[73.047,19.098],[73.044,19.018],[72.956,18.988],[72.98,19.154],[72.905,19.248],[72.784,19.264],[72.798,19.304],[72.899,19.288],[72.957,19.4],[73.057,19.479],[73.211,19.561],[73.286,19.693],[73.485,19.725]]]}},{"type":"Feature","properties":{"state":"Telangana","district":"Adilabad","district_code":"IN-T-ADI"},"geometry":{"type":"Polygon","coordinates":[[[78.842,19.762],[78.86,19.689],[78.956,19.656],[78.936,19.55],[78.927,19.462],[78.854,19.447],[78.855,19.278],[78.759,19.278],[78.675,19.317],[78.571,19.286],[78.51,19.215],[78.389,19.176],[78.3,19.259],[78.193,19.317],[78.212,19.428],[78.309,19.481],[78.306,19.607],[78.276,19.692],[78.343,19.714],[78.364,19.781],[78.306,19.912],[78.381,19.88],[78.432,19.814],[78.575,19.818],[78.842,19.762]]]}},{"type":"Feature","properties":{"state":"Telangana","district":"Hyderabad","district_code":"IN-T-HYD"},"geometry":{"type":"Polygon","coordinates":[[[78.528,17.374],[78.452,17.323],[78.395,17.386],[78.407,17.439],[78.517,17.441],[78.528,17.374]]]}},{"type":"Feature","properties":{"state":"Telangana","district":"Jagtial","district_code":"IN-T-JAG"},"geometry":{"type":"Polygon","coordinates":[[[79.302,18.816],[79.23,18.75],[79.163,18.756],[79.111,18.661],[78.987,18.668],[78.958,18.577],[78.851,18.588],[78.705,18.64],[78.67,18.624],[78.582,18.723],[78.542,18.815],[78.536,18.948],[78.637,18.978],[78.695,19.032],[78.762,19.011],[78.845,19.07],[78.947,19.073],[79.022,19.076],[79.085,19.024],[79.114,18.94],[79.183,18.868],[79.302,18.816]]]}},{"type":"Feature","properties":{"state":"Telangana","district":"Jangaon","district_code":"IN-T-JAN"},"geometry":{"type":"Polygon","coordinates":[[[79.514,17.795],[79.49,17.663],[79.573,17.621],[79.511,17.587],[79.539,17.524],[79.383,17.511],[79.371,17.483],[79.256,17.472],[79.152,17.587],[79.131,17.672],[79.025,17.714],[78.991,17.793],[78.868,17.825],[78.921,17.865],[79.092,17.873],[79.154,17.993],[79.228,17.991],[79.268,17.953],[79.504,17.865],[79.514,17.795]]]}},{"type":"Feature","properties":{"state":"Telangana","district":"Mulugu","district_code":"IN-T-MUL"},"geometry":{"type":"Polygon","coordinates":[[[80.372,18.611],[80.455,18.631],[80.637,18.523],[80.706,18.439],[80.748,18.309],[80.756,18.17],[80.542,18.116],[80.432,18.06],[80.392,18.082],[80.27,17.943],[80.149,18.083],[80.079,18.071],[79.992,18.108],[79.936,18.083],[79.84,18.133],[79.854,18.259],[79.923,18.406],[80.216,18.39],[80.232,18.556],[80.372,18.611]]]}},{"type":"Feature","properties":{"state":"Telangana","district":"Jogulamba Gadwal","district_code":"IN-T-JOG"},"geometry":{"type":"Polygon","coordinates":[[[77.514,15.928],[77.5,16.222],[77.594,16.343],[77.661,16.362],[77.776,16.307],[77.932,16.193],[77.947,16.119],[78.158,15.951],[78.248,15.972],[78.175,15.858],[78.083,15.841],[77.887,15.906],[77.803,15.874],[77.66,15.885],[77.514,15.928]]]}},{"type":"Feature","properties":{"state":"Telangana","district":"Kamareddy","district_code":"IN-T-KAM"},"geometry":{"type":"Polygon","coordinates":[[[77.551,18.292],[77.525,18.372],[77.585,18.446],[77.597,18.549],[77.739,18.556],[77.789,18.497],[77.938,18.492],[78.022,18.437],[78.039,18.518],[78.26,18.453],[78.383,18.453],[78.446,18.483],[78.53,18.466],[78.549,18.336],[78.522,18.279],[78.568,18.222],[78.568,18.184],[78.433,18.163],[78.384,18.123],[78.314,18.18],[78.179,18.097],[78.071,18.06],[77.976,18.115],[77.898,18.092],[77.869,18.189],[77.77,18.188],[77.722,18.258],[77.601,18.276],[77.551,18.292]]]}},{"type":"Feature","properties":{"state":"Telangana","district":"Karimnagar","district_code":"IN-T-KAR"},"geometry":{"type":"Polygon","coordinates":[[[78.958,18.577],[78.987,18.668],[79.111,18.661],[79.23,18.567],[79.236,18.448],[79.306,18.481],[79.485,18.386],[79.566,18.424],[79.563,18.263],[79.473,18.23],[79.462,18.164],[79.302,18.13],[79.245,18.184],[79.163,18.158],[79.108,18.221],[79.134,18.272],[79.019,18.317],[79.025,18.367],[78.923,18.475],[78.958,18.577]]]}},{"type":"Feature","properties":{"state":"Telangana","district":"Khammam","district_code":"IN-T-KHA"},"geometry":{"type":"Polygon","coordinates":[[[80.877,17.07],[80.845,17.04],[80.7,17.084],[80.58,17.153],[80.505,17.069],[80.363,16.977],[80.534,16.962],[80.602,16.919],[80.563,16.832],[80.57,16.768],[80.322,16.879],[80.307,16.974],[80.187,17.021],[80.056,16.971],[80.04,17.051],[79.881,17.173],[79.901,17.254],[79.803,17.323],[79.992,17.399],[80.053,17.346],[80.109,17.359],[80.229,17.531],[80.203,17.558],[80.369,17.568],[80.432,17.498],[80.447,17.411],[80.501,17.367],[80.592,17.382],[80.683,17.297],[80.859,17.364],[80.877,17.265],[80.941,17.219],[80.88,17.161],[80.877,17.07]]]}},{"type":"Feature","properties":{"state":"Telangana","district":"Komaram Bheem","district_code":"IN-T-KOM"},"geometry":{"type":"Polygon","coordinates":[[[79.806,19.579],[79.865,19.51],[79.944,19.47],[79.978,19.399],[79.929,19.158],[79.677,19.2],[79.614,19.277],[79.517,19.286],[79.548,19.202],[79.462,19.172],[79.351,19.211],[79.316,19.092],[79.267,19.033],[79.15,19.092],[79.057,19.209],[78.953,19.249],[78.855,19.278],[78.854,19.447],[78.927,19.462],[78.936,19.55],[79.097,19.532],[79.19,19.459],[79.253,19.593],[79.366,19.576],[79.472,19.501],[79.744,19.609],[79.806,19.579]]]}},{"type":"Feature","properties":{"state":"Telangana","district":"Mahabubabad","district_code":"IN-T-MAH"},"geometry":{"type":"Polygon","coordinates":[[[79.539,17.524],[79.511,17.587],[79.573,17.621],[79.654,17.628],[79.692,17.686],[79.894,17.73],[79.91,17.814],[79.995,17.89],[79.992,18.108],[80.079,18.071],[80.149,18.083],[80.27,17.943],[80.248,17.825],[80.259,17.751],[80.203,17.558],[80.229,17.531],[80.109,17.359],[80.053,17.346],[79.992,17.399],[79.803,17.323],[79.751,17.44],[79.539,17.524]]]}},{"type":"Feature","properties":{"state":"Telangana","district":"Mahabubnagar","district_code":"IN-T-MAHA"},"geometry":{"type":"Polygon","coordinates":[[[77.751,16.403],[77.788,16.574],[77.727,16.85],[77.76,17.003],[77.915,16.922],[77.999,16.979],[78.025,17.01],[78.276,16.923],[78.349,16.78],[78.349,16.682],[78.234,16.742],[78.121,16.593],[78.007,16.61],[77.982,16.502],[77.916,16.442],[77.751,16.403]]]}},{"type":"Feature","properties":{"state":"Telangana","district":"Mancherial","district_code":"IN-T-MAN"},"geometry":{"type":"Polygon","coordinates":[[[79.929,19.158],[79.858,19.102],[79.94,19.035],[79.961,18.866],[79.914,18.826],[79.866,18.835],[79.81,18.703],[79.68,18.673],[79.632,18.729],[79.43,18.848],[79.302,18.816],[79.183,18.868],[79.114,18.94],[79.085,19.024],[79.022,19.076],[78.947,19.073],[78.878,19.16],[78.953,19.249],[79.057,19.209],[79.15,19.092],[79.267,19.033],[79.316,19.092],[79.351,19.211],[79.462,19.172],[79.548,19.202],[79.517,19.286],[79.614,19.277],[79.677,19.2],[79.929,19.158]]]}},{"type":"Feature","properties":{"state":"Telangana","district":"Medak","district_code":"IN-T-MED"},"geometry":{"type":"Polygon","coordinates":[[[77.898,18.092],[77.976,18.115],[78.071,18.06],[78.179,18.097],[78.314,18.18],[78.384,18.123],[78.433,18.163],[78.568,18.184],[78.579,18.107],[78.531,17.951],[78.54,17.837],[78.499,17.686],[78.449,17.704],[78.319,17.744],[78.32,17.681],[78.149,17.806],[78.1,17.815],[78.079,17.905],[77.936,17.89],[77.825,17.987],[77.898,18.092]]]}},{"type":"Feature","properties":{"state":"Telangana","district":"Medchal Malkajgiri","district_code":"IN-T-MEDC"},"geometry":{"type":"Polygon","coordinates":[[[78.528,17.374],[78.517,17.441],[78.407,17.439],[78.348,17.522],[78.381,17.642],[78.449,17.704],[78.499,17.686],[78.669,17.698],[78.724,17.668],[78.676,17.576],[78.751,17.472],[78.738,17.386],[78.528,17.374]]]}},{"type":"Feature","properties":{"state":"Telangana","district":"Nagarkurnool","district_code":"IN-T-NAG"},"geometry":{"type":"Polygon","coordinates":[[[79.21,16.357],[79.215,16.226],[79.158,16.21],[79.03,16.241],[78.904,16.183],[78.923,16.123],[78.741,16.009],[78.601,16.084],[78.551,16.043],[78.41,16.075],[78.256,16.009],[78.202,16.054],[78.227,16.175],[78.196,16.208],[78.314,16.38],[78.1,16.487],[78.121,16.593],[78.234,16.742],[78.349,16.682],[78.349,16.78],[78.537,16.821],[78.652,16.766],[78.754,16.75],[78.698,16.619],[78.724,16.54],[78.8,16.513],[78.855,16.551],[79.152,16.399],[79.21,16.357]]]}},{"type":"Feature","properties":{"state":"Telangana","district":"Nalgonda","district_code":"IN-T-NAL"},"geometry":{"type":"Polygon","coordinates":[[[79.68,16.693],[79.542,16.633],[79.447,16.619],[79.418,16.581],[79.258,16.566],[79.219,16.512],[79.21,16.357],[79.152,16.399],[78.855,16.551],[78.8,16.513],[78.724,16.54],[78.698,16.619],[78.754,16.75],[78.802,16.827],[78.73,16.864],[78.842,17.072],[78.891,17.044],[78.952,17.132],[78.982,17.279],[79.103,17.242],[79.206,17.263],[79.251,17.359],[79.45,17.345],[79.525,17.186],[79.592,17.084],[79.617,16.923],[79.667,16.842],[79.68,16.693]]]}},{"type":"Feature","properties":{"state":"Telangana","district":"Nirmal","district_code":"IN-T-NIR"},"geometry":{"type":"Polygon","coordinates":[[[77.949,18.844],[77.843,18.908],[77.797,19.073],[77.86,19.18],[77.863,19.304],[77.944,19.343],[78.042,19.271],[78.175,19.238],[78.193,19.317],[78.3,19.259],[78.389,19.176],[78.51,19.215],[78.571,19.286],[78.675,19.317],[78.759,19.278],[78.855,19.278],[78.953,19.249],[78.878,19.16],[78.947,19.073],[78.845,19.07],[78.762,19.011],[78.695,19.032],[78.637,18.978],[78.536,18.948],[78.456,18.955],[78.41,19.004],[78.314,18.951],[78.241,19.017],[78.053,18.94],[78.037,18.878],[77.949,18.844]]]}},{"type":"Feature","properties":{"state":"Telangana","district":"Nizamabad","district_code":"IN-T-NIZ"},"geometry":{"type":"Polygon","coordinates":[[[77.739,18.556],[77.73,18.666],[77.788,18.683],[77.84,18.805],[77.949,18.844],[78.037,18.878],[78.053,18.94],[78.241,19.017],[78.314,18.951],[78.41,19.004],[78.456,18.955],[78.536,18.948],[78.542,18.815],[78.582,18.723],[78.67,18.624],[78.554,18.53],[78.53,18.466],[78.446,18.483],[78.383,18.453],[78.26,18.453],[78.039,18.518],[78.022,18.437],[77.938,18.492],[77.789,18.497],[77.739,18.556]]]}},{"type":"Feature","properties":{"state":"Telangana","district":"Peddapalli","district_code":"IN-T-PED"},"geometry":{"type":"Polygon","coordinates":[[[79.111,18.661],[79.163,18.756],[79.23,18.75],[79.302,18.816],[79.43,18.848],[79.632,18.729],[79.68,18.673],[79.81,18.703],[79.831,18.655],[79.791,18.573],[79.725,18.574],[79.67,18.481],[79.566,18.424],[79.485,18.386],[79.306,18.481],[79.236,18.448],[79.23,18.567],[79.111,18.661]]]}},{"type":"Feature","properties":{"state":"Telangana","district":"Rajanna Sircilla","district_code":"IN-T-RAJ"},"geometry":{"type":"Polygon","coordinates":[[[78.67,18.624],[78.705,18.64],[78.851,18.588],[78.958,18.577],[78.923,18.475],[79.025,18.367],[79.019,18.317],[78.988,18.259],[78.75,18.221],[78.643,18.257],[78.568,18.222],[78.522,18.279],[78.549,18.336],[78.53,18.466],[78.554,18.53],[78.67,18.624]]]}},{"type":"Feature","properties":{"state":"Telangana","district":"Ranga Reddy","district_code":"IN-T-RAN"},"geometry":{"type":"Polygon","coordinates":[[[78.407,17.439],[78.395,17.386],[78.452,17.323],[78.528,17.374],[78.738,17.386],[78.753,17.261],[78.819,17.232],[78.776,17.151],[78.842,17.072],[78.73,16.864],[78.802,16.827],[78.754,16.75],[78.652,16.766],[78.537,16.821],[78.349,16.78],[78.276,16.923],[78.025,17.01],[77.999,16.979],[77.923,17.063],[77.99,17.103],[78.069,17.231],[78.005,17.329],[78.063,17.45],[78.071,17.496],[78.218,17.439],[78.288,17.432],[78.348,17.522],[78.407,17.439]]]}},{"type":"Feature","properties":{"state":"Telangana","district":"Sangareddy","district_code":"IN-T-SAN"},"geometry":{"type":"Polygon","coordinates":[[[77.444,17.584],[77.453,17.694],[77.537,17.78],[77.586,17.907],[77.656,17.969],[77.548,18.056],[77.598,18.093],[77.563,18.196],[77.601,18.276],[77.722,18.258],[77.77,18.188],[77.869,18.189],[77.898,18.092],[77.825,17.987],[77.936,17.89],[78.079,17.905],[78.1,17.815],[78.149,17.806],[78.32,17.681],[78.319,17.744],[78.449,17.704],[78.381,17.642],[78.348,17.522],[78.288,17.432],[78.218,17.439],[78.071,17.496],[78.063,17.45],[77.981,17.484],[77.93,17.569],[77.823,17.632],[77.686,17.511],[77.494,17.566],[77.467,17.577],[77.444,17.584]]]}},{"type":"Feature","properties":{"state":"Telangana","district":"Siddipet","district_code":"IN-T-SID"},"geometry":{"type":"Polygon","coordinates":[[[79.228,17.991],[79.154,17.993],[79.092,17.873],[78.921,17.865],[78.868,17.825],[78.816,17.703],[78.724,17.668],[78.669,17.698],[78.499,17.686],[78.54,17.837],[78.531,17.951],[78.579,18.107],[78.568,18.184],[78.568,18.222],[78.643,18.257],[78.75,18.221],[78.988,18.259],[79.019,18.317],[79.134,18.272],[79.108,18.221],[79.163,18.158],[79.245,18.184],[79.302,18.13],[79.228,17.991]]]}},{"type":"Feature","properties":{"state":"Telangana","district":"Suryapet","district_code":"IN-T-SUR"},"geometry":{"type":"Polygon","coordinates":[[[80.056,16.971],[80.039,16.918],[80.073,16.817],[80.056,16.744],[79.949,16.636],[79.877,16.698],[79.793,16.725],[79.68,16.693],[79.667,16.842],[79.617,16.923],[79.592,17.084],[79.525,17.186],[79.45,17.345],[79.371,17.483],[79.383,17.511],[79.539,17.524],[79.751,17.44],[79.803,17.323],[79.901,17.254],[79.881,17.173],[80.04,17.051],[80.056,16.971]]]}},{"type":"Feature","properties":{"state":"Telangana","district":"Vikarabad","district_code":"IN-T-VIK"},"geometry":{"type":"Polygon","coordinates":[[[77.467,16.955],[77.497,17.043],[77.464,17.11],[77.364,17.158],[77.38,17.223],[77.484,17.355],[77.513,17.43],[77.686,17.511],[77.823,17.632],[77.93,17.569],[77.981,17.484],[78.063,17.45],[78.005,17.329],[78.069,17.231],[77.99,17.103],[77.923,17.063],[77.999,16.979],[77.915,16.922],[77.76,17.003],[77.715,17.04],[77.635,17.01],[77.597,16.915],[77.467,16.955]]]}},{"type":"Feature","properties":{"state":"Telangana","district":"Wanaparthy","district_code":"IN-T-WAN"},"geometry":{"type":"Polygon","coordinates":[[[78.256,16.009],[78.248,15.972],[78.158,15.951],[77.947,16.119],[77.932,16.193],[77.776,16.307],[77.661,16.362],[77.751,16.403],[77.916,16.442],[77.982,16.502],[78.007,16.61],[78.121,16.593],[78.1,16.487],[78.314,16.38],[78.196,16.208],[78.227,16.175],[78.202,16.054],[78.256,16.009]]]}},{"type":"Feature","properties":{"state":"Telangana","district":"Warangal Rural","district_code":"IN-T-WAR"},"geometry":{"type":"Polygon","coordinates":[[[79.573,17.621],[79.49,17.663],[79.514,17.795],[79.621,17.829],[79.672,18.027],[79.603,18.097],[79.612,18.188],[79.579,18.243],[79.696,18.277],[79.724,18.195],[79.84,18.133],[79.936,18.083],[79.992,18.108],[79.995,17.89],[79.91,17.814],[79.894,17.73],[79.692,17.686],[79.654,17.628],[79.573,17.621]]]}},{"type":"Feature","properties":{"state":"Telangana","district":"Warangal Urban","district_code":"IN-T-WARA"},"geometry":{"type":"Polygon","coordinates":[[[79.514,17.795],[79.504,17.865],[79.268,17.953],[79.228,17.991],[79.302,18.13],[79.462,18.164],[79.473,18.23],[79.563,18.263],[79.579,18.243],[79.612,18.188],[79.603,18.097],[79.672,18.027],[79.621,17.829],[79.514,17.795]]]}},{"type":"Feature","properties":{"state":"Telangana","district":"Yadadri Bhuvanagiri","district_code":"IN-T-YAD"},"geometry":{"type":"Polygon","coordinates":[[[78.868,17.825],[78.991,17.793],[79.025,17.714],[79.131,17.672],[79.152,17.587],[79.256,17.472],[79.371,17.483],[79.45,17.345],[79.251,17.359],[79.206,17.263],[79.103,17.242],[78.982,17.279],[78.952,17.132],[78.891,17.044],[78.842,17.072],[78.776,17.151],[78.819,17.232],[78.753,17.261],[78.738,17.386],[78.751,17.472],[78.676,17.576],[78.724,17.668],[78.816,17.703],[78.868,17.825]]]}},{"type":"Feature","properties":{"state":"West Bengal","district":"South 24 Parganas","district_code":"IN-WB-SOU"},"geometry":{"type":"MultiPolygon","coordinates":[[[[88.125,21.674],[88.032,21.688],[88.104,21.842],[88.167,21.823],[88.171,21.737],[88.125,21.674]]],[[[89.015,21.779],[89.093,21.652],[89.038,21.611],[89.015,21.779]]],[[[88.082,22.261],[88.09,22.363],[88.17,22.483],[88.238,22.544],[88.342,22.505],[88.414,22.557],[88.521,22.562],[88.561,22.624],[88.624,22.58],[88.703,22.434],[88.823,22.371],[88.804,22.329],[89.055,22.128],[89.069,21.949],[89.008,21.902],[88.933,21.942],[88.853,21.923],[88.763,21.955],[88.763,22.015],[88.633,21.955],[88.532,21.853],[88.445,21.918],[88.391,21.897],[88.359,21.805],[88.267,21.728],[88.303,21.67],[88.26,21.556],[88.212,21.783],[88.145,21.955],[88.208,22.026],[88.219,22.103],[88.183,22.187],[88.082,22.261]]],[[[88.777,21.868],[88.809,21.669],[88.746,21.662],[88.691,21.751],[88.716,21.905],[88.777,21.868]]],[[[88.943,21.915],[88.948,21.769],[88.821,21.927],[88.882,21.913],[88.943,21.915]]]]}},{"type":"Feature","properties":{"state":"Gujarat","district":"Amreli","district_code":"IN-G-AMR"},"geometry":{"type":"Polygon","coordinates":[[[71.393,21.981],[71.466,21.929],[71.454,21.871],[71.59,21.688],[71.546,21.559],[71.479,21.482],[71.615,21.441],[71.625,21.328],[71.532,21.289],[71.526,21.186],[71.622,21.113],[71.677,20.996],[71.511,20.944],[71.437,20.869],[71.321,20.847],[71.206,20.796],[71.179,20.881],[71.22,20.957],[71.124,20.963],[71.134,21.068],[71.006,21.166],[70.855,21.167],[70.804,21.234],[70.943,21.311],[70.923,21.462],[70.832,21.457],[70.864,21.599],[70.793,21.666],[70.801,21.742],[70.978,21.726],[71.047,21.755],[71.03,21.874],[71.128,21.948],[71.33,22.032],[71.393,21.981]]]}},{"type":"Feature","properties":{"state":"Odisha","district":"Angul","district_code":"IN-O-ANG"},"geometry":{"type":"Polygon","coordinates":[[[85.394,21.183],[85.272,21.175],[85.231,21.072],[85.255,20.796],[85.189,20.701],[85.114,20.683],[85.127,20.616],[85.075,20.581],[84.897,20.583],[84.848,20.528],[84.767,20.603],[84.639,20.624],[84.561,20.69],[84.36,20.765],[84.348,20.833],[84.267,20.881],[84.279,20.922],[84.374,20.955],[84.481,21.08],[84.585,21.061],[84.668,21.093],[84.744,21.17],[84.877,21.164],[84.94,21.196],[84.897,21.26],[85.012,21.298],[84.992,21.412],[85.026,21.447],[85.154,21.462],[85.203,21.522],[85.145,21.594],[85.191,21.66],[85.255,21.674],[85.334,21.482],[85.304,21.416],[85.342,21.366],[85.284,21.299],[85.394,21.183]]]}},{"type":"Feature","properties":{"state":"Gujarat","district":"Dang","district_code":"IN-G-DAN"},"geometry":{"type":"MultiPolygon","coordinates":[[[[73.849,20.999],[73.849,20.998],[73.807,21.009],[73.849,20.999]]],[[[73.942,20.84],[73.918,20.724],[73.875,20.73],[73.838,20.621],[73.745,20.565],[73.653,20.565],[73.615,20.625],[73.474,20.72],[73.496,20.819],[73.489,20.914],[73.564,21.01],[73.752,21.006],[73.797,20.958],[73.889,20.933],[73.942,20.84]]]]}},{"type":"Feature","properties":{"state":"Chhattisgarh","district":"Dhamtari","district_code":"IN-C-DHA"},"geometry":{"type":"Polygon","coordinates":[[[81.814,20.167],[81.775,20.232],[81.794,20.327],[81.692,20.481],[81.597,20.519],[81.456,20.514],[81.411,20.554],[81.498,20.61],[81.516,20.713],[81.478,20.776],[81.472,20.87],[81.59,20.94],[81.612,21.023],[81.749,21.012],[81.814,20.946],[81.866,20.962],[81.923,20.752],[81.981,20.724],[82.021,20.528],[82.085,20.411],[82.108,20.291],[82.18,20.257],[82.1,20.106],[82.018,20.049],[81.946,20.106],[81.875,20.052],[81.814,20.167]]]}},{"type":"Feature","properties":{"state":"Odisha","district":"Kendrapara","district_code":"IN-O-KEN"},"geometry":{"type":"Polygon","coordinates":[[[86.622,20.796],[86.76,20.767],[86.806,20.735],[86.861,20.775],[87.023,20.771],[87.056,20.715],[86.789,20.535],[86.737,20.462],[86.777,20.335],[86.723,20.298],[86.604,20.341],[86.452,20.33],[86.394,20.365],[86.249,20.365],[86.273,20.387],[86.249,20.539],[86.28,20.581],[86.377,20.594],[86.452,20.675],[86.526,20.689],[86.564,20.775],[86.622,20.796]]]}},{"type":"Feature","properties":{"state":"Maharashtra","district":"Palghar","district_code":"IN-M-PAL"},"geometry":{"type":"Polygon","coordinates":[[[73.211,20.121],[73.249,20.122],[73.309,20.056],[73.407,20.019],[73.451,19.765],[73.485,19.725],[73.286,19.693],[73.211,19.561],[73.057,19.479],[72.957,19.4],[72.899,19.288],[72.798,19.304],[72.719,19.539],[72.716,19.646],[72.654,19.836],[72.664,19.934],[72.732,19.972],[72.708,20.074],[72.775,20.132],[72.873,20.227],[72.962,20.209],[72.965,20.128],[73.138,20.086],[73.211,20.121]]]}},{"type":"Feature","properties":{"state":"Odisha","district":"Ganjam","district_code":"IN-O-GAN"},"geometry":{"type":"Polygon","coordinates":[[[84.233,19.574],[84.24,19.666],[84.16,19.739],[84.185,19.861],[84.275,19.88],[84.379,19.846],[84.461,19.857],[84.463,19.953],[84.389,19.956],[84.363,20.026],[84.454,20.167],[84.487,20.141],[84.587,20.174],[84.704,20.279],[84.831,20.217],[84.798,20.09],[84.902,19.992],[84.94,19.898],[85.004,19.805],[85.137,19.739],[85.183,19.673],[85.172,19.468],[85.079,19.376],[84.981,19.317],[84.812,19.157],[84.766,19.077],[84.701,19.119],[84.623,19.086],[84.591,19.024],[84.515,19.05],[84.423,18.949],[84.354,19.009],[84.386,19.121],[84.36,19.189],[84.426,19.26],[84.422,19.348],[84.379,19.385],[84.374,19.488],[84.402,19.575],[84.336,19.594],[84.233,19.574]]]}},{"type":"Feature","properties":{"state":"Odisha","district":"Gajapati","district_code":"IN-O-GAJ"},"geometry":{"type":"Polygon","coordinates":[[[83.94,19.635],[84.129,19.63],[84.233,19.574],[84.336,19.594],[84.402,19.575],[84.374,19.488],[84.379,19.385],[84.422,19.348],[84.426,19.26],[84.36,19.189],[84.386,19.121],[84.354,19.009],[84.423,18.949],[84.435,18.925],[84.319,18.789],[84.224,18.8],[84.09,18.758],[84.036,18.817],[83.891,18.816],[83.793,19.018],[83.951,18.998],[84.033,19.132],[83.98,19.213],[84.021,19.29],[84.015,19.377],[83.948,19.396],[83.98,19.531],[83.94,19.635]]]}},{"type":"Feature","properties":{"state":"Andhra Pradesh","district":"Y.S.R. Kadapa","district_code":"IN-AP-Y.S"},"geometry":{"type":"Polygon","coordinates":[[[78.759,15.184],[78.777,15.199],[79.083,15.173],[79.089,15.048],[79.082,14.982],[79.187,14.711],[79.189,14.616],[79.242,14.593],[79.293,14.484],[79.435,14.244],[79.455,14.101],[79.436,14.024],[79.446,13.892],[79.456,13.801],[79.306,13.724],[79.225,13.758],[79.216,13.813],[79.149,13.866],[78.884,13.9],[78.643,13.868],[78.598,13.96],[78.465,13.995],[78.461,14.108],[78.406,14.201],[78.421,14.284],[78.285,14.292],[78.106,14.394],[78.001,14.488],[78.135,14.695],[78.046,14.774],[78.134,14.961],[78.221,14.956],[78.29,15.071],[78.42,15.031],[78.485,15.037],[78.519,14.954],[78.631,14.926],[78.762,15.055],[78.759,15.184]]]}},{"type":"Feature","properties":{"state":"Karnataka","district":"Tumakuru","district_code":"IN-K-TUM"},"geometry":{"type":"MultiPolygon","coordinates":[[[[76.948,14.095],[76.932,14.031],[77.042,13.933],[76.977,13.827],[77.065,13.743],[77.158,13.806],[77.181,13.87],[77.326,13.834],[77.433,13.844],[77.47,13.758],[77.456,13.683],[77.364,13.629],[77.386,13.514],[77.349,13.457],[77.338,13.329],[77.228,13.313],[77.182,13.229],[77.204,13.185],[77.163,13.192],[77.074,13.125],[77.069,13.041],[77.158,12.958],[77.13,12.859],[77.15,12.786],[77.077,12.749],[76.924,12.804],[76.854,12.979],[76.768,13.034],[76.632,13.004],[76.604,13.071],[76.473,13.093],[76.473,13.149],[76.37,13.2],[76.347,13.36],[76.419,13.449],[76.364,13.547],[76.354,13.58],[76.455,13.591],[76.621,13.734],[76.765,13.782],[76.722,13.899],[76.851,13.963],[76.889,14.048],[76.948,14.095]]],[[[77.005,14.235],[77.117,14.226],[77.138,14.337],[77.364,14.275],[77.409,14.337],[77.479,14.292],[77.504,14.157],[77.393,14.175],[77.39,14.017],[77.435,13.948],[77.398,13.907],[77.322,14.031],[77.173,14.013],[77.028,14.062],[77.003,14.198],[77.005,14.235]]]]}},{"type":"Feature","properties":{"state":"Andhra Pradesh","district":"Chittoor","district_code":"IN-AP-CHI"},"geometry":{"type":"Polygon","coordinates":[[[79.284,13.123],[79.228,13.158],[79.235,13.105],[79.163,13.02],[78.994,13.086],[78.892,13.096],[78.751,13.054],[78.621,12.991],[78.603,12.844],[78.592,12.782],[78.412,12.627],[78.302,12.665],[78.231,12.76],[78.253,12.861],[78.312,12.859],[78.355,12.94],[78.467,12.975],[78.514,13.061],[78.586,13.276],[78.444,13.309],[78.364,13.362],[78.374,13.51],[78.401,13.588],[78.326,13.595],[78.196,13.569],[78.204,13.629],[78.121,13.716],[78.126,13.787],[78.238,13.779],[78.273,13.894],[78.387,13.938],[78.465,13.995],[78.598,13.96],[78.643,13.868],[78.884,13.9],[79.149,13.866],[79.216,13.813],[79.225,13.758],[79.306,13.724],[79.456,13.801],[79.446,13.892],[79.592,13.923],[79.608,13.853],[79.851,13.769],[79.869,13.706],[79.956,13.708],[80.037,13.538],[79.946,13.364],[79.81,13.317],[79.794,13.24],[79.703,13.222],[79.683,13.296],[79.534,13.276],[79.537,13.339],[79.406,13.335],[79.438,13.188],[79.284,13.123]]]}},{"type":"Feature","properties":{"state":"Karnataka","district":"Ramanagara","district_code":"IN-K-RAM"},"geometry":{"type":"Polygon","coordinates":[[[77.601,12.668],[77.588,12.514],[77.635,12.488],[77.615,12.367],[77.551,12.292],[77.471,12.243],[77.43,12.287],[77.326,12.308],[77.27,12.465],[77.126,12.483],[77.129,12.571],[77.074,12.681],[77.077,12.749],[77.15,12.786],[77.13,12.859],[77.158,12.958],[77.069,13.041],[77.074,13.125],[77.163,13.192],[77.204,13.185],[77.314,13.107],[77.331,12.975],[77.343,12.888],[77.419,12.826],[77.543,12.775],[77.615,12.709],[77.601,12.668]]]}},{"type":"Feature","properties":{"state":"Karnataka","district":"Mandya","district_code":"IN-K-MAN"},"geometry":{"type":"Polygon","coordinates":[[[76.343,12.656],[76.349,12.785],[76.386,12.846],[76.49,12.807],[76.578,12.847],[76.632,13.004],[76.768,13.034],[76.854,12.979],[76.924,12.804],[77.077,12.749],[77.074,12.681],[77.129,12.571],[77.126,12.483],[77.27,12.465],[77.326,12.308],[77.167,12.311],[77.109,12.241],[76.996,12.242],[76.997,12.314],[76.938,12.4],[76.854,12.408],[76.803,12.355],[76.731,12.342],[76.451,12.484],[76.343,12.656]]]}},{"type":"Feature","properties":{"state":"Karnataka","district":"Mysuru","district_code":"IN-K-MYS"},"geometry":{"type":"Polygon","coordinates":[[[76.019,12.571],[76.113,12.527],[76.219,12.645],[76.306,12.61],[76.343,12.656],[76.451,12.484],[76.731,12.342],[76.803,12.355],[76.854,12.408],[76.938,12.4],[76.997,12.314],[76.996,12.242],[77.109,12.241],[77.123,12.197],[77.014,12.164],[76.915,12.026],[76.794,11.986],[76.578,11.988],[76.577,11.923],[76.413,11.758],[76.318,11.751],[76.207,11.861],[76.113,11.858],[76.113,11.979],[76.19,12.05],[76.133,12.191],[76.025,12.249],[76.002,12.33],[75.909,12.399],[76.019,12.571]]]}},{"type":"Feature","properties":{"state":"Kerala","district":"Kannur","district_code":"IN-K-KAN"},"geometry":{"type":"Polygon","coordinates":[[[75.165,12.089],[75.204,12.191],[75.415,12.29],[75.485,12.29],[75.577,12.157],[75.636,12.149],[75.794,12.056],[75.87,11.952],[75.936,11.941],[75.927,11.842],[75.809,11.856],[75.794,11.79],[75.665,11.758],[75.554,11.702],[75.537,11.706],[75.532,11.706],[75.386,11.857],[75.357,11.86],[75.251,12.008],[75.201,12.007],[75.165,12.089]],[[75.555,11.722],[75.542,11.739],[75.537,11.72],[75.555,11.722]]]}},{"type":"Feature","properties":{"state":"Chhattisgarh","district":"Balod","district_code":"IN-C-BAL"},"geometry":{"type":"Polygon","coordinates":[[[81.411,20.554],[81.325,20.563],[81.223,20.419],[81.149,20.376],[80.992,20.459],[80.953,20.541],[80.958,20.631],[80.817,20.689],[80.819,20.76],[80.921,20.782],[80.966,20.908],[80.953,21.003],[81.12,21.005],[81.155,21.076],[81.42,21.006],[81.417,20.849],[81.472,20.87],[81.478,20.776],[81.516,20.713],[81.498,20.61],[81.411,20.554]]]}},{"type":"Feature","properties":{"state":"Telangana","district":"Bhadradri Kothagudem","district_code":"IN-T-BHA"},"geometry":{"type":"Polygon","coordinates":[[[81.085,17.797],[81.059,17.733],[80.973,17.78],[80.886,17.736],[80.911,17.638],[81.021,17.52],[81.31,17.41],[81.275,17.318],[81.19,17.324],[81.174,17.231],[80.995,17.191],[80.941,17.219],[80.877,17.265],[80.859,17.364],[80.683,17.297],[80.592,17.382],[80.501,17.367],[80.447,17.411],[80.432,17.498],[80.369,17.568],[80.203,17.558],[80.259,17.751],[80.248,17.825],[80.27,17.943],[80.392,18.082],[80.432,18.06],[80.542,18.116],[80.756,18.17],[80.852,18.206],[80.866,18.14],[80.979,18.166],[80.97,18.048],[81.016,17.795],[81.085,17.797]]]}},{"type":"Feature","properties":{"state":"Gujarat","district":"Vadodara","district_code":"IN-G-VAD"},"geometry":{"type":"Polygon","coordinates":[[[73.563,22.33],[73.505,22.199],[73.531,22.051],[73.503,21.963],[73.304,21.887],[73.208,21.824],[73.125,21.878],[73.06,21.882],[73.049,21.977],[72.905,22.067],[72.867,22.214],[72.947,22.293],[73.06,22.313],[73.047,22.363],[73.156,22.588],[73.219,22.628],[73.269,22.667],[73.275,22.782],[73.35,22.792],[73.418,22.661],[73.421,22.429],[73.465,22.36],[73.563,22.33]]]}},{"type":"Feature","properties":{"state":"West Bengal","district":"Paschim Medinipur","district_code":"IN-WB-PAS"},"geometry":{"type":"Polygon","coordinates":[[[87.523,22.928],[87.511,22.898],[87.63,22.813],[87.741,22.777],[87.813,22.615],[87.853,22.595],[87.893,22.52],[87.647,22.436],[87.647,22.333],[87.723,22.319],[87.702,22.127],[87.538,22.083],[87.46,22.008],[87.477,21.9],[87.442,21.768],[87.283,21.803],[87.249,21.854],[87.243,21.964],[87.137,22.127],[87.182,22.191],[87.205,22.304],[87.162,22.425],[87.082,22.472],[87.099,22.694],[87.076,22.726],[87.064,22.851],[87.27,22.903],[87.358,22.954],[87.457,22.913],[87.523,22.928]]]}},{"type":"Feature","properties":{"state":"Madhya Pradesh","district":"Seoni","district_code":"IN-MP-SEO"},"geometry":{"type":"Polygon","coordinates":[[[79.964,22.852],[80.065,22.762],[80.281,22.784],[80.29,22.726],[80.154,22.599],[80.036,22.608],[80.05,22.456],[80.1,22.335],[80.099,22.246],[80.033,22.181],[80.066,22.077],[79.933,22.069],[79.923,21.974],[79.862,21.966],[79.77,21.809],[79.69,21.801],[79.673,21.696],[79.51,21.596],[79.496,21.674],[79.392,21.674],[79.235,21.718],[79.34,21.955],[79.4,21.997],[79.394,22.103],[79.354,22.131],[79.288,22.327],[79.345,22.484],[79.328,22.616],[79.412,22.722],[79.488,22.73],[79.577,22.833],[79.629,22.95],[79.748,22.921],[79.785,22.847],[79.964,22.852]]]}},{"type":"Feature","properties":{"state":"Madhya Pradesh","district":"Alirajpur","district_code":"IN-MP-ALI"},"geometry":{"type":"Polygon","coordinates":[[[74.742,22.56],[74.691,22.368],[74.649,22.274],[74.526,22.236],[74.471,22.113],[74.502,22.045],[74.433,22.03],[74.282,21.934],[74.147,21.951],[74.095,22.017],[74.124,22.098],[74.122,22.212],[74.054,22.298],[74.069,22.356],[74.19,22.32],[74.216,22.441],[74.119,22.419],[74.058,22.55],[74.15,22.521],[74.263,22.643],[74.379,22.635],[74.442,22.583],[74.609,22.558],[74.742,22.56]]]}},{"type":"Feature","properties":{"state":"Madhya Pradesh","district":"Chhindwara","district_code":"IN-MP-CHH"},"geometry":{"type":"Polygon","coordinates":[[[79.328,22.616],[79.345,22.484],[79.288,22.327],[79.354,22.131],[79.394,22.103],[79.4,21.997],[79.34,21.955],[79.235,21.718],[79.224,21.648],[79.077,21.605],[78.975,21.618],[78.916,21.59],[78.9,21.501],[78.585,21.487],[78.511,21.528],[78.433,21.497],[78.42,21.571],[78.343,21.589],[78.394,21.671],[78.459,21.718],[78.467,21.813],[78.549,21.874],[78.514,21.937],[78.277,22.091],[78.245,22.32],[78.27,22.401],[78.381,22.421],[78.47,22.375],[78.56,22.419],[78.548,22.536],[78.498,22.593],[78.522,22.665],[78.612,22.649],[78.69,22.705],[78.724,22.645],[78.918,22.672],[79.011,22.643],[79.042,22.759],[79.241,22.803],[79.244,22.719],[79.328,22.616]]]}},{"type":"Feature","properties":{"state":"Madhya Pradesh","district":"Harda","district_code":"IN-MP-HAR"},"geometry":{"type":"Polygon","coordinates":[[[77.39,22.223],[77.473,22.164],[77.459,22.084],[77.505,22.03],[77.277,21.964],[77.221,21.907],[77.138,21.995],[76.976,22.003],[76.887,21.984],[76.84,22.061],[76.826,22.157],[76.874,22.285],[76.782,22.344],[76.794,22.426],[76.919,22.488],[77.078,22.509],[77.13,22.555],[77.221,22.569],[77.282,22.463],[77.39,22.223]]]}},{"type":"Feature","properties":{"state":"Madhya Pradesh","district":"Khargone","district_code":"IN-MP-KHA"},"geometry":{"type":"Polygon","coordinates":[[[76.077,21.572],[75.951,21.548],[76.01,21.469],[75.987,21.369],[75.609,21.39],[75.583,21.475],[75.499,21.487],[75.465,21.556],[75.502,21.614],[75.392,21.681],[75.292,21.634],[75.217,21.695],[75.276,21.739],[75.35,21.982],[75.413,22.059],[75.317,22.133],[75.491,22.154],[75.535,22.234],[75.519,22.326],[75.561,22.377],[75.615,22.338],[75.76,22.363],[75.834,22.408],[75.994,22.414],[76.083,22.538],[76.101,22.47],[76.213,22.418],[76.211,22.327],[76.083,22.186],[76.138,22.11],[76.225,22.072],[76.143,21.977],[76.169,21.886],[76.101,21.854],[76.107,21.691],[76.069,21.663],[76.077,21.572]]]}},{"type":"Feature","properties":{"state":"West Bengal","district":"Purba Medinipur","district_code":"IN-WB-PUR"},"geometry":{"type":"Polygon","coordinates":[[[87.442,21.768],[87.477,21.9],[87.46,22.008],[87.538,22.083],[87.702,22.127],[87.723,22.319],[87.647,22.333],[87.647,22.436],[87.893,22.52],[87.937,22.422],[87.952,22.276],[87.998,22.245],[88.015,22.202],[88.136,22.186],[88.186,22.105],[88.064,22.018],[87.956,21.831],[87.789,21.699],[87.674,21.651],[87.485,21.615],[87.442,21.768]]]}},{"type":"Feature","properties":{"state":"Odisha","district":"Mayurbhanj","district_code":"IN-O-MAY"},"geometry":{"type":"Polygon","coordinates":[[[86.728,22.216],[86.838,22.098],[86.965,22.085],[87.029,22.039],[87.001,21.913],[87.101,21.864],[87.159,21.772],[87.046,21.714],[87.006,21.601],[86.74,21.605],[86.648,21.581],[86.582,21.523],[86.53,21.427],[86.361,21.303],[86.269,21.38],[86.209,21.281],[86.116,21.273],[86.107,21.35],[86.165,21.424],[86.131,21.471],[86.009,21.534],[86.081,21.629],[86.026,21.695],[85.876,21.795],[85.812,21.81],[85.796,21.951],[85.671,22.014],[85.683,22.058],[85.749,22.074],[85.784,21.985],[85.897,21.984],[86.009,22.116],[86.032,22.19],[85.974,22.247],[86.029,22.334],[86.018,22.426],[85.963,22.485],[86.067,22.557],[86.119,22.487],[86.283,22.448],[86.359,22.349],[86.429,22.316],[86.497,22.346],[86.555,22.298],[86.728,22.216]]]}},{"type":"Feature","properties":{"state":"Gujarat","district":"Bharuch","district_code":"IN-G-BHA"},"geometry":{"type":"Polygon","coordinates":[[[72.867,22.214],[72.905,22.067],[73.049,21.977],[73.06,21.882],[73.125,21.878],[73.208,21.824],[73.304,21.887],[73.309,21.852],[73.5,21.681],[73.453,21.528],[73.251,21.494],[72.942,21.512],[72.907,21.43],[72.788,21.421],[72.736,21.475],[72.706,21.527],[72.61,21.581],[72.7,21.645],[72.543,21.733],[72.622,21.809],[72.509,21.944],[72.567,22.181],[72.648,22.216],[72.752,22.173],[72.867,22.214]]]}},{"type":"Feature","properties":{"state":"Odisha","district":"Sundargarh","district_code":"IN-O-SUN"},"geometry":{"type":"Polygon","coordinates":[[[85.191,21.66],[85.145,21.594],[85.049,21.59],[85.026,21.673],[84.79,21.669],[84.691,21.71],[84.662,21.761],[84.588,21.758],[84.526,21.814],[84.51,22.058],[84.477,22.19],[84.267,22.105],[84.27,22.015],[84.07,21.989],[83.978,21.905],[83.897,21.945],[83.72,21.786],[83.591,21.825],[83.539,21.966],[83.538,22.045],[83.628,22.203],[83.802,22.294],[83.863,22.344],[84.01,22.371],[84.047,22.469],[84.012,22.528],[84.111,22.477],[84.197,22.378],[84.292,22.342],[84.429,22.352],[84.535,22.428],[84.75,22.419],[84.81,22.454],[84.958,22.445],[85.07,22.491],[85.078,22.257],[85.029,22.122],[85.18,22.073],[85.238,22.01],[85.279,21.959],[85.377,21.935],[85.341,21.825],[85.29,21.838],[85.2,21.762],[85.191,21.66]]]}},{"type":"Feature","properties":{"state":"Chhattisgarh","district":"Kabeerdham","district_code":"IN-C-KAB"},"geometry":{"type":"Polygon","coordinates":[[[81.475,22.489],[81.512,22.381],[81.556,22.344],[81.516,22.154],[81.501,22.004],[81.455,21.913],[81.32,21.831],[81.294,21.769],[81.172,21.704],[81.102,21.735],[80.999,21.728],[80.93,21.824],[80.846,21.835],[80.833,21.897],[80.908,22.11],[81.004,22.059],[81.045,22.241],[81.119,22.291],[81.111,22.436],[81.193,22.491],[81.249,22.459],[81.328,22.525],[81.475,22.489]]]}},{"type":"Feature","properties":{"state":"Madhya Pradesh","district":"Khandwa","district_code":"IN-MP-KHAN"},"geometry":{"type":"Polygon","coordinates":[[[76.782,21.559],[76.612,21.574],[76.513,21.561],[76.377,21.599],[76.176,21.542],[76.077,21.572],[76.069,21.663],[76.107,21.691],[76.101,21.854],[76.169,21.886],[76.143,21.977],[76.225,22.072],[76.138,22.11],[76.083,22.186],[76.211,22.327],[76.326,22.298],[76.497,22.411],[76.604,22.406],[76.682,22.297],[76.782,22.344],[76.874,22.285],[76.826,22.157],[76.84,22.061],[76.887,21.984],[76.976,22.003],[77.138,21.995],[77.221,21.907],[77.166,21.868],[77.15,21.772],[77.062,21.713],[77.04,21.698],[77.023,21.688],[77.007,21.678],[76.999,21.692],[76.903,21.597],[76.855,21.614],[76.782,21.559]]]}},{"type":"Feature","properties":{"state":"Gujarat","district":"Porbandar","district_code":"IN-G-POR"},"geometry":{"type":"Polygon","coordinates":[[[69.815,21.821],[69.818,21.742],[69.992,21.808],[70.073,21.739],[70.148,21.665],[70.121,21.681],[69.991,21.579],[69.997,21.475],[69.945,21.398],[69.981,21.227],[69.708,21.535],[69.371,21.83],[69.396,21.889],[69.448,21.853],[69.559,21.941],[69.666,21.926],[69.656,21.838],[69.815,21.821]]]}},{"type":"Feature","properties":{"state":"Madhya Pradesh","district":"Balaghat","district_code":"IN-MP-BAL"},"geometry":{"type":"Polygon","coordinates":[[[80.661,21.333],[80.622,21.321],[80.528,21.395],[80.423,21.441],[80.375,21.524],[80.268,21.618],[80.121,21.611],[80.066,21.555],[79.918,21.524],[79.739,21.603],[79.539,21.541],[79.51,21.596],[79.673,21.696],[79.69,21.801],[79.77,21.809],[79.862,21.966],[79.923,21.974],[79.933,22.069],[80.066,22.077],[80.033,22.181],[80.099,22.246],[80.1,22.335],[80.336,22.298],[80.4,22.304],[80.58,22.227],[80.706,22.202],[80.704,22.271],[80.866,22.379],[80.915,22.279],[81.007,22.283],[81.045,22.241],[81.004,22.059],[80.908,22.11],[80.833,21.897],[80.846,21.835],[80.817,21.762],[80.756,21.762],[80.715,21.662],[80.738,21.473],[80.661,21.333]]]}},{"type":"Feature","properties":{"state":"Gujarat","district":"Narmada","district_code":"IN-G-NAR"},"geometry":{"type":"Polygon","coordinates":[[[73.304,21.887],[73.503,21.963],[73.531,22.051],[73.648,22.072],[73.705,21.977],[73.855,21.952],[73.939,21.874],[73.817,21.841],[73.824,21.761],[73.881,21.714],[73.814,21.644],[73.835,21.52],[73.982,21.522],[73.971,21.461],[73.803,21.412],[73.699,21.399],[73.676,21.472],[73.494,21.486],[73.453,21.528],[73.5,21.681],[73.309,21.852],[73.304,21.887]]]}},{"type":"Feature","properties":{"state":"Madhya Pradesh","district":"Barwani","district_code":"IN-MP-BAR"},"geometry":{"type":"Polygon","coordinates":[[[75.609,21.39],[75.383,21.38],[75.211,21.412],[75.107,21.462],[75.052,21.567],[74.863,21.634],[74.775,21.615],[74.583,21.665],[74.505,21.726],[74.525,21.912],[74.453,21.962],[74.433,22.03],[74.502,22.045],[74.563,22.023],[74.679,22.036],[74.779,22.078],[75.188,22.105],[75.317,22.133],[75.413,22.059],[75.35,21.982],[75.276,21.739],[75.217,21.695],[75.292,21.634],[75.392,21.681],[75.502,21.614],[75.465,21.556],[75.499,21.487],[75.583,21.475],[75.609,21.39]]]}},{"type":"Feature","properties":{"state":"Chhattisgarh","district":"Janjgir Champa","district_code":"IN-C-JAN"},"geometry":{"type":"Polygon","coordinates":[[[82.937,22.122],[83.015,22.076],[83.004,21.966],[83.091,21.975],[83.188,21.927],[83.178,21.85],[83.264,21.715],[82.949,21.724],[82.871,21.693],[82.79,21.724],[82.661,21.71],[82.446,21.744],[82.383,21.761],[82.305,21.908],[82.334,22.106],[82.421,22.138],[82.458,22.214],[82.594,22.263],[82.665,22.188],[82.669,22.081],[82.862,22.172],[82.937,22.122]]]}},{"type":"Feature","properties":{"state":"Maharashtra","district":"Nandurbar","district_code":"IN-M-NAND"},"geometry":{"type":"Polygon","coordinates":[[[73.849,20.999],[73.807,21.009],[73.801,21.029],[73.737,21.079],[73.667,21.155],[73.815,21.174],[73.823,21.27],[73.942,21.3],[73.959,21.395],[74.046,21.446],[74.21,21.462],[74.321,21.498],[74.275,21.561],[74.164,21.568],[73.982,21.523],[73.982,21.522],[73.835,21.52],[73.814,21.644],[73.881,21.714],[73.824,21.761],[73.817,21.841],[73.939,21.874],[74.147,21.951],[74.282,21.934],[74.433,22.03],[74.453,21.962],[74.525,21.912],[74.505,21.726],[74.583,21.665],[74.775,21.615],[74.753,21.479],[74.688,21.41],[74.502,21.416],[74.482,21.309],[74.338,21.229],[74.246,21.248],[74.119,21.214],[73.948,21.083],[73.948,21.032],[73.849,20.999]]]}},{"type":"Feature","properties":{"state":"Odisha","district":"Kendujhar","district_code":"IN-O-KEND"},"geometry":{"type":"Polygon","coordinates":[[[86.367,21.237],[86.286,21.016],[86.134,21.076],[86.05,21.021],[86.027,21.138],[85.917,21.093],[85.822,21.091],[85.712,21.138],[85.706,21.168],[85.546,21.167],[85.498,21.115],[85.394,21.183],[85.284,21.299],[85.342,21.366],[85.304,21.416],[85.334,21.482],[85.255,21.674],[85.191,21.66],[85.2,21.762],[85.29,21.838],[85.341,21.825],[85.377,21.935],[85.279,21.959],[85.238,22.01],[85.275,22.083],[85.397,22.164],[85.683,22.058],[85.671,22.014],[85.796,21.951],[85.812,21.81],[85.876,21.795],[86.026,21.695],[86.081,21.629],[86.009,21.534],[86.131,21.471],[86.165,21.424],[86.107,21.35],[86.116,21.273],[86.209,21.281],[86.269,21.38],[86.361,21.303],[86.367,21.237]]]}},{"type":"Feature","properties":{"state":"Odisha","district":"Balasore","district_code":"IN-O-BALA"},"geometry":{"type":"Polygon","coordinates":[[[86.859,21.214],[86.801,21.23],[86.673,21.17],[86.653,21.108],[86.515,21.135],[86.367,21.237],[86.361,21.303],[86.53,21.427],[86.582,21.523],[86.648,21.581],[86.74,21.605],[87.006,21.601],[87.046,21.714],[87.159,21.772],[87.101,21.864],[87.108,21.924],[87.243,21.964],[87.249,21.854],[87.283,21.803],[87.442,21.768],[87.485,21.615],[87.408,21.545],[87.22,21.535],[87.148,21.509],[86.949,21.358],[86.859,21.214]]]}},{"type":"Feature","properties":{"state":"Odisha","district":"Jharsuguda","district_code":"IN-O-JHA"},"geometry":{"type":"Polygon","coordinates":[[[83.591,21.825],[83.72,21.786],[83.897,21.945],[83.978,21.905],[84.07,21.989],[84.27,22.015],[84.359,22.037],[84.374,21.956],[84.289,21.772],[84.238,21.806],[84.09,21.77],[83.981,21.78],[83.967,21.581],[83.799,21.563],[83.697,21.699],[83.567,21.743],[83.487,21.644],[83.461,21.698],[83.591,21.825]]]}},{"type":"Feature","properties":{"state":"Chhattisgarh","district":"Bametara","district_code":"IN-C-BAM"},"geometry":{"type":"Polygon","coordinates":[[[81.695,21.601],[81.643,21.546],[81.638,21.403],[81.554,21.332],[81.496,21.354],[81.441,21.487],[81.356,21.544],[81.204,21.517],[81.172,21.704],[81.294,21.769],[81.32,21.831],[81.455,21.913],[81.501,22.004],[81.753,21.96],[81.937,21.814],[81.848,21.759],[81.698,21.748],[81.723,21.687],[81.695,21.601]]]}},{"type":"Feature","properties":{"state":"Chhattisgarh","district":"Rajnandgaon","district_code":"IN-C-RAJ"},"geometry":{"type":"Polygon","coordinates":[[[80.562,20.823],[80.547,20.935],[80.464,20.929],[80.44,21.097],[80.464,21.175],[80.614,21.226],[80.661,21.333],[80.738,21.473],[80.715,21.662],[80.756,21.762],[80.817,21.762],[80.846,21.835],[80.93,21.824],[80.999,21.728],[81.102,21.735],[81.172,21.704],[81.204,21.517],[81.192,21.388],[81.149,21.212],[81.198,21.222],[81.207,21.104],[81.155,21.076],[81.12,21.005],[80.953,21.003],[80.966,20.908],[80.921,20.782],[80.819,20.76],[80.817,20.689],[80.958,20.631],[80.953,20.541],[80.992,20.459],[80.86,20.387],[80.83,20.309],[80.75,20.291],[80.715,20.191],[80.654,20.227],[80.585,20.177],[80.545,20.1],[80.505,20.144],[80.432,20.136],[80.395,20.244],[80.626,20.332],[80.591,20.393],[80.617,20.585],[80.521,20.58],[80.58,20.673],[80.562,20.823]]]}},{"type":"Feature","properties":{"state":"Maharashtra","district":"Amravati","district_code":"IN-M-AMR"},"geometry":{"type":"Polygon","coordinates":[[[76.662,21.281],[76.621,21.332],[76.783,21.464],[76.782,21.559],[76.855,21.614],[76.903,21.597],[76.999,21.692],[77.007,21.678],[77.023,21.688],[77.04,21.698],[77.062,21.713],[77.21,21.689],[77.28,21.758],[77.479,21.77],[77.543,21.704],[77.575,21.527],[77.455,21.553],[77.488,21.375],[77.562,21.397],[77.802,21.409],[77.884,21.384],[78.03,21.421],[78.176,21.5],[78.224,21.552],[78.343,21.589],[78.42,21.571],[78.433,21.497],[78.447,21.403],[78.364,21.394],[78.251,21.331],[78.079,21.355],[78.053,21.255],[78.144,21.139],[78.143,20.954],[78.257,20.886],[78.312,20.737],[78.274,20.693],[78.129,20.647],[78.037,20.665],[77.973,20.588],[77.779,20.54],[77.65,20.565],[77.656,20.639],[77.611,20.719],[77.611,20.8],[77.53,20.849],[77.286,20.847],[77.129,20.863],[77.176,21.072],[77.167,21.243],[76.999,21.196],[76.783,21.193],[76.724,21.289],[76.662,21.281]]]}},{"type":"Feature","properties":{"state":"Gujarat","district":"Surat","district_code":"IN-G-SUR"},"geometry":{"type":"Polygon","coordinates":[[[72.736,21.475],[72.788,21.421],[72.907,21.43],[72.942,21.512],[73.251,21.494],[73.453,21.528],[73.494,21.486],[73.676,21.472],[73.699,21.399],[73.59,21.366],[73.454,21.384],[73.375,21.225],[73.199,21.078],[73.21,20.958],[73.289,20.932],[73.317,20.88],[73.3,20.816],[73.125,20.897],[73.025,21.02],[72.953,21.069],[72.908,21.042],[72.751,21.062],[72.621,21.1],[72.638,21.211],[72.598,21.317],[72.654,21.346],[72.693,21.461],[72.736,21.475]]]}},{"type":"Feature","properties":{"state":"Maharashtra","district":"Dhule","district_code":"IN-M-DHU"},"geometry":{"type":"Polygon","coordinates":[[[75.211,21.412],[75.121,21.343],[75.132,21.278],[75.037,21.192],[74.964,21.194],[74.895,21.149],[74.858,21.06],[74.91,21.031],[74.913,20.928],[74.962,20.902],[74.986,20.738],[74.933,20.657],[74.812,20.632],[74.65,20.694],[74.665,20.775],[74.538,20.837],[74.436,20.803],[74.381,20.84],[74.158,20.862],[74.02,20.834],[73.942,20.84],[73.889,20.933],[73.849,20.998],[73.849,20.999],[73.948,21.032],[73.948,21.083],[74.119,21.214],[74.246,21.248],[74.338,21.229],[74.482,21.309],[74.502,21.416],[74.688,21.41],[74.753,21.479],[74.775,21.615],[74.863,21.634],[75.052,21.567],[75.107,21.462],[75.211,21.412]]]}},{"type":"Feature","properties":{"state":"Gujarat","district":"Tapi","district_code":"IN-G-TAP"},"geometry":{"type":"Polygon","coordinates":[[[73.807,21.009],[73.849,20.998],[73.889,20.933],[73.797,20.958],[73.752,21.006],[73.564,21.01],[73.489,20.914],[73.496,20.819],[73.381,20.825],[73.317,20.88],[73.289,20.932],[73.21,20.958],[73.199,21.078],[73.375,21.225],[73.454,21.384],[73.59,21.366],[73.699,21.399],[73.803,21.412],[73.971,21.461],[73.982,21.522],[73.982,21.523],[74.164,21.568],[74.275,21.561],[74.321,21.498],[74.21,21.462],[74.046,21.446],[73.959,21.395],[73.942,21.3],[73.823,21.27],[73.815,21.174],[73.667,21.155],[73.737,21.079],[73.801,21.029],[73.807,21.009]]]}},{"type":"Feature","properties":{"state":"Odisha","district":"Bargarh","district_code":"IN-O-BAR"},"geometry":{"type":"Polygon","coordinates":[[[82.639,21.089],[82.64,21.155],[82.966,21.175],[83.077,21.112],[83.192,21.139],[83.269,21.377],[83.272,21.377],[83.275,21.377],[83.392,21.343],[83.399,21.405],[83.337,21.501],[83.383,21.621],[83.487,21.644],[83.567,21.743],[83.697,21.699],[83.799,21.563],[83.886,21.438],[83.873,21.304],[83.911,21.238],[83.894,21.175],[83.84,21.094],[83.784,21.152],[83.714,21.119],[83.605,21.128],[83.548,21.076],[83.457,21.058],[83.386,20.99],[83.405,20.889],[83.285,20.853],[83.217,20.93],[83.131,20.858],[82.981,20.845],[82.889,20.907],[82.701,20.728],[82.681,20.885],[82.694,21.02],[82.639,21.089]]]}},{"type":"Feature","properties":{"state":"Maharashtra","district":"Nagpur","district_code":"IN-M-NAG"},"geometry":{"type":"Polygon","coordinates":[[[79.539,21.541],[79.476,21.491],[79.476,21.428],[79.576,21.277],[79.551,21.171],[79.495,21.138],[79.599,21.072],[79.655,20.965],[79.53,20.775],[79.519,20.715],[79.436,20.661],[79.354,20.653],[79.32,20.585],[79.221,20.583],[79.143,20.679],[79.051,20.738],[78.942,20.768],[78.828,20.893],[78.733,20.947],[78.727,21.005],[78.652,21.034],[78.6,21.109],[78.446,21.237],[78.331,21.249],[78.251,21.331],[78.364,21.394],[78.447,21.403],[78.433,21.497],[78.511,21.528],[78.585,21.487],[78.9,21.501],[78.916,21.59],[78.975,21.618],[79.077,21.605],[79.224,21.648],[79.235,21.718],[79.392,21.674],[79.496,21.674],[79.51,21.596],[79.539,21.541]]]}},{"type":"Feature","properties":{"state":"Chhattisgarh","district":"Baloda Bazar","district_code":"IN-C-BALO"},"geometry":{"type":"Polygon","coordinates":[[[82.934,21.497],[82.877,21.556],[82.691,21.484],[82.697,21.331],[82.472,21.328],[82.389,21.262],[82.252,21.318],[82.194,21.379],[81.931,21.493],[81.901,21.6],[81.752,21.583],[81.695,21.601],[81.723,21.687],[81.698,21.748],[81.848,21.759],[81.937,21.814],[82.038,21.883],[82.201,21.761],[82.392,21.713],[82.446,21.744],[82.661,21.71],[82.79,21.724],[82.871,21.693],[82.949,21.724],[82.986,21.648],[82.923,21.548],[82.934,21.497]]]}},{"type":"Feature","properties":{"state":"Chhattisgarh","district":"Mungeli","district_code":"IN-C-MUN"},"geometry":{"type":"Polygon","coordinates":[[[81.501,22.004],[81.516,22.154],[81.556,22.344],[81.512,22.381],[81.475,22.489],[81.622,22.538],[81.649,22.615],[81.729,22.67],[81.747,22.591],[81.976,22.36],[81.897,22.305],[81.764,22.29],[81.765,22.242],[81.989,21.995],[82.038,21.883],[81.937,21.814],[81.753,21.96],[81.501,22.004]]]}},{"type":"Feature","properties":{"state":"Gujarat","district":"Botad","district_code":"IN-G-BOT"},"geometry":{"type":"Polygon","coordinates":[[[71.59,21.688],[71.454,21.871],[71.466,21.929],[71.393,21.981],[71.5,22.054],[71.486,22.187],[71.437,22.261],[71.532,22.342],[71.862,22.371],[71.835,22.267],[72.06,22.247],[72.131,22.199],[72.061,22.102],[71.92,22.131],[71.864,22.058],[71.735,22.011],[71.683,21.871],[71.618,21.834],[71.59,21.688]]]}},{"type":"Feature","properties":{"state":"Gujarat","district":"Chhota Udaipur","district_code":"IN-G-CHH"},"geometry":{"type":"Polygon","coordinates":[[[73.531,22.051],[73.505,22.199],[73.563,22.33],[73.655,22.337],[73.731,22.287],[73.729,22.516],[73.803,22.549],[73.876,22.503],[74.015,22.56],[74.058,22.55],[74.119,22.419],[74.216,22.441],[74.19,22.32],[74.069,22.356],[74.054,22.298],[74.122,22.212],[74.124,22.098],[74.095,22.017],[74.147,21.951],[73.939,21.874],[73.855,21.952],[73.705,21.977],[73.648,22.072],[73.531,22.051]]]}},{"type":"Feature","properties":{"state":"Gujarat","district":"Gir Somnath","district_code":"IN-G-GIR"},"geometry":{"type":"Polygon","coordinates":[[[70.855,21.167],[71.006,21.166],[71.134,21.068],[71.124,20.963],[71.22,20.957],[71.179,20.881],[71.206,20.796],[71.05,20.731],[71.0,20.742],[70.92,20.742],[70.827,20.69],[70.448,20.848],[70.24,20.992],[70.4,21.053],[70.491,21.144],[70.593,21.281],[70.748,21.238],[70.746,21.133],[70.855,21.167]]]}},{"type":"Feature","properties":{"state":"West Bengal","district":"Jhargram","district_code":"IN-WB-JHA"},"geometry":{"type":"Polygon","coordinates":[[[87.076,22.726],[87.099,22.694],[87.082,22.472],[87.162,22.425],[87.205,22.304],[87.182,22.191],[87.137,22.127],[87.243,21.964],[87.108,21.924],[87.101,21.864],[87.001,21.913],[87.029,22.039],[86.965,22.085],[86.838,22.098],[86.728,22.216],[86.833,22.326],[86.845,22.4],[86.764,22.426],[86.801,22.488],[86.766,22.576],[86.659,22.576],[86.642,22.657],[86.559,22.714],[86.61,22.799],[86.695,22.769],[86.894,22.652],[87.015,22.65],[87.076,22.726]]]}},{"type":"Feature","properties":{"state":"Gujarat","district":"Rajkot","district_code":"IN-G-RAJ"},"geometry":{"type":"Polygon","coordinates":[[[70.778,21.662],[70.743,21.641],[70.55,21.634],[70.437,21.659],[70.304,21.59],[70.148,21.665],[70.073,21.739],[70.03,21.794],[70.217,21.907],[70.266,22.001],[70.33,22.051],[70.549,22.047],[70.582,22.099],[70.579,22.239],[70.52,22.245],[70.474,22.309],[70.466,22.47],[70.587,22.491],[70.55,22.557],[70.581,22.604],[70.694,22.437],[70.795,22.476],[70.982,22.415],[71.018,22.334],[71.159,22.165],[71.235,22.276],[71.437,22.261],[71.486,22.187],[71.5,22.054],[71.393,21.981],[71.33,22.032],[71.128,21.948],[71.03,21.874],[71.047,21.755],[70.978,21.726],[70.801,21.742],[70.793,21.666],[70.778,21.662]]]}},{"type":"Feature","properties":{"state":"Gujarat","district":"Bhavnagar","district_code":"IN-G-BHAV"},"geometry":{"type":"MultiPolygon","coordinates":[[[[72.356,21.798],[72.31,21.841],[72.292,21.967],[72.375,22.029],[72.437,21.927],[72.356,21.798]]],[[[71.677,20.996],[71.622,21.113],[71.526,21.186],[71.532,21.289],[71.625,21.328],[71.615,21.441],[71.479,21.482],[71.546,21.559],[71.59,21.688],[71.618,21.834],[71.683,21.871],[71.735,22.011],[71.864,22.058],[71.92,22.131],[72.061,22.102],[72.17,21.995],[72.245,21.995],[72.205,21.891],[72.242,21.824],[72.194,21.75],[72.309,21.625],[72.235,21.456],[72.109,21.302],[72.113,21.199],[71.823,21.08],[71.677,20.996]]]]}},{"type":"Feature","properties":{"state":"Madhya Pradesh","district":"Betul","district_code":"IN-MP-BET"},"geometry":{"type":"Polygon","coordinates":[[[78.27,22.401],[78.245,22.32],[78.277,22.091],[78.514,21.937],[78.549,21.874],[78.467,21.813],[78.459,21.718],[78.394,21.671],[78.343,21.589],[78.224,21.552],[78.176,21.5],[78.03,21.421],[77.884,21.384],[77.802,21.409],[77.562,21.397],[77.488,21.375],[77.455,21.553],[77.575,21.527],[77.543,21.704],[77.479,21.77],[77.28,21.758],[77.21,21.689],[77.062,21.713],[77.15,21.772],[77.166,21.868],[77.221,21.907],[77.277,21.964],[77.505,22.03],[77.459,22.084],[77.473,22.164],[77.39,22.223],[77.453,22.217],[77.548,22.352],[77.684,22.322],[77.855,22.368],[78.033,22.33],[78.187,22.399],[78.27,22.401]]]}},{"type":"Feature","properties":{"state":"Gujarat","district":"Junagadh","district_code":"IN-G-JUN"},"geometry":{"type":"Polygon","coordinates":[[[70.743,21.641],[70.778,21.662],[70.793,21.666],[70.864,21.599],[70.832,21.457],[70.923,21.462],[70.943,21.311],[70.804,21.234],[70.855,21.167],[70.746,21.133],[70.748,21.238],[70.593,21.281],[70.491,21.144],[70.4,21.053],[70.24,20.992],[70.092,21.115],[69.981,21.227],[69.945,21.398],[69.997,21.475],[69.991,21.579],[70.121,21.681],[70.148,21.665],[70.304,21.59],[70.437,21.659],[70.55,21.634],[70.743,21.641]]]}},{"type":"Feature","properties":{"state":"Odisha","district":"Deogarh","district_code":"IN-O-DEO"},"geometry":{"type":"Polygon","coordinates":[[[85.145,21.594],[85.203,21.522],[85.154,21.462],[85.026,21.447],[84.992,21.412],[85.012,21.298],[84.897,21.26],[84.94,21.196],[84.877,21.164],[84.744,21.17],[84.761,21.277],[84.711,21.318],[84.567,21.249],[84.547,21.373],[84.403,21.379],[84.409,21.476],[84.536,21.567],[84.503,21.682],[84.631,21.698],[84.662,21.761],[84.691,21.71],[84.79,21.669],[85.026,21.673],[85.049,21.59],[85.145,21.594]]]}},{"type":"Feature","properties":{"state":"Gujarat","district":"Jamnagar","district_code":"IN-G-JAM"},"geometry":{"type":"Polygon","coordinates":[[[70.073,21.739],[69.992,21.808],[69.818,21.742],[69.815,21.821],[69.91,21.841],[69.916,21.927],[69.859,22.088],[69.812,22.128],[69.732,22.308],[69.754,22.418],[69.864,22.463],[69.975,22.543],[70.125,22.553],[70.223,22.661],[70.218,22.718],[70.292,22.766],[70.399,22.905],[70.449,22.844],[70.497,22.933],[70.579,22.917],[70.645,22.863],[70.645,22.707],[70.581,22.604],[70.55,22.557],[70.587,22.491],[70.466,22.47],[70.474,22.309],[70.52,22.245],[70.579,22.239],[70.582,22.099],[70.549,22.047],[70.33,22.051],[70.266,22.001],[70.217,21.907],[70.03,21.794],[70.073,21.739]]]}},{"type":"Feature","properties":{"state":"Gujarat","district":"Devbhumi Dwarka","district_code":"IN-G-DEV"},"geometry":{"type":"Polygon","coordinates":[[[69.815,21.821],[69.656,21.838],[69.666,21.926],[69.559,21.941],[69.448,21.853],[69.396,21.889],[69.351,21.839],[69.217,21.957],[68.966,22.234],[68.937,22.311],[69.006,22.44],[69.163,22.348],[69.179,22.213],[69.341,22.312],[69.491,22.337],[69.541,22.377],[69.621,22.371],[69.754,22.418],[69.732,22.308],[69.812,22.128],[69.859,22.088],[69.916,21.927],[69.91,21.841],[69.815,21.821]]]}},{"type":"Feature","properties":{"state":"Maharashtra","district":"Aurangabad","district_code":"IN-M-AUR"},"geometry":{"type":"Polygon","coordinates":[[[74.934,20.271],[74.994,20.337],[75.126,20.35],[75.106,20.412],[75.159,20.477],[75.227,20.495],[75.257,20.576],[75.389,20.577],[75.396,20.521],[75.528,20.555],[75.535,20.606],[75.754,20.613],[75.824,20.555],[75.932,20.574],[76.006,20.647],[76.036,20.555],[75.976,20.532],[75.881,20.561],[75.838,20.458],[75.765,20.452],[75.644,20.185],[75.592,20.007],[75.644,20.007],[75.655,19.908],[75.624,19.77],[75.632,19.668],[75.598,19.6],[75.655,19.569],[75.606,19.385],[75.476,19.426],[75.366,19.398],[75.329,19.505],[75.256,19.523],[75.153,19.589],[74.884,19.656],[74.849,19.646],[74.717,19.78],[74.592,19.781],[74.67,19.946],[74.736,20.081],[74.714,20.134],[74.818,20.25],[74.896,20.18],[74.934,20.271]]]}},{"type":"Feature","properties":{"state":"Karnataka","district":"Vijayapura","district_code":"IN-K-VIJ"},"geometry":{"type":"Polygon","coordinates":[[[75.604,17.305],[75.574,17.384],[75.633,17.477],[75.814,17.373],[75.895,17.401],[75.932,17.323],[76.075,17.337],[76.127,17.245],[76.242,17.151],[76.369,17.166],[76.363,17.116],[76.441,16.997],[76.375,16.858],[76.37,16.769],[76.462,16.711],[76.406,16.643],[76.435,16.438],[76.332,16.427],[76.3,16.284],[76.332,16.194],[76.239,16.166],[76.068,16.208],[76.026,16.3],[75.956,16.298],[75.633,16.443],[75.499,16.454],[75.494,16.593],[75.384,16.764],[75.395,16.863],[75.335,16.869],[75.341,16.956],[75.465,16.989],[75.529,16.97],[75.665,16.979],[75.673,17.116],[75.626,17.173],[75.655,17.274],[75.604,17.305]]]}},{"type":"Feature","properties":{"state":"Chhattisgarh","district":"Bijapur","district_code":"IN-C-BIJ"},"geometry":{"type":"Polygon","coordinates":[[[80.276,18.72],[80.274,18.765],[80.349,18.848],[80.271,18.943],[80.329,19.07],[80.333,19.145],[80.394,19.187],[80.482,19.337],[80.577,19.398],[80.612,19.31],[80.752,19.288],[80.852,19.365],[80.952,19.311],[80.955,19.237],[81.129,19.256],[81.145,19.182],[81.21,19.183],[81.236,18.967],[81.198,18.749],[81.16,18.691],[81.183,18.541],[81.034,18.534],[81.022,18.466],[80.915,18.382],[81.041,18.342],[81.076,18.192],[80.979,18.166],[80.866,18.14],[80.852,18.206],[80.756,18.17],[80.748,18.309],[80.706,18.439],[80.637,18.523],[80.455,18.631],[80.372,18.611],[80.276,18.72]]]}},{"type":"Feature","properties":{"state":"Maharashtra","district":"Raigad","district_code":"IN-M-RAI"},"geometry":{"type":"Polygon","coordinates":[[[73.526,19.13],[73.532,19.031],[73.46,18.965],[73.43,18.874],[73.369,18.795],[73.355,18.721],[73.388,18.654],[73.323,18.558],[73.408,18.5],[73.399,18.401],[73.421,18.303],[73.537,18.243],[73.541,18.207],[73.653,18.173],[73.593,18.108],[73.658,18.03],[73.572,17.876],[73.506,17.851],[73.373,17.925],[73.288,18.071],[73.173,18.059],[73.115,17.98],[73.044,17.982],[72.973,18.125],[72.969,18.243],[73.029,18.265],[72.914,18.354],[72.895,18.463],[72.934,18.541],[72.856,18.699],[72.869,18.8],[72.836,18.864],[72.911,18.948],[72.895,18.981],[72.956,18.988],[73.044,19.018],[73.047,19.098],[73.176,19.109],[73.251,19.061],[73.353,19.131],[73.526,19.13]]]}},{"type":"Feature","properties":{"state":"Chhattisgarh","district":"Raigarh","district_code":"IN-C-RAIG"},"geometry":{"type":"Polygon","coordinates":[[[83.269,21.377],[83.059,21.436],[82.934,21.497],[82.923,21.548],[82.986,21.648],[82.949,21.724],[83.264,21.715],[83.178,21.85],[83.188,21.927],[83.091,21.975],[83.004,21.966],[83.015,22.076],[82.937,22.122],[83.03,22.169],[83.03,22.239],[83.08,22.311],[83.114,22.422],[83.087,22.47],[83.111,22.671],[83.158,22.774],[83.218,22.788],[83.351,22.73],[83.409,22.641],[83.4,22.554],[83.576,22.459],[83.649,22.392],[83.738,22.378],[83.802,22.294],[83.628,22.203],[83.538,22.045],[83.539,21.966],[83.591,21.825],[83.461,21.698],[83.487,21.644],[83.383,21.621],[83.337,21.501],[83.399,21.405],[83.392,21.343],[83.275,21.377],[83.272,21.377],[83.269,21.377]]]}},{"type":"Feature","properties":{"state":"Chhattisgarh","district":"Bilaspur","district_code":"IN-C-BIL"},"geometry":{"type":"Polygon","coordinates":[[[82.458,22.214],[82.421,22.138],[82.334,22.106],[82.305,21.908],[82.383,21.761],[82.446,21.744],[82.392,21.713],[82.201,21.761],[82.038,21.883],[81.989,21.995],[81.765,22.242],[81.764,22.29],[81.897,22.305],[81.976,22.36],[81.747,22.591],[81.729,22.67],[81.732,22.676],[81.794,22.766],[81.776,22.874],[81.862,22.889],[81.95,22.983],[81.943,23.079],[82.123,23.104],[82.216,22.944],[82.134,22.854],[82.174,22.671],[82.239,22.653],[82.157,22.544],[82.138,22.455],[82.183,22.41],[82.204,22.312],[82.351,22.327],[82.458,22.214]]]}},{"type":"Feature","properties":{"state":"Odisha","district":"Sambalpur","district_code":"IN-O-SAM"},"geometry":{"type":"Polygon","coordinates":[[[84.279,20.922],[84.238,20.922],[84.143,21.034],[84.018,21.051],[83.984,21.131],[83.894,21.175],[83.911,21.238],[83.873,21.304],[83.886,21.438],[83.799,21.563],[83.967,21.581],[83.981,21.78],[84.09,21.77],[84.238,21.806],[84.289,21.772],[84.374,21.956],[84.359,22.037],[84.27,22.015],[84.267,22.105],[84.477,22.19],[84.51,22.058],[84.526,21.814],[84.588,21.758],[84.662,21.761],[84.631,21.698],[84.503,21.682],[84.536,21.567],[84.409,21.476],[84.403,21.379],[84.547,21.373],[84.567,21.249],[84.711,21.318],[84.761,21.277],[84.744,21.17],[84.668,21.093],[84.585,21.061],[84.481,21.08],[84.374,20.955],[84.279,20.922]]]}},{"type":"Feature","properties":{"state":"Gujarat","district":"Navsari","district_code":"IN-G-NAV"},"geometry":{"type":"Polygon","coordinates":[[[73.407,20.624],[73.259,20.58],[73.219,20.602],[73.073,20.601],[73.047,20.7],[72.973,20.745],[72.855,20.75],[72.722,21.049],[72.751,21.062],[72.908,21.042],[72.953,21.069],[73.025,21.02],[73.125,20.897],[73.3,20.816],[73.317,20.88],[73.381,20.825],[73.496,20.819],[73.474,20.72],[73.407,20.624]]]}},{"type":"Feature","properties":{"state":"Telangana","district":"Jayashankar Bhupalapally","district_code":"IN-T-JAY"},"geometry":{"type":"Polygon","coordinates":[[[79.914,18.826],[80.019,18.771],[80.118,18.68],[80.276,18.72],[80.372,18.611],[80.232,18.556],[80.216,18.39],[79.923,18.406],[79.854,18.259],[79.84,18.133],[79.724,18.195],[79.696,18.277],[79.579,18.243],[79.563,18.263],[79.566,18.424],[79.67,18.481],[79.725,18.574],[79.791,18.573],[79.831,18.655],[79.81,18.703],[79.866,18.835],[79.914,18.826]]]}},{"type":"Feature","properties":{"state":"Telangana","district":"Narayanpet","district_code":"IN-T-NAR"},"geometry":{"type":"Polygon","coordinates":[[[77.459,16.885],[77.467,16.955],[77.597,16.915],[77.635,17.01],[77.715,17.04],[77.76,17.003],[77.727,16.85],[77.788,16.574],[77.751,16.403],[77.661,16.362],[77.594,16.343],[77.49,16.386],[77.415,16.368],[77.288,16.409],[77.242,16.474],[77.416,16.518],[77.453,16.616],[77.426,16.721],[77.476,16.788],[77.459,16.885]]]}},{"type":"Feature","properties":{"state":"Chhattisgarh","district":"Sukma","district_code":"IN-C-SUK"},"geometry":{"type":"Polygon","coordinates":[[[81.9,18.661],[81.911,18.57],[81.77,18.419],[81.75,18.354],[81.658,18.347],[81.53,18.24],[81.525,18.153],[81.481,18.052],[81.482,17.977],[81.4,17.894],[81.397,17.818],[81.265,17.811],[81.166,17.858],[81.085,17.797],[81.016,17.795],[80.97,18.048],[80.979,18.166],[81.076,18.192],[81.041,18.342],[80.915,18.382],[81.022,18.466],[81.034,18.534],[81.183,18.541],[81.259,18.479],[81.369,18.433],[81.489,18.624],[81.544,18.607],[81.57,18.74],[81.628,18.735],[81.674,18.652],[81.767,18.593],[81.9,18.661]]]}},{"type":"Feature","properties":{"state":"Assam","district":"Tinsukia","district_code":"IN-A-TIN"},"geometry":{"type":"Polygon","coordinates":[[[95.774,27.733],[95.78,27.621],[95.874,27.544],[95.883,27.436],[95.941,27.437],[96.016,27.368],[95.959,27.311],[95.857,27.271],[95.742,27.267],[95.634,27.231],[95.534,27.264],[95.484,27.242],[95.445,27.294],[95.475,27.367],[95.309,27.389],[95.221,27.444],[95.228,27.499],[95.319,27.587],[95.27,27.681],[95.392,27.727],[95.514,27.88],[95.519,27.884],[95.606,27.955],[95.819,27.972],[95.97,27.96],[95.774,27.733]]]}},{"type":"Feature","properties":{"state":"Assam","district":"Dhemaji","district_code":"IN-A-DHE"},"geometry":{"type":"Polygon","coordinates":[[[95.514,27.88],[95.392,27.727],[95.27,27.681],[95.196,27.704],[95.092,27.66],[94.996,27.659],[94.747,27.437],[94.693,27.422],[94.626,27.337],[94.592,27.378],[94.499,27.33],[94.39,27.351],[94.309,27.319],[94.308,27.436],[94.266,27.52],[94.213,27.606],[94.237,27.632],[94.364,27.575],[94.462,27.555],[94.852,27.727],[95.137,27.815],[95.309,27.867],[95.38,27.839],[95.514,27.88]]]}},{"type":"Feature","properties":{"state":"Assam","district":"Dibrugarh","district_code":"IN-A-DIB"},"geometry":{"type":"Polygon","coordinates":[[[95.27,27.681],[95.319,27.587],[95.228,27.499],[95.221,27.444],[95.309,27.389],[95.475,27.367],[95.445,27.294],[95.484,27.242],[95.449,27.132],[95.377,27.096],[95.369,27.11],[95.358,27.166],[95.283,27.198],[95.153,27.124],[94.985,27.169],[94.968,27.224],[94.835,27.092],[94.76,27.129],[94.77,27.238],[94.641,27.246],[94.594,27.146],[94.563,27.181],[94.626,27.337],[94.693,27.422],[94.747,27.437],[94.996,27.659],[95.092,27.66],[95.196,27.704],[95.27,27.681]]]}},{"type":"Feature","properties":{"state":"Assam","district":"Lakhimpur","district_code":"IN-A-LAK"},"geometry":{"type":"Polygon","coordinates":[[[94.266,27.52],[94.308,27.436],[94.309,27.319],[94.39,27.351],[94.499,27.33],[94.592,27.378],[94.626,27.337],[94.563,27.181],[94.507,27.121],[94.312,27.071],[94.234,27.071],[94.188,27.004],[93.964,26.924],[93.892,26.865],[93.769,26.845],[93.78,26.886],[93.698,26.995],[93.829,27.067],[93.806,27.148],[93.991,27.329],[94.219,27.505],[94.266,27.52]]]}},{"type":"Feature","properties":{"state":"Assam","district":"Sivasagar","district_code":"IN-A-SIV"},"geometry":{"type":"Polygon","coordinates":[[[94.594,27.146],[94.641,27.246],[94.77,27.238],[94.76,27.129],[94.835,27.092],[94.829,27.017],[94.734,26.933],[94.924,26.949],[94.866,26.909],[94.791,26.797],[94.736,26.75],[94.586,26.725],[94.513,26.772],[94.474,26.935],[94.396,26.951],[94.545,27.077],[94.594,27.146]]]}},{"type":"Feature","properties":{"state":"Assam","district":"Jorhat","district_code":"IN-A-JOR"},"geometry":{"type":"Polygon","coordinates":[[[94.396,26.951],[94.474,26.935],[94.513,26.772],[94.586,26.725],[94.403,26.611],[94.401,26.534],[94.314,26.461],[94.285,26.561],[94.184,26.456],[94.164,26.351],[94.097,26.484],[94.098,26.643],[93.973,26.768],[94.0,26.867],[94.208,26.927],[94.305,26.909],[94.396,26.951]]]}},{"type":"Feature","properties":{"state":"Assam","district":"Sonitpur","district_code":"IN-A-SON"},"geometry":{"type":"Polygon","coordinates":[[[93.061,26.922],[93.068,26.747],[93.144,26.594],[93.097,26.577],[92.951,26.621],[92.722,26.537],[92.575,26.5],[92.419,26.515],[92.341,26.502],[92.36,26.583],[92.327,26.813],[92.36,26.926],[92.447,26.959],[92.563,26.957],[92.656,27.008],[92.673,27.032],[92.887,27.0],[93.022,26.913],[93.061,26.922]]]}},{"type":"Feature","properties":{"state":"Assam","district":"Golaghat","district_code":"IN-A-GOL"},"geometry":{"type":"Polygon","coordinates":[[[93.769,26.845],[93.892,26.865],[93.964,26.924],[94.0,26.867],[93.973,26.768],[94.098,26.643],[94.097,26.484],[94.164,26.351],[94.104,26.32],[94.0,26.172],[93.955,25.969],[93.979,25.917],[93.881,25.844],[93.777,25.849],[93.776,25.969],[93.786,26.054],[93.893,26.372],[93.794,26.44],[93.701,26.607],[93.496,26.611],[93.458,26.577],[93.297,26.575],[93.306,26.698],[93.396,26.751],[93.505,26.757],[93.65,26.706],[93.649,26.788],[93.769,26.845]]]}},{"type":"Feature","properties":{"state":"Assam","district":"Udalguri","district_code":"IN-A-UDA"},"geometry":{"type":"Polygon","coordinates":[[[92.36,26.926],[92.327,26.813],[92.36,26.583],[92.242,26.603],[92.178,26.651],[92.072,26.647],[92.003,26.544],[91.827,26.545],[91.778,26.513],[91.737,26.605],[91.745,26.688],[91.704,26.813],[91.893,26.919],[91.983,26.858],[92.057,26.846],[92.113,26.893],[92.194,26.89],[92.36,26.926]]]}},{"type":"Feature","properties":{"state":"Assam","district":"Chirang","district_code":"IN-A-CHI"},"geometry":{"type":"Polygon","coordinates":[[[90.875,26.563],[90.847,26.528],[90.745,26.465],[90.682,26.5],[90.52,26.509],[90.505,26.427],[90.399,26.442],[90.355,26.57],[90.378,26.718],[90.336,26.863],[90.418,26.905],[90.546,26.817],[90.717,26.769],[90.951,26.777],[90.899,26.689],[90.875,26.563]]]}},{"type":"Feature","properties":{"state":"Assam","district":"Baksa","district_code":"IN-A-BAK"},"geometry":{"type":"Polygon","coordinates":[[[91.704,26.813],[91.745,26.688],[91.737,26.605],[91.778,26.513],[91.78,26.479],[91.725,26.504],[91.626,26.447],[91.578,26.528],[91.578,26.572],[91.312,26.517],[91.249,26.523],[91.234,26.608],[91.152,26.638],[91.11,26.561],[90.991,26.524],[90.989,26.59],[90.875,26.563],[90.899,26.689],[90.951,26.777],[91.054,26.781],[91.098,26.823],[91.237,26.812],[91.337,26.78],[91.408,26.841],[91.496,26.791],[91.626,26.821],[91.704,26.813]]]}},{"type":"Feature","properties":{"state":"Assam","district":"Nagaon","district_code":"IN-A-NAG"},"geometry":{"type":"Polygon","coordinates":[[[92.419,26.515],[92.575,26.5],[92.722,26.537],[92.951,26.621],[93.097,26.577],[93.144,26.594],[93.306,26.698],[93.297,26.575],[93.191,26.567],[93.013,26.508],[92.942,26.331],[92.814,26.263],[92.802,26.201],[92.704,26.126],[92.753,26.054],[92.655,26.001],[92.546,25.972],[92.595,26.08],[92.529,26.15],[92.395,26.113],[92.431,26.19],[92.419,26.27],[92.505,26.273],[92.568,26.337],[92.551,26.383],[92.441,26.37],[92.419,26.515]]]}},{"type":"Feature","properties":{"state":"Assam","district":"Kokrajhar","district_code":"IN-A-KOK"},"geometry":{"type":"Polygon","coordinates":[[[90.336,26.863],[90.378,26.718],[90.355,26.57],[90.399,26.442],[90.425,26.363],[90.288,26.252],[90.268,26.331],[90.116,26.339],[90.136,26.215],[90.025,26.127],[89.882,26.135],[89.859,26.221],[89.904,26.337],[89.843,26.383],[89.835,26.414],[89.87,26.614],[89.852,26.698],[89.859,26.735],[90.049,26.731],[90.194,26.773],[90.231,26.858],[90.336,26.863]]]}},{"type":"Feature","properties":{"state":"Assam","district":"Darrang","district_code":"IN-A-DAR"},"geometry":{"type":"Polygon","coordinates":[[[92.36,26.583],[92.341,26.502],[92.219,26.416],[92.158,26.412],[92.04,26.273],[91.98,26.274],[91.879,26.216],[91.748,26.21],[91.823,26.37],[91.78,26.479],[91.778,26.513],[91.827,26.545],[92.003,26.544],[92.072,26.647],[92.178,26.651],[92.242,26.603],[92.36,26.583]]]}},{"type":"Feature","properties":{"state":"Assam","district":"Barpeta","district_code":"IN-A-BAR"},"geometry":{"type":"Polygon","coordinates":[[[90.847,26.528],[90.875,26.563],[90.989,26.59],[90.991,26.524],[91.11,26.561],[91.152,26.638],[91.234,26.608],[91.249,26.523],[91.231,26.439],[91.277,26.342],[91.216,26.267],[91.223,26.179],[91.081,26.161],[90.944,26.094],[90.714,26.13],[90.67,26.203],[90.653,26.237],[90.789,26.329],[90.861,26.431],[90.847,26.528]]]}},{"type":"Feature","properties":{"state":"Assam","district":"Nalbari","district_code":"IN-A-NAL"},"geometry":{"type":"Polygon","coordinates":[[[91.249,26.523],[91.312,26.517],[91.578,26.572],[91.578,26.528],[91.525,26.336],[91.413,26.266],[91.353,26.167],[91.223,26.179],[91.216,26.267],[91.277,26.342],[91.231,26.439],[91.249,26.523]]]}},{"type":"Feature","properties":{"state":"Assam","district":"Morigaon","district_code":"IN-A-MOR"},"geometry":{"type":"Polygon","coordinates":[[[92.341,26.502],[92.419,26.515],[92.441,26.37],[92.551,26.383],[92.568,26.337],[92.505,26.273],[92.419,26.27],[92.431,26.19],[92.395,26.113],[92.274,26.065],[92.173,26.076],[92.167,26.164],[92.06,26.196],[91.98,26.274],[92.04,26.273],[92.158,26.412],[92.219,26.416],[92.341,26.502]]]}},{"type":"Feature","properties":{"state":"Assam","district":"Kamrup","district_code":"IN-A-KAM"},"geometry":{"type":"Polygon","coordinates":[[[91.578,26.528],[91.626,26.447],[91.725,26.504],[91.78,26.479],[91.823,26.37],[91.748,26.21],[91.569,26.15],[91.564,26.104],[91.723,26.035],[91.722,25.966],[91.58,26.034],[91.445,25.84],[91.335,25.841],[91.222,25.723],[91.147,25.851],[91.008,25.825],[91.026,25.886],[91.1,26.01],[90.944,26.094],[91.081,26.161],[91.223,26.179],[91.353,26.167],[91.413,26.266],[91.525,26.336],[91.578,26.528]]]}},{"type":"Feature","properties":{"state":"Assam","district":"Bongaigaon","district_code":"IN-A-BON"},"geometry":{"type":"Polygon","coordinates":[[[90.399,26.442],[90.505,26.427],[90.52,26.509],[90.682,26.5],[90.745,26.465],[90.847,26.528],[90.861,26.431],[90.789,26.329],[90.653,26.237],[90.67,26.203],[90.522,26.2],[90.47,26.168],[90.39,26.204],[90.483,26.296],[90.425,26.363],[90.399,26.442]]]}},{"type":"Feature","properties":{"state":"Assam","district":"Dhubri","district_code":"IN-A-DHU"},"geometry":{"type":"Polygon","coordinates":[[[89.843,26.383],[89.904,26.337],[89.859,26.221],[89.882,26.135],[90.025,26.127],[90.136,26.215],[90.116,26.339],[90.268,26.331],[90.288,26.252],[90.425,26.363],[90.483,26.296],[90.39,26.204],[90.265,26.183],[90.174,26.104],[90.179,26.049],[90.083,26.04],[89.843,25.882],[89.887,25.946],[89.729,26.171],[89.7,26.218],[89.781,26.352],[89.843,26.383]]]}},{"type":"Feature","properties":{"state":"Assam","district":"Kamrup Metropolitan","district_code":"IN-A-KAMR"},"geometry":{"type":"Polygon","coordinates":[[[91.748,26.21],[91.879,26.216],[91.98,26.274],[92.06,26.196],[92.167,26.164],[92.173,26.076],[92.133,26.045],[91.867,26.042],[91.826,26.119],[91.723,26.035],[91.564,26.104],[91.569,26.15],[91.748,26.21]]]}},{"type":"Feature","properties":{"state":"Assam","district":"Goalpara","district_code":"IN-A-GOA"},"geometry":{"type":"Polygon","coordinates":[[[90.67,26.203],[90.714,26.13],[90.944,26.094],[91.1,26.01],[91.026,25.886],[90.948,25.948],[90.717,25.955],[90.632,25.919],[90.434,25.991],[90.187,25.944],[90.122,25.959],[90.179,26.049],[90.174,26.104],[90.265,26.183],[90.39,26.204],[90.47,26.168],[90.522,26.2],[90.67,26.203]]]}},{"type":"Feature","properties":{"state":"Assam","district":"Dima Hasao","district_code":"IN-A-DIM"},"geometry":{"type":"Polygon","coordinates":[[[93.065,25.775],[93.143,25.719],[93.208,25.543],[93.329,25.543],[93.456,25.434],[93.47,25.306],[93.381,25.24],[93.344,25.123],[93.247,24.972],[93.179,25.001],[93.061,25.002],[93.014,25.062],[92.898,25.079],[92.835,25.052],[92.722,25.112],[92.54,25.099],[92.621,25.115],[92.664,25.177],[92.743,25.207],[92.792,25.283],[92.653,25.434],[92.569,25.466],[92.661,25.572],[92.734,25.594],[92.821,25.741],[93.019,25.801],[93.065,25.775]]]}},{"type":"Feature","properties":{"state":"Assam","district":"Cachar","district_code":"IN-A-CAC"},"geometry":{"type":"Polygon","coordinates":[[[92.896,24.391],[92.8,24.42],[92.762,24.513],[92.668,24.591],[92.629,24.855],[92.58,24.872],[92.516,24.88],[92.425,25.03],[92.48,25.108],[92.54,25.099],[92.722,25.112],[92.835,25.052],[92.898,25.079],[93.014,25.062],[93.061,25.002],[93.179,25.001],[93.247,24.972],[93.248,24.915],[93.175,24.798],[93.109,24.811],[93.086,24.71],[93.087,24.572],[93.049,24.545],[93.009,24.413],[92.896,24.391]]]}},{"type":"Feature","properties":{"state":"Assam","district":"Karimganj","district_code":"IN-A-KAR"},"geometry":{"type":"Polygon","coordinates":[[[92.516,24.88],[92.58,24.872],[92.506,24.664],[92.509,24.455],[92.464,24.3],[92.422,24.25],[92.295,24.245],[92.219,24.286],[92.26,24.359],[92.214,24.509],[92.254,24.678],[92.295,24.737],[92.234,24.899],[92.298,24.916],[92.386,24.851],[92.516,24.88]]]}},{"type":"Feature","properties":{"state":"Assam","district":"Hailakandi","district_code":"IN-A-HAI"},"geometry":{"type":"Polygon","coordinates":[[[92.762,24.513],[92.69,24.354],[92.626,24.332],[92.612,24.256],[92.551,24.248],[92.532,24.178],[92.436,24.154],[92.422,24.25],[92.464,24.3],[92.509,24.455],[92.506,24.664],[92.58,24.872],[92.629,24.855],[92.668,24.591],[92.762,24.513]]]}},{"type":"Feature","properties":{"state":"Assam","district":"Charaideo","district_code":"IN-A-CHA"},"geometry":{"type":"Polygon","coordinates":[[[94.835,27.092],[94.968,27.224],[94.985,27.169],[95.153,27.124],[95.283,27.198],[95.358,27.166],[95.369,27.11],[95.259,27.03],[95.196,27.034],[95.101,26.962],[94.982,26.913],[94.924,26.949],[94.734,26.933],[94.829,27.017],[94.835,27.092]]]}},{"type":"Feature","properties":{"state":"Assam","district":"Majuli","district_code":"IN-A-MAJ"},"geometry":{"type":"Polygon","coordinates":[[[94.563,27.181],[94.594,27.146],[94.545,27.077],[94.396,26.951],[94.305,26.909],[94.208,26.927],[94.0,26.867],[93.964,26.924],[94.188,27.004],[94.234,27.071],[94.312,27.071],[94.507,27.121],[94.563,27.181]]]}},{"type":"Feature","properties":{"state":"Assam","district":"Biswanath","district_code":"IN-A-BIS"},"geometry":{"type":"Polygon","coordinates":[[[93.398,26.957],[93.471,26.937],[93.666,26.968],[93.698,26.995],[93.78,26.886],[93.769,26.845],[93.649,26.788],[93.65,26.706],[93.505,26.757],[93.396,26.751],[93.306,26.698],[93.144,26.594],[93.068,26.747],[93.061,26.922],[93.398,26.957]]]}},{"type":"Feature","properties":{"state":"Assam","district":"Hojai","district_code":"IN-A-HOJ"},"geometry":{"type":"Polygon","coordinates":[[[92.753,26.054],[92.704,26.126],[92.802,26.201],[92.939,26.203],[92.932,26.152],[93.109,26.078],[93.182,25.903],[93.24,25.847],[93.227,25.727],[93.143,25.719],[93.065,25.775],[92.982,25.875],[92.869,25.869],[92.763,25.961],[92.753,26.054]]]}},{"type":"Feature","properties":{"state":"Assam","district":"South Salmara Mankachar","district_code":"IN-A-SOU"},"geometry":{"type":"Polygon","coordinates":[[[89.843,25.882],[90.083,26.04],[90.179,26.049],[90.122,25.959],[90.06,25.914],[89.899,25.727],[90.02,25.607],[89.878,25.55],[89.872,25.477],[89.852,25.466],[89.882,25.617],[89.827,25.732],[89.843,25.882]]]}},{"type":"Feature","properties":{"state":"Assam","district":"Karbi Anglong","district_code":"IN-A-KARB"},"geometry":{"type":"Polygon","coordinates":[[[93.297,26.575],[93.458,26.577],[93.496,26.611],[93.701,26.607],[93.794,26.44],[93.893,26.372],[93.786,26.054],[93.776,25.969],[93.681,25.904],[93.702,25.852],[93.543,25.731],[93.513,25.675],[93.427,25.632],[93.329,25.543],[93.208,25.543],[93.143,25.719],[93.227,25.727],[93.24,25.847],[93.182,25.903],[93.109,26.078],[92.932,26.152],[92.939,26.203],[92.802,26.201],[92.814,26.263],[92.942,26.331],[93.013,26.508],[93.191,26.567],[93.297,26.575]]]}},{"type":"Feature","properties":{"state":"Assam","district":"West Karbi Anglong","district_code":"IN-A-WES"},"geometry":{"type":"Polygon","coordinates":[[[92.395,26.113],[92.529,26.15],[92.595,26.08],[92.546,25.972],[92.655,26.001],[92.753,26.054],[92.763,25.961],[92.869,25.869],[92.982,25.875],[93.065,25.775],[93.019,25.801],[92.821,25.741],[92.734,25.594],[92.661,25.572],[92.584,25.551],[92.505,25.617],[92.444,25.72],[92.225,25.716],[92.152,25.672],[92.152,25.816],[92.202,25.907],[92.164,25.97],[92.274,26.065],[92.395,26.113]]]}},{"type":"Feature","properties":{"state":"Uttar Pradesh","district":"Amroha","district_code":"IN-UP-AMR"},"geometry":{"type":"Polygon","coordinates":[[[78.072,29.083],[78.215,29.029],[78.386,29.021],[78.533,29.065],[78.528,28.966],[78.614,28.945],[78.66,28.849],[78.623,28.806],[78.407,28.782],[78.439,28.589],[78.412,28.463],[78.305,28.438],[78.21,28.529],[78.21,28.626],[78.132,28.782],[78.121,28.878],[78.077,28.977],[78.072,29.083]]]}},{"type":"Feature","properties":{"state":"Rajasthan","district":"Churu","district_code":"IN-R-CHU"},"geometry":{"type":"Polygon","coordinates":[[[75.474,28.926],[75.52,28.834],[75.561,28.613],[75.623,28.602],[75.67,28.519],[75.5,28.336],[75.383,28.338],[75.248,28.464],[75.225,28.395],[75.146,28.382],[75.147,28.295],[75.045,28.255],[75.025,28.203],[74.887,28.189],[74.806,28.063],[74.785,27.954],[74.736,27.891],[74.818,27.801],[74.742,27.767],[74.717,27.678],[74.627,27.649],[74.491,27.687],[74.341,27.682],[74.254,27.601],[74.196,27.499],[74.204,27.422],[74.081,27.478],[74.029,27.535],[73.908,27.489],[73.875,27.538],[73.895,27.602],[73.858,27.66],[73.867,27.779],[73.993,27.811],[73.997,27.734],[74.066,27.731],[74.119,27.797],[74.226,27.817],[74.239,27.999],[74.295,28.045],[74.294,28.145],[74.358,28.206],[74.248,28.247],[74.197,28.331],[74.061,28.332],[74.028,28.376],[74.054,28.526],[74.109,28.585],[74.08,28.67],[74.193,28.709],[74.161,28.776],[74.268,28.797],[74.419,28.885],[74.476,28.815],[74.749,28.853],[74.803,28.929],[74.924,28.892],[74.994,28.91],[75.219,28.866],[75.243,28.932],[75.334,28.982],[75.366,28.915],[75.474,28.926]]]}},{"type":"Feature","properties":{"state":"Uttar Pradesh","district":"Hapur","district_code":"IN-UP-HAP"},"geometry":{"type":"Polygon","coordinates":[[[78.121,28.878],[78.132,28.782],[78.21,28.626],[78.13,28.636],[77.962,28.716],[77.901,28.633],[77.855,28.655],[77.748,28.559],[77.684,28.558],[77.566,28.652],[77.546,28.685],[77.69,28.745],[78.025,28.877],[78.121,28.878]]]}},{"type":"Feature","properties":{"state":"Delhi","district":"Delhi","district_code":"IN-D-DEL"},"geometry":{"type":"Polygon","coordinates":[[[77.228,28.769],[77.299,28.709],[77.317,28.641],[77.341,28.61],[77.297,28.567],[77.348,28.52],[77.254,28.483],[77.175,28.405],[77.12,28.489],[77.097,28.509],[77.007,28.541],[76.884,28.503],[76.846,28.551],[76.889,28.632],[76.953,28.668],[76.971,28.698],[76.942,28.798],[76.968,28.812],[77.121,28.859],[77.216,28.853],[77.222,28.831],[77.208,28.791],[77.228,28.769]]]}},{"type":"Feature","properties":{"state":"Uttar Pradesh","district":"Bareilly","district_code":"IN-UP-BAR"},"geometry":{"type":"Polygon","coordinates":[[[79.683,28.855],[79.69,28.753],[79.621,28.643],[79.782,28.504],[79.77,28.434],[79.696,28.31],[79.703,28.257],[79.602,28.086],[79.504,28.016],[79.496,28.122],[79.424,28.174],[79.176,28.186],[79.102,28.221],[79.059,28.383],[78.972,28.422],[79.076,28.508],[79.206,28.571],[79.235,28.659],[79.306,28.743],[79.36,28.753],[79.423,28.897],[79.585,28.846],[79.683,28.855]]]}},{"type":"Feature","properties":{"state":"Uttar Pradesh","district":"Pilibhit","district_code":"IN-UP-PIL"},"geometry":{"type":"Polygon","coordinates":[[[79.703,28.257],[79.696,28.31],[79.77,28.434],[79.782,28.504],[79.621,28.643],[79.69,28.753],[79.683,28.855],[79.82,28.888],[79.955,28.723],[80.03,28.749],[80.065,28.837],[80.12,28.827],[80.277,28.712],[80.314,28.629],[80.447,28.518],[80.355,28.419],[80.359,28.329],[80.222,28.301],[80.149,28.346],[80.016,28.379],[79.985,28.281],[79.985,28.107],[79.889,28.193],[79.797,28.159],[79.703,28.257]]]}},{"type":"Feature","properties":{"state":"Uttar Pradesh","district":"Bulandshahr","district_code":"IN-UP-BUL"},"geometry":{"type":"Polygon","coordinates":[[[78.21,28.626],[78.21,28.529],[78.305,28.438],[78.279,28.389],[78.312,28.274],[78.479,28.112],[78.412,28.083],[78.34,28.147],[78.179,28.076],[78.031,28.129],[77.994,28.078],[77.915,28.1],[77.841,28.178],[77.733,28.129],[77.689,28.28],[77.737,28.318],[77.634,28.427],[77.684,28.558],[77.748,28.559],[77.855,28.655],[77.901,28.633],[77.962,28.716],[78.13,28.636],[78.21,28.626]]]}},{"type":"Feature","properties":{"state":"Uttar Pradesh","district":"Gautam Buddha Nagar","district_code":"IN-UP-GAU"},"geometry":{"type":"Polygon","coordinates":[[[77.566,28.652],[77.684,28.558],[77.634,28.427],[77.737,28.318],[77.689,28.28],[77.733,28.129],[77.568,28.087],[77.476,28.085],[77.5,28.206],[77.505,28.371],[77.348,28.52],[77.297,28.567],[77.341,28.61],[77.566,28.652]]]}},{"type":"Feature","properties":{"state":"Uttar Pradesh","district":"Lakhimpur Kheri","district_code":"IN-UP-LAK"},"geometry":{"type":"Polygon","coordinates":[[[80.359,28.329],[80.355,28.419],[80.447,28.518],[80.314,28.629],[80.459,28.625],[80.553,28.691],[80.667,28.643],[80.715,28.569],[81.053,28.405],[81.041,28.285],[81.197,28.103],[81.195,28.008],[81.305,27.907],[81.282,27.682],[81.18,27.785],[80.99,27.825],[80.958,27.899],[80.826,27.79],[80.641,27.839],[80.605,27.751],[80.518,27.81],[80.45,27.749],[80.311,27.681],[80.253,27.757],[80.091,27.784],[80.06,27.76],[80.03,27.902],[80.125,28.002],[80.255,28.09],[80.299,28.163],[80.311,28.277],[80.359,28.329]]]}},{"type":"Feature","properties":{"state":"Rajasthan","district":"Jhunjhunu","district_code":"IN-R-JHU"},"geometry":{"type":"Polygon","coordinates":[[[75.025,28.203],[75.045,28.255],[75.147,28.295],[75.146,28.382],[75.225,28.395],[75.248,28.464],[75.383,28.338],[75.5,28.336],[75.67,28.519],[75.893,28.39],[76.055,28.221],[75.999,28.123],[76.008,28.059],[75.973,27.932],[75.933,27.928],[75.768,27.83],[75.687,27.679],[75.54,27.712],[75.428,27.642],[75.285,27.719],[75.286,27.821],[75.243,27.847],[75.097,28.072],[75.127,28.137],[75.025,28.203]]]}},{"type":"Feature","properties":{"state":"Uttar Pradesh","district":"Budaun","district_code":"IN-UP-BUD"},"geometry":{"type":"Polygon","coordinates":[[[78.972,28.422],[79.059,28.383],[79.102,28.221],[79.176,28.186],[79.424,28.174],[79.496,28.122],[79.504,28.016],[79.433,27.844],[79.358,27.803],[79.351,27.659],[79.184,27.714],[79.164,27.797],[79.097,27.83],[78.918,27.85],[78.887,27.916],[78.608,28.019],[78.579,28.063],[78.652,28.318],[78.794,28.398],[78.872,28.468],[78.939,28.46],[78.972,28.422]]]}},{"type":"Feature","properties":{"state":"Rajasthan","district":"Jaisalmer","district_code":"IN-R-JAI"},"geometry":{"type":"Polygon","coordinates":[[[71.881,27.914],[72.029,27.951],[72.139,27.88],[72.162,27.792],[72.095,27.744],[72.214,27.679],[72.338,27.693],[72.278,27.553],[72.243,27.488],[72.243,27.484],[72.174,27.462],[72.049,27.616],[71.809,27.441],[71.816,27.341],[71.885,27.291],[71.962,27.142],[72.041,27.106],[72.038,26.935],[72.102,26.887],[72.055,26.803],[72.087,26.732],[72.038,26.681],[72.098,26.603],[72.028,26.501],[72.076,26.453],[72.064,26.351],[71.893,26.298],[71.838,26.374],[71.787,26.347],[71.635,26.405],[71.573,26.506],[71.488,26.457],[71.436,26.497],[71.327,26.421],[71.283,26.467],[71.212,26.443],[71.141,26.309],[71.075,26.322],[71.011,26.28],[71.05,26.139],[70.94,26.079],[70.867,26.131],[70.741,26.141],[70.654,26.196],[70.431,26.175],[70.362,26.142],[70.14,26.156],[70.174,26.251],[70.185,26.374],[70.174,26.552],[70.056,26.6],[69.887,26.579],[69.792,26.599],[69.72,26.655],[69.51,26.743],[69.484,26.805],[69.514,27.01],[69.587,27.184],[69.864,27.403],[69.934,27.498],[70.026,27.562],[70.133,27.806],[70.226,27.9],[70.371,28.012],[70.507,28.037],[70.589,28.01],[70.677,27.921],[70.683,27.828],[70.758,27.722],[70.907,27.709],[71.205,27.836],[71.382,27.873],[71.667,27.878],[71.875,27.955],[71.881,27.914]]]}},{"type":"Feature","properties":{"state":"Uttar Pradesh","district":"Bahraich","district_code":"IN-UP-BAH"},"geometry":{"type":"Polygon","coordinates":[[[81.282,27.682],[81.305,27.907],[81.195,28.008],[81.197,28.103],[81.041,28.285],[81.053,28.405],[81.213,28.358],[81.233,28.29],[81.32,28.197],[81.426,28.171],[81.478,28.083],[81.742,27.953],[81.677,27.866],[81.645,27.775],[81.697,27.727],[81.681,27.572],[81.776,27.525],[81.903,27.513],[81.981,27.434],[81.814,27.265],[81.742,27.326],[81.664,27.234],[81.642,27.158],[81.515,27.084],[81.437,27.179],[81.412,27.334],[81.265,27.591],[81.282,27.682]]]}},{"type":"Feature","properties":{"state":"Uttar Pradesh","district":"Shahjahanpur","district_code":"IN-UP-SHA"},"geometry":{"type":"Polygon","coordinates":[[[79.504,28.016],[79.602,28.086],[79.703,28.257],[79.797,28.159],[79.889,28.193],[79.985,28.107],[79.985,28.281],[80.016,28.379],[80.149,28.346],[80.222,28.301],[80.359,28.329],[80.311,28.277],[80.299,28.163],[80.255,28.09],[80.125,28.002],[80.03,27.902],[80.06,27.76],[79.966,27.733],[79.862,27.649],[79.765,27.714],[79.686,27.638],[79.738,27.506],[79.736,27.445],[79.654,27.505],[79.591,27.598],[79.351,27.659],[79.358,27.803],[79.433,27.844],[79.504,28.016]]]}},{"type":"Feature","properties":{"state":"Rajasthan","district":"Sikar","district_code":"IN-R-SIK"},"geometry":{"type":"Polygon","coordinates":[[[74.717,27.678],[74.742,27.767],[74.818,27.801],[74.736,27.891],[74.785,27.954],[74.806,28.063],[74.887,28.189],[75.025,28.203],[75.127,28.137],[75.097,28.072],[75.243,27.847],[75.286,27.821],[75.285,27.719],[75.428,27.642],[75.54,27.712],[75.687,27.679],[75.768,27.83],[75.933,27.928],[75.971,27.852],[76.077,27.841],[76.068,27.767],[75.941,27.619],[75.953,27.562],[75.918,27.451],[75.797,27.375],[75.74,27.4],[75.6,27.301],[75.526,27.335],[75.474,27.283],[75.392,27.279],[75.327,27.21],[75.315,27.144],[75.198,27.126],[75.069,27.216],[75.161,27.318],[75.035,27.355],[74.899,27.331],[74.86,27.45],[74.722,27.502],[74.762,27.565],[74.717,27.678]]]}},{"type":"Feature","properties":{"state":"Rajasthan","district":"Alwar","district_code":"IN-R-ALW"},"geometry":{"type":"Polygon","coordinates":[[[76.225,27.833],[76.169,27.903],[76.159,27.998],[76.26,28.067],[76.318,28.016],[76.36,28.125],[76.312,28.178],[76.543,28.034],[76.539,27.975],[76.669,28.013],[76.687,28.087],[76.796,28.148],[76.854,28.221],[76.97,28.138],[76.93,27.994],[76.942,27.843],[76.892,27.733],[76.977,27.654],[76.935,27.604],[77.036,27.514],[77.008,27.396],[77.071,27.395],[77.146,27.32],[77.054,27.158],[76.956,27.143],[76.867,27.23],[76.823,27.132],[76.681,27.114],[76.646,27.164],[76.552,27.172],[76.455,27.076],[76.28,27.065],[76.265,27.184],[76.176,27.184],[76.117,27.234],[76.167,27.309],[76.237,27.474],[76.193,27.615],[76.243,27.63],[76.225,27.833]]]}},{"type":"Feature","properties":{"state":"Uttar Pradesh","district":"Aligarh","district_code":"IN-UP-ALI"},"geometry":{"type":"Polygon","coordinates":[[[77.733,28.129],[77.841,28.178],[77.915,28.1],[77.994,28.078],[78.031,28.129],[78.179,28.076],[78.34,28.147],[78.412,28.083],[78.479,28.112],[78.579,28.063],[78.608,28.019],[78.475,27.808],[78.406,27.832],[78.371,27.748],[78.241,27.665],[78.135,27.773],[78.023,27.764],[78.023,27.668],[77.971,27.595],[77.9,27.579],[77.8,27.701],[77.814,27.814],[77.765,27.903],[77.643,27.968],[77.53,27.927],[77.542,27.99],[77.476,28.085],[77.568,28.087],[77.733,28.129]]]}},{"type":"Feature","properties":{"state":"Uttar Pradesh","district":"Kasganj","district_code":"IN-UP-KAS"},"geometry":{"type":"Polygon","coordinates":[[[78.608,28.019],[78.887,27.916],[78.918,27.85],[79.097,27.83],[79.164,27.797],[79.184,27.714],[79.129,27.635],[79.216,27.579],[79.076,27.558],[78.996,27.648],[78.952,27.575],[78.886,27.587],[78.696,27.686],[78.687,27.742],[78.6,27.771],[78.511,27.741],[78.475,27.808],[78.608,28.019]]]}},{"type":"Feature","properties":{"state":"Uttar Pradesh","district":"Mathura","district_code":"IN-UP-MAT"},"geometry":{"type":"Polygon","coordinates":[[[77.283,27.799],[77.344,27.85],[77.421,27.855],[77.53,27.927],[77.643,27.968],[77.765,27.903],[77.814,27.814],[77.8,27.701],[77.9,27.579],[77.887,27.338],[77.982,27.326],[77.929,27.265],[77.852,27.297],[77.741,27.241],[77.646,27.242],[77.438,27.456],[77.34,27.527],[77.352,27.652],[77.283,27.799]]]}},{"type":"Feature","properties":{"state":"Rajasthan","district":"Jaipur","district_code":"IN-R-JAIP"},"geometry":{"type":"Polygon","coordinates":[[[76.077,27.841],[76.176,27.799],[76.225,27.833],[76.243,27.63],[76.193,27.615],[76.237,27.474],[76.167,27.309],[76.117,27.234],[76.176,27.184],[76.265,27.184],[76.28,27.065],[76.239,27.014],[76.217,26.909],[76.26,26.834],[76.204,26.801],[76.144,26.695],[76.182,26.612],[76.153,26.522],[76.101,26.538],[76.008,26.5],[75.814,26.52],[75.708,26.446],[75.569,26.449],[75.454,26.497],[75.366,26.489],[75.327,26.561],[75.202,26.517],[75.167,26.464],[75.061,26.555],[75.064,26.655],[74.964,26.684],[74.913,26.838],[74.974,26.891],[75.009,26.946],[75.161,26.933],[75.201,26.975],[75.217,27.081],[75.331,27.092],[75.315,27.144],[75.327,27.21],[75.392,27.279],[75.474,27.283],[75.526,27.335],[75.6,27.301],[75.74,27.4],[75.797,27.375],[75.918,27.451],[75.953,27.562],[75.941,27.619],[76.068,27.767],[76.077,27.841]]]}},{"type":"Feature","properties":{"state":"Uttar Pradesh","district":"Shrawasti","district_code":"IN-UP-SHR"},"geometry":{"type":"Polygon","coordinates":[[[81.981,27.434],[81.903,27.513],[81.776,27.525],[81.681,27.572],[81.697,27.727],[81.645,27.775],[81.677,27.866],[81.742,27.953],[81.885,27.856],[81.961,27.924],[82.07,27.924],[82.122,27.866],[82.207,27.844],[82.125,27.736],[82.085,27.634],[82.022,27.58],[82.074,27.401],[81.981,27.434]]]}},{"type":"Feature","properties":{"state":"Rajasthan","district":"Jodhpur","district_code":"IN-R-JOD"},"geometry":{"type":"Polygon","coordinates":[[[72.064,26.351],[72.076,26.453],[72.028,26.501],[72.098,26.603],[72.038,26.681],[72.087,26.732],[72.055,26.803],[72.102,26.887],[72.038,26.935],[72.041,27.106],[71.962,27.142],[71.885,27.291],[71.816,27.341],[71.809,27.441],[72.049,27.616],[72.174,27.462],[72.243,27.484],[72.554,27.62],[72.656,27.536],[72.826,27.586],[72.826,27.469],[72.979,27.382],[73.073,27.429],[73.125,27.401],[73.133,27.308],[73.101,27.223],[73.121,26.941],[73.203,26.868],[73.324,26.854],[73.41,26.886],[73.593,26.864],[73.679,26.758],[73.652,26.715],[73.72,26.539],[73.766,26.535],[73.87,26.429],[73.811,26.357],[73.811,26.111],[73.655,26.069],[73.627,26.145],[73.463,26.084],[73.402,26.161],[73.34,26.116],[73.307,26.031],[73.193,26.069],[73.162,26.032],[73.052,26.014],[73.043,25.965],[72.959,25.9],[72.835,25.864],[72.621,25.974],[72.694,26.038],[72.69,26.186],[72.595,26.278],[72.459,26.3],[72.411,26.237],[72.343,26.245],[72.268,26.197],[72.064,26.351]]]}},{"type":"Feature","properties":{"state":"Uttar Pradesh","district":"Sitapur","district_code":"IN-UP-SIT"},"geometry":{"type":"Polygon","coordinates":[[[80.311,27.681],[80.45,27.749],[80.518,27.81],[80.605,27.751],[80.641,27.839],[80.826,27.79],[80.958,27.899],[80.99,27.825],[81.18,27.785],[81.282,27.682],[81.265,27.591],[81.412,27.334],[81.359,27.257],[81.258,27.335],[81.183,27.245],[81.112,27.275],[81.067,27.219],[80.969,27.239],[80.93,27.158],[80.826,27.102],[80.797,27.199],[80.693,27.216],[80.602,27.263],[80.518,27.268],[80.452,27.401],[80.325,27.522],[80.311,27.681]]]}},{"type":"Feature","properties":{"state":"Rajasthan","district":"Bharatpur","district_code":"IN-R-BHA"},"geometry":{"type":"Polygon","coordinates":[[[76.977,27.654],[77.045,27.821],[77.283,27.799],[77.352,27.652],[77.34,27.527],[77.438,27.456],[77.646,27.242],[77.658,27.17],[77.551,27.111],[77.661,26.971],[77.49,26.901],[77.398,26.831],[77.455,26.743],[77.348,26.711],[77.293,26.78],[77.097,26.863],[77.025,26.941],[77.011,27.043],[76.956,27.143],[77.054,27.158],[77.146,27.32],[77.071,27.395],[77.008,27.396],[77.036,27.514],[76.935,27.604],[76.977,27.654]]]}},{"type":"Feature","properties":{"state":"Uttar Pradesh","district":"Hathras","district_code":"IN-UP-HAT"},"geometry":{"type":"Polygon","coordinates":[[[77.9,27.579],[77.971,27.595],[78.023,27.668],[78.023,27.764],[78.135,27.773],[78.241,27.665],[78.371,27.748],[78.406,27.832],[78.475,27.808],[78.511,27.741],[78.516,27.67],[78.415,27.58],[78.332,27.583],[78.204,27.502],[78.198,27.407],[78.135,27.364],[77.982,27.326],[77.887,27.338],[77.9,27.579]]]}},{"type":"Feature","properties":{"state":"Rajasthan","district":"Nagaur","district_code":"IN-R-NAG"},"geometry":{"type":"Polygon","coordinates":[[[73.875,27.538],[73.908,27.489],[74.029,27.535],[74.081,27.478],[74.204,27.422],[74.196,27.499],[74.254,27.601],[74.341,27.682],[74.491,27.687],[74.627,27.649],[74.717,27.678],[74.762,27.565],[74.722,27.502],[74.86,27.45],[74.899,27.331],[75.035,27.355],[75.161,27.318],[75.069,27.216],[75.198,27.126],[75.315,27.144],[75.331,27.092],[75.217,27.081],[75.201,26.975],[75.161,26.933],[75.009,26.946],[74.974,26.891],[74.98,26.944],[74.852,26.979],[74.775,26.79],[74.697,26.775],[74.722,26.7],[74.67,26.596],[74.589,26.63],[74.462,26.487],[74.369,26.487],[74.291,26.449],[74.237,26.461],[74.159,26.41],[73.87,26.429],[73.766,26.535],[73.72,26.539],[73.652,26.715],[73.679,26.758],[73.593,26.864],[73.41,26.886],[73.324,26.854],[73.203,26.868],[73.121,26.941],[73.101,27.223],[73.133,27.308],[73.228,27.335],[73.259,27.26],[73.358,27.26],[73.486,27.357],[73.544,27.495],[73.705,27.52],[73.795,27.498],[73.875,27.538]]]}},{"type":"Feature","properties":{"state":"Uttar Pradesh","district":"Etah","district_code":"IN-UP-ETA"},"geometry":{"type":"Polygon","coordinates":[[[78.511,27.741],[78.6,27.771],[78.687,27.742],[78.696,27.686],[78.886,27.587],[78.952,27.575],[78.996,27.648],[79.076,27.558],[79.216,27.579],[79.273,27.514],[79.254,27.329],[79.069,27.418],[78.938,27.432],[78.887,27.473],[78.834,27.362],[78.718,27.344],[78.664,27.473],[78.597,27.509],[78.491,27.388],[78.387,27.362],[78.29,27.386],[78.198,27.407],[78.204,27.502],[78.332,27.583],[78.415,27.58],[78.516,27.67],[78.511,27.741]]]}},{"type":"Feature","properties":{"state":"Uttar Pradesh","district":"Hardoi","district_code":"IN-UP-HAR"},"geometry":{"type":"Polygon","coordinates":[[[80.06,27.76],[80.091,27.784],[80.253,27.757],[80.311,27.681],[80.325,27.522],[80.452,27.401],[80.518,27.268],[80.602,27.263],[80.693,27.216],[80.797,27.199],[80.826,27.102],[80.646,27.078],[80.55,27.014],[80.363,26.922],[80.308,27.026],[80.178,26.957],[80.115,26.995],[80.044,26.924],[80.013,26.956],[79.929,27.143],[79.805,27.172],[79.722,27.221],[79.687,27.378],[79.736,27.445],[79.738,27.506],[79.686,27.638],[79.765,27.714],[79.862,27.649],[79.966,27.733],[80.06,27.76]]]}},{"type":"Feature","properties":{"state":"Uttar Pradesh","district":"Farrukhabad","district_code":"IN-UP-FAR"},"geometry":{"type":"Polygon","coordinates":[[[79.184,27.714],[79.351,27.659],[79.591,27.598],[79.654,27.505],[79.736,27.445],[79.687,27.378],[79.722,27.221],[79.669,27.166],[79.519,27.209],[79.394,27.197],[79.316,27.243],[79.254,27.329],[79.273,27.514],[79.216,27.579],[79.129,27.635],[79.184,27.714]]]}},{"type":"Feature","properties":{"state":"Uttar Pradesh","district":"Firozabad","district_code":"IN-UP-FIR"},"geometry":{"type":"Polygon","coordinates":[[[78.29,27.386],[78.387,27.362],[78.491,27.388],[78.597,27.509],[78.664,27.473],[78.718,27.344],[78.725,27.195],[78.814,27.148],[78.764,27.052],[78.809,26.957],[78.739,26.92],[78.672,26.88],[78.453,27.008],[78.334,27.099],[78.228,27.095],[78.195,27.191],[78.236,27.313],[78.29,27.386]]]}},{"type":"Feature","properties":{"state":"Bihar","district":"West Champaran","district_code":"IN-B-WES"},"geometry":{"type":"Polygon","coordinates":[[[84.503,26.603],[84.419,26.632],[84.33,26.684],[84.259,26.805],[84.061,26.887],[84.05,27.044],[83.964,27.084],[83.993,27.175],[83.908,27.275],[83.862,27.335],[83.831,27.428],[84.016,27.437],[84.097,27.517],[84.258,27.451],[84.279,27.395],[84.62,27.34],[84.689,27.221],[84.642,27.048],[84.758,27.003],[84.678,26.913],[84.744,26.816],[84.727,26.743],[84.544,26.654],[84.503,26.603]]]}},{"type":"Feature","properties":{"state":"Uttar Pradesh","district":"Siddharthnagar","district_code":"IN-UP-SID"},"geometry":{"type":"Polygon","coordinates":[[[83.148,27.114],[83.12,27.1],[82.905,27.004],[82.793,27.048],[82.764,27.111],[82.585,27.104],[82.559,27.082],[82.457,27.151],[82.512,27.212],[82.493,27.359],[82.577,27.422],[82.715,27.401],[82.732,27.487],[82.929,27.5],[83.035,27.448],[83.189,27.454],[83.292,27.335],[83.166,27.225],[83.148,27.114]]]}},{"type":"Feature","properties":{"state":"Uttar Pradesh","district":"Mainpuri","district_code":"IN-UP-MAI"},"geometry":{"type":"Polygon","coordinates":[[[78.718,27.344],[78.834,27.362],[78.887,27.473],[78.938,27.432],[79.069,27.418],[79.254,27.329],[79.316,27.243],[79.394,27.197],[79.413,27.139],[79.381,26.988],[79.325,26.96],[79.18,27.006],[78.809,26.957],[78.764,27.052],[78.814,27.148],[78.725,27.195],[78.718,27.344]]]}},{"type":"Feature","properties":{"state":"Uttar Pradesh","district":"Maharajganj","district_code":"IN-UP-MAH"},"geometry":{"type":"Polygon","coordinates":[[[83.862,27.335],[83.908,27.275],[83.818,27.241],[83.801,27.11],[83.724,26.952],[83.625,26.956],[83.545,26.889],[83.438,26.959],[83.324,26.968],[83.389,27.082],[83.223,27.091],[83.148,27.114],[83.166,27.225],[83.292,27.335],[83.343,27.335],[83.409,27.414],[83.395,27.48],[83.614,27.469],[83.831,27.37],[83.862,27.335]]]}},{"type":"Feature","properties":{"state":"Uttar Pradesh","district":"Agra","district_code":"IN-UP-AGR"},"geometry":{"type":"Polygon","coordinates":[[[77.646,27.242],[77.741,27.241],[77.852,27.297],[77.929,27.265],[77.982,27.326],[78.135,27.364],[78.198,27.407],[78.29,27.386],[78.236,27.313],[78.195,27.191],[78.228,27.095],[78.334,27.099],[78.453,27.008],[78.672,26.88],[78.739,26.92],[78.854,26.812],[78.78,26.769],[78.545,26.764],[78.395,26.817],[78.358,26.869],[78.222,26.832],[78.271,26.92],[78.149,26.949],[78.111,26.896],[77.987,26.889],[77.76,26.933],[77.722,26.875],[77.525,26.819],[77.455,26.743],[77.398,26.831],[77.49,26.901],[77.661,26.971],[77.551,27.111],[77.658,27.17],[77.646,27.242]]]}},{"type":"Feature","properties":{"state":"Uttar Pradesh","district":"Gonda","district_code":"IN-UP-GON"},"geometry":{"type":"Polygon","coordinates":[[[81.515,27.084],[81.642,27.158],[81.664,27.234],[81.742,27.326],[81.814,27.265],[81.981,27.434],[82.074,27.401],[82.298,27.247],[82.229,27.169],[82.325,27.066],[82.421,27.085],[82.457,27.151],[82.559,27.082],[82.562,26.964],[82.489,26.904],[82.316,26.978],[82.23,26.868],[82.229,26.812],[82.192,26.836],[81.976,26.781],[81.892,26.827],[81.749,26.868],[81.723,26.926],[81.614,27.032],[81.515,27.084]]]}},{"type":"Feature","properties":{"state":"Uttar Pradesh","district":"Barabanki","district_code":"IN-UP-BARA"},"geometry":{"type":"Polygon","coordinates":[[[81.412,27.334],[81.437,27.179],[81.515,27.084],[81.614,27.032],[81.723,26.926],[81.749,26.868],[81.642,26.823],[81.559,26.641],[81.536,26.544],[81.382,26.59],[81.345,26.544],[81.181,26.607],[81.161,26.588],[81.216,26.707],[80.972,27.055],[81.011,27.142],[80.93,27.158],[80.969,27.239],[81.067,27.219],[81.112,27.275],[81.183,27.245],[81.258,27.335],[81.359,27.257],[81.412,27.334]]]}},{"type":"Feature","properties":{"state":"West Bengal","district":"Darjeeling","district_code":"IN-WB-DAR"},"geometry":{"type":"Polygon","coordinates":[[[88.038,27.22],[88.096,27.133],[88.154,27.11],[88.281,27.132],[88.425,27.071],[88.423,26.956],[88.479,26.88],[88.431,26.82],[88.449,26.703],[88.401,26.644],[88.333,26.497],[88.24,26.458],[88.11,26.548],[88.16,26.637],[88.186,26.772],[88.121,26.951],[87.992,27.109],[88.038,27.22]]]}},{"type":"Feature","properties":{"state":"Rajasthan","district":"Dausa","district_code":"IN-R-DAU"},"geometry":{"type":"Polygon","coordinates":[[[76.28,27.065],[76.455,27.076],[76.552,27.172],[76.646,27.164],[76.681,27.114],[76.823,27.132],[76.867,27.23],[76.956,27.143],[77.011,27.043],[77.025,26.941],[77.097,26.863],[76.951,26.872],[76.901,26.971],[76.796,26.985],[76.773,26.891],[76.614,26.783],[76.536,26.781],[76.474,26.717],[76.403,26.566],[76.477,26.5],[76.412,26.416],[76.323,26.457],[76.175,26.486],[76.153,26.522],[76.182,26.612],[76.144,26.695],[76.204,26.801],[76.26,26.834],[76.217,26.909],[76.239,27.014],[76.28,27.065]]]}},{"type":"Feature","properties":{"state":"Uttar Pradesh","district":"Kushinagar","district_code":"IN-UP-KUS"},"geometry":{"type":"Polygon","coordinates":[[[83.908,27.275],[83.993,27.175],[83.964,27.084],[84.05,27.044],[84.061,26.887],[84.259,26.805],[84.33,26.684],[84.419,26.632],[84.281,26.6],[84.113,26.63],[84.052,26.552],[83.84,26.759],[83.77,26.7],[83.628,26.662],[83.622,26.754],[83.524,26.853],[83.545,26.889],[83.625,26.956],[83.724,26.952],[83.801,27.11],[83.818,27.241],[83.908,27.275]]]}},{"type":"Feature","properties":{"state":"Uttar Pradesh","district":"Kannauj","district_code":"IN-UP-KAN"},"geometry":{"type":"Polygon","coordinates":[[[79.722,27.221],[79.805,27.172],[79.929,27.143],[80.013,26.956],[79.941,26.94],[79.897,26.817],[79.842,26.773],[79.756,26.794],[79.6,26.893],[79.496,26.882],[79.436,26.941],[79.346,26.93],[79.325,26.96],[79.381,26.988],[79.413,27.139],[79.394,27.197],[79.519,27.209],[79.669,27.166],[79.722,27.221]]]}},{"type":"Feature","properties":{"state":"Uttar Pradesh","district":"Lucknow","district_code":"IN-UP-LUC"},"geometry":{"type":"Polygon","coordinates":[[[80.826,27.102],[80.93,27.158],[81.011,27.142],[80.972,27.055],[81.216,26.707],[81.161,26.588],[81.048,26.505],[80.999,26.533],[80.842,26.666],[80.793,26.645],[80.719,26.702],[80.721,26.801],[80.628,26.879],[80.6,26.986],[80.55,27.014],[80.646,27.078],[80.826,27.102]]]}},{"type":"Feature","properties":{"state":"West Bengal","district":"Jalpaiguri","district_code":"IN-WB-JAL"},"geometry":{"type":"Polygon","coordinates":[[[88.401,26.644],[88.449,26.703],[88.431,26.82],[88.479,26.88],[88.602,26.88],[88.664,26.926],[88.76,26.926],[88.789,26.992],[88.868,26.966],[88.92,26.995],[89.089,26.889],[89.09,26.841],[89.043,26.632],[89.105,26.593],[89.119,26.524],[88.962,26.538],[88.927,26.453],[88.76,26.329],[88.702,26.387],[88.531,26.479],[88.42,26.563],[88.401,26.644]]]}},{"type":"Feature","properties":{"state":"Uttar Pradesh","district":"Basti","district_code":"IN-UP-BAS"},"geometry":{"type":"Polygon","coordinates":[[[82.559,27.082],[82.585,27.104],[82.764,27.111],[82.793,27.048],[82.905,27.004],[82.869,26.94],[82.886,26.779],[82.978,26.707],[82.894,26.61],[82.819,26.568],[82.712,26.555],[82.663,26.604],[82.577,26.604],[82.473,26.652],[82.392,26.652],[82.282,26.737],[82.229,26.812],[82.23,26.868],[82.316,26.978],[82.489,26.904],[82.562,26.964],[82.559,27.082]]]}},{"type":"Feature","properties":{"state":"Uttar Pradesh","district":"Gorakhpur","district_code":"IN-UP-GOR"},"geometry":{"type":"Polygon","coordinates":[[[83.12,27.1],[83.148,27.114],[83.223,27.091],[83.389,27.082],[83.324,26.968],[83.438,26.959],[83.545,26.889],[83.524,26.853],[83.622,26.754],[83.628,26.662],[83.6,26.515],[83.496,26.493],[83.506,26.417],[83.623,26.321],[83.629,26.219],[83.535,26.274],[83.467,26.276],[83.418,26.274],[83.337,26.35],[83.229,26.395],[83.132,26.385],[83.071,26.41],[83.155,26.539],[83.111,26.619],[83.097,26.806],[83.152,26.872],[83.217,26.882],[83.224,26.981],[83.12,27.1]]]}},{"type":"Feature","properties":{"state":"Uttar Pradesh","district":"Sant Kabir Nagar","district_code":"IN-UP-SAN"},"geometry":{"type":"Polygon","coordinates":[[[82.905,27.004],[83.12,27.1],[83.224,26.981],[83.217,26.882],[83.152,26.872],[83.097,26.806],[83.111,26.619],[83.155,26.539],[83.071,26.41],[83.019,26.475],[82.9,26.515],[82.819,26.568],[82.894,26.61],[82.978,26.707],[82.886,26.779],[82.869,26.94],[82.905,27.004]]]}},{"type":"Feature","properties":{"state":"Rajasthan","district":"Karauli","district_code":"IN-R-KAR"},"geometry":{"type":"Polygon","coordinates":[[[77.097,26.863],[77.293,26.78],[77.348,26.711],[77.377,26.619],[77.228,26.53],[77.256,26.432],[77.332,26.432],[77.375,26.365],[77.271,26.267],[77.12,26.214],[76.999,26.13],[76.901,26.093],[76.852,26.032],[76.702,26.181],[76.577,26.215],[76.601,26.336],[76.869,26.509],[76.97,26.552],[76.981,26.603],[76.916,26.684],[76.831,26.652],[76.757,26.568],[76.474,26.717],[76.536,26.781],[76.614,26.783],[76.773,26.891],[76.796,26.985],[76.901,26.971],[76.951,26.872],[77.097,26.863]]]}},{"type":"Feature","properties":{"state":"Bihar","district":"East Champaran","district_code":"IN-B-EAS"},"geometry":{"type":"Polygon","coordinates":[[[84.503,26.603],[84.544,26.654],[84.727,26.743],[84.744,26.816],[84.678,26.913],[84.758,27.003],[84.824,27.021],[84.961,26.96],[85.03,26.875],[85.192,26.869],[85.179,26.798],[85.255,26.754],[85.266,26.647],[85.261,26.588],[85.179,26.487],[85.29,26.354],[85.287,26.352],[85.281,26.35],[85.2,26.285],[85.045,26.342],[84.902,26.326],[84.865,26.26],[84.651,26.467],[84.591,26.438],[84.51,26.533],[84.503,26.603]]]}},{"type":"Feature","properties":{"state":"Uttar Pradesh","district":"Unnao","district_code":"IN-UP-UNN"},"geometry":{"type":"Polygon","coordinates":[[[80.044,26.924],[80.115,26.995],[80.178,26.957],[80.308,27.026],[80.363,26.922],[80.55,27.014],[80.6,26.986],[80.628,26.879],[80.721,26.801],[80.719,26.702],[80.793,26.645],[80.842,26.666],[80.999,26.533],[81.01,26.424],[81.05,26.376],[80.819,26.201],[80.693,26.161],[80.674,26.123],[80.591,26.177],[80.591,26.232],[80.518,26.358],[80.31,26.542],[80.247,26.688],[80.164,26.714],[80.117,26.777],[80.143,26.86],[80.044,26.924]]]}},{"type":"Feature","properties":{"state":"Uttar Pradesh","district":"Etawah","district_code":"IN-UP-ETAW"},"geometry":{"type":"Polygon","coordinates":[[[78.739,26.92],[78.809,26.957],[79.18,27.006],[79.325,26.96],[79.346,26.93],[79.319,26.659],[79.219,26.564],[79.27,26.48],[79.215,26.436],[79.135,26.44],[78.99,26.579],[79.007,26.671],[78.872,26.698],[78.78,26.769],[78.854,26.812],[78.739,26.92]]]}},{"type":"Feature","properties":{"state":"Rajasthan","district":"Dholpur","district_code":"IN-R-DHO"},"geometry":{"type":"Polygon","coordinates":[[[77.348,26.711],[77.455,26.743],[77.525,26.819],[77.722,26.875],[77.76,26.933],[77.987,26.889],[78.111,26.896],[78.149,26.949],[78.271,26.92],[78.222,26.832],[78.112,26.795],[78.089,26.676],[78.001,26.695],[77.904,26.659],[77.823,26.55],[77.745,26.538],[77.539,26.412],[77.438,26.403],[77.375,26.365],[77.332,26.432],[77.256,26.432],[77.228,26.53],[77.377,26.619],[77.348,26.711]]]}},{"type":"Feature","properties":{"state":"Uttar Pradesh","district":"Kanpur Nagar","district_code":"IN-UP-KANP"},"geometry":{"type":"Polygon","coordinates":[[[80.013,26.956],[80.044,26.924],[80.143,26.86],[80.117,26.777],[80.164,26.714],[80.247,26.688],[80.31,26.542],[80.518,26.358],[80.591,26.232],[80.325,26.115],[80.255,26.046],[80.236,25.926],[80.085,25.998],[80.112,26.046],[79.956,26.078],[79.962,26.149],[80.008,26.26],[80.177,26.344],[80.12,26.465],[80.175,26.504],[80.134,26.571],[80.022,26.61],[80.004,26.698],[79.897,26.817],[79.941,26.94],[80.013,26.956]]]}},{"type":"Feature","properties":{"state":"Uttar Pradesh","district":"Auraiya","district_code":"IN-UP-AUR"},"geometry":{"type":"Polygon","coordinates":[[[79.346,26.93],[79.436,26.941],[79.496,26.882],[79.6,26.893],[79.756,26.794],[79.718,26.658],[79.64,26.607],[79.599,26.467],[79.507,26.365],[79.473,26.432],[79.325,26.398],[79.215,26.436],[79.27,26.48],[79.219,26.564],[79.319,26.659],[79.346,26.93]]]}},{"type":"Feature","properties":{"state":"Madhya Pradesh","district":"Morena","district_code":"IN-MP-MOR"},"geometry":{"type":"Polygon","coordinates":[[[78.222,26.832],[78.358,26.869],[78.395,26.817],[78.545,26.764],[78.494,26.67],[78.368,26.571],[78.216,26.53],[78.293,26.405],[78.257,26.329],[78.15,26.342],[78.028,26.309],[78.011,26.273],[77.815,26.255],[77.744,26.161],[77.728,26.046],[77.669,25.968],[77.696,25.902],[77.643,25.899],[77.649,25.962],[77.426,26.123],[77.314,26.142],[77.253,26.087],[77.12,26.214],[77.271,26.267],[77.375,26.365],[77.438,26.403],[77.539,26.412],[77.745,26.538],[77.823,26.55],[77.904,26.659],[78.001,26.695],[78.089,26.676],[78.112,26.795],[78.222,26.832]]]}},{"type":"Feature","properties":{"state":"Rajasthan","district":"Barmer","district_code":"IN-R-BAR"},"geometry":{"type":"Polygon","coordinates":[[[70.14,26.156],[70.362,26.142],[70.431,26.175],[70.654,26.196],[70.741,26.141],[70.867,26.131],[70.94,26.079],[71.05,26.139],[71.011,26.28],[71.075,26.322],[71.141,26.309],[71.212,26.443],[71.283,26.467],[71.327,26.421],[71.436,26.497],[71.488,26.457],[71.573,26.506],[71.635,26.405],[71.787,26.347],[71.838,26.374],[71.893,26.298],[72.064,26.351],[72.268,26.197],[72.343,26.245],[72.411,26.237],[72.459,26.3],[72.595,26.278],[72.69,26.186],[72.694,26.038],[72.621,25.974],[72.835,25.864],[72.778,25.804],[72.76,25.724],[72.687,25.669],[72.676,25.613],[72.59,25.609],[72.561,25.53],[72.422,25.44],[72.336,25.44],[72.321,25.389],[72.032,25.474],[71.916,25.346],[71.946,25.316],[71.846,25.199],[71.79,25.078],[71.737,25.068],[71.682,24.986],[71.635,25.034],[71.555,24.982],[71.505,25.009],[71.339,24.939],[71.327,24.843],[71.188,24.651],[71.112,24.675],[70.937,24.939],[70.888,25.148],[70.751,25.277],[70.665,25.397],[70.674,25.676],[70.608,25.715],[70.53,25.683],[70.387,25.673],[70.269,25.713],[70.099,25.939],[70.084,26.083],[70.14,26.156]]]}},{"type":"Feature","properties":{"state":"Uttar Pradesh","district":"Ayodhya","district_code":"IN-UP-AYO"},"geometry":{"type":"Polygon","coordinates":[[[81.749,26.868],[81.892,26.827],[81.976,26.781],[82.192,26.836],[82.229,26.812],[82.282,26.737],[82.392,26.652],[82.473,26.652],[82.428,26.546],[82.336,26.578],[82.253,26.421],[82.223,26.41],[82.097,26.478],[81.94,26.508],[81.698,26.544],[81.642,26.64],[81.559,26.641],[81.642,26.823],[81.749,26.868]]]}},{"type":"Feature","properties":{"state":"Uttar Pradesh","district":"Kanpur Dehat","district_code":"IN-UP-KANPU"},"geometry":{"type":"Polygon","coordinates":[[[79.756,26.794],[79.842,26.773],[79.897,26.817],[80.004,26.698],[80.022,26.61],[80.134,26.571],[80.175,26.504],[80.12,26.465],[80.177,26.344],[80.008,26.26],[79.962,26.149],[79.917,26.09],[79.782,26.111],[79.762,26.183],[79.649,26.211],[79.553,26.27],[79.507,26.365],[79.599,26.467],[79.64,26.607],[79.718,26.658],[79.756,26.794]]]}},{"type":"Feature","properties":{"state":"Madhya Pradesh","district":"Bhind","district_code":"IN-MP-BHI"},"geometry":{"type":"Polygon","coordinates":[[[78.545,26.764],[78.78,26.769],[78.872,26.698],[79.007,26.671],[78.99,26.579],[79.135,26.44],[79.138,26.339],[78.994,26.197],[79.011,26.083],[78.949,26.028],[78.938,25.952],[78.886,25.913],[78.805,25.944],[78.773,26.018],[78.845,26.112],[78.79,26.223],[78.696,26.218],[78.627,26.157],[78.412,26.296],[78.291,26.348],[78.257,26.329],[78.293,26.405],[78.216,26.53],[78.368,26.571],[78.494,26.67],[78.545,26.764]]]}},{"type":"Feature","properties":{"state":"Rajasthan","district":"Sawai Madhopur","district_code":"IN-R-SAW"},"geometry":{"type":"Polygon","coordinates":[[[76.175,26.486],[76.323,26.457],[76.412,26.416],[76.477,26.5],[76.403,26.566],[76.474,26.717],[76.757,26.568],[76.831,26.652],[76.916,26.684],[76.981,26.603],[76.97,26.552],[76.869,26.509],[76.601,26.336],[76.577,26.215],[76.702,26.181],[76.852,26.032],[76.788,25.944],[76.716,25.902],[76.643,25.908],[76.546,25.838],[76.477,25.841],[76.442,25.774],[76.357,25.741],[76.312,25.814],[76.21,25.86],[76.24,26.023],[76.095,26.001],[76.088,26.104],[75.994,26.116],[75.99,26.222],[76.101,26.241],[76.175,26.486]]]}},{"type":"Feature","properties":{"state":"Uttar Pradesh","district":"Deoria","district_code":"IN-UP-DEO"},"geometry":{"type":"Polygon","coordinates":[[[83.628,26.662],[83.77,26.7],[83.84,26.759],[84.052,26.552],[83.915,26.502],[83.908,26.447],[84.157,26.376],[84.177,26.265],[84.087,26.219],[84.056,26.1],[83.906,26.123],[83.859,26.185],[83.834,26.233],[83.743,26.266],[83.629,26.219],[83.623,26.321],[83.506,26.417],[83.496,26.493],[83.6,26.515],[83.628,26.662]]]}},{"type":"Feature","properties":{"state":"Bihar","district":"Sitamarhi","district_code":"IN-B-SIT"},"geometry":{"type":"Polygon","coordinates":[[[85.266,26.647],[85.255,26.754],[85.334,26.742],[85.544,26.838],[85.643,26.853],[85.729,26.809],[85.723,26.674],[85.816,26.6],[85.825,26.541],[85.767,26.436],[85.706,26.445],[85.705,26.303],[85.504,26.381],[85.461,26.302],[85.376,26.337],[85.36,26.506],[85.402,26.515],[85.318,26.662],[85.266,26.647]]]}},{"type":"Feature","properties":{"state":"Rajasthan","district":"Tonk","district_code":"IN-R-TON"},"geometry":{"type":"Polygon","coordinates":[[[75.167,26.464],[75.202,26.517],[75.327,26.561],[75.366,26.489],[75.454,26.497],[75.569,26.449],[75.708,26.446],[75.814,26.52],[76.008,26.5],[76.101,26.538],[76.153,26.522],[76.175,26.486],[76.101,26.241],[75.99,26.222],[75.994,26.116],[76.088,26.104],[76.095,26.001],[76.24,26.023],[76.21,25.86],[76.312,25.814],[76.138,25.785],[76.045,25.812],[76.052,25.863],[75.863,25.875],[75.766,25.82],[75.754,25.757],[75.655,25.749],[75.615,25.68],[75.459,25.723],[75.401,25.775],[75.317,25.767],[75.305,25.86],[75.246,25.939],[75.35,26.012],[75.303,26.071],[75.187,26.116],[75.112,26.288],[75.129,26.403],[75.167,26.464]]]}},{"type":"Feature","properties":{"state":"Bihar","district":"Sheohar","district_code":"IN-B-SHE"},"geometry":{"type":"Polygon","coordinates":[[[85.29,26.354],[85.179,26.487],[85.261,26.588],[85.266,26.647],[85.318,26.662],[85.402,26.515],[85.36,26.506],[85.376,26.337],[85.29,26.354]]]}},{"type":"Feature","properties":{"state":"Uttar Pradesh","district":"Sultanpur","district_code":"IN-UP-SUL"},"geometry":{"type":"Polygon","coordinates":[[[81.94,26.508],[82.097,26.478],[82.223,26.41],[82.379,26.38],[82.398,26.3],[82.55,26.288],[82.678,26.256],[82.678,26.152],[82.579,26.186],[82.435,26.098],[82.434,26.006],[82.359,26.005],[82.242,26.057],[82.198,26.018],[82.1,26.072],[82.048,26.058],[82.05,26.149],[81.853,26.284],[81.882,26.388],[81.949,26.42],[81.94,26.508]]]}},{"type":"Feature","properties":{"state":"Rajasthan","district":"Pali","district_code":"IN-R-PAL"},"geometry":{"type":"Polygon","coordinates":[[[72.835,25.864],[72.959,25.9],[73.043,25.965],[73.052,26.014],[73.162,26.032],[73.193,26.069],[73.307,26.031],[73.34,26.116],[73.402,26.161],[73.463,26.084],[73.627,26.145],[73.655,26.069],[73.811,26.111],[73.811,26.357],[73.87,26.429],[74.159,26.41],[74.237,26.461],[74.291,26.449],[74.304,26.329],[74.251,26.287],[74.367,26.192],[74.181,26.032],[74.127,25.961],[74.107,25.856],[74.054,25.83],[73.996,25.866],[73.907,25.741],[73.908,25.684],[73.864,25.65],[73.742,25.393],[73.61,25.286],[73.593,25.194],[73.488,25.104],[73.408,25.088],[73.344,25.011],[73.33,24.906],[73.21,24.785],[73.147,24.748],[73.148,24.846],[72.992,24.921],[72.997,24.961],[73.109,25.04],[73.138,25.097],[73.0,25.1],[72.95,25.143],[72.936,25.242],[72.973,25.335],[73.092,25.467],[73.054,25.557],[72.936,25.636],[72.89,25.737],[72.778,25.804],[72.835,25.864]]]}},{"type":"Feature","properties":{"state":"Bihar","district":"Gopalganj","district_code":"IN-B-GOP"},"geometry":{"type":"Polygon","coordinates":[[[84.419,26.632],[84.503,26.603],[84.51,26.533],[84.591,26.438],[84.651,26.467],[84.865,26.26],[84.897,26.215],[84.766,26.21],[84.654,26.299],[84.363,26.369],[84.267,26.31],[84.157,26.376],[83.908,26.447],[83.915,26.502],[84.052,26.552],[84.113,26.63],[84.281,26.6],[84.419,26.632]]]}},{"type":"Feature","properties":{"state":"Uttar Pradesh","district":"Ambedkar Nagar","district_code":"IN-UP-AMB"},"geometry":{"type":"Polygon","coordinates":[[[82.473,26.652],[82.577,26.604],[82.663,26.604],[82.712,26.555],[82.819,26.568],[82.9,26.515],[83.019,26.475],[83.071,26.41],[83.132,26.385],[83.11,26.284],[83.064,26.28],[82.935,26.41],[82.882,26.383],[82.886,26.245],[82.822,26.188],[82.678,26.256],[82.55,26.288],[82.398,26.3],[82.379,26.38],[82.223,26.41],[82.253,26.421],[82.336,26.578],[82.428,26.546],[82.473,26.652]]]}},{"type":"Feature","properties":{"state":"Uttar Pradesh","district":"Rae Bareli","district_code":"IN-UP-RAE"},"geometry":{"type":"Polygon","coordinates":[[[81.161,26.588],[81.181,26.607],[81.345,26.544],[81.408,26.315],[81.357,26.278],[81.374,26.189],[81.339,26.047],[81.307,26.018],[81.446,25.935],[81.333,25.87],[81.339,25.811],[81.219,25.866],[81.216,25.94],[81.063,26.001],[81.015,26.075],[80.875,26.056],[80.674,26.123],[80.693,26.161],[80.819,26.201],[81.05,26.376],[81.01,26.424],[80.999,26.533],[81.048,26.505],[81.161,26.588]]]}},{"type":"Feature","properties":{"state":"Uttar Pradesh","district":"Jalaun","district_code":"IN-UP-JAL"},"geometry":{"type":"Polygon","coordinates":[[[79.135,26.44],[79.215,26.436],[79.325,26.398],[79.473,26.432],[79.507,26.365],[79.553,26.27],[79.649,26.211],[79.762,26.183],[79.782,26.111],[79.917,26.09],[79.955,26.024],[79.866,25.936],[79.871,25.882],[79.785,25.863],[79.748,25.908],[79.611,25.897],[79.551,25.822],[79.498,25.858],[79.398,25.789],[79.325,25.767],[79.212,25.789],[79.039,25.869],[78.938,25.952],[78.949,26.028],[79.011,26.083],[78.994,26.197],[79.138,26.339],[79.135,26.44]]]}},{"type":"Feature","properties":{"state":"Uttar Pradesh","district":"Azamgarh","district_code":"IN-UP-AZA"},"geometry":{"type":"Polygon","coordinates":[[[83.132,26.385],[83.229,26.395],[83.337,26.35],[83.418,26.274],[83.467,26.276],[83.409,26.168],[83.418,26.111],[83.319,26.049],[83.296,25.946],[83.348,25.819],[83.218,25.759],[83.188,25.677],[83.067,25.653],[82.983,25.68],[82.899,25.775],[82.825,25.77],[82.755,25.837],[82.773,25.896],[82.678,26.152],[82.678,26.256],[82.822,26.188],[82.886,26.245],[82.882,26.383],[82.935,26.41],[83.064,26.28],[83.11,26.284],[83.132,26.385]]]}},{"type":"Feature","properties":{"state":"Madhya Pradesh","district":"Gwalior","district_code":"IN-MP-GWA"},"geometry":{"type":"Polygon","coordinates":[[[77.696,25.902],[77.669,25.968],[77.728,26.046],[77.744,26.161],[77.815,26.255],[78.011,26.273],[78.028,26.309],[78.15,26.342],[78.257,26.329],[78.291,26.348],[78.412,26.296],[78.627,26.157],[78.585,26.006],[78.482,25.962],[78.473,25.91],[78.331,25.833],[78.296,25.786],[78.215,25.738],[78.054,25.709],[77.916,25.754],[77.696,25.902]]]}},{"type":"Feature","properties":{"state":"Madhya Pradesh","district":"Sheopur","district_code":"IN-MP-SHE"},"geometry":{"type":"Polygon","coordinates":[[[76.852,26.032],[76.901,26.093],[76.999,26.13],[77.12,26.214],[77.253,26.087],[77.314,26.142],[77.426,26.123],[77.649,25.962],[77.643,25.899],[77.522,25.851],[77.424,25.892],[77.409,25.812],[77.329,25.79],[77.277,25.72],[77.3,25.535],[77.179,25.511],[77.083,25.337],[76.945,25.284],[76.857,25.332],[76.762,25.32],[76.67,25.349],[76.594,25.408],[76.516,25.528],[76.503,25.671],[76.546,25.838],[76.643,25.908],[76.716,25.902],[76.788,25.944],[76.852,26.032]]]}},{"type":"Feature","properties":{"state":"Uttar Pradesh","district":"Mau","district_code":"IN-UP-MAU"},"geometry":{"type":"Polygon","coordinates":[[[83.467,26.276],[83.535,26.274],[83.629,26.219],[83.743,26.266],[83.834,26.233],[83.859,26.185],[83.795,26.108],[83.681,26.073],[83.677,26.012],[83.788,25.977],[83.798,25.903],[83.721,25.856],[83.646,25.9],[83.348,25.819],[83.296,25.946],[83.319,26.049],[83.418,26.111],[83.409,26.168],[83.467,26.276]]]}},{"type":"Feature","properties":{"state":"Uttar Pradesh","district":"Fatehpur","district_code":"IN-UP-FAT"},"geometry":{"type":"Polygon","coordinates":[[[80.591,26.232],[80.591,26.177],[80.674,26.123],[80.875,26.056],[81.015,26.075],[81.063,26.001],[81.216,25.94],[81.219,25.866],[81.339,25.811],[81.227,25.715],[81.207,25.598],[81.261,25.548],[81.193,25.448],[81.189,25.491],[81.019,25.547],[80.955,25.609],[80.932,25.693],[80.839,25.726],[80.724,25.682],[80.573,25.717],[80.522,25.774],[80.553,25.871],[80.406,25.914],[80.346,25.899],[80.236,25.926],[80.255,26.046],[80.325,26.115],[80.591,26.232]]]}},{"type":"Feature","properties":{"state":"Uttar Pradesh","district":"Ballia","district_code":"IN-UP-BAL"},"geometry":{"type":"Polygon","coordinates":[[[83.859,26.185],[83.906,26.123],[84.056,26.1],[84.296,25.946],[84.354,25.959],[84.472,25.882],[84.625,25.792],[84.6,25.732],[84.558,25.68],[84.336,25.743],[84.319,25.668],[84.206,25.669],[84.14,25.731],[84.074,25.695],[84.081,25.636],[83.931,25.558],[83.954,25.749],[83.821,25.786],[83.721,25.856],[83.798,25.903],[83.788,25.977],[83.677,26.012],[83.681,26.073],[83.795,26.108],[83.859,26.185]]]}},{"type":"Feature","properties":{"state":"Uttar Pradesh","district":"Jaunpur","district_code":"IN-UP-JAU"},"geometry":{"type":"Polygon","coordinates":[[[82.434,26.006],[82.435,26.098],[82.579,26.186],[82.678,26.152],[82.773,25.896],[82.755,25.837],[82.825,25.77],[82.899,25.775],[82.983,25.68],[83.067,25.653],[83.071,25.548],[83.021,25.577],[82.941,25.532],[82.874,25.566],[82.739,25.547],[82.694,25.394],[82.62,25.394],[82.516,25.441],[82.443,25.518],[82.33,25.533],[82.224,25.59],[82.151,25.673],[82.187,25.708],[82.218,25.84],[82.279,25.842],[82.354,25.904],[82.369,25.983],[82.434,26.006]]]}},{"type":"Feature","properties":{"state":"Rajasthan","district":"Bhilwara","district_code":"IN-R-BHI"},"geometry":{"type":"Polygon","coordinates":[[[75.317,25.767],[75.401,25.775],[75.459,25.723],[75.43,25.624],[75.358,25.537],[75.363,25.482],[75.285,25.403],[75.341,25.323],[75.445,25.264],[75.447,25.155],[75.402,25.103],[75.451,25.049],[75.352,25.019],[75.191,25.037],[75.204,25.09],[74.96,25.14],[74.91,25.177],[74.795,25.152],[74.713,25.205],[74.615,25.141],[74.509,25.183],[74.387,25.181],[74.263,25.066],[74.188,25.057],[74.165,25.126],[74.048,25.238],[74.022,25.348],[74.127,25.647],[74.107,25.723],[74.196,25.739],[74.182,25.848],[74.193,25.853],[74.226,25.844],[74.285,25.884],[74.389,25.963],[74.43,25.93],[74.616,25.904],[74.708,25.921],[74.8,25.874],[74.901,25.882],[75.017,25.859],[75.037,25.786],[75.107,25.697],[75.159,25.724],[75.251,25.686],[75.317,25.767]]]}},{"type":"Feature","properties":{"state":"Bihar","district":"Samastipur","district_code":"IN-B-SAM"},"geometry":{"type":"Polygon","coordinates":[[[86.391,25.719],[86.293,25.638],[86.182,25.665],[86.177,25.713],[86.084,25.745],[85.998,25.682],[85.844,25.645],[85.735,25.525],[85.651,25.462],[85.544,25.484],[85.527,25.539],[85.57,25.688],[85.611,25.71],[85.61,25.855],[85.645,25.917],[85.633,25.955],[85.712,26.089],[85.72,26.047],[85.868,26.028],[85.89,25.995],[86.093,25.897],[86.24,25.881],[86.224,25.776],[86.391,25.719]]]}},{"type":"Feature","properties":{"state":"Rajasthan","district":"Jalore","district_code":"IN-R-JAL"},"geometry":{"type":"Polygon","coordinates":[[[71.188,24.651],[71.327,24.843],[71.339,24.939],[71.505,25.009],[71.555,24.982],[71.635,25.034],[71.682,24.986],[71.737,25.068],[71.79,25.078],[71.846,25.199],[71.946,25.316],[71.916,25.346],[72.032,25.474],[72.321,25.389],[72.336,25.44],[72.422,25.44],[72.561,25.53],[72.59,25.609],[72.676,25.613],[72.687,25.669],[72.76,25.724],[72.778,25.804],[72.89,25.737],[72.936,25.636],[73.054,25.557],[73.092,25.467],[72.973,25.335],[72.936,25.242],[72.83,25.284],[72.648,25.016],[72.479,24.871],[72.491,24.759],[72.373,24.766],[72.312,24.674],[72.335,24.633],[72.165,24.622],[72.058,24.712],[71.919,24.673],[71.792,24.677],[71.656,24.64],[71.609,24.677],[71.479,24.679],[71.378,24.626],[71.287,24.616],[71.188,24.651]]]}},{"type":"Feature","properties":{"state":"Rajasthan","district":"Bundi","district_code":"IN-R-BUN"},"geometry":{"type":"Polygon","coordinates":[[[76.312,25.814],[76.357,25.741],[76.299,25.698],[76.286,25.546],[76.205,25.486],[76.156,25.36],[75.936,25.287],[75.724,25.176],[75.743,25.111],[75.639,25.015],[75.58,25.049],[75.537,25.015],[75.451,25.049],[75.402,25.103],[75.447,25.155],[75.445,25.264],[75.341,25.323],[75.285,25.403],[75.363,25.482],[75.358,25.537],[75.43,25.624],[75.459,25.723],[75.615,25.68],[75.655,25.749],[75.754,25.757],[75.766,25.82],[75.863,25.875],[76.052,25.863],[76.045,25.812],[76.138,25.785],[76.312,25.814]]]}},{"type":"Feature","properties":{"state":"Bihar","district":"Katihar","district_code":"IN-B-KAT"},"geometry":{"type":"Polygon","coordinates":[[[88.067,25.484],[87.96,25.539],[87.867,25.497],[87.767,25.416],[87.784,25.341],[87.847,25.298],[87.818,25.242],[87.763,25.265],[87.711,25.258],[87.693,25.312],[87.552,25.331],[87.367,25.409],[87.229,25.376],[87.217,25.456],[87.269,25.562],[87.241,25.697],[87.414,25.675],[87.65,25.683],[87.685,25.748],[87.83,25.787],[87.827,25.891],[87.893,25.866],[87.968,25.726],[88.05,25.701],[88.021,25.596],[88.067,25.484]]]}},{"type":"Feature","properties":{"state":"Uttar Pradesh","district":"Jhansi","district_code":"IN-UP-JHA"},"geometry":{"type":"Polygon","coordinates":[[[78.886,25.913],[78.938,25.952],[79.039,25.869],[79.212,25.789],[79.325,25.767],[79.398,25.789],[79.355,25.645],[79.394,25.519],[79.28,25.324],[79.264,25.273],[79.279,25.243],[79.293,25.184],[79.305,25.18],[79.323,25.15],[79.245,25.114],[79.131,25.11],[79.063,25.222],[78.93,25.207],[78.88,25.158],[78.871,25.187],[78.961,25.345],[78.88,25.386],[78.942,25.492],[78.884,25.515],[78.731,25.458],[78.774,25.353],[78.66,25.383],[78.513,25.276],[78.559,25.213],[78.447,25.122],[78.39,25.206],[78.345,25.328],[78.34,25.416],[78.34,25.433],[78.355,25.452],[78.395,25.444],[78.416,25.477],[78.42,25.532],[78.452,25.572],[78.658,25.559],[78.718,25.605],[78.811,25.62],[78.764,25.72],[78.886,25.913]]]}},{"type":"Feature","properties":{"state":"Madhya Pradesh","district":"Shivpuri","district_code":"IN-MP-SHI"},"geometry":{"type":"Polygon","coordinates":[[[77.643,25.899],[77.696,25.902],[77.916,25.754],[78.054,25.709],[78.215,25.738],[78.296,25.786],[78.248,25.721],[78.377,25.658],[78.452,25.572],[78.42,25.532],[78.416,25.477],[78.395,25.444],[78.355,25.452],[78.34,25.433],[78.34,25.416],[78.345,25.328],[78.39,25.206],[78.34,25.222],[78.293,25.129],[78.374,25.099],[78.337,25.085],[78.335,25.068],[78.346,25.012],[78.172,24.876],[78.19,24.842],[78.112,24.836],[77.971,24.884],[78.017,24.956],[77.831,25.001],[77.739,24.857],[77.676,24.864],[77.595,24.927],[77.565,24.872],[77.479,24.876],[77.452,24.928],[77.37,24.926],[77.312,25.081],[77.393,25.119],[77.412,25.224],[77.367,25.411],[77.314,25.431],[77.234,25.379],[77.224,25.319],[77.083,25.337],[77.179,25.511],[77.3,25.535],[77.277,25.72],[77.329,25.79],[77.409,25.812],[77.424,25.892],[77.522,25.851],[77.643,25.899]]]}},{"type":"Feature","properties":{"state":"Rajasthan","district":"Kota","district_code":"IN-R-KOT"},"geometry":{"type":"Polygon","coordinates":[[[76.357,25.741],[76.442,25.774],[76.477,25.841],[76.546,25.838],[76.503,25.671],[76.516,25.528],[76.594,25.408],[76.552,25.422],[76.323,25.382],[76.285,25.25],[76.196,25.125],[76.302,24.96],[76.393,24.985],[76.47,24.932],[76.441,24.831],[76.358,24.871],[76.065,24.743],[76.074,24.572],[75.921,24.543],[75.824,24.667],[75.785,24.762],[75.812,24.871],[75.75,24.886],[75.584,25.024],[75.537,25.015],[75.58,25.049],[75.639,25.015],[75.743,25.111],[75.724,25.176],[75.936,25.287],[76.156,25.36],[76.205,25.486],[76.286,25.546],[76.299,25.698],[76.357,25.741]]]}},{"type":"Feature","properties":{"state":"Uttar Pradesh","district":"Banda","district_code":"IN-UP-BAN"},"geometry":{"type":"Polygon","coordinates":[[[80.346,25.899],[80.406,25.914],[80.553,25.871],[80.522,25.774],[80.573,25.717],[80.724,25.682],[80.839,25.726],[80.932,25.693],[80.955,25.609],[81.019,25.547],[81.025,25.506],[80.883,25.415],[80.837,25.35],[80.692,25.269],[80.715,25.066],[80.592,25.09],[80.501,25.041],[80.478,24.976],[80.401,25.07],[80.342,25.013],[80.264,25.024],[80.291,25.059],[80.352,25.123],[80.43,25.174],[80.404,25.243],[80.311,25.286],[80.316,25.389],[80.221,25.397],[80.105,25.35],[80.143,25.459],[80.215,25.515],[80.279,25.627],[80.32,25.752],[80.232,25.798],[80.346,25.899]]]}},{"type":"Feature","properties":{"state":"Uttar Pradesh","district":"Ghazipur","district_code":"IN-UP-GHA"},"geometry":{"type":"Polygon","coordinates":[[[83.067,25.653],[83.188,25.677],[83.218,25.759],[83.348,25.819],[83.646,25.9],[83.721,25.856],[83.821,25.786],[83.954,25.749],[83.931,25.558],[83.847,25.434],[83.779,25.398],[83.741,25.411],[83.649,25.339],[83.538,25.309],[83.532,25.393],[83.405,25.493],[83.336,25.463],[83.244,25.524],[83.174,25.526],[83.071,25.548],[83.067,25.653]]]}},{"type":"Feature","properties":{"state":"Uttar Pradesh","district":"Kaushambi","district_code":"IN-UP-KAU"},"geometry":{"type":"Polygon","coordinates":[[[81.193,25.448],[81.261,25.548],[81.207,25.598],[81.227,25.715],[81.339,25.811],[81.392,25.772],[81.374,25.695],[81.469,25.62],[81.611,25.598],[81.671,25.506],[81.629,25.35],[81.55,25.293],[81.455,25.258],[81.401,25.317],[81.152,25.396],[81.193,25.448]]]}},{"type":"Feature","properties":{"state":"Bihar","district":"Khagaria","district_code":"IN-B-KHA"},"geometry":{"type":"Polygon","coordinates":[[[86.293,25.638],[86.391,25.719],[86.413,25.73],[86.494,25.62],[86.598,25.621],[86.725,25.662],[86.798,25.635],[86.839,25.617],[86.822,25.445],[86.858,25.364],[86.726,25.254],[86.647,25.273],[86.64,25.39],[86.541,25.492],[86.51,25.423],[86.425,25.5],[86.353,25.475],[86.283,25.543],[86.293,25.638]]]}},{"type":"Feature","properties":{"state":"Bihar","district":"Bhojpur","district_code":"IN-B-BHO"},"geometry":{"type":"Polygon","coordinates":[[[84.319,25.668],[84.336,25.743],[84.558,25.68],[84.6,25.732],[84.633,25.708],[84.848,25.699],[84.819,25.581],[84.755,25.502],[84.779,25.448],[84.708,25.309],[84.63,25.238],[84.522,25.207],[84.463,25.161],[84.321,25.213],[84.322,25.321],[84.275,25.359],[84.365,25.471],[84.328,25.519],[84.348,25.639],[84.319,25.668]]]}},{"type":"Feature","properties":{"state":"Uttar Pradesh","district":"Prayagraj","district_code":"IN-UP-PRA"},"geometry":{"type":"Polygon","coordinates":[[[82.151,25.673],[82.224,25.59],[82.33,25.533],[82.299,25.302],[82.223,25.277],[82.198,25.224],[82.268,25.183],[82.325,25.071],[82.226,24.93],[82.151,24.895],[82.094,24.817],[81.943,24.846],[81.892,24.989],[81.793,25.004],[81.668,25.062],[81.626,25.161],[81.541,25.188],[81.55,25.293],[81.629,25.35],[81.671,25.506],[81.611,25.598],[81.752,25.669],[81.797,25.75],[81.886,25.712],[82.022,25.743],[82.064,25.655],[82.151,25.673]]]}},{"type":"Feature","properties":{"state":"Bihar","district":"Buxar","district_code":"IN-B-BUX"},"geometry":{"type":"Polygon","coordinates":[[[83.931,25.558],[84.081,25.636],[84.074,25.695],[84.14,25.731],[84.206,25.669],[84.319,25.668],[84.348,25.639],[84.328,25.519],[84.365,25.471],[84.275,25.359],[84.047,25.375],[84.035,25.268],[83.897,25.29],[83.779,25.398],[83.847,25.434],[83.931,25.558]]]}},{"type":"Feature","properties":{"state":"West Bengal","district":"Dakshin Dinajpur","district_code":"IN-WB-DAK"},"geometry":{"type":"Polygon","coordinates":[[[88.446,25.595],[88.647,25.478],[88.812,25.524],[88.839,25.364],[88.988,25.273],[88.91,25.18],[88.806,25.17],[88.734,25.199],[88.436,25.2],[88.449,25.308],[88.269,25.304],[88.179,25.345],[88.167,25.426],[88.359,25.566],[88.446,25.595]]]}},{"type":"Feature","properties":{"state":"West Bengal","district":"Malda","district_code":"IN-WB-MAL"},"geometry":{"type":"Polygon","coordinates":[[[87.711,25.258],[87.763,25.265],[87.818,25.242],[87.847,25.298],[87.784,25.341],[87.767,25.416],[87.867,25.497],[87.96,25.539],[88.067,25.484],[88.108,25.327],[88.15,25.272],[88.269,25.304],[88.449,25.308],[88.436,25.2],[88.453,25.079],[88.394,24.969],[88.278,24.89],[88.226,24.96],[88.141,24.915],[88.174,24.861],[88.069,24.77],[88.027,24.69],[87.891,24.855],[87.96,24.921],[87.954,24.974],[87.795,25.088],[87.78,25.144],[87.778,25.25],[87.711,25.258]]]}},{"type":"Feature","properties":{"state":"Madhya Pradesh","district":"Tikamgarh","district_code":"IN-MP-TIK"},"geometry":{"type":"Polygon","coordinates":[[[78.88,25.158],[78.93,25.207],[79.063,25.222],[79.131,25.11],[79.245,25.114],[79.323,25.15],[79.345,24.904],[79.305,24.798],[79.303,24.688],[79.218,24.663],[79.195,24.613],[79.091,24.633],[79.024,24.546],[78.985,24.442],[78.915,24.459],[78.953,24.547],[78.883,24.641],[78.751,24.6],[78.78,24.706],[78.77,24.86],[78.676,24.898],[78.632,24.957],[78.64,25.071],[78.845,25.097],[78.88,25.158]]]}},{"type":"Feature","properties":{"state":"Uttar Pradesh","district":"Varanasi","district_code":"IN-UP-VAR"},"geometry":{"type":"Polygon","coordinates":[[[82.694,25.394],[82.739,25.547],[82.874,25.566],[82.941,25.532],[83.021,25.577],[83.071,25.548],[83.174,25.526],[83.125,25.451],[83.188,25.416],[83.142,25.321],[83.021,25.315],[83.03,25.243],[83.006,25.206],[82.784,25.203],[82.776,25.271],[82.668,25.255],[82.704,25.323],[82.694,25.394]]]}},{"type":"Feature","properties":{"state":"Bihar","district":"Darbhanga","district_code":"IN-B-DAR"},"geometry":{"type":"Polygon","coordinates":[[[85.705,26.303],[85.706,26.445],[85.767,26.436],[85.821,26.409],[85.816,26.293],[85.882,26.274],[85.978,26.324],[86.013,26.247],[86.11,26.193],[86.15,26.236],[86.33,26.156],[86.33,26.091],[86.388,26.034],[86.394,25.976],[86.316,25.86],[86.414,25.794],[86.413,25.73],[86.391,25.719],[86.224,25.776],[86.24,25.881],[86.093,25.897],[85.89,25.995],[85.868,26.028],[85.72,26.047],[85.712,26.089],[85.727,26.126],[85.705,26.303]]]}},{"type":"Feature","properties":{"state":"Bihar","district":"Saharsa","district_code":"IN-B-SAH"},"geometry":{"type":"Polygon","coordinates":[[[86.798,25.635],[86.725,25.662],[86.598,25.621],[86.494,25.62],[86.413,25.73],[86.414,25.794],[86.316,25.86],[86.394,25.976],[86.388,26.034],[86.437,26.072],[86.532,25.991],[86.645,26.018],[86.712,25.866],[86.844,25.871],[86.871,25.723],[86.798,25.635]]]}},{"type":"Feature","properties":{"state":"Rajasthan","district":"Sirohi","district_code":"IN-R-SIR"},"geometry":{"type":"Polygon","coordinates":[[[72.936,25.242],[72.95,25.143],[73.0,25.1],[73.138,25.097],[73.109,25.04],[72.997,24.961],[72.992,24.921],[73.148,24.846],[73.147,24.748],[73.142,24.679],[73.002,24.48],[72.959,24.36],[72.728,24.367],[72.684,24.464],[72.52,24.501],[72.5,24.417],[72.353,24.564],[72.335,24.633],[72.312,24.674],[72.373,24.766],[72.491,24.759],[72.479,24.871],[72.648,25.016],[72.83,25.284],[72.936,25.242]]]}},{"type":"Feature","properties":{"state":"Uttar Pradesh","district":"Chitrakoot","district_code":"IN-UP-CHI"},"geometry":{"type":"Polygon","coordinates":[[[81.019,25.547],[81.189,25.491],[81.193,25.448],[81.152,25.396],[81.401,25.317],[81.455,25.258],[81.55,25.293],[81.541,25.188],[81.499,25.148],[81.392,25.132],[81.278,25.166],[81.264,25.053],[81.16,24.913],[81.12,24.904],[81.034,24.953],[80.946,24.967],[80.86,24.928],[80.831,25.033],[80.878,25.066],[80.845,25.187],[80.724,25.118],[80.715,25.066],[80.692,25.269],[80.837,25.35],[80.883,25.415],[81.025,25.506],[81.019,25.547]]]}},{"type":"Feature","properties":{"state":"Uttar Pradesh","district":"Chandauli","district_code":"IN-UP-CHA"},"geometry":{"type":"Polygon","coordinates":[[[83.174,25.526],[83.244,25.524],[83.336,25.463],[83.405,25.493],[83.532,25.393],[83.538,25.309],[83.35,25.184],[83.351,25.009],[83.395,24.781],[83.29,24.721],[83.186,24.719],[83.087,24.781],[83.061,24.957],[83.062,25.063],[83.132,25.06],[83.158,25.189],[83.03,25.243],[83.021,25.315],[83.142,25.321],[83.188,25.416],[83.125,25.451],[83.174,25.526]]]}},{"type":"Feature","properties":{"state":"Uttar Pradesh","district":"Bhadohi","district_code":"IN-UP-BHA"},"geometry":{"type":"Polygon","coordinates":[[[82.33,25.533],[82.443,25.518],[82.516,25.441],[82.62,25.394],[82.694,25.394],[82.704,25.323],[82.668,25.255],[82.518,25.232],[82.304,25.269],[82.268,25.183],[82.198,25.224],[82.223,25.277],[82.299,25.302],[82.33,25.533]]]}},{"type":"Feature","properties":{"state":"Rajasthan","district":"Baran","district_code":"IN-R-BARA"},"geometry":{"type":"Polygon","coordinates":[[[76.594,25.408],[76.67,25.349],[76.762,25.32],[76.857,25.332],[76.945,25.284],[77.083,25.337],[77.224,25.319],[77.234,25.379],[77.314,25.431],[77.367,25.411],[77.412,25.224],[77.393,25.119],[77.312,25.081],[77.27,25.115],[77.175,25.111],[77.086,25.055],[77.0,25.075],[76.877,25.041],[76.861,24.961],[76.95,24.869],[76.805,24.807],[76.855,24.744],[76.947,24.759],[77.034,24.708],[77.069,24.557],[76.977,24.461],[76.861,24.549],[76.817,24.534],[76.844,24.436],[76.76,24.447],[76.607,24.424],[76.536,24.51],[76.529,24.66],[76.476,24.659],[76.441,24.831],[76.47,24.932],[76.393,24.985],[76.302,24.96],[76.196,25.125],[76.285,25.25],[76.323,25.382],[76.552,25.422],[76.594,25.408]]]}},{"type":"Feature","properties":{"state":"Jharkhand","district":"Sahibganj","district_code":"IN-J-SAH"},"geometry":{"type":"Polygon","coordinates":[[[87.552,25.331],[87.693,25.312],[87.711,25.258],[87.778,25.25],[87.78,25.144],[87.795,25.088],[87.954,24.974],[87.96,24.921],[87.891,24.855],[87.839,24.745],[87.712,24.741],[87.509,24.799],[87.454,24.939],[87.521,25.06],[87.472,25.106],[87.478,25.195],[87.552,25.331]]]}},{"type":"Feature","properties":{"state":"Bihar","district":"Kaimur","district_code":"IN-B-KAI"},"geometry":{"type":"Polygon","coordinates":[[[83.538,25.309],[83.649,25.339],[83.741,25.411],[83.779,25.398],[83.897,25.29],[83.836,25.243],[83.805,25.112],[83.836,25.038],[83.811,24.96],[83.715,24.836],[83.785,24.759],[83.73,24.671],[83.741,24.569],[83.697,24.541],[83.524,24.55],[83.53,24.644],[83.489,24.736],[83.395,24.781],[83.351,25.009],[83.35,25.184],[83.538,25.309]]]}},{"type":"Feature","properties":{"state":"Bihar","district":"Rohtas","district_code":"IN-B-ROH"},"geometry":{"type":"Polygon","coordinates":[[[84.275,25.359],[84.322,25.321],[84.321,25.213],[84.463,25.161],[84.448,25.128],[84.423,25.081],[84.305,25.011],[84.085,24.77],[84.009,24.642],[83.937,24.549],[83.873,24.532],[83.718,24.503],[83.503,24.525],[83.524,24.55],[83.697,24.541],[83.741,24.569],[83.73,24.671],[83.785,24.759],[83.715,24.836],[83.811,24.96],[83.836,25.038],[83.805,25.112],[83.836,25.243],[83.897,25.29],[84.035,25.268],[84.047,25.375],[84.275,25.359]]]}},{"type":"Feature","properties":{"state":"Rajasthan","district":"Udaipur","district_code":"IN-R-UDA"},"geometry":{"type":"Polygon","coordinates":[[[73.147,24.748],[73.21,24.785],[73.33,24.906],[73.344,25.011],[73.408,25.088],[73.488,25.104],[73.473,25.026],[73.609,24.871],[73.688,24.862],[73.671,24.77],[73.775,24.78],[73.824,24.833],[73.994,24.921],[74.069,24.872],[74.142,24.882],[74.104,24.734],[74.17,24.711],[74.271,24.576],[74.257,24.484],[74.309,24.462],[74.367,24.283],[74.43,24.257],[74.356,24.167],[74.239,24.207],[74.222,24.099],[74.271,23.949],[74.219,23.907],[74.153,24.011],[74.072,23.966],[73.916,23.985],[73.838,23.934],[73.671,23.94],[73.583,23.963],[73.514,23.93],[73.463,23.839],[73.369,23.815],[73.378,23.904],[73.416,23.925],[73.405,24.042],[73.317,24.054],[73.243,24.002],[73.214,24.077],[73.125,24.125],[73.067,24.194],[73.151,24.355],[73.077,24.396],[73.087,24.498],[73.002,24.48],[73.142,24.679],[73.147,24.748]]]}},{"type":"Feature","properties":{"state":"Jharkhand","district":"Godda","district_code":"IN-J-GOD"},"geometry":{"type":"Polygon","coordinates":[[[87.478,25.195],[87.472,25.106],[87.521,25.06],[87.454,24.939],[87.509,24.799],[87.46,24.792],[87.474,24.648],[87.42,24.514],[87.377,24.505],[87.307,24.598],[87.244,24.586],[87.122,24.634],[87.052,24.627],[87.11,24.851],[87.157,24.882],[87.145,25.019],[87.176,25.057],[87.295,25.089],[87.327,25.224],[87.478,25.195]]]}},{"type":"Feature","properties":{"state":"Uttar Pradesh","district":"Mirzapur","district_code":"IN-UP-MIR"},"geometry":{"type":"Polygon","coordinates":[[[82.094,24.817],[82.151,24.895],[82.226,24.93],[82.325,25.071],[82.268,25.183],[82.304,25.269],[82.518,25.232],[82.668,25.255],[82.776,25.271],[82.784,25.203],[83.006,25.206],[83.03,25.243],[83.158,25.189],[83.132,25.06],[83.062,25.063],[83.061,24.957],[82.954,24.836],[82.807,24.851],[82.658,24.781],[82.545,24.805],[82.524,24.677],[82.418,24.652],[82.418,24.594],[82.298,24.607],[82.216,24.794],[82.094,24.817]]]}},{"type":"Feature","properties":{"state":"Uttar Pradesh","district":"Lalitpur","district_code":"IN-UP-LAL"},"geometry":{"type":"Polygon","coordinates":[[[78.447,25.122],[78.559,25.213],[78.64,25.071],[78.632,24.957],[78.676,24.898],[78.77,24.86],[78.78,24.706],[78.751,24.6],[78.883,24.641],[78.953,24.547],[78.915,24.459],[78.985,24.442],[78.991,24.417],[78.972,24.348],[78.806,24.179],[78.702,24.227],[78.586,24.354],[78.502,24.391],[78.389,24.263],[78.329,24.327],[78.369,24.374],[78.268,24.45],[78.276,24.663],[78.19,24.842],[78.172,24.876],[78.346,25.012],[78.335,25.068],[78.337,25.085],[78.374,25.099],[78.447,25.122]]]}},{"type":"Feature","properties":{"state":"Bihar","district":"Jamui","district_code":"IN-B-JAM"},"geometry":{"type":"Polygon","coordinates":[[[86.504,24.983],[86.558,24.701],[86.611,24.608],[86.5,24.51],[86.452,24.373],[86.35,24.447],[86.276,24.466],[86.301,24.561],[86.133,24.604],[86.128,24.699],[86.055,24.78],[85.974,24.868],[85.893,24.875],[85.835,24.987],[85.975,24.997],[86.119,24.974],[86.211,25.018],[86.371,25.144],[86.385,25.057],[86.504,24.983]]]}},{"type":"Feature","properties":{"state":"Madhya Pradesh","district":"Neemuch","district_code":"IN-MP-NEE"},"geometry":{"type":"Polygon","coordinates":[[[75.191,25.037],[75.352,25.019],[75.337,24.953],[75.184,24.748],[75.456,24.681],[75.549,24.703],[75.581,24.642],[75.591,24.52],[75.43,24.356],[75.366,24.315],[75.205,24.308],[75.025,24.37],[74.908,24.212],[74.867,24.244],[74.754,24.242],[74.782,24.338],[74.855,24.424],[74.815,24.469],[74.697,24.483],[74.786,24.586],[74.772,24.662],[74.805,24.736],[74.889,24.634],[74.993,24.693],[74.977,24.765],[74.861,24.799],[74.826,24.899],[74.902,24.93],[74.959,24.858],[75.038,24.846],[75.116,24.877],[75.113,24.967],[75.191,25.037]]]}},{"type":"Feature","properties":{"state":"Bihar","district":"Banka","district_code":"IN-B-BAN"},"geometry":{"type":"Polygon","coordinates":[[[87.176,25.057],[87.145,25.019],[87.157,24.882],[87.11,24.851],[87.052,24.627],[86.952,24.631],[86.913,24.547],[86.754,24.618],[86.653,24.571],[86.611,24.608],[86.558,24.701],[86.504,24.983],[86.584,24.947],[86.651,24.982],[86.692,25.115],[86.813,25.092],[87.014,25.11],[87.176,25.057]]]}},{"type":"Feature","properties":{"state":"Madhya Pradesh","district":"Rewa","district_code":"IN-MP-REW"},"geometry":{"type":"Polygon","coordinates":[[[81.541,25.188],[81.626,25.161],[81.668,25.062],[81.793,25.004],[81.892,24.989],[81.943,24.846],[82.094,24.817],[82.216,24.794],[82.298,24.607],[82.304,24.594],[82.183,24.602],[81.866,24.524],[81.791,24.53],[81.504,24.424],[81.305,24.322],[81.291,24.396],[81.157,24.498],[81.157,24.707],[81.091,24.774],[81.12,24.904],[81.16,24.913],[81.264,25.053],[81.278,25.166],[81.392,25.132],[81.499,25.148],[81.541,25.188]]]}},{"type":"Feature","properties":{"state":"Madhya Pradesh","district":"Satna","district_code":"IN-MP-SAT"},"geometry":{"type":"Polygon","coordinates":[[[80.478,24.976],[80.501,25.041],[80.592,25.09],[80.715,25.066],[80.724,25.118],[80.845,25.187],[80.878,25.066],[80.831,25.033],[80.86,24.928],[80.946,24.967],[81.034,24.953],[81.12,24.904],[81.091,24.774],[81.157,24.707],[81.157,24.498],[81.291,24.396],[81.305,24.322],[81.389,24.266],[81.348,24.187],[81.282,24.19],[81.186,24.11],[81.134,24.135],[81.002,24.081],[80.958,24.065],[80.869,24.079],[80.765,23.992],[80.738,24.131],[80.554,24.048],[80.469,23.991],[80.359,23.969],[80.632,24.175],[80.557,24.267],[80.461,24.437],[80.47,24.613],[80.377,24.681],[80.437,24.747],[80.603,24.831],[80.576,24.901],[80.495,24.912],[80.478,24.976]]]}},{"type":"Feature","properties":{"state":"Madhya Pradesh","district":"Guna","district_code":"IN-MP-GUN"},"geometry":{"type":"Polygon","coordinates":[[[77.312,25.081],[77.37,24.926],[77.452,24.928],[77.479,24.876],[77.565,24.872],[77.52,24.827],[77.557,24.762],[77.482,24.633],[77.497,24.473],[77.476,24.436],[77.6,24.376],[77.652,24.314],[77.554,24.246],[77.447,24.238],[77.322,24.288],[77.346,24.182],[77.26,24.068],[77.312,24.007],[77.318,23.89],[77.227,23.89],[77.166,23.947],[77.182,24.079],[77.025,24.083],[76.971,24.044],[76.881,24.131],[76.922,24.212],[76.863,24.272],[76.832,24.358],[76.844,24.436],[76.817,24.534],[76.861,24.549],[76.977,24.461],[77.069,24.557],[77.034,24.708],[76.947,24.759],[76.855,24.744],[76.805,24.807],[76.95,24.869],[76.861,24.961],[76.877,25.041],[77.0,25.075],[77.086,25.055],[77.175,25.111],[77.27,25.115],[77.312,25.081]]]}},{"type":"Feature","properties":{"state":"Bihar","district":"Nawada","district_code":"IN-B-NAW"},"geometry":{"type":"Polygon","coordinates":[[[85.835,24.987],[85.893,24.875],[85.974,24.868],[86.055,24.78],[85.932,24.739],[85.902,24.766],[85.738,24.82],[85.666,24.662],[85.677,24.591],[85.542,24.532],[85.374,24.554],[85.304,24.633],[85.33,24.712],[85.276,24.78],[85.388,24.963],[85.547,25.033],[85.634,25.097],[85.766,25.078],[85.769,25.008],[85.835,24.987]]]}},{"type":"Feature","properties":{"state":"Bihar","district":"Gaya","district_code":"IN-B-GAY"},"geometry":{"type":"Polygon","coordinates":[[[85.388,24.963],[85.276,24.78],[85.33,24.712],[85.304,24.633],[85.374,24.554],[85.331,24.51],[85.289,24.523],[85.088,24.37],[85.029,24.415],[84.903,24.373],[84.888,24.464],[84.802,24.531],[84.585,24.4],[84.497,24.288],[84.46,24.337],[84.342,24.393],[84.327,24.49],[84.393,24.567],[84.484,24.513],[84.547,24.527],[84.602,24.656],[84.723,24.7],[84.735,24.765],[84.64,24.875],[84.717,24.924],[84.734,25.055],[84.856,25.062],[84.909,25.066],[85.09,24.993],[85.127,25.053],[85.201,25.059],[85.35,25.02],[85.388,24.963]]]}},{"type":"Feature","properties":{"state":"Madhya Pradesh","district":"Ashoknagar","district_code":"IN-MP-ASH"},"geometry":{"type":"Polygon","coordinates":[[[77.565,24.872],[77.595,24.927],[77.676,24.864],[77.739,24.857],[77.831,25.001],[78.017,24.956],[77.971,24.884],[78.112,24.836],[78.19,24.842],[78.276,24.663],[78.268,24.45],[78.164,24.396],[78.092,24.321],[78.083,24.259],[78.014,24.237],[77.785,24.315],[77.652,24.314],[77.6,24.376],[77.476,24.436],[77.497,24.473],[77.482,24.633],[77.557,24.762],[77.52,24.827],[77.565,24.872]]]}},{"type":"Feature","properties":{"state":"Rajasthan","district":"Jhalawar","district_code":"IN-R-JHA"},"geometry":{"type":"Polygon","coordinates":[[[75.921,24.543],[76.074,24.572],[76.065,24.743],[76.358,24.871],[76.441,24.831],[76.476,24.659],[76.529,24.66],[76.536,24.51],[76.607,24.424],[76.76,24.447],[76.844,24.436],[76.832,24.358],[76.863,24.272],[76.922,24.212],[76.881,24.131],[76.802,24.117],[76.676,24.191],[76.644,24.27],[76.571,24.209],[76.505,24.204],[76.321,24.245],[76.213,24.209],[76.118,24.194],[76.127,24.088],[76.042,24.066],[75.938,23.897],[75.794,23.867],[75.69,23.747],[75.583,23.795],[75.565,23.856],[75.462,23.918],[75.522,24.025],[75.702,23.966],[75.837,24.057],[75.751,24.143],[75.814,24.245],[75.728,24.396],[75.786,24.453],[75.901,24.443],[75.921,24.543]]]}},{"type":"Feature","properties":{"state":"West Bengal","district":"Murshidabad","district_code":"IN-WB-MUR"},"geometry":{"type":"Polygon","coordinates":[[[87.891,24.855],[88.027,24.69],[88.133,24.51],[88.335,24.443],[88.382,24.396],[88.56,24.308],[88.683,24.325],[88.742,24.255],[88.746,24.147],[88.7,24.097],[88.631,24.031],[88.512,23.992],[88.408,23.82],[88.238,23.802],[88.177,23.761],[88.061,23.723],[88.009,23.845],[87.966,23.809],[87.891,23.839],[87.844,23.91],[87.861,24.025],[87.897,24.044],[87.899,24.163],[87.985,24.19],[88.017,24.311],[87.957,24.341],[87.978,24.417],[87.948,24.517],[87.89,24.565],[87.908,24.722],[87.839,24.745],[87.891,24.855]]]}},{"type":"Feature","properties":{"state":"Uttar Pradesh","district":"Sonbhadra","district_code":"IN-UP-SON"},"geometry":{"type":"Polygon","coordinates":[[[83.061,24.957],[83.087,24.781],[83.186,24.719],[83.29,24.721],[83.395,24.781],[83.489,24.736],[83.53,24.644],[83.524,24.55],[83.503,24.525],[83.4,24.498],[83.38,24.314],[83.409,24.267],[83.33,24.102],[83.207,23.922],[83.091,23.871],[82.947,23.871],[82.813,23.962],[82.665,24.128],[82.744,24.165],[82.77,24.37],[82.713,24.38],[82.744,24.497],[82.798,24.576],[82.773,24.642],[82.707,24.637],[82.671,24.697],[82.524,24.677],[82.545,24.805],[82.658,24.781],[82.807,24.851],[82.954,24.836],[83.061,24.957]]]}},{"type":"Feature","properties":{"state":"Jharkhand","district":"Pakur","district_code":"IN-J-PAK"},"geometry":{"type":"Polygon","coordinates":[[[87.509,24.799],[87.712,24.741],[87.839,24.745],[87.908,24.722],[87.89,24.565],[87.793,24.583],[87.801,24.382],[87.706,24.26],[87.639,24.255],[87.582,24.257],[87.564,24.524],[87.42,24.514],[87.474,24.648],[87.46,24.792],[87.509,24.799]]]}},{"type":"Feature","properties":{"state":"Madhya Pradesh","district":"Mandsaur","district_code":"IN-MP-MAN"},"geometry":{"type":"Polygon","coordinates":[[[75.785,24.762],[75.824,24.667],[75.921,24.543],[75.901,24.443],[75.786,24.453],[75.728,24.396],[75.814,24.245],[75.751,24.143],[75.837,24.057],[75.702,23.966],[75.522,24.025],[75.462,23.918],[75.335,23.841],[75.256,23.823],[75.052,23.826],[74.941,23.765],[74.902,23.874],[74.974,24.04],[74.879,24.174],[74.908,24.212],[75.025,24.37],[75.205,24.308],[75.366,24.315],[75.43,24.356],[75.591,24.52],[75.581,24.642],[75.549,24.703],[75.609,24.682],[75.785,24.762]]]}},{"type":"Feature","properties":{"state":"Bihar","district":"Munger","district_code":"IN-B-MUN"},"geometry":{"type":"Polygon","coordinates":[[[86.51,25.423],[86.541,25.492],[86.64,25.39],[86.647,25.273],[86.726,25.254],[86.692,25.115],[86.651,24.982],[86.584,24.947],[86.504,24.983],[86.385,25.057],[86.371,25.144],[86.353,25.299],[86.263,25.28],[86.51,25.423]]]}},{"type":"Feature","properties":{"state":"Jharkhand","district":"Giridih","district_code":"IN-J-GIR"},"geometry":{"type":"Polygon","coordinates":[[[86.055,24.78],[86.128,24.699],[86.133,24.604],[86.301,24.561],[86.276,24.466],[86.35,24.447],[86.452,24.373],[86.515,24.223],[86.484,24.153],[86.57,24.142],[86.481,24.022],[86.379,24.059],[86.293,23.916],[86.223,23.941],[86.11,23.888],[86.072,23.922],[85.968,23.894],[85.914,23.949],[85.836,24.072],[85.711,24.102],[85.682,24.176],[85.847,24.219],[85.85,24.274],[85.868,24.527],[85.773,24.611],[85.818,24.723],[85.902,24.766],[85.932,24.739],[86.055,24.78]]]}},{"type":"Feature","properties":{"state":"Jharkhand","district":"Dumka","district_code":"IN-J-DUM"},"geometry":{"type":"Polygon","coordinates":[[[87.052,24.627],[87.122,24.634],[87.244,24.586],[87.307,24.598],[87.377,24.505],[87.42,24.514],[87.564,24.524],[87.582,24.257],[87.639,24.255],[87.631,24.164],[87.44,23.982],[87.336,24.035],[87.234,24.025],[87.136,24.037],[87.096,24.108],[87.01,24.146],[86.974,24.109],[86.934,24.136],[87.046,24.223],[87.021,24.307],[86.962,24.314],[86.888,24.447],[86.913,24.547],[86.952,24.631],[87.052,24.627]]]}},{"type":"Feature","properties":{"state":"Madhya Pradesh","district":"Singrauli","district_code":"IN-MP-SIN"},"geometry":{"type":"Polygon","coordinates":[[[82.298,24.607],[82.418,24.594],[82.418,24.652],[82.524,24.677],[82.671,24.697],[82.707,24.637],[82.773,24.642],[82.798,24.576],[82.744,24.497],[82.713,24.38],[82.77,24.37],[82.744,24.165],[82.665,24.128],[82.813,23.962],[82.694,23.919],[82.635,23.838],[82.498,23.784],[82.261,23.822],[82.209,23.853],[82.201,23.949],[82.122,23.996],[81.969,24.013],[81.879,24.127],[81.94,24.237],[82.001,24.235],[82.166,24.358],[82.29,24.502],[82.304,24.594],[82.298,24.607]]]}},{"type":"Feature","properties":{"state":"West Bengal","district":"Birbhum","district_code":"IN-WB-BIR"},"geometry":{"type":"Polygon","coordinates":[[[87.89,24.565],[87.948,24.517],[87.978,24.417],[87.957,24.341],[88.017,24.311],[87.985,24.19],[87.899,24.163],[87.897,24.044],[87.861,24.025],[87.844,23.91],[87.891,23.839],[87.966,23.809],[87.91,23.718],[87.959,23.63],[87.93,23.57],[87.845,23.551],[87.708,23.619],[87.533,23.608],[87.446,23.614],[87.41,23.687],[87.264,23.749],[87.154,23.749],[87.085,23.812],[87.13,23.853],[87.234,23.856],[87.295,23.901],[87.234,24.025],[87.336,24.035],[87.44,23.982],[87.631,24.164],[87.639,24.255],[87.706,24.26],[87.801,24.382],[87.793,24.583],[87.89,24.565]]]}},{"type":"Feature","properties":{"state":"Jharkhand","district":"Deoghar","district_code":"IN-J-DEO"},"geometry":{"type":"Polygon","coordinates":[[[86.452,24.373],[86.5,24.51],[86.611,24.608],[86.653,24.571],[86.754,24.618],[86.913,24.547],[86.888,24.447],[86.962,24.314],[87.021,24.307],[87.046,24.223],[86.934,24.136],[86.974,24.109],[86.954,24.042],[86.68,24.13],[86.57,24.142],[86.484,24.153],[86.515,24.223],[86.452,24.373]]]}},{"type":"Feature","properties":{"state":"Jharkhand","district":"Palamu","district_code":"IN-J-PAL"},"geometry":{"type":"Polygon","coordinates":[[[83.873,24.532],[83.937,24.549],[84.009,24.642],[84.093,24.534],[84.256,24.527],[84.327,24.49],[84.342,24.393],[84.46,24.337],[84.497,24.288],[84.448,24.24],[84.582,24.142],[84.555,24.009],[84.579,23.988],[84.567,23.927],[84.469,23.958],[84.334,23.91],[84.137,23.904],[84.019,23.802],[83.937,23.868],[83.865,24.069],[83.989,24.106],[83.818,24.289],[83.873,24.532]]]}},{"type":"Feature","properties":{"state":"Madhya Pradesh","district":"Sidhi","district_code":"IN-MP-SID"},"geometry":{"type":"Polygon","coordinates":[[[81.305,24.322],[81.504,24.424],[81.791,24.53],[81.866,24.524],[82.183,24.602],[82.304,24.594],[82.29,24.502],[82.166,24.358],[82.001,24.235],[81.94,24.237],[81.879,24.127],[81.969,24.013],[82.122,23.996],[82.201,23.949],[82.209,23.853],[82.082,23.816],[82.007,23.861],[81.921,23.871],[81.81,23.808],[81.726,23.839],[81.668,23.925],[81.603,23.885],[81.544,23.914],[81.536,24.066],[81.47,24.175],[81.482,24.231],[81.389,24.266],[81.305,24.322]]]}},{"type":"Feature","properties":{"state":"Jharkhand","district":"Chatra","district_code":"IN-J-CHA"},"geometry":{"type":"Polygon","coordinates":[[[84.497,24.288],[84.585,24.4],[84.802,24.531],[84.888,24.464],[84.903,24.373],[85.029,24.415],[85.088,24.37],[85.101,24.329],[85.226,24.344],[85.322,24.31],[85.272,24.216],[85.16,24.23],[85.169,24.099],[85.249,24.035],[85.201,23.956],[85.024,23.992],[85.021,23.882],[85.053,23.712],[84.969,23.716],[84.938,23.734],[84.952,23.877],[84.934,23.941],[84.671,23.999],[84.579,23.988],[84.555,24.009],[84.582,24.142],[84.448,24.24],[84.497,24.288]]]}},{"type":"Feature","properties":{"state":"Jharkhand","district":"Garhwa","district_code":"IN-J-GAR"},"geometry":{"type":"Polygon","coordinates":[[[83.503,24.525],[83.718,24.503],[83.873,24.532],[83.818,24.289],[83.989,24.106],[83.865,24.069],[83.937,23.868],[84.019,23.802],[84.016,23.635],[83.938,23.569],[83.775,23.61],[83.706,23.82],[83.571,23.863],[83.515,23.981],[83.432,24.086],[83.33,24.102],[83.409,24.267],[83.38,24.314],[83.4,24.498],[83.503,24.525]]]}},{"type":"Feature","properties":{"state":"Madhya Pradesh","district":"Sagar","district_code":"IN-MP-SAG"},"geometry":{"type":"Polygon","coordinates":[[[78.268,24.45],[78.369,24.374],[78.329,24.327],[78.389,24.263],[78.502,24.391],[78.586,24.354],[78.702,24.227],[78.806,24.179],[78.972,24.348],[78.991,24.417],[79.074,24.407],[79.181,24.433],[79.254,24.411],[79.233,24.334],[79.097,24.242],[79.054,24.171],[79.144,24.102],[79.187,24.01],[79.094,23.919],[79.15,23.848],[79.236,23.819],[79.302,23.677],[79.288,23.479],[79.181,23.426],[79.232,23.291],[79.19,23.224],[79.092,23.195],[78.809,23.236],[78.709,23.354],[78.631,23.361],[78.629,23.452],[78.738,23.532],[78.499,23.585],[78.507,23.636],[78.429,23.72],[78.364,23.648],[78.293,23.676],[78.251,23.757],[78.294,23.91],[78.279,24.028],[78.184,24.01],[78.117,24.046],[78.135,24.121],[78.083,24.259],[78.092,24.321],[78.164,24.396],[78.268,24.45]]]}},{"type":"Feature","properties":{"state":"Gujarat","district":"Patan","district_code":"IN-G-PAT"},"geometry":{"type":"Polygon","coordinates":[[[71.319,23.984],[71.396,23.966],[71.688,23.97],[71.714,23.87],[71.861,23.846],[71.962,23.991],[72.206,24.114],[72.226,24.072],[72.339,24.037],[72.37,23.971],[72.486,23.936],[72.381,23.867],[72.329,23.881],[72.31,23.674],[72.291,23.619],[72.183,23.641],[72.072,23.584],[72.014,23.629],[71.969,23.526],[71.862,23.471],[71.772,23.468],[71.604,23.497],[71.534,23.479],[71.448,23.536],[71.376,23.65],[71.222,23.657],[71.217,23.729],[71.081,23.599],[71.064,23.838],[71.101,23.903],[71.319,23.984]]]}},{"type":"Feature","properties":{"state":"Madhya Pradesh","district":"Damoh","district_code":"IN-MP-DAM"},"geometry":{"type":"Polygon","coordinates":[[[79.19,23.224],[79.232,23.291],[79.181,23.426],[79.288,23.479],[79.302,23.677],[79.236,23.819],[79.15,23.848],[79.094,23.919],[79.187,24.01],[79.144,24.102],[79.3,24.18],[79.383,24.196],[79.413,24.351],[79.566,24.428],[79.637,24.382],[79.796,24.374],[79.858,24.299],[79.767,24.042],[79.845,24.022],[79.832,23.943],[79.865,23.828],[79.828,23.695],[79.936,23.681],[79.929,23.597],[79.788,23.446],[79.724,23.426],[79.675,23.338],[79.516,23.269],[79.372,23.166],[79.306,23.232],[79.19,23.224]]]}},{"type":"Feature","properties":{"state":"Madhya Pradesh","district":"Shajapur","district_code":"IN-MP-SHA"},"geometry":{"type":"Polygon","coordinates":[[[77.049,23.467],[77.016,23.445],[76.979,23.312],[76.901,23.228],[76.855,23.108],[76.774,23.171],[76.542,23.13],[76.513,23.18],[76.364,23.233],[76.164,23.225],[76.121,23.244],[76.182,23.269],[76.213,23.384],[76.213,23.489],[76.155,23.57],[76.34,23.629],[76.435,23.633],[76.455,23.544],[76.526,23.575],[76.662,23.532],[76.693,23.486],[76.809,23.482],[76.916,23.514],[77.049,23.467]]]}},{"type":"Feature","properties":{"state":"Madhya Pradesh","district":"Vidisha","district_code":"IN-MP-VID"},"geometry":{"type":"Polygon","coordinates":[[[77.318,23.89],[77.312,24.007],[77.26,24.068],[77.346,24.182],[77.322,24.288],[77.447,24.238],[77.554,24.246],[77.652,24.314],[77.785,24.315],[78.014,24.237],[78.083,24.259],[78.135,24.121],[78.117,24.046],[78.184,24.01],[78.279,24.028],[78.294,23.91],[78.251,23.757],[78.293,23.676],[78.222,23.527],[78.135,23.518],[78.085,23.45],[78.001,23.467],[77.811,23.456],[77.707,23.564],[77.624,23.466],[77.517,23.507],[77.507,23.569],[77.647,23.713],[77.574,23.767],[77.474,23.757],[77.415,23.8],[77.377,23.883],[77.318,23.89]]]}},{"type":"Feature","properties":{"state":"Gujarat","district":"Mehsana","district_code":"IN-G-MEH"},"geometry":{"type":"Polygon","coordinates":[[[72.486,23.936],[72.584,23.936],[72.651,23.993],[72.653,24.084],[72.783,24.102],[72.867,24.025],[72.818,23.948],[72.789,23.833],[72.835,23.672],[72.832,23.545],[72.798,23.501],[72.624,23.556],[72.505,23.384],[72.521,23.35],[72.413,23.281],[72.428,23.144],[72.336,23.107],[72.283,23.081],[72.188,23.144],[72.174,23.273],[72.251,23.332],[72.298,23.415],[72.191,23.416],[72.153,23.452],[72.052,23.444],[71.989,23.489],[71.969,23.526],[72.014,23.629],[72.072,23.584],[72.183,23.641],[72.291,23.619],[72.31,23.674],[72.329,23.881],[72.381,23.867],[72.486,23.936]]]}},{"type":"Feature","properties":{"state":"Madhya Pradesh","district":"Rajgarh","district_code":"IN-MP-RAJ"},"geometry":{"type":"Polygon","coordinates":[[[76.881,24.131],[76.971,24.044],[77.025,24.083],[77.182,24.079],[77.166,23.947],[77.227,23.89],[77.224,23.813],[77.167,23.673],[77.095,23.49],[77.049,23.467],[76.916,23.514],[76.809,23.482],[76.693,23.486],[76.662,23.532],[76.526,23.575],[76.455,23.544],[76.435,23.633],[76.381,23.811],[76.329,23.864],[76.303,23.96],[76.191,24.087],[76.213,24.209],[76.321,24.245],[76.505,24.204],[76.571,24.209],[76.644,24.27],[76.676,24.191],[76.802,24.117],[76.881,24.131]]]}},{"type":"Feature","properties":{"state":"Madhya Pradesh","district":"Shahdol","district_code":"IN-MP-SHAH"},"geometry":{"type":"Polygon","coordinates":[[[81.002,24.081],[81.134,24.135],[81.186,24.11],[81.282,24.19],[81.348,24.187],[81.389,24.266],[81.482,24.231],[81.47,24.175],[81.536,24.066],[81.544,23.914],[81.603,23.885],[81.611,23.837],[81.697,23.721],[81.614,23.663],[81.611,23.512],[81.758,23.549],[81.82,23.515],[81.917,23.534],[81.986,23.415],[81.914,23.301],[81.84,23.296],[81.756,23.214],[81.612,23.199],[81.518,23.082],[81.438,23.057],[81.319,23.104],[81.328,23.148],[81.252,23.213],[81.284,23.221],[81.352,23.354],[81.308,23.423],[81.297,23.559],[81.249,23.581],[81.249,23.723],[81.18,23.797],[81.223,23.855],[81.129,23.971],[81.07,23.966],[81.002,24.081]]]}},{"type":"Feature","properties":{"state":"West Bengal","district":"Nadia","district_code":"IN-WB-NAD"},"geometry":{"type":"Polygon","coordinates":[[[88.177,23.761],[88.238,23.802],[88.408,23.82],[88.512,23.992],[88.631,24.031],[88.7,24.097],[88.743,24.035],[88.732,23.911],[88.607,23.861],[88.564,23.713],[88.593,23.617],[88.723,23.512],[88.763,23.446],[88.709,23.232],[88.674,23.094],[88.688,23.026],[88.654,22.92],[88.612,22.907],[88.407,22.943],[88.41,22.99],[88.501,23.105],[88.414,23.21],[88.326,23.316],[88.387,23.497],[88.257,23.619],[88.134,23.665],[88.177,23.761]]]}},{"type":"Feature","properties":{"state":"Jharkhand","district":"Jamtara","district_code":"IN-J-JAM"},"geometry":{"type":"Polygon","coordinates":[[[86.481,24.022],[86.57,24.142],[86.68,24.13],[86.954,24.042],[86.974,24.109],[87.01,24.146],[87.096,24.108],[87.136,24.037],[87.234,24.025],[87.295,23.901],[87.234,23.856],[87.13,23.853],[87.085,23.812],[86.916,23.882],[86.801,23.834],[86.582,23.982],[86.481,24.022]]]}},{"type":"Feature","properties":{"state":"Rajasthan","district":"Dungarpur","district_code":"IN-R-DUN"},"geometry":{"type":"Polygon","coordinates":[[[73.369,23.815],[73.463,23.839],[73.514,23.93],[73.583,23.963],[73.671,23.94],[73.838,23.934],[73.916,23.985],[74.072,23.966],[74.153,24.011],[74.219,23.907],[74.271,23.949],[74.376,23.904],[74.272,23.833],[74.147,23.783],[74.118,23.721],[74.122,23.608],[74.069,23.6],[73.959,23.38],[73.892,23.335],[73.83,23.426],[73.755,23.455],[73.627,23.449],[73.656,23.621],[73.572,23.654],[73.523,23.607],[73.474,23.705],[73.369,23.815]]]}},{"type":"Feature","properties":{"state":"Madhya Pradesh","district":"Katni","district_code":"IN-MP-KAT"},"geometry":{"type":"Polygon","coordinates":[[[80.359,23.969],[80.469,23.991],[80.554,24.048],[80.738,24.131],[80.765,23.992],[80.869,24.079],[80.958,24.065],[80.846,23.966],[80.845,23.907],[80.918,23.79],[80.906,23.677],[80.771,23.672],[80.69,23.732],[80.625,23.593],[80.562,23.567],[80.544,23.394],[80.458,23.345],[80.328,23.314],[80.297,23.339],[80.236,23.574],[80.091,23.593],[79.97,23.574],[79.929,23.597],[79.936,23.681],[79.828,23.695],[79.865,23.828],[79.987,23.894],[80.053,23.992],[80.146,23.937],[80.232,23.947],[80.307,23.91],[80.359,23.969]]]}},{"type":"Feature","properties":{"state":"Jharkhand","district":"Dhanbad","district_code":"IN-J-DHA"},"geometry":{"type":"Polygon","coordinates":[[[86.11,23.888],[86.223,23.941],[86.293,23.916],[86.379,24.059],[86.481,24.022],[86.582,23.982],[86.801,23.834],[86.827,23.765],[86.801,23.699],[86.712,23.699],[86.486,23.636],[86.371,23.712],[86.244,23.713],[86.191,23.75],[86.11,23.888]]]}},{"type":"Feature","properties":{"state":"Rajasthan","district":"Banswara","district_code":"IN-R-BAN"},"geometry":{"type":"Polygon","coordinates":[[[73.959,23.38],[74.069,23.6],[74.122,23.608],[74.118,23.721],[74.147,23.783],[74.272,23.833],[74.376,23.904],[74.48,23.925],[74.561,23.805],[74.519,23.636],[74.65,23.644],[74.748,23.614],[74.772,23.543],[74.572,23.42],[74.529,23.321],[74.734,23.221],[74.506,23.085],[74.386,23.112],[74.32,23.06],[74.248,23.184],[74.127,23.175],[74.139,23.266],[73.982,23.338],[73.959,23.38]]]}},{"type":"Feature","properties":{"state":"Madhya Pradesh","district":"Umaria","district_code":"IN-MP-UMA"},"geometry":{"type":"Polygon","coordinates":[[[80.958,24.065],[81.002,24.081],[81.07,23.966],[81.129,23.971],[81.223,23.855],[81.18,23.797],[81.249,23.723],[81.249,23.581],[81.297,23.559],[81.308,23.423],[81.352,23.354],[81.284,23.221],[81.252,23.213],[81.177,23.318],[81.126,23.21],[81.068,23.195],[80.921,23.284],[80.865,23.233],[80.726,23.261],[80.75,23.329],[80.701,23.375],[80.576,23.351],[80.544,23.394],[80.562,23.567],[80.625,23.593],[80.69,23.732],[80.771,23.672],[80.906,23.677],[80.918,23.79],[80.845,23.907],[80.846,23.966],[80.958,24.065]]]}},{"type":"Feature","properties":{"state":"Jharkhand","district":"Latehar","district_code":"IN-J-LAT"},"geometry":{"type":"Polygon","coordinates":[[[84.019,23.802],[84.137,23.904],[84.334,23.91],[84.469,23.958],[84.567,23.927],[84.579,23.988],[84.671,23.999],[84.934,23.941],[84.952,23.877],[84.938,23.734],[84.969,23.716],[84.923,23.669],[84.948,23.608],[84.885,23.559],[84.857,23.533],[84.642,23.669],[84.469,23.658],[84.388,23.604],[84.318,23.581],[84.328,23.494],[84.246,23.446],[84.259,23.382],[84.192,23.325],[84.074,23.334],[83.963,23.386],[84.015,23.504],[84.016,23.635],[84.019,23.802]]]}},{"type":"Feature","properties":{"state":"Madhya Pradesh","district":"Ratlam","district_code":"IN-MP-RAT"},"geometry":{"type":"Polygon","coordinates":[[[75.462,23.918],[75.565,23.856],[75.583,23.795],[75.69,23.747],[75.621,23.659],[75.522,23.666],[75.471,23.532],[75.396,23.602],[75.28,23.589],[75.199,23.536],[75.164,23.4],[75.26,23.268],[75.225,23.207],[75.242,23.136],[75.237,23.086],[75.109,23.115],[75.006,23.109],[74.78,23.152],[74.734,23.221],[74.529,23.321],[74.572,23.42],[74.772,23.543],[74.847,23.552],[74.922,23.666],[74.941,23.765],[75.052,23.826],[75.256,23.823],[75.335,23.841],[75.462,23.918]]]}},{"type":"Feature","properties":{"state":"Jharkhand","district":"Bokaro","district_code":"IN-J-BOK"},"geometry":{"type":"Polygon","coordinates":[[[85.914,23.949],[85.968,23.894],[86.072,23.922],[86.11,23.888],[86.191,23.75],[86.244,23.713],[86.371,23.712],[86.486,23.636],[86.365,23.532],[86.31,23.412],[86.177,23.47],[86.159,23.559],[86.082,23.566],[86.039,23.499],[85.885,23.483],[85.755,23.663],[85.614,23.633],[85.613,23.798],[85.582,23.853],[85.643,23.955],[85.737,23.951],[85.835,23.841],[85.914,23.949]]]}},{"type":"Feature","properties":{"state":"Jharkhand","district":"Ramgarh","district_code":"IN-J-RAM"},"geometry":{"type":"Polygon","coordinates":[[[85.643,23.955],[85.582,23.853],[85.613,23.798],[85.614,23.633],[85.755,23.663],[85.885,23.483],[85.859,23.43],[85.775,23.461],[85.714,23.445],[85.601,23.489],[85.529,23.562],[85.385,23.551],[85.267,23.578],[85.205,23.628],[85.231,23.684],[85.336,23.705],[85.423,23.684],[85.469,23.765],[85.426,23.794],[85.643,23.955]]]}},{"type":"Feature","properties":{"state":"Madhya Pradesh","district":"Bhopal","district_code":"IN-MP-BHO"},"geometry":{"type":"Polygon","coordinates":[[[77.227,23.89],[77.318,23.89],[77.377,23.883],[77.415,23.8],[77.474,23.757],[77.574,23.767],[77.647,23.713],[77.507,23.569],[77.517,23.507],[77.49,23.416],[77.626,23.316],[77.562,23.137],[77.38,23.072],[77.271,23.094],[77.222,23.174],[77.215,23.285],[77.17,23.302],[77.288,23.426],[77.277,23.6],[77.167,23.673],[77.224,23.813],[77.227,23.89]]]}},{"type":"Feature","properties":{"state":"West Bengal","district":"Purba Bardhaman","district_code":"IN-WB-PURB"},"geometry":{"type":"Polygon","coordinates":[[[87.966,23.809],[88.009,23.845],[88.061,23.723],[88.177,23.761],[88.134,23.665],[88.257,23.619],[88.387,23.497],[88.326,23.316],[88.414,23.21],[88.361,23.118],[88.17,23.156],[88.147,23.078],[88.05,22.99],[87.94,22.943],[87.839,22.936],[87.743,22.965],[87.712,23.01],[87.764,23.075],[87.645,23.196],[87.556,23.313],[87.449,23.402],[87.449,23.481],[87.533,23.608],[87.708,23.619],[87.845,23.551],[87.93,23.57],[87.959,23.63],[87.91,23.718],[87.966,23.809]]]}},{"type":"Feature","properties":{"state":"Chhattisgarh","district":"Koriya","district_code":"IN-C-KOR"},"geometry":{"type":"Polygon","coordinates":[[[82.216,22.944],[82.123,23.104],[82.2,23.314],[82.103,23.398],[81.986,23.415],[81.917,23.534],[81.82,23.515],[81.758,23.549],[81.611,23.512],[81.614,23.663],[81.697,23.721],[81.611,23.837],[81.603,23.885],[81.668,23.925],[81.726,23.839],[81.81,23.808],[81.921,23.871],[82.007,23.861],[82.082,23.816],[82.209,23.853],[82.261,23.822],[82.498,23.784],[82.602,23.676],[82.582,23.545],[82.642,23.501],[82.651,23.384],[82.749,23.354],[82.744,23.269],[82.577,23.127],[82.606,23.024],[82.573,22.961],[82.455,22.966],[82.385,22.999],[82.259,22.938],[82.216,22.944]]]}},{"type":"Feature","properties":{"state":"Madhya Pradesh","district":"Ujjain","district_code":"IN-MP-UJJ"},"geometry":{"type":"Polygon","coordinates":[[[75.69,23.747],[75.73,23.757],[75.881,23.558],[76.0,23.574],[76.117,23.541],[76.155,23.57],[76.213,23.489],[76.213,23.384],[76.182,23.269],[76.121,23.244],[76.095,23.202],[76.083,23.048],[75.994,23.263],[75.947,23.156],[75.98,23.039],[75.898,23.004],[75.875,23.039],[75.672,23.015],[75.626,23.082],[75.566,23.086],[75.474,22.986],[75.441,22.867],[75.372,22.869],[75.306,22.932],[75.335,23.039],[75.32,23.108],[75.242,23.136],[75.225,23.207],[75.26,23.268],[75.164,23.4],[75.199,23.536],[75.28,23.589],[75.396,23.602],[75.471,23.532],[75.522,23.666],[75.621,23.659],[75.69,23.747]]]}},{"type":"Feature","properties":{"state":"Gujarat","district":"Gandhinagar","district_code":"IN-G-GAN"},"geometry":{"type":"Polygon","coordinates":[[[72.336,23.107],[72.428,23.144],[72.413,23.281],[72.521,23.35],[72.505,23.384],[72.624,23.556],[72.798,23.501],[72.794,23.427],[72.734,23.404],[72.948,23.252],[73.017,23.279],[72.982,23.222],[73.012,23.16],[73.008,23.103],[72.925,23.081],[72.838,22.997],[72.766,23.096],[72.665,23.094],[72.609,23.129],[72.483,23.144],[72.45,23.06],[72.336,23.107]]]}},{"type":"Feature","properties":{"state":"Gujarat","district":"Ahmedabad","district_code":"IN-G-AHM"},"geometry":{"type":"Polygon","coordinates":[[[72.061,22.102],[72.131,22.199],[72.06,22.247],[71.835,22.267],[71.862,22.371],[71.934,22.454],[71.913,22.527],[72.034,22.507],[72.084,22.436],[72.164,22.48],[72.15,22.584],[72.067,22.591],[72.057,22.796],[71.989,22.863],[72.015,23.057],[71.919,23.065],[71.907,23.177],[71.988,23.21],[71.873,23.279],[71.87,23.382],[71.956,23.387],[71.989,23.489],[72.052,23.444],[72.153,23.452],[72.191,23.416],[72.298,23.415],[72.251,23.332],[72.174,23.273],[72.188,23.144],[72.283,23.081],[72.336,23.107],[72.45,23.06],[72.483,23.144],[72.609,23.129],[72.665,23.094],[72.766,23.096],[72.838,22.997],[72.791,22.907],[72.644,22.898],[72.521,22.796],[72.509,22.61],[72.427,22.571],[72.439,22.509],[72.376,22.473],[72.376,22.315],[72.338,22.177],[72.245,21.995],[72.17,21.995],[72.061,22.102]]]}},{"type":"Feature","properties":{"state":"Madhya Pradesh","district":"Raisen","district_code":"IN-MP-RAI"},"geometry":{"type":"Polygon","coordinates":[[[78.293,23.676],[78.364,23.648],[78.429,23.72],[78.507,23.636],[78.499,23.585],[78.738,23.532],[78.629,23.452],[78.631,23.361],[78.709,23.354],[78.809,23.236],[78.788,23.118],[78.731,23.045],[78.47,23.005],[78.447,22.983],[78.32,22.917],[78.216,22.894],[78.028,22.803],[77.961,22.969],[77.855,22.949],[77.69,22.884],[77.64,22.839],[77.531,22.903],[77.436,22.931],[77.338,23.039],[77.38,23.072],[77.562,23.137],[77.626,23.316],[77.49,23.416],[77.517,23.507],[77.624,23.466],[77.707,23.564],[77.811,23.456],[78.001,23.467],[78.085,23.45],[78.135,23.518],[78.222,23.527],[78.293,23.676]]]}},{"type":"Feature","properties":{"state":"West Bengal","district":"Purulia","district_code":"IN-WB-PURU"},"geometry":{"type":"Polygon","coordinates":[[[86.61,22.799],[86.559,22.714],[86.419,22.791],[86.436,22.927],[86.501,22.994],[86.241,22.997],[86.044,23.145],[85.885,23.167],[85.819,23.269],[85.883,23.35],[85.859,23.43],[85.885,23.483],[86.039,23.499],[86.082,23.566],[86.159,23.559],[86.177,23.47],[86.31,23.412],[86.365,23.532],[86.486,23.636],[86.712,23.699],[86.801,23.699],[86.902,23.639],[86.894,23.512],[86.851,23.387],[86.787,23.339],[86.783,23.261],[86.717,23.122],[86.752,23.089],[86.689,22.931],[86.706,22.88],[86.61,22.799]]]}},{"type":"Feature","properties":{"state":"Madhya Pradesh","district":"Sehore","district_code":"IN-MP-SEH"},"geometry":{"type":"Polygon","coordinates":[[[77.221,22.569],[77.13,22.555],[77.088,22.62],[77.007,22.814],[77.003,22.878],[76.815,22.861],[76.796,22.832],[76.646,22.804],[76.575,22.771],[76.455,22.922],[76.468,23.067],[76.542,23.13],[76.774,23.171],[76.855,23.108],[76.901,23.228],[76.979,23.312],[77.016,23.445],[77.049,23.467],[77.095,23.49],[77.167,23.673],[77.277,23.6],[77.288,23.426],[77.17,23.302],[77.215,23.285],[77.222,23.174],[77.271,23.094],[77.38,23.072],[77.338,23.039],[77.436,22.931],[77.531,22.903],[77.64,22.839],[77.69,22.884],[77.855,22.949],[77.961,22.969],[78.028,22.803],[77.848,22.873],[77.742,22.76],[77.623,22.744],[77.575,22.676],[77.465,22.648],[77.332,22.564],[77.221,22.569]]]}},{"type":"Feature","properties":{"state":"Jharkhand","district":"Ranchi","district_code":"IN-J-RAN"},"geometry":{"type":"Polygon","coordinates":[[[84.969,23.716],[85.053,23.712],[85.076,23.668],[85.231,23.684],[85.205,23.628],[85.267,23.578],[85.385,23.551],[85.529,23.562],[85.601,23.489],[85.714,23.445],[85.775,23.461],[85.859,23.43],[85.883,23.35],[85.819,23.269],[85.885,23.167],[85.81,23.076],[85.857,22.9],[85.729,22.944],[85.582,22.895],[85.549,22.931],[85.656,23.005],[85.614,23.115],[85.483,23.125],[85.385,23.193],[85.221,23.208],[85.227,23.268],[85.088,23.243],[85.047,23.195],[85.055,23.12],[84.943,23.002],[84.903,23.056],[84.89,23.167],[84.902,23.327],[84.885,23.404],[84.945,23.499],[84.885,23.559],[84.948,23.608],[84.923,23.669],[84.969,23.716]]]}},{"type":"Feature","properties":{"state":"West Bengal","district":"Bankura","district_code":"IN-WB-BAN"},"geometry":{"type":"Polygon","coordinates":[[[87.523,22.928],[87.457,22.913],[87.358,22.954],[87.27,22.903],[87.064,22.851],[87.076,22.726],[87.015,22.65],[86.894,22.652],[86.695,22.769],[86.61,22.799],[86.706,22.88],[86.689,22.931],[86.752,23.089],[86.717,23.122],[86.783,23.261],[86.787,23.339],[86.851,23.387],[86.894,23.512],[86.902,23.639],[87.015,23.632],[87.209,23.558],[87.278,23.5],[87.449,23.402],[87.556,23.313],[87.645,23.196],[87.764,23.075],[87.712,23.01],[87.642,22.982],[87.631,22.899],[87.523,22.928]]]}},{"type":"Feature","properties":{"state":"Jharkhand","district":"Lohardaga","district_code":"IN-J-LOH"},"geometry":{"type":"Polygon","coordinates":[[[84.388,23.604],[84.469,23.658],[84.642,23.669],[84.857,23.533],[84.885,23.559],[84.945,23.499],[84.885,23.404],[84.902,23.327],[84.793,23.279],[84.591,23.318],[84.513,23.384],[84.441,23.405],[84.475,23.486],[84.471,23.58],[84.388,23.604]]]}},{"type":"Feature","properties":{"state":"Gujarat","district":"Panchmahal","district_code":"IN-G-PAN"},"geometry":{"type":"Polygon","coordinates":[[[73.563,22.33],[73.465,22.36],[73.421,22.429],[73.418,22.661],[73.35,22.792],[73.422,22.944],[73.436,23.004],[73.584,22.987],[73.674,23.103],[73.742,23.012],[73.809,23.109],[73.902,23.05],[73.915,23.013],[73.855,22.841],[73.803,22.549],[73.729,22.516],[73.731,22.287],[73.655,22.337],[73.563,22.33]]]}},{"type":"Feature","properties":{"state":"Madhya Pradesh","district":"Jabalpur","district_code":"IN-MP-JAB"},"geometry":{"type":"Polygon","coordinates":[[[79.964,22.852],[79.785,22.847],[79.748,22.921],[79.629,22.95],[79.608,23.098],[79.514,23.142],[79.458,23.098],[79.346,23.107],[79.372,23.166],[79.516,23.269],[79.675,23.338],[79.724,23.426],[79.788,23.446],[79.929,23.597],[79.97,23.574],[80.091,23.593],[80.236,23.574],[80.297,23.339],[80.328,23.314],[80.458,23.345],[80.544,23.394],[80.576,23.351],[80.582,23.284],[80.504,23.203],[80.53,23.083],[80.459,23.142],[80.36,23.14],[80.302,23.098],[80.248,23.152],[79.993,23.028],[80.005,22.979],[79.964,22.852]]]}},{"type":"Feature","properties":{"state":"Jharkhand","district":"Gumla","district_code":"IN-J-GUM"},"geometry":{"type":"Polygon","coordinates":[[[84.074,23.334],[84.192,23.325],[84.259,23.382],[84.246,23.446],[84.328,23.494],[84.318,23.581],[84.388,23.604],[84.471,23.58],[84.475,23.486],[84.441,23.405],[84.513,23.384],[84.591,23.318],[84.793,23.279],[84.902,23.327],[84.89,23.167],[84.903,23.056],[84.943,23.002],[84.986,22.92],[84.98,22.785],[84.857,22.72],[84.734,22.802],[84.695,22.741],[84.558,22.733],[84.556,22.788],[84.449,22.836],[84.415,22.764],[84.293,22.773],[84.324,22.851],[84.397,22.928],[84.374,22.979],[84.178,22.98],[84.064,23.114],[84.038,23.171],[84.074,23.334]]]}},{"type":"Feature","properties":{"state":"Gujarat","district":"Dahod","district_code":"IN-G-DAH"},"geometry":{"type":"Polygon","coordinates":[[[74.379,22.635],[74.263,22.643],[74.15,22.521],[74.058,22.55],[74.015,22.56],[73.876,22.503],[73.803,22.549],[73.855,22.841],[73.915,23.013],[73.902,23.05],[73.959,23.114],[73.997,23.29],[73.982,23.338],[74.139,23.266],[74.127,23.175],[74.248,23.184],[74.32,23.06],[74.393,22.896],[74.46,22.907],[74.465,22.817],[74.402,22.731],[74.379,22.635]]]}},{"type":"Feature","properties":{"state":"Madhya Pradesh","district":"Dewas","district_code":"IN-MP-DEW"},"geometry":{"type":"Polygon","coordinates":[[[77.13,22.555],[77.078,22.509],[76.919,22.488],[76.794,22.426],[76.782,22.344],[76.682,22.297],[76.604,22.406],[76.497,22.411],[76.326,22.298],[76.211,22.327],[76.213,22.418],[76.101,22.47],[76.083,22.538],[76.12,22.605],[76.247,22.643],[76.19,22.69],[76.103,22.701],[76.023,22.859],[75.898,23.004],[75.98,23.039],[75.947,23.156],[75.994,23.263],[76.083,23.048],[76.095,23.202],[76.121,23.244],[76.164,23.225],[76.364,23.233],[76.513,23.18],[76.542,23.13],[76.468,23.067],[76.455,22.922],[76.575,22.771],[76.646,22.804],[76.796,22.832],[76.815,22.861],[77.003,22.878],[77.007,22.814],[77.088,22.62],[77.13,22.555]]]}},{"type":"Feature","properties":{"state":"Madhya Pradesh","district":"Anuppur","district_code":"IN-MP-ANU"},"geometry":{"type":"Polygon","coordinates":[[[82.123,23.104],[81.943,23.079],[81.95,22.983],[81.862,22.889],[81.776,22.874],[81.794,22.766],[81.732,22.676],[81.692,22.781],[81.594,22.753],[81.453,22.77],[81.429,22.836],[81.2,22.913],[81.204,23.004],[81.264,23.071],[81.126,23.21],[81.177,23.318],[81.252,23.213],[81.328,23.148],[81.319,23.104],[81.438,23.057],[81.518,23.082],[81.612,23.199],[81.756,23.214],[81.84,23.296],[81.914,23.301],[81.986,23.415],[82.103,23.398],[82.2,23.314],[82.123,23.104]]]}},{"type":"Feature","properties":{"state":"Madhya Pradesh","district":"Jhabua","district_code":"IN-MP-JHA"},"geometry":{"type":"Polygon","coordinates":[[[74.742,22.56],[74.609,22.558],[74.442,22.583],[74.379,22.635],[74.402,22.731],[74.465,22.817],[74.46,22.907],[74.393,22.896],[74.32,23.06],[74.386,23.112],[74.506,23.085],[74.734,23.221],[74.78,23.152],[75.006,23.109],[75.003,22.913],[74.895,22.748],[74.76,22.752],[74.779,22.579],[74.742,22.56]]]}},{"type":"Feature","properties":{"state":"West Bengal","district":"North 24 Parganas","district_code":"IN-WB-NOR"},"geometry":{"type":"Polygon","coordinates":[[[89.055,22.128],[88.804,22.329],[88.823,22.371],[88.703,22.434],[88.624,22.58],[88.561,22.624],[88.521,22.562],[88.414,22.557],[88.358,22.632],[88.35,22.654],[88.353,22.796],[88.407,22.943],[88.612,22.907],[88.654,22.92],[88.688,23.026],[88.674,23.094],[88.709,23.232],[88.81,23.255],[88.942,23.206],[88.858,22.968],[88.969,22.844],[88.913,22.758],[88.963,22.693],[88.927,22.65],[89.0,22.429],[88.995,22.287],[89.066,22.208],[89.055,22.128]]]}},{"type":"Feature","properties":{"state":"Madhya Pradesh","district":"Dindori","district_code":"IN-MP-DIN"},"geometry":{"type":"Polygon","coordinates":[[[81.475,22.489],[81.328,22.525],[81.249,22.459],[81.193,22.491],[81.12,22.594],[81.013,22.591],[80.868,22.758],[80.871,22.848],[80.73,22.811],[80.524,22.872],[80.565,22.994],[80.53,23.083],[80.504,23.203],[80.582,23.284],[80.576,23.351],[80.701,23.375],[80.75,23.329],[80.726,23.261],[80.865,23.233],[80.921,23.284],[81.068,23.195],[81.126,23.21],[81.264,23.071],[81.204,23.004],[81.2,22.913],[81.429,22.836],[81.453,22.77],[81.594,22.753],[81.692,22.781],[81.732,22.676],[81.729,22.67],[81.649,22.615],[81.622,22.538],[81.475,22.489]]]}},{"type":"Feature","properties":{"state":"West Bengal","district":"Hooghly","district_code":"IN-WB-HOO"},"geometry":{"type":"Polygon","coordinates":[[[87.853,22.595],[87.813,22.615],[87.741,22.777],[87.63,22.813],[87.511,22.898],[87.523,22.928],[87.631,22.899],[87.642,22.982],[87.712,23.01],[87.743,22.965],[87.839,22.936],[87.94,22.943],[88.05,22.99],[88.147,23.078],[88.17,23.156],[88.361,23.118],[88.414,23.21],[88.501,23.105],[88.41,22.99],[88.407,22.943],[88.353,22.796],[88.35,22.654],[88.197,22.663],[87.992,22.704],[87.853,22.595]]]}},{"type":"Feature","properties":{"state":"Jharkhand","district":"Khunti","district_code":"IN-J-KHU"},"geometry":{"type":"Polygon","coordinates":[[[84.943,23.002],[85.055,23.12],[85.047,23.195],[85.088,23.243],[85.227,23.268],[85.221,23.208],[85.385,23.193],[85.483,23.125],[85.614,23.115],[85.656,23.005],[85.549,22.931],[85.582,22.895],[85.516,22.807],[85.341,22.883],[85.249,22.835],[85.157,22.832],[85.073,22.568],[85.041,22.682],[85.049,22.753],[84.98,22.785],[84.986,22.92],[84.943,23.002]]]}},{"type":"Feature","properties":{"state":"Madhya Pradesh","district":"Narsinghpur","district_code":"IN-MP-NAR"},"geometry":{"type":"Polygon","coordinates":[[[79.629,22.95],[79.577,22.833],[79.488,22.73],[79.412,22.722],[79.328,22.616],[79.244,22.719],[79.241,22.803],[79.042,22.759],[79.011,22.643],[78.918,22.672],[78.724,22.645],[78.69,22.705],[78.699,22.762],[78.577,22.862],[78.571,22.955],[78.447,22.983],[78.47,23.005],[78.731,23.045],[78.788,23.118],[78.809,23.236],[79.092,23.195],[79.19,23.224],[79.306,23.232],[79.372,23.166],[79.346,23.107],[79.458,23.098],[79.514,23.142],[79.608,23.098],[79.629,22.95]]]}},{"type":"Feature","properties":{"state":"Madhya Pradesh","district":"Dhar","district_code":"IN-MP-DHA"},"geometry":{"type":"Polygon","coordinates":[[[74.502,22.045],[74.471,22.113],[74.526,22.236],[74.649,22.274],[74.691,22.368],[74.742,22.56],[74.779,22.579],[74.76,22.752],[74.895,22.748],[75.003,22.913],[75.006,23.109],[75.109,23.115],[75.237,23.086],[75.242,23.136],[75.32,23.108],[75.335,23.039],[75.306,22.932],[75.372,22.869],[75.441,22.867],[75.439,22.774],[75.491,22.763],[75.529,22.63],[75.655,22.638],[75.696,22.595],[75.557,22.516],[75.561,22.377],[75.519,22.326],[75.535,22.234],[75.491,22.154],[75.317,22.133],[75.188,22.105],[74.779,22.078],[74.679,22.036],[74.563,22.023],[74.502,22.045]]]}},{"type":"Feature","properties":{"state":"Chhattisgarh","district":"Jashpur","district_code":"IN-C-JAS"},"geometry":{"type":"Polygon","coordinates":[[[84.012,22.528],[84.047,22.469],[84.01,22.371],[83.863,22.344],[83.802,22.294],[83.738,22.378],[83.649,22.392],[83.576,22.459],[83.4,22.554],[83.409,22.641],[83.629,22.712],[83.646,22.826],[83.596,22.85],[83.504,22.951],[83.548,23.031],[83.499,23.065],[83.555,23.17],[83.625,23.219],[83.792,23.251],[83.926,23.169],[84.038,23.171],[84.064,23.114],[84.178,22.98],[84.374,22.979],[84.397,22.928],[84.324,22.851],[84.293,22.773],[84.238,22.692],[84.152,22.637],[84.084,22.638],[84.01,22.573],[84.012,22.528]]]}},{"type":"Feature","properties":{"state":"Madhya Pradesh","district":"Indore","district_code":"IN-MP-IND"},"geometry":{"type":"Polygon","coordinates":[[[76.083,22.538],[75.994,22.414],[75.834,22.408],[75.76,22.363],[75.615,22.338],[75.561,22.377],[75.557,22.516],[75.696,22.595],[75.655,22.638],[75.529,22.63],[75.491,22.763],[75.439,22.774],[75.441,22.867],[75.474,22.986],[75.566,23.086],[75.626,23.082],[75.672,23.015],[75.875,23.039],[75.898,23.004],[76.023,22.859],[76.103,22.701],[76.19,22.69],[76.247,22.643],[76.12,22.605],[76.083,22.538]]]}},{"type":"Feature","properties":{"state":"Jharkhand","district":"Saraikela-Kharsawan","district_code":"IN-J-SAR"},"geometry":{"type":"Polygon","coordinates":[[[86.067,22.557],[85.963,22.485],[85.9,22.525],[85.914,22.605],[85.865,22.712],[85.724,22.685],[85.702,22.807],[85.646,22.851],[85.516,22.807],[85.582,22.895],[85.729,22.944],[85.857,22.9],[85.81,23.076],[85.885,23.167],[86.044,23.145],[86.241,22.997],[86.188,22.947],[86.198,22.818],[86.159,22.752],[86.15,22.631],[86.067,22.557]]]}},{"type":"Feature","properties":{"state":"Madhya Pradesh","district":"Mandla","district_code":"IN-MP-MAND"},"geometry":{"type":"Polygon","coordinates":[[[80.1,22.335],[80.05,22.456],[80.036,22.608],[80.154,22.599],[80.29,22.726],[80.281,22.784],[80.065,22.762],[79.964,22.852],[80.005,22.979],[79.993,23.028],[80.248,23.152],[80.302,23.098],[80.36,23.14],[80.459,23.142],[80.53,23.083],[80.565,22.994],[80.524,22.872],[80.73,22.811],[80.871,22.848],[80.868,22.758],[81.013,22.591],[81.12,22.594],[81.193,22.491],[81.111,22.436],[81.119,22.291],[81.045,22.241],[81.007,22.283],[80.915,22.279],[80.866,22.379],[80.704,22.271],[80.706,22.202],[80.58,22.227],[80.4,22.304],[80.336,22.298],[80.1,22.335]]]}},{"type":"Feature","properties":{"state":"Jharkhand","district":"East Singhbhum","district_code":"IN-J-EAS"},"geometry":{"type":"Polygon","coordinates":[[[86.728,22.216],[86.555,22.298],[86.497,22.346],[86.429,22.316],[86.359,22.349],[86.283,22.448],[86.119,22.487],[86.067,22.557],[86.15,22.631],[86.159,22.752],[86.198,22.818],[86.188,22.947],[86.241,22.997],[86.501,22.994],[86.436,22.927],[86.419,22.791],[86.559,22.714],[86.642,22.657],[86.659,22.576],[86.766,22.576],[86.801,22.488],[86.764,22.426],[86.845,22.4],[86.833,22.326],[86.728,22.216]]]}},{"type":"Feature","properties":{"state":"Madhya Pradesh","district":"Hoshangabad","district_code":"IN-MP-HOS"},"geometry":{"type":"Polygon","coordinates":[[[78.69,22.705],[78.612,22.649],[78.522,22.665],[78.498,22.593],[78.548,22.536],[78.56,22.419],[78.47,22.375],[78.381,22.421],[78.27,22.401],[78.187,22.399],[78.033,22.33],[77.855,22.368],[77.684,22.322],[77.548,22.352],[77.453,22.217],[77.39,22.223],[77.282,22.463],[77.221,22.569],[77.332,22.564],[77.465,22.648],[77.575,22.676],[77.623,22.744],[77.742,22.76],[77.848,22.873],[78.028,22.803],[78.216,22.894],[78.32,22.917],[78.447,22.983],[78.571,22.955],[78.577,22.862],[78.699,22.762],[78.69,22.705]]]}},{"type":"Feature","properties":{"state":"Chhattisgarh","district":"Korba","district_code":"IN-C-KORB"},"geometry":{"type":"Polygon","coordinates":[[[82.937,22.122],[82.862,22.172],[82.669,22.081],[82.665,22.188],[82.594,22.263],[82.458,22.214],[82.351,22.327],[82.204,22.312],[82.183,22.41],[82.138,22.455],[82.157,22.544],[82.239,22.653],[82.174,22.671],[82.134,22.854],[82.216,22.944],[82.259,22.938],[82.385,22.999],[82.455,22.966],[82.573,22.961],[82.559,22.856],[82.651,22.81],[82.758,22.797],[82.874,22.747],[83.013,22.639],[83.111,22.671],[83.087,22.47],[83.114,22.422],[83.08,22.311],[83.03,22.239],[83.03,22.169],[82.937,22.122]]]}},{"type":"Feature","properties":{"state":"Jharkhand","district":"West Singhbhum","district_code":"IN-J-WES"},"geometry":{"type":"Polygon","coordinates":[[[85.963,22.485],[86.018,22.426],[86.029,22.334],[85.974,22.247],[86.032,22.19],[86.009,22.116],[85.897,21.984],[85.784,21.985],[85.749,22.074],[85.683,22.058],[85.397,22.164],[85.275,22.083],[85.238,22.01],[85.18,22.073],[85.029,22.122],[85.078,22.257],[85.07,22.491],[85.073,22.568],[85.157,22.832],[85.249,22.835],[85.341,22.883],[85.516,22.807],[85.646,22.851],[85.702,22.807],[85.724,22.685],[85.865,22.712],[85.914,22.605],[85.9,22.525],[85.963,22.485]]]}},{"type":"Feature","properties":{"state":"West Bengal","district":"Howrah","district_code":"IN-WB-HOW"},"geometry":{"type":"Polygon","coordinates":[[[88.238,22.544],[88.17,22.483],[88.09,22.363],[88.082,22.261],[87.998,22.245],[87.952,22.276],[87.937,22.422],[87.893,22.52],[87.853,22.595],[87.992,22.704],[88.197,22.663],[88.35,22.654],[88.358,22.632],[88.321,22.553],[88.238,22.544]]]}},{"type":"Feature","properties":{"state":"Jharkhand","district":"Simdega","district_code":"IN-J-SIM"},"geometry":{"type":"Polygon","coordinates":[[[85.07,22.491],[84.958,22.445],[84.81,22.454],[84.75,22.419],[84.535,22.428],[84.429,22.352],[84.292,22.342],[84.197,22.378],[84.111,22.477],[84.012,22.528],[84.01,22.573],[84.084,22.638],[84.152,22.637],[84.238,22.692],[84.293,22.773],[84.415,22.764],[84.449,22.836],[84.556,22.788],[84.558,22.733],[84.695,22.741],[84.734,22.802],[84.857,22.72],[84.98,22.785],[85.049,22.753],[85.041,22.682],[85.073,22.568],[85.07,22.491]]]}},{"type":"Feature","properties":{"state":"West Bengal","district":"Kolkata","district_code":"IN-WB-KOL"},"geometry":{"type":"Polygon","coordinates":[[[88.414,22.557],[88.342,22.505],[88.238,22.544],[88.321,22.553],[88.358,22.632],[88.414,22.557]]]}},{"type":"Feature","properties":{"state":"Jharkhand","district":"Koderma","district_code":"IN-J-KOD"},"geometry":{"type":"Polygon","coordinates":[[[85.374,24.554],[85.542,24.532],[85.677,24.591],[85.666,24.662],[85.738,24.82],[85.902,24.766],[85.818,24.723],[85.773,24.611],[85.868,24.527],[85.85,24.274],[85.642,24.332],[85.516,24.318],[85.397,24.362],[85.412,24.407],[85.331,24.51],[85.374,24.554]]]}},{"type":"Feature","properties":{"state":"Jharkhand","district":"Hazaribagh","district_code":"IN-J-HAZ"},"geometry":{"type":"Polygon","coordinates":[[[85.088,24.37],[85.289,24.523],[85.331,24.51],[85.412,24.407],[85.397,24.362],[85.516,24.318],[85.642,24.332],[85.85,24.274],[85.847,24.219],[85.682,24.176],[85.711,24.102],[85.836,24.072],[85.914,23.949],[85.835,23.841],[85.737,23.951],[85.643,23.955],[85.426,23.794],[85.469,23.765],[85.423,23.684],[85.336,23.705],[85.231,23.684],[85.076,23.668],[85.053,23.712],[85.021,23.882],[85.024,23.992],[85.201,23.956],[85.249,24.035],[85.169,24.099],[85.16,24.23],[85.272,24.216],[85.322,24.31],[85.226,24.344],[85.101,24.329],[85.088,24.37]]]}},{"type":"Feature","properties":{"state":"Bihar","district":"Vaishali","district_code":"IN-B-VAI"},"geometry":{"type":"Polygon","coordinates":[[[85.645,25.917],[85.61,25.855],[85.611,25.71],[85.57,25.688],[85.527,25.539],[85.429,25.496],[85.312,25.513],[85.231,25.601],[85.192,25.671],[85.165,25.838],[85.114,25.867],[85.068,25.974],[85.175,26.012],[85.284,25.955],[85.409,25.946],[85.509,25.904],[85.645,25.917]]]}},{"type":"Feature","properties":{"state":"Bihar","district":"Begusarai","district_code":"IN-B-BEG"},"geometry":{"type":"Polygon","coordinates":[[[85.735,25.525],[85.844,25.645],[85.998,25.682],[86.084,25.745],[86.177,25.713],[86.182,25.665],[86.293,25.638],[86.283,25.543],[86.353,25.475],[86.425,25.5],[86.51,25.423],[86.263,25.28],[86.194,25.25],[86.069,25.335],[85.957,25.414],[85.874,25.44],[85.89,25.499],[85.781,25.55],[85.735,25.525]]]}},{"type":"Feature","properties":{"state":"Bihar","district":"Bhagalpur","district_code":"IN-B-BHA"},"geometry":{"type":"Polygon","coordinates":[[[87.217,25.456],[87.229,25.376],[87.367,25.409],[87.552,25.331],[87.478,25.195],[87.327,25.224],[87.295,25.089],[87.176,25.057],[87.014,25.11],[86.813,25.092],[86.692,25.115],[86.726,25.254],[86.858,25.364],[86.822,25.445],[86.92,25.493],[87.02,25.462],[87.101,25.519],[87.104,25.433],[87.217,25.456]]]}},{"type":"Feature","properties":{"state":"Bihar","district":"Lakhisarai","district_code":"IN-B-LAK"},"geometry":{"type":"Polygon","coordinates":[[[86.371,25.144],[86.211,25.018],[86.119,24.974],[85.975,24.997],[85.951,25.095],[85.981,25.18],[85.902,25.257],[85.906,25.288],[86.02,25.297],[86.069,25.335],[86.194,25.25],[86.263,25.28],[86.353,25.299],[86.371,25.144]]]}},{"type":"Feature","properties":{"state":"Bihar","district":"Sheikhpura","district_code":"IN-B-SHEI"},"geometry":{"type":"Polygon","coordinates":[[[85.975,24.997],[85.835,24.987],[85.769,25.008],[85.766,25.078],[85.634,25.097],[85.688,25.143],[85.702,25.264],[85.835,25.216],[85.902,25.257],[85.981,25.18],[85.951,25.095],[85.975,24.997]]]}},{"type":"Feature","properties":{"state":"Bihar","district":"Arwal","district_code":"IN-B-ARW"},"geometry":{"type":"Polygon","coordinates":[[[84.463,25.161],[84.522,25.207],[84.63,25.238],[84.708,25.309],[84.812,25.217],[84.857,25.227],[84.833,25.202],[84.856,25.062],[84.734,25.055],[84.685,25.1],[84.448,25.128],[84.463,25.161]]]}},{"type":"Feature","properties":{"state":"Bihar","district":"Jehanabad","district_code":"IN-B-JEH"},"geometry":{"type":"Polygon","coordinates":[[[85.201,25.059],[85.127,25.053],[85.09,24.993],[84.909,25.066],[84.856,25.062],[84.833,25.202],[84.857,25.227],[84.949,25.294],[85.076,25.273],[85.166,25.308],[85.165,25.143],[85.201,25.059]]]}},{"type":"Feature","properties":{"state":"Bihar","district":"Nalanda","district_code":"IN-B-NAL"},"geometry":{"type":"Polygon","coordinates":[[[85.634,25.097],[85.547,25.033],[85.388,24.963],[85.35,25.02],[85.201,25.059],[85.165,25.143],[85.166,25.308],[85.179,25.403],[85.36,25.401],[85.414,25.462],[85.575,25.422],[85.646,25.335],[85.718,25.361],[85.809,25.288],[85.906,25.288],[85.902,25.257],[85.835,25.216],[85.702,25.264],[85.688,25.143],[85.634,25.097]]]}},{"type":"Feature","properties":{"state":"Bihar","district":"Patna","district_code":"IN-B-PAT"},"geometry":{"type":"Polygon","coordinates":[[[85.527,25.539],[85.544,25.484],[85.651,25.462],[85.735,25.525],[85.781,25.55],[85.89,25.499],[85.874,25.44],[85.957,25.414],[86.069,25.335],[86.02,25.297],[85.906,25.288],[85.809,25.288],[85.718,25.361],[85.646,25.335],[85.575,25.422],[85.414,25.462],[85.36,25.401],[85.179,25.403],[85.166,25.308],[85.076,25.273],[84.949,25.294],[84.857,25.227],[84.812,25.217],[84.708,25.309],[84.779,25.448],[84.755,25.502],[84.819,25.581],[84.848,25.699],[84.995,25.73],[85.07,25.708],[85.143,25.623],[85.231,25.601],[85.312,25.513],[85.429,25.496],[85.527,25.539]]]}},{"type":"Feature","properties":{"state":"Bihar","district":"Saran","district_code":"IN-B-SAR"},"geometry":{"type":"Polygon","coordinates":[[[84.766,26.21],[84.897,26.215],[84.937,26.024],[85.068,25.974],[85.114,25.867],[85.165,25.838],[85.192,25.671],[85.231,25.601],[85.143,25.623],[85.07,25.708],[84.995,25.73],[84.848,25.699],[84.633,25.708],[84.6,25.732],[84.625,25.792],[84.472,25.882],[84.409,26.032],[84.565,26.031],[84.587,26.075],[84.704,26.082],[84.766,26.21]]]}},{"type":"Feature","properties":{"state":"Bihar","district":"Siwan","district_code":"IN-B-SIW"},"geometry":{"type":"Polygon","coordinates":[[[84.056,26.1],[84.087,26.219],[84.177,26.265],[84.157,26.376],[84.267,26.31],[84.363,26.369],[84.654,26.299],[84.766,26.21],[84.704,26.082],[84.587,26.075],[84.565,26.031],[84.409,26.032],[84.472,25.882],[84.354,25.959],[84.296,25.946],[84.056,26.1]]]}},{"type":"Feature","properties":{"state":"Bihar","district":"Muzaffarpur","district_code":"IN-B-MUZ"},"geometry":{"type":"Polygon","coordinates":[[[85.287,26.352],[85.29,26.354],[85.376,26.337],[85.461,26.302],[85.504,26.381],[85.705,26.303],[85.727,26.126],[85.712,26.089],[85.633,25.955],[85.645,25.917],[85.509,25.904],[85.409,25.946],[85.284,25.955],[85.175,26.012],[85.068,25.974],[84.937,26.024],[84.897,26.215],[84.865,26.26],[84.902,26.326],[85.045,26.342],[85.2,26.285],[85.281,26.35],[85.287,26.352]]]}},{"type":"Feature","properties":{"state":"Bihar","district":"Madhepura","district_code":"IN-B-MAD"},"geometry":{"type":"Polygon","coordinates":[[[86.822,25.445],[86.839,25.617],[86.798,25.635],[86.871,25.723],[86.844,25.871],[86.712,25.866],[86.645,26.018],[86.789,26.09],[87.093,26.06],[87.079,25.965],[86.989,25.946],[87.043,25.848],[87.007,25.745],[87.026,25.655],[87.101,25.519],[87.02,25.462],[86.92,25.493],[86.822,25.445]]]}},{"type":"Feature","properties":{"state":"Bihar","district":"Araria","district_code":"IN-B-ARA"},"geometry":{"type":"Polygon","coordinates":[[[87.079,25.965],[87.093,26.06],[87.118,26.178],[87.044,26.317],[87.081,26.405],[87.043,26.56],[87.092,26.45],[87.162,26.405],[87.368,26.407],[87.463,26.44],[87.589,26.381],[87.659,26.38],[87.625,26.346],[87.706,26.161],[87.685,26.102],[87.634,26.017],[87.518,25.974],[87.471,25.99],[87.272,25.985],[87.165,25.943],[87.079,25.965]]]}},{"type":"Feature","properties":{"state":"Bihar","district":"Supaul","district_code":"IN-B-SUP"},"geometry":{"type":"Polygon","coordinates":[[[86.645,26.018],[86.532,25.991],[86.437,26.072],[86.515,26.218],[86.535,26.303],[86.723,26.425],[86.847,26.442],[87.043,26.56],[87.081,26.405],[87.044,26.317],[87.118,26.178],[87.093,26.06],[86.789,26.09],[86.645,26.018]]]}},{"type":"Feature","properties":{"state":"Bihar","district":"Madhubani","district_code":"IN-B-MADH"},"geometry":{"type":"Polygon","coordinates":[[[85.767,26.436],[85.825,26.541],[85.816,26.6],[85.859,26.568],[85.96,26.651],[86.029,26.666],[86.191,26.615],[86.341,26.607],[86.543,26.538],[86.57,26.497],[86.723,26.425],[86.535,26.303],[86.515,26.218],[86.437,26.072],[86.388,26.034],[86.33,26.091],[86.33,26.156],[86.15,26.236],[86.11,26.193],[86.013,26.247],[85.978,26.324],[85.882,26.274],[85.816,26.293],[85.821,26.409],[85.767,26.436]]]}},{"type":"Feature","properties":{"state":"Bihar","district":"Purnia","district_code":"IN-B-PUR"},"geometry":{"type":"Polygon","coordinates":[[[87.827,25.891],[87.83,25.787],[87.685,25.748],[87.65,25.683],[87.414,25.675],[87.241,25.697],[87.269,25.562],[87.217,25.456],[87.104,25.433],[87.101,25.519],[87.026,25.655],[87.007,25.745],[87.043,25.848],[86.989,25.946],[87.079,25.965],[87.165,25.943],[87.272,25.985],[87.471,25.99],[87.518,25.974],[87.634,26.017],[87.685,26.102],[87.862,26.094],[87.85,26.039],[87.853,26.029],[87.841,25.996],[87.847,25.992],[87.822,25.936],[87.827,25.891]]]}},{"type":"Feature","properties":{"state":"Chhattisgarh","district":"Surajpur","district_code":"IN-C-SUR"},"geometry":{"type":"Polygon","coordinates":[[[82.498,23.784],[82.635,23.838],[82.694,23.919],[82.772,23.877],[82.782,23.817],[82.909,23.773],[83.065,23.769],[83.198,23.685],[83.2,23.595],[83.279,23.577],[83.348,23.47],[83.207,23.378],[83.209,23.246],[83.246,23.232],[83.1,23.129],[82.831,23.016],[82.853,22.987],[82.756,22.844],[82.758,22.797],[82.651,22.81],[82.559,22.856],[82.573,22.961],[82.606,23.024],[82.577,23.127],[82.744,23.269],[82.749,23.354],[82.651,23.384],[82.642,23.501],[82.582,23.545],[82.602,23.676],[82.498,23.784]]]}},{"type":"Feature","properties":{"state":"Chhattisgarh","district":"Surguja","district_code":"IN-C-SURG"},"geometry":{"type":"Polygon","coordinates":[[[83.409,22.641],[83.351,22.73],[83.218,22.788],[83.158,22.774],[83.111,22.671],[83.013,22.639],[82.874,22.747],[82.758,22.797],[82.756,22.844],[82.853,22.987],[82.831,23.016],[83.1,23.129],[83.246,23.232],[83.354,23.173],[83.392,23.27],[83.477,23.258],[83.555,23.17],[83.499,23.065],[83.548,23.031],[83.504,22.951],[83.596,22.85],[83.646,22.826],[83.629,22.712],[83.409,22.641]]]}},{"type":"Feature","properties":{"state":"Gujarat","district":"Aravalli","district_code":"IN-G-ARA"},"geometry":{"type":"Polygon","coordinates":[[[73.378,23.904],[73.369,23.815],[73.474,23.705],[73.523,23.607],[73.572,23.654],[73.656,23.621],[73.627,23.449],[73.63,23.413],[73.525,23.285],[73.451,23.283],[73.341,23.2],[73.375,23.171],[73.326,23.082],[73.272,23.059],[73.202,23.147],[73.121,23.186],[73.012,23.16],[72.982,23.222],[73.017,23.279],[73.103,23.324],[73.21,23.61],[73.125,23.707],[73.141,23.776],[73.225,23.856],[73.289,23.833],[73.378,23.904]]]}},{"type":"Feature","properties":{"state":"Gujarat","district":"Mahisagar","district_code":"IN-G-MAH"},"geometry":{"type":"Polygon","coordinates":[[[73.627,23.449],[73.755,23.455],[73.83,23.426],[73.892,23.335],[73.959,23.38],[73.982,23.338],[73.997,23.29],[73.959,23.114],[73.902,23.05],[73.809,23.109],[73.742,23.012],[73.674,23.103],[73.584,22.987],[73.436,23.004],[73.422,22.944],[73.349,22.924],[73.242,23.019],[73.272,23.059],[73.326,23.082],[73.375,23.171],[73.341,23.2],[73.451,23.283],[73.525,23.285],[73.63,23.413],[73.627,23.449]]]}},{"type":"Feature","properties":{"state":"Uttar Pradesh","district":"Amethi","district_code":"IN-UP-AME"},"geometry":{"type":"Polygon","coordinates":[[[81.345,26.544],[81.382,26.59],[81.536,26.544],[81.559,26.641],[81.642,26.64],[81.698,26.544],[81.94,26.508],[81.949,26.42],[81.882,26.388],[81.853,26.284],[82.05,26.149],[82.048,26.058],[81.885,26.082],[81.768,26.068],[81.6,26.144],[81.567,26.073],[81.57,25.976],[81.446,25.935],[81.307,26.018],[81.339,26.047],[81.374,26.189],[81.357,26.278],[81.408,26.315],[81.345,26.544]]]}},{"type":"Feature","properties":{"state":"Uttar Pradesh","district":"Ghaziabad","district_code":"IN-UP-GHAZ"},"geometry":{"type":"Polygon","coordinates":[[[77.69,28.745],[77.546,28.685],[77.566,28.652],[77.341,28.61],[77.317,28.641],[77.299,28.709],[77.228,28.769],[77.208,28.791],[77.222,28.831],[77.39,28.828],[77.447,28.927],[77.531,28.888],[77.684,28.874],[77.69,28.745]]]}},{"type":"Feature","properties":{"state":"Madhya Pradesh","district":"Agar Malwa","district_code":"IN-MP-AGA"},"geometry":{"type":"Polygon","coordinates":[[[75.69,23.747],[75.794,23.867],[75.938,23.897],[76.042,24.066],[76.127,24.088],[76.118,24.194],[76.213,24.209],[76.191,24.087],[76.303,23.96],[76.329,23.864],[76.381,23.811],[76.435,23.633],[76.34,23.629],[76.155,23.57],[76.117,23.541],[76.0,23.574],[75.881,23.558],[75.73,23.757],[75.69,23.747]]]}},{"type":"Feature","properties":{"state":"Uttar Pradesh","district":"Sambhal","district_code":"IN-UP-SAM"},"geometry":{"type":"Polygon","coordinates":[[[78.305,28.438],[78.412,28.463],[78.439,28.589],[78.407,28.782],[78.623,28.806],[78.681,28.764],[78.644,28.669],[78.754,28.644],[78.802,28.534],[78.872,28.468],[78.794,28.398],[78.652,28.318],[78.579,28.063],[78.479,28.112],[78.312,28.274],[78.279,28.389],[78.305,28.438]]]}},{"type":"Feature","properties":{"state":"West Bengal","district":"Alipurduar","district_code":"IN-WB-ALI"},"geometry":{"type":"Polygon","coordinates":[[[89.852,26.698],[89.87,26.614],[89.835,26.414],[89.749,26.465],[89.697,26.428],[89.537,26.442],[89.451,26.487],[89.391,26.462],[89.119,26.524],[89.105,26.593],[89.043,26.632],[89.09,26.841],[89.128,26.806],[89.255,26.808],[89.375,26.854],[89.454,26.798],[89.547,26.813],[89.636,26.751],[89.763,26.699],[89.852,26.698]]]}},{"type":"Feature","properties":{"state":"West Bengal","district":"Paschim Bardhaman","district_code":"IN-WB-PASC"},"geometry":{"type":"Polygon","coordinates":[[[87.085,23.812],[87.154,23.749],[87.264,23.749],[87.41,23.687],[87.446,23.614],[87.533,23.608],[87.449,23.481],[87.449,23.402],[87.278,23.5],[87.209,23.558],[87.015,23.632],[86.902,23.639],[86.801,23.699],[86.827,23.765],[86.801,23.834],[86.916,23.882],[87.085,23.812]]]}},{"type":"Feature","properties":{"state":"West Bengal","district":"Kalimpong","district_code":"IN-WB-KAL"},"geometry":{"type":"Polygon","coordinates":[[[88.425,27.071],[88.532,27.176],[88.598,27.188],[88.722,27.139],[88.865,27.109],[88.868,26.966],[88.789,26.992],[88.76,26.926],[88.664,26.926],[88.602,26.88],[88.479,26.88],[88.423,26.956],[88.425,27.071]]]}},{"type":"Feature","properties":{"state":"Rajasthan","district":"Ajmer","district_code":"IN-R-AJM"},"geometry":{"type":"MultiPolygon","coordinates":[[[[73.908,25.684],[73.907,25.741],[73.996,25.866],[74.054,25.83],[74.092,25.77],[74.008,25.742],[73.986,25.666],[73.908,25.684]]],[[[74.974,26.891],[74.913,26.838],[74.964,26.684],[75.064,26.655],[75.061,26.555],[75.167,26.464],[75.129,26.403],[75.112,26.288],[75.187,26.116],[75.303,26.071],[75.35,26.012],[75.246,25.939],[75.305,25.86],[75.317,25.767],[75.251,25.686],[75.159,25.724],[75.107,25.697],[75.037,25.786],[75.017,25.859],[74.901,25.882],[74.8,25.874],[74.708,25.921],[74.616,25.904],[74.43,25.93],[74.389,25.963],[74.321,25.999],[74.266,25.935],[74.285,25.884],[74.226,25.844],[74.193,25.853],[74.182,25.848],[74.107,25.856],[74.127,25.961],[74.181,26.032],[74.367,26.192],[74.251,26.287],[74.304,26.329],[74.291,26.449],[74.369,26.487],[74.462,26.487],[74.589,26.63],[74.67,26.596],[74.722,26.7],[74.697,26.775],[74.775,26.79],[74.852,26.979],[74.98,26.944],[74.974,26.891]]]]}},{"type":"Feature","properties":{"state":"West Bengal","district":"Cooch Behar","district_code":"IN-WB-COO"},"geometry":{"type":"Polygon","coordinates":[[[89.835,26.414],[89.843,26.383],[89.781,26.352],[89.7,26.218],[89.729,26.171],[89.635,26.229],[89.609,26.153],[89.65,26.064],[89.541,26.006],[89.349,26.01],[89.229,26.124],[89.154,26.139],[89.096,26.391],[88.983,26.447],[88.91,26.38],[88.986,26.35],[88.927,26.284],[88.76,26.329],[88.927,26.453],[88.962,26.538],[89.119,26.524],[89.391,26.462],[89.451,26.487],[89.537,26.442],[89.697,26.428],[89.749,26.465],[89.835,26.414]]]}},{"type":"Feature","properties":{"state":"West Bengal","district":"Uttar Dinajpur","district_code":"IN-WB-UTT"},"geometry":{"type":"Polygon","coordinates":[[[88.24,26.458],[88.333,26.497],[88.485,26.461],[88.515,26.365],[88.402,26.331],[88.352,26.222],[88.179,26.149],[88.093,25.93],[88.101,25.83],[88.144,25.794],[88.267,25.782],[88.454,25.664],[88.446,25.595],[88.359,25.566],[88.167,25.426],[88.179,25.345],[88.269,25.304],[88.15,25.272],[88.108,25.327],[88.067,25.484],[88.021,25.596],[88.05,25.701],[87.968,25.726],[87.893,25.866],[87.827,25.891],[87.822,25.936],[87.847,25.992],[87.841,25.996],[87.853,26.029],[87.85,26.039],[87.975,26.144],[88.073,26.175],[88.147,26.251],[88.28,26.331],[88.24,26.458]]]}},{"type":"Feature","properties":{"state":"Madhya Pradesh","district":"Datia","district_code":"IN-MP-DAT"},"geometry":{"type":"MultiPolygon","coordinates":[[[[78.39,25.206],[78.447,25.122],[78.374,25.099],[78.293,25.129],[78.34,25.222],[78.39,25.206]]],[[[78.627,26.157],[78.696,26.218],[78.79,26.223],[78.845,26.112],[78.773,26.018],[78.805,25.944],[78.886,25.913],[78.764,25.72],[78.811,25.62],[78.718,25.605],[78.658,25.559],[78.452,25.572],[78.377,25.658],[78.248,25.721],[78.296,25.786],[78.331,25.833],[78.473,25.91],[78.482,25.962],[78.585,26.006],[78.627,26.157]]]]}},{"type":"Feature","properties":{"state":"Rajasthan","district":"Rajsamand","district_code":"IN-R-RAJ"},"geometry":{"type":"MultiPolygon","coordinates":[[[[74.054,25.83],[74.107,25.856],[74.182,25.848],[74.196,25.739],[74.107,25.723],[74.127,25.647],[74.022,25.348],[74.048,25.238],[74.165,25.126],[74.188,25.057],[74.263,25.066],[74.318,25.03],[74.194,24.954],[74.142,24.882],[74.069,24.872],[73.994,24.921],[73.824,24.833],[73.775,24.78],[73.671,24.77],[73.688,24.862],[73.609,24.871],[73.473,25.026],[73.488,25.104],[73.593,25.194],[73.61,25.286],[73.742,25.393],[73.864,25.65],[73.908,25.684],[73.986,25.666],[74.008,25.742],[74.092,25.77],[74.054,25.83]]],[[[74.389,25.963],[74.285,25.884],[74.266,25.935],[74.321,25.999],[74.389,25.963]]]]}},{"type":"Feature","properties":{"state":"Uttar Pradesh","district":"Mahoba","district_code":"IN-UP-MAHO"},"geometry":{"type":"Polygon","coordinates":[[[79.28,25.324],[79.394,25.519],[79.528,25.482],[79.64,25.485],[79.699,25.551],[79.787,25.59],[79.871,25.577],[80.074,25.588],[80.215,25.515],[80.143,25.459],[80.105,25.35],[80.033,25.342],[79.855,25.194],[79.84,25.099],[79.748,25.14],[79.673,25.121],[79.569,25.172],[79.491,25.079],[79.406,25.107],[79.391,25.17],[79.436,25.254],[79.352,25.33],[79.28,25.324]]]}},{"type":"Feature","properties":{"state":"Madhya Pradesh","district":"Chhatarpur","district_code":"IN-MP-CHHA"},"geometry":{"type":"Polygon","coordinates":[[[79.264,25.273],[79.28,25.324],[79.352,25.33],[79.436,25.254],[79.391,25.17],[79.406,25.107],[79.491,25.079],[79.569,25.172],[79.673,25.121],[79.748,25.14],[79.84,25.099],[79.855,25.194],[80.033,25.342],[80.105,25.35],[80.221,25.397],[80.316,25.389],[80.311,25.286],[80.404,25.243],[80.43,25.174],[80.352,25.123],[80.291,25.059],[80.264,25.024],[80.151,24.935],[80.033,24.921],[80.079,24.799],[79.993,24.725],[79.894,24.697],[79.875,24.576],[79.886,24.374],[79.796,24.374],[79.637,24.382],[79.566,24.428],[79.413,24.351],[79.383,24.196],[79.3,24.18],[79.144,24.102],[79.054,24.171],[79.097,24.242],[79.233,24.334],[79.254,24.411],[79.181,24.433],[79.074,24.407],[78.991,24.417],[78.985,24.442],[79.024,24.546],[79.091,24.633],[79.195,24.613],[79.218,24.663],[79.303,24.688],[79.305,24.798],[79.345,24.904],[79.323,25.15],[79.305,25.18],[79.293,25.184],[79.279,25.243],[79.264,25.273]]]}},{"type":"Feature","properties":{"state":"Rajasthan","district":"Chittorgarh","district_code":"IN-R-CHI"},"geometry":{"type":"MultiPolygon","coordinates":[[[[75.352,25.019],[75.451,25.049],[75.537,25.015],[75.584,25.024],[75.75,24.886],[75.812,24.871],[75.785,24.762],[75.609,24.682],[75.549,24.703],[75.456,24.681],[75.184,24.748],[75.337,24.953],[75.352,25.019]]],[[[74.263,25.066],[74.387,25.181],[74.509,25.183],[74.615,25.141],[74.713,25.205],[74.795,25.152],[74.91,25.177],[74.96,25.14],[75.204,25.09],[75.191,25.037],[75.113,24.967],[75.116,24.877],[75.038,24.846],[74.959,24.858],[74.902,24.93],[74.826,24.899],[74.861,24.799],[74.977,24.765],[74.993,24.693],[74.889,24.634],[74.805,24.736],[74.772,24.662],[74.786,24.586],[74.697,24.483],[74.593,24.509],[74.519,24.286],[74.43,24.257],[74.367,24.283],[74.309,24.462],[74.257,24.484],[74.271,24.576],[74.17,24.711],[74.104,24.734],[74.142,24.882],[74.194,24.954],[74.318,25.03],[74.263,25.066]]]]}},{"type":"Feature","properties":{"state":"Madhya Pradesh","district":"Panna","district_code":"IN-MP-PAN"},"geometry":{"type":"Polygon","coordinates":[[[80.264,25.024],[80.342,25.013],[80.401,25.07],[80.478,24.976],[80.495,24.912],[80.576,24.901],[80.603,24.831],[80.437,24.747],[80.377,24.681],[80.47,24.613],[80.461,24.437],[80.557,24.267],[80.632,24.175],[80.359,23.969],[80.307,23.91],[80.232,23.947],[80.146,23.937],[80.053,23.992],[79.987,23.894],[79.865,23.828],[79.832,23.943],[79.845,24.022],[79.767,24.042],[79.858,24.299],[79.796,24.374],[79.886,24.374],[79.875,24.576],[79.894,24.697],[79.993,24.725],[80.079,24.799],[80.033,24.921],[80.151,24.935],[80.264,25.024]]]}},{"type":"Feature","properties":{"state":"Gujarat","district":"Sabarkantha","district_code":"IN-G-SAB"},"geometry":{"type":"Polygon","coordinates":[[[72.959,24.36],[73.002,24.48],[73.087,24.498],[73.077,24.396],[73.151,24.355],[73.067,24.194],[73.125,24.125],[73.214,24.077],[73.243,24.002],[73.317,24.054],[73.405,24.042],[73.416,23.925],[73.378,23.904],[73.289,23.833],[73.225,23.856],[73.141,23.776],[73.125,23.707],[73.21,23.61],[73.103,23.324],[73.017,23.279],[72.948,23.252],[72.734,23.404],[72.794,23.427],[72.798,23.501],[72.832,23.545],[72.835,23.672],[72.789,23.833],[72.818,23.948],[72.867,24.025],[72.924,24.04],[72.957,24.158],[73.028,24.274],[72.959,24.36]]]}},{"type":"Feature","properties":{"state":"Gujarat","district":"Kutch","district_code":"IN-G-KUT"},"geometry":{"type":"Polygon","coordinates":[[[71.112,24.675],[71.188,24.651],[71.287,24.616],[71.26,24.534],[71.349,24.517],[71.319,24.402],[71.375,24.334],[71.295,24.301],[71.319,23.984],[71.101,23.903],[71.064,23.838],[71.081,23.599],[71.217,23.729],[71.222,23.657],[71.376,23.65],[71.448,23.536],[71.534,23.479],[71.564,23.373],[71.69,23.182],[71.67,23.142],[71.515,23.159],[71.387,23.147],[71.309,23.171],[71.122,23.206],[70.965,23.155],[70.816,23.164],[70.689,23.118],[70.719,23.189],[70.504,23.177],[70.425,23.217],[70.312,23.215],[70.165,23.067],[70.081,22.92],[69.926,22.896],[69.769,22.826],[69.648,22.796],[69.417,22.811],[69.131,22.874],[68.633,23.17],[68.532,23.28],[68.55,23.356],[68.4,23.42],[68.416,23.486],[68.327,23.496],[68.31,23.578],[68.142,23.602],[68.101,23.679],[68.172,23.696],[68.209,23.875],[68.339,23.966],[68.754,23.971],[68.764,24.296],[68.848,24.24],[68.946,24.303],[69.003,24.223],[69.095,24.274],[69.194,24.237],[69.313,24.281],[69.492,24.267],[69.595,24.293],[69.732,24.171],[70.026,24.171],[70.11,24.294],[70.573,24.422],[70.572,24.252],[70.668,24.219],[70.806,24.22],[70.874,24.294],[70.986,24.366],[71.049,24.356],[71.102,24.436],[70.998,24.444],[70.986,24.596],[71.112,24.675]]]}},{"type":"Feature","properties":{"state":"Gujarat","district":"Surendranagar","district_code":"IN-G-SURE"},"geometry":{"type":"Polygon","coordinates":[[[71.862,22.371],[71.532,22.342],[71.437,22.261],[71.235,22.276],[71.159,22.165],[71.018,22.334],[70.982,22.415],[71.082,22.403],[71.164,22.505],[71.095,22.564],[71.11,22.642],[71.162,22.683],[71.125,22.797],[71.254,22.837],[71.347,23.098],[71.309,23.171],[71.387,23.147],[71.515,23.159],[71.67,23.142],[71.69,23.182],[71.564,23.373],[71.534,23.479],[71.604,23.497],[71.772,23.468],[71.862,23.471],[71.969,23.526],[71.989,23.489],[71.956,23.387],[71.87,23.382],[71.873,23.279],[71.988,23.21],[71.907,23.177],[71.919,23.065],[72.015,23.057],[71.989,22.863],[72.057,22.796],[72.067,22.591],[72.15,22.584],[72.164,22.48],[72.084,22.436],[72.034,22.507],[71.913,22.527],[71.934,22.454],[71.862,22.371]]]}},{"type":"Feature","properties":{"state":"Gujarat","district":"Kheda","district_code":"IN-G-KHE"},"geometry":{"type":"Polygon","coordinates":[[[73.35,22.792],[73.275,22.782],[73.269,22.667],[73.219,22.628],[73.096,22.729],[73.003,22.723],[72.985,22.653],[72.917,22.595],[72.83,22.594],[72.74,22.646],[72.688,22.605],[72.653,22.5],[72.576,22.505],[72.509,22.61],[72.521,22.796],[72.644,22.898],[72.791,22.907],[72.838,22.997],[72.925,23.081],[73.008,23.103],[73.012,23.16],[73.121,23.186],[73.202,23.147],[73.272,23.059],[73.242,23.019],[73.349,22.924],[73.422,22.944],[73.35,22.792]]]}},{"type":"Feature","properties":{"state":"Gujarat","district":"Anand","district_code":"IN-G-ANA"},"geometry":{"type":"Polygon","coordinates":[[[73.219,22.628],[73.156,22.588],[73.047,22.363],[73.06,22.313],[72.947,22.293],[72.659,22.279],[72.515,22.322],[72.46,22.257],[72.376,22.315],[72.376,22.473],[72.439,22.509],[72.427,22.571],[72.509,22.61],[72.576,22.505],[72.653,22.5],[72.688,22.605],[72.74,22.646],[72.83,22.594],[72.917,22.595],[72.985,22.653],[73.003,22.723],[73.096,22.729],[73.219,22.628]]]}},{"type":"Feature","properties":{"state":"Bihar","district":"Kishanganj","district_code":"IN-B-KIS"},"geometry":{"type":"Polygon","coordinates":[[[88.11,26.548],[88.24,26.458],[88.28,26.331],[88.147,26.251],[88.073,26.175],[87.975,26.144],[87.85,26.039],[87.862,26.094],[87.685,26.102],[87.706,26.161],[87.625,26.346],[87.659,26.38],[87.848,26.436],[88.034,26.392],[88.099,26.456],[88.11,26.548]]]}},{"type":"Feature","properties":{"state":"Gujarat","district":"Morbi","district_code":"IN-G-MOR"},"geometry":{"type":"Polygon","coordinates":[[[70.982,22.415],[70.795,22.476],[70.694,22.437],[70.581,22.604],[70.645,22.707],[70.645,22.863],[70.579,22.917],[70.497,22.933],[70.561,23.03],[70.689,23.118],[70.816,23.164],[70.965,23.155],[71.122,23.206],[71.309,23.171],[71.347,23.098],[71.254,22.837],[71.125,22.797],[71.162,22.683],[71.11,22.642],[71.095,22.564],[71.164,22.505],[71.082,22.403],[70.982,22.415]]]}},{"type":"Feature","properties":{"state":"Punjab","district":"Gurdaspur","district_code":"IN-P-GUR"},"geometry":{"type":"Polygon","coordinates":[[[75.379,32.183],[75.435,32.15],[75.587,32.142],[75.601,32.093],[75.598,32.082],[75.531,31.941],[75.568,31.801],[75.476,31.649],[75.404,31.593],[75.228,31.684],[75.19,31.74],[75.071,31.808],[74.97,31.831],[74.89,31.929],[74.913,32.044],[75.012,32.036],[75.123,32.081],[75.175,32.067],[75.379,32.183]]]}},{"type":"Feature","properties":{"state":"Punjab","district":"Hoshiarpur","district_code":"IN-P-HOS"},"geometry":{"type":"Polygon","coordinates":[[[75.476,31.649],[75.568,31.801],[75.531,31.941],[75.598,32.082],[75.655,32.077],[75.91,31.95],[75.961,31.857],[75.961,31.781],[76.017,31.632],[76.121,31.498],[76.201,31.303],[76.289,31.307],[76.331,31.223],[76.236,31.244],[76.21,31.137],[76.138,31.146],[75.993,31.259],[75.89,31.275],[75.849,31.373],[75.788,31.365],[75.8,31.454],[75.702,31.53],[75.67,31.607],[75.598,31.605],[75.476,31.649]]]}},{"type":"Feature","properties":{"state":"Punjab","district":"Amritsar","district_code":"IN-P-AMR"},"geometry":{"type":"Polygon","coordinates":[[[74.913,32.044],[74.89,31.929],[74.97,31.831],[75.071,31.808],[75.19,31.74],[75.228,31.684],[75.404,31.593],[75.291,31.491],[75.071,31.528],[74.844,31.531],[74.794,31.571],[74.649,31.541],[74.612,31.5],[74.503,31.74],[74.56,31.758],[74.572,31.839],[74.667,31.923],[74.806,31.963],[74.913,32.044]]]}},{"type":"Feature","properties":{"state":"Punjab","district":"Jalandhar","district_code":"IN-P-JAL"},"geometry":{"type":"Polygon","coordinates":[[[75.598,31.605],[75.67,31.607],[75.702,31.53],[75.8,31.454],[75.788,31.365],[75.682,31.315],[75.673,31.269],[75.798,31.216],[75.898,31.156],[75.953,31.01],[75.797,30.995],[75.746,31.013],[75.594,30.969],[75.36,30.994],[75.147,31.091],[75.078,31.148],[75.126,31.17],[75.269,31.148],[75.277,31.188],[75.418,31.249],[75.461,31.236],[75.491,31.384],[75.441,31.495],[75.52,31.5],[75.598,31.605]]]}},{"type":"Feature","properties":{"state":"Punjab","district":"Tarn Taran","district_code":"IN-P-TAR"},"geometry":{"type":"Polygon","coordinates":[[[74.612,31.5],[74.649,31.541],[74.794,31.571],[74.844,31.531],[75.071,31.528],[75.291,31.491],[75.107,31.317],[75.046,31.19],[74.965,31.153],[74.742,31.119],[74.708,31.072],[74.69,31.128],[74.511,31.133],[74.552,31.365],[74.652,31.457],[74.612,31.5]]]}},{"type":"Feature","properties":{"state":"Punjab","district":"Rupnagar","district_code":"IN-P-RUP"},"geometry":{"type":"Polygon","coordinates":[[[76.331,31.223],[76.289,31.307],[76.392,31.413],[76.432,31.326],[76.497,31.27],[76.588,31.274],[76.646,31.21],[76.624,30.999],[76.733,30.937],[76.607,30.891],[76.531,30.768],[76.444,30.76],[76.367,30.873],[76.32,30.878],[76.306,30.991],[76.494,30.976],[76.331,31.223]]]}},{"type":"Feature","properties":{"state":"Punjab","district":"Shahid Bhagat Singh Nagar","district_code":"IN-P-SHA"},"geometry":{"type":"Polygon","coordinates":[[[75.89,31.275],[75.993,31.259],[76.138,31.146],[76.21,31.137],[76.236,31.244],[76.331,31.223],[76.494,30.976],[76.306,30.991],[76.277,31.016],[76.136,30.998],[75.953,31.01],[75.898,31.156],[75.798,31.216],[75.89,31.275]]]}},{"type":"Feature","properties":{"state":"Punjab","district":"Fazilka","district_code":"IN-P-FAZ"},"geometry":{"type":"Polygon","coordinates":[[[74.448,29.947],[74.298,29.954],[73.895,29.974],[73.904,30.051],[73.976,30.119],[73.968,30.194],[73.96,30.271],[73.879,30.36],[73.965,30.425],[73.963,30.485],[74.216,30.691],[74.416,30.614],[74.367,30.587],[74.358,30.403],[74.263,30.247],[74.358,30.24],[74.389,30.074],[74.448,29.947]]]}},{"type":"Feature","properties":{"state":"Punjab","district":"Moga","district_code":"IN-P-MOG"},"geometry":{"type":"Polygon","coordinates":[[[75.147,31.091],[75.36,30.994],[75.396,30.805],[75.373,30.627],[75.409,30.584],[75.361,30.513],[75.297,30.517],[75.182,30.511],[75.165,30.578],[75.02,30.491],[74.945,30.572],[74.956,30.677],[74.905,30.737],[74.951,30.892],[75.078,30.947],[75.095,31.047],[75.147,31.091]]]}},{"type":"Feature","properties":{"state":"Punjab","district":"Ludhiana","district_code":"IN-P-LUD"},"geometry":{"type":"Polygon","coordinates":[[[75.36,30.994],[75.594,30.969],[75.746,31.013],[75.797,30.995],[75.953,31.01],[76.136,30.998],[76.277,31.016],[76.306,30.991],[76.32,30.878],[76.282,30.83],[76.303,30.679],[76.152,30.655],[76.086,30.562],[76.01,30.616],[75.936,30.567],[75.88,30.676],[75.786,30.657],[75.684,30.591],[75.578,30.57],[75.465,30.606],[75.409,30.584],[75.373,30.627],[75.396,30.805],[75.36,30.994]]]}},{"type":"Feature","properties":{"state":"Punjab","district":"S.A.S. Nagar","district_code":"IN-P-S.A"},"geometry":{"type":"Polygon","coordinates":[[[76.531,30.768],[76.607,30.891],[76.733,30.937],[76.777,30.904],[76.846,30.834],[76.838,30.754],[76.71,30.761],[76.739,30.693],[76.828,30.682],[76.925,30.61],[76.907,30.459],[76.898,30.445],[76.912,30.426],[76.748,30.429],[76.77,30.503],[76.734,30.573],[76.635,30.62],[76.534,30.71],[76.531,30.768]]]}},{"type":"Feature","properties":{"state":"Punjab","district":"Faridkot","district_code":"IN-P-FAR"},"geometry":{"type":"Polygon","coordinates":[[[74.905,30.737],[74.956,30.677],[74.945,30.572],[75.02,30.491],[74.996,30.405],[74.921,30.367],[74.821,30.393],[74.757,30.394],[74.69,30.522],[74.71,30.559],[74.572,30.664],[74.5,30.666],[74.471,30.749],[74.624,30.837],[74.771,30.815],[74.905,30.737]]]}},{"type":"Feature","properties":{"state":"Punjab","district":"Fatehgarh Sahib","district_code":"IN-P-FAT"},"geometry":{"type":"Polygon","coordinates":[[[76.32,30.878],[76.367,30.873],[76.444,30.76],[76.531,30.768],[76.534,30.71],[76.635,30.62],[76.536,30.559],[76.435,30.444],[76.23,30.57],[76.086,30.537],[76.086,30.562],[76.152,30.655],[76.303,30.679],[76.282,30.83],[76.32,30.878]]]}},{"type":"Feature","properties":{"state":"Punjab","district":"Sri Muktsar Sahib","district_code":"IN-P-SRI"},"geometry":{"type":"Polygon","coordinates":[[[74.448,29.947],[74.389,30.074],[74.358,30.24],[74.263,30.247],[74.358,30.403],[74.367,30.587],[74.416,30.614],[74.5,30.666],[74.572,30.664],[74.71,30.559],[74.69,30.522],[74.757,30.394],[74.821,30.393],[74.723,30.309],[74.704,30.161],[74.705,29.975],[74.647,29.912],[74.526,29.941],[74.448,29.947]]]}},{"type":"Feature","properties":{"state":"Punjab","district":"Sangrur","district_code":"IN-P-SAN"},"geometry":{"type":"Polygon","coordinates":[[[75.684,30.591],[75.786,30.657],[75.88,30.676],[75.936,30.567],[76.01,30.616],[76.086,30.562],[76.086,30.537],[76.088,30.458],[75.988,30.341],[76.088,30.31],[76.167,30.321],[76.165,30.24],[76.049,30.187],[76.104,30.104],[76.006,29.983],[75.984,29.906],[76.098,29.81],[76.049,29.747],[75.947,29.729],[75.779,29.822],[75.72,29.814],[75.765,29.919],[75.676,29.909],[75.688,30.012],[75.577,30.144],[75.557,30.198],[75.728,30.273],[75.684,30.352],[75.652,30.543],[75.684,30.591]]]}},{"type":"Feature","properties":{"state":"Punjab","district":"Barnala","district_code":"IN-P-BAR"},"geometry":{"type":"Polygon","coordinates":[[[75.297,30.517],[75.361,30.513],[75.409,30.584],[75.465,30.606],[75.578,30.57],[75.684,30.591],[75.652,30.543],[75.684,30.352],[75.728,30.273],[75.557,30.198],[75.577,30.144],[75.464,30.194],[75.369,30.2],[75.372,30.261],[75.315,30.328],[75.334,30.378],[75.254,30.464],[75.297,30.517]]]}},{"type":"Feature","properties":{"state":"Punjab","district":"Bathinda","district_code":"IN-P-BAT"},"geometry":{"type":"Polygon","coordinates":[[[75.02,30.491],[75.165,30.578],[75.182,30.511],[75.297,30.517],[75.254,30.464],[75.334,30.378],[75.315,30.328],[75.372,30.261],[75.369,30.2],[75.344,30.132],[75.253,30.106],[75.237,29.96],[75.182,29.969],[75.191,29.844],[75.118,29.832],[74.997,29.868],[74.927,29.95],[74.812,29.993],[74.705,29.975],[74.704,30.161],[74.723,30.309],[74.821,30.393],[74.921,30.367],[74.996,30.405],[75.02,30.491]]]}},{"type":"Feature","properties":{"state":"Punjab","district":"Patiala","district_code":"IN-P-PAT"},"geometry":{"type":"Polygon","coordinates":[[[76.635,30.62],[76.734,30.573],[76.77,30.503],[76.748,30.429],[76.711,30.326],[76.562,30.242],[76.643,30.15],[76.638,30.147],[76.577,30.101],[76.467,30.099],[76.41,30.145],[76.254,30.089],[76.172,29.927],[76.214,29.84],[76.098,29.81],[75.984,29.906],[76.006,29.983],[76.104,30.104],[76.049,30.187],[76.165,30.24],[76.167,30.321],[76.088,30.31],[75.988,30.341],[76.088,30.458],[76.086,30.537],[76.23,30.57],[76.435,30.444],[76.536,30.559],[76.635,30.62]]]}},{"type":"Feature","properties":{"state":"Uttar Pradesh","district":"Saharanpur","district_code":"IN-UP-SAH"},"geometry":{"type":"Polygon","coordinates":[[[77.575,30.401],[77.658,30.401],[77.722,30.33],[77.959,30.242],[77.86,30.114],[77.802,30.096],[77.716,29.886],[77.82,29.674],[77.741,29.609],[77.487,29.634],[77.439,29.67],[77.337,29.644],[77.224,29.696],[77.152,29.688],[77.12,29.755],[77.173,29.805],[77.227,29.939],[77.456,30.163],[77.583,30.308],[77.58,30.379],[77.575,30.401]]]}},{"type":"Feature","properties":{"state":"Rajasthan","district":"Ganganagar","district_code":"IN-R-GAN"},"geometry":{"type":"Polygon","coordinates":[[[73.968,30.194],[73.976,30.119],[73.904,30.051],[73.895,29.974],[74.298,29.954],[74.254,29.894],[74.282,29.843],[74.184,29.75],[73.979,29.719],[73.948,29.666],[73.83,29.656],[73.881,29.59],[73.96,29.568],[74.019,29.286],[74.092,29.257],[74.167,29.326],[74.216,29.242],[74.202,29.15],[74.041,29.01],[74.026,28.933],[73.878,28.94],[73.798,29.004],[73.618,29.035],[73.52,28.993],[73.336,29.013],[73.281,28.936],[73.208,28.922],[73.207,28.849],[73.009,28.725],[72.856,28.725],[72.749,28.783],[72.662,28.893],[72.732,28.948],[72.945,29.028],[73.005,29.153],[73.084,29.235],[73.283,29.572],[73.398,29.946],[73.596,30.019],[73.806,30.067],[73.968,30.194]]]}},{"type":"Feature","properties":{"state":"Punjab","district":"Mansa","district_code":"IN-P-MAN"},"geometry":{"type":"Polygon","coordinates":[[[75.577,30.144],[75.688,30.012],[75.676,29.909],[75.765,29.919],[75.72,29.814],[75.58,29.74],[75.461,29.807],[75.346,29.696],[75.303,29.56],[75.168,29.667],[75.242,29.751],[75.191,29.844],[75.182,29.969],[75.237,29.96],[75.253,30.106],[75.344,30.132],[75.369,30.2],[75.464,30.194],[75.577,30.144]]]}},{"type":"Feature","properties":{"state":"Rajasthan","district":"Hanumangarh","district_code":"IN-R-HAN"},"geometry":{"type":"Polygon","coordinates":[[[75.474,28.926],[75.366,28.915],[75.334,28.982],[75.243,28.932],[75.219,28.866],[74.994,28.91],[74.924,28.892],[74.803,28.929],[74.749,28.853],[74.476,28.815],[74.419,28.885],[74.268,28.797],[74.161,28.776],[74.057,28.778],[74.132,28.877],[74.115,28.94],[74.041,29.01],[74.202,29.15],[74.216,29.242],[74.167,29.326],[74.092,29.257],[74.019,29.286],[73.96,29.568],[73.881,29.59],[73.83,29.656],[73.948,29.666],[73.979,29.719],[74.184,29.75],[74.282,29.843],[74.254,29.894],[74.298,29.954],[74.448,29.947],[74.526,29.941],[74.561,29.869],[74.485,29.814],[74.48,29.745],[74.616,29.752],[74.575,29.564],[74.623,29.531],[74.584,29.458],[74.603,29.365],[74.788,29.362],[74.85,29.403],[74.938,29.362],[74.96,29.281],[75.051,29.286],[75.081,29.228],[75.24,29.26],[75.346,29.283],[75.405,29.26],[75.392,29.062],[75.442,29.058],[75.528,28.971],[75.474,28.926]]]}},{"type":"Feature","properties":{"state":"Uttar Pradesh","district":"Bijnor","district_code":"IN-UP-BIJ"},"geometry":{"type":"Polygon","coordinates":[[[78.533,29.065],[78.386,29.021],[78.215,29.029],[78.072,29.083],[78.124,29.172],[78.114,29.256],[78.027,29.387],[77.987,29.528],[78.02,29.582],[78.13,29.652],[78.204,29.737],[78.335,29.798],[78.511,29.725],[78.533,29.64],[78.617,29.558],[78.8,29.465],[78.926,29.439],[78.851,29.348],[78.761,29.264],[78.689,29.239],[78.65,29.123],[78.533,29.065]]]}},{"type":"Feature","properties":{"state":"Uttar Pradesh","district":"Muzaffarnagar","district_code":"IN-UP-MUZ"},"geometry":{"type":"Polygon","coordinates":[[[77.487,29.634],[77.741,29.609],[77.82,29.674],[77.927,29.714],[78.02,29.582],[77.987,29.528],[78.027,29.387],[78.114,29.256],[77.99,29.256],[77.796,29.184],[77.644,29.226],[77.586,29.266],[77.505,29.191],[77.404,29.249],[77.277,29.268],[77.424,29.391],[77.464,29.451],[77.487,29.634]]]}},{"type":"Feature","properties":{"state":"Uttar Pradesh","district":"Baghpat","district_code":"IN-UP-BAG"},"geometry":{"type":"Polygon","coordinates":[[[77.222,28.831],[77.216,28.853],[77.233,28.919],[77.167,29.033],[77.143,29.167],[77.155,29.297],[77.277,29.268],[77.404,29.249],[77.505,29.191],[77.43,29.106],[77.476,28.966],[77.447,28.927],[77.39,28.828],[77.222,28.831]]]}},{"type":"Feature","properties":{"state":"Uttar Pradesh","district":"Meerut","district_code":"IN-UP-MEE"},"geometry":{"type":"Polygon","coordinates":[[[78.072,29.083],[78.077,28.977],[78.121,28.878],[78.025,28.877],[77.69,28.745],[77.684,28.874],[77.531,28.888],[77.447,28.927],[77.476,28.966],[77.43,29.106],[77.505,29.191],[77.586,29.266],[77.644,29.226],[77.796,29.184],[77.99,29.256],[78.114,29.256],[78.124,29.172],[78.072,29.083]]]}},{"type":"Feature","properties":{"state":"Uttar Pradesh","district":"Moradabad","district_code":"IN-UP-MOR"},"geometry":{"type":"Polygon","coordinates":[[[78.623,28.806],[78.66,28.849],[78.614,28.945],[78.528,28.966],[78.533,29.065],[78.65,29.123],[78.689,29.239],[78.761,29.264],[78.875,29.205],[78.927,29.119],[78.975,29.131],[78.903,28.996],[78.918,28.897],[79.001,28.764],[78.959,28.702],[78.86,28.659],[78.959,28.549],[78.939,28.46],[78.872,28.468],[78.802,28.534],[78.754,28.644],[78.644,28.669],[78.681,28.764],[78.623,28.806]]]}},{"type":"Feature","properties":{"state":"Rajasthan","district":"Bikaner","district_code":"IN-R-BIK"},"geometry":{"type":"Polygon","coordinates":[[[74.161,28.776],[74.193,28.709],[74.08,28.67],[74.109,28.585],[74.054,28.526],[74.028,28.376],[74.061,28.332],[74.197,28.331],[74.248,28.247],[74.358,28.206],[74.294,28.145],[74.295,28.045],[74.239,27.999],[74.226,27.817],[74.119,27.797],[74.066,27.731],[73.997,27.734],[73.993,27.811],[73.867,27.779],[73.858,27.66],[73.895,27.602],[73.875,27.538],[73.795,27.498],[73.705,27.52],[73.544,27.495],[73.486,27.357],[73.358,27.26],[73.259,27.26],[73.228,27.335],[73.133,27.308],[73.125,27.401],[73.073,27.429],[72.979,27.382],[72.826,27.469],[72.826,27.586],[72.656,27.536],[72.554,27.62],[72.243,27.484],[72.243,27.488],[72.278,27.553],[72.338,27.693],[72.214,27.679],[72.095,27.744],[72.162,27.792],[72.139,27.88],[72.029,27.951],[71.881,27.914],[71.928,28.122],[71.995,28.208],[72.131,28.313],[72.206,28.394],[72.3,28.669],[72.404,28.783],[72.662,28.893],[72.749,28.783],[72.856,28.725],[73.009,28.725],[73.207,28.849],[73.208,28.922],[73.281,28.936],[73.336,29.013],[73.52,28.993],[73.618,29.035],[73.798,29.004],[73.878,28.94],[74.026,28.933],[74.041,29.01],[74.115,28.94],[74.132,28.877],[74.057,28.778],[74.161,28.776]]]}},{"type":"Feature","properties":{"state":"Uttar Pradesh","district":"Rampur","district_code":"IN-UP-RAM"},"geometry":{"type":"Polygon","coordinates":[[[79.423,28.897],[79.36,28.753],[79.306,28.743],[79.235,28.659],[79.206,28.571],[79.076,28.508],[78.972,28.422],[78.939,28.46],[78.959,28.549],[78.86,28.659],[78.959,28.702],[79.001,28.764],[78.918,28.897],[78.903,28.996],[78.975,29.131],[79.036,29.169],[79.154,29.116],[79.143,29.068],[79.259,28.992],[79.407,28.952],[79.423,28.897]]]}},{"type":"Feature","properties":{"state":"Uttar Pradesh","district":"Shamli","district_code":"IN-UP-SHAM"},"geometry":{"type":"Polygon","coordinates":[[[77.152,29.688],[77.224,29.696],[77.337,29.644],[77.439,29.67],[77.487,29.634],[77.464,29.451],[77.424,29.391],[77.277,29.268],[77.155,29.297],[77.127,29.349],[77.132,29.484],[77.106,29.633],[77.152,29.688]]]}},{"type":"Feature","properties":{"state":"Punjab","district":"Ferozepur","district_code":"IN-P-FER"},"geometry":{"type":"Polygon","coordinates":[[[75.078,31.148],[75.147,31.091],[75.095,31.047],[75.078,30.947],[74.951,30.892],[74.905,30.737],[74.771,30.815],[74.624,30.837],[74.471,30.749],[74.5,30.666],[74.416,30.614],[74.216,30.691],[74.366,30.893],[74.597,31.038],[74.708,31.072],[74.742,31.119],[74.965,31.153],[75.078,31.148]]]}},{"type":"Feature","properties":{"state":"Punjab","district":"Pathankot","district_code":"IN-P-PATH"},"geometry":{"type":"Polygon","coordinates":[[[75.837,32.511],[75.932,32.395],[75.873,32.396],[75.771,32.289],[75.638,32.252],[75.661,32.137],[75.601,32.093],[75.587,32.142],[75.435,32.15],[75.379,32.183],[75.381,32.269],[75.341,32.346],[75.513,32.308],[75.597,32.378],[75.687,32.39],[75.728,32.452],[75.837,32.511]]]}},{"type":"Feature","properties":{"state":"Punjab","district":"Kapurthala","district_code":"IN-P-KAP"},"geometry":{"type":"MultiPolygon","coordinates":[[[[75.788,31.365],[75.849,31.373],[75.89,31.275],[75.798,31.216],[75.673,31.269],[75.682,31.315],[75.788,31.365]]],[[[75.404,31.593],[75.476,31.649],[75.598,31.605],[75.52,31.5],[75.441,31.495],[75.491,31.384],[75.461,31.236],[75.418,31.249],[75.277,31.188],[75.269,31.148],[75.126,31.17],[75.078,31.148],[74.965,31.153],[75.046,31.19],[75.107,31.317],[75.291,31.491],[75.404,31.593]]]]}},{"type":"Feature","properties":{"state":"Bihar","district":"Aurangabad","district_code":"IN-B-AUR"},"geometry":{"type":"Polygon","coordinates":[[[84.009,24.642],[84.085,24.77],[84.305,25.011],[84.423,25.081],[84.448,25.128],[84.685,25.1],[84.734,25.055],[84.717,24.924],[84.64,24.875],[84.735,24.765],[84.723,24.7],[84.602,24.656],[84.547,24.527],[84.484,24.513],[84.393,24.567],[84.327,24.49],[84.256,24.527],[84.093,24.534],[84.009,24.642]]]}},{"type":"Feature","properties":{"state":"Chhattisgarh","district":"Balrampur","district_code":"IN-C-BALR"},"geometry":{"type":"Polygon","coordinates":[[[82.813,23.962],[82.947,23.871],[83.091,23.871],[83.207,23.922],[83.33,24.102],[83.432,24.086],[83.515,23.981],[83.571,23.863],[83.706,23.82],[83.775,23.61],[83.938,23.569],[84.016,23.635],[84.015,23.504],[83.963,23.386],[84.074,23.334],[84.038,23.171],[83.926,23.169],[83.792,23.251],[83.625,23.219],[83.555,23.17],[83.477,23.258],[83.392,23.27],[83.354,23.173],[83.246,23.232],[83.209,23.246],[83.207,23.378],[83.348,23.47],[83.279,23.577],[83.2,23.595],[83.198,23.685],[83.065,23.769],[82.909,23.773],[82.782,23.817],[82.772,23.877],[82.694,23.919],[82.813,23.962]]]}},{"type":"Feature","properties":{"state":"Uttar Pradesh","district":"Balrampur","district_code":"IN-UP-BALR"},"geometry":{"type":"Polygon","coordinates":[[[82.074,27.401],[82.022,27.58],[82.085,27.634],[82.125,27.736],[82.207,27.844],[82.449,27.679],[82.665,27.723],[82.706,27.704],[82.753,27.587],[82.732,27.487],[82.715,27.401],[82.577,27.422],[82.493,27.359],[82.512,27.212],[82.457,27.151],[82.421,27.085],[82.325,27.066],[82.229,27.169],[82.298,27.247],[82.074,27.401]]]}},{"type":"Feature","properties":{"state":"Uttar Pradesh","district":"Hamirpur","district_code":"IN-UP-HAM"},"geometry":{"type":"Polygon","coordinates":[[[79.962,26.149],[79.956,26.078],[80.112,26.046],[80.085,25.998],[80.236,25.926],[80.346,25.899],[80.232,25.798],[80.32,25.752],[80.279,25.627],[80.215,25.515],[80.074,25.588],[79.871,25.577],[79.787,25.59],[79.699,25.551],[79.64,25.485],[79.528,25.482],[79.394,25.519],[79.355,25.645],[79.398,25.789],[79.498,25.858],[79.551,25.822],[79.611,25.897],[79.748,25.908],[79.785,25.863],[79.871,25.882],[79.866,25.936],[79.955,26.024],[79.917,26.09],[79.962,26.149]]]}},{"type":"Feature","properties":{"state":"Rajasthan","district":"Pratapgarh","district_code":"IN-R-PRA"},"geometry":{"type":"Polygon","coordinates":[[[74.271,23.949],[74.222,24.099],[74.239,24.207],[74.356,24.167],[74.43,24.257],[74.519,24.286],[74.593,24.509],[74.697,24.483],[74.815,24.469],[74.855,24.424],[74.782,24.338],[74.754,24.242],[74.867,24.244],[74.908,24.212],[74.879,24.174],[74.974,24.04],[74.902,23.874],[74.941,23.765],[74.922,23.666],[74.847,23.552],[74.772,23.543],[74.748,23.614],[74.65,23.644],[74.519,23.636],[74.561,23.805],[74.48,23.925],[74.376,23.904],[74.271,23.949]]]}},{"type":"Feature","properties":{"state":"Uttar Pradesh","district":"Pratapgarh","district_code":"IN-UP-PRAT"},"geometry":{"type":"Polygon","coordinates":[[[82.048,26.058],[82.1,26.072],[82.198,26.018],[82.242,26.057],[82.359,26.005],[82.434,26.006],[82.369,25.983],[82.354,25.904],[82.279,25.842],[82.218,25.84],[82.187,25.708],[82.151,25.673],[82.064,25.655],[82.022,25.743],[81.886,25.712],[81.797,25.75],[81.752,25.669],[81.611,25.598],[81.469,25.62],[81.374,25.695],[81.392,25.772],[81.339,25.811],[81.333,25.87],[81.446,25.935],[81.57,25.976],[81.567,26.073],[81.6,26.144],[81.768,26.068],[81.885,26.082],[82.048,26.058]]]}},{"type":"Feature","properties":{"state":"Madhya Pradesh","district":"Niwari","district_code":"IN-MP-NIW"},"geometry":{"type":"Polygon","coordinates":[[[78.559,25.213],[78.513,25.276],[78.66,25.383],[78.774,25.353],[78.731,25.458],[78.884,25.515],[78.942,25.492],[78.88,25.386],[78.961,25.345],[78.871,25.187],[78.88,25.158],[78.845,25.097],[78.64,25.071],[78.559,25.213]]]}},{"type":"Feature","properties":{"state":"Gujarat","district":"Banaskantha","district_code":"IN-G-BAN"},"geometry":{"type":"Polygon","coordinates":[[[72.997,24.308],[73.001,24.289],[73.028,24.274],[73.014,24.235],[72.992,24.223],[72.992,24.184],[72.957,24.159],[72.953,24.138],[72.943,24.135],[72.947,24.109],[72.927,24.088],[72.923,24.041],[72.899,24.025],[72.867,24.025],[72.856,24.045],[72.839,24.04],[72.821,24.048],[72.82,24.049],[72.783,24.102],[72.77,24.099],[72.759,24.08],[72.735,24.076],[72.73,24.094],[72.714,24.098],[72.686,24.073],[72.67,24.071],[72.652,24.084],[72.637,24.076],[72.62,24.054],[72.637,24.042],[72.64,24.024],[72.648,24.027],[72.651,23.994],[72.591,23.977],[72.584,23.936],[72.535,23.935],[72.525,23.944],[72.487,23.932],[72.486,23.935],[72.48,23.953],[72.48,23.954],[72.465,23.97],[72.462,23.97],[72.438,23.967],[72.43,23.984],[72.414,23.972],[72.37,23.972],[72.361,24.01],[72.344,24.014],[72.34,24.038],[72.309,24.038],[72.299,24.053],[72.27,24.056],[72.256,24.081],[72.226,24.072],[72.224,24.076],[72.206,24.114],[72.224,24.131],[72.215,24.144],[72.204,24.149],[72.177,24.118],[72.149,24.13],[72.15,24.152],[72.13,24.155],[72.112,24.136],[72.09,24.138],[72.093,24.124],[72.148,24.124],[72.147,24.104],[72.157,24.094],[72.132,24.053],[72.101,24.054],[72.101,24.034],[72.09,24.041],[72.061,24.032],[72.032,24.053],[72.029,24.067],[72.013,24.069],[72.027,24.019],[72.05,24.0],[72.05,23.999],[72.047,23.993],[72.04,23.98],[72.039,23.981],[72.039,23.98],[72.012,23.985],[72.011,23.984],[72.003,23.971],[72.0,23.967],[71.996,23.982],[71.988,23.993],[71.961,23.991],[71.949,24.008],[71.925,24.009],[71.929,23.979],[71.949,23.973],[71.929,23.952],[71.938,23.928],[71.974,23.905],[71.978,23.889],[71.889,23.878],[71.867,23.87],[71.861,23.847],[71.828,23.844],[71.815,23.855],[71.779,23.845],[71.766,23.827],[71.762,23.841],[71.714,23.87],[71.717,23.928],[71.698,23.93],[71.688,23.971],[71.68,23.971],[71.68,23.971],[71.68,23.971],[71.68,23.971],[71.68,23.971],[71.68,23.971],[71.68,23.971],[71.68,23.971],[71.68,23.971],[71.68,23.972],[71.68,23.972],[71.68,23.972],[71.682,23.976],[71.682,23.976],[71.682,23.976],[71.682,23.976],[71.682,23.976],[71.682,23.976],[71.682,23.986],[71.682,23.989],[71.685,23.993],[71.689,23.997],[71.689,23.997],[71.691,23.999],[71.691,23.999],[71.691,23.999],[71.691,23.999],[71.691,23.999],[71.691,23.999],[71.692,24.003],[71.692,24.003],[71.692,24.003],[71.692,24.003],[71.693,24.007],[71.693,24.007],[71.693,24.007],[71.692,24.007],[71.692,24.007],[71.692,24.007],[71.692,24.007],[71.692,24.007],[71.69,24.011],[71.69,24.011],[71.69,24.011],[71.689,24.011],[71.689,24.011],[71.685,24.014],[71.685,24.014],[71.679,24.016],[71.679,24.016],[71.679,24.016],[71.679,24.017],[71.679,24.017],[71.679,24.017],[71.672,24.016],[71.672,24.016],[71.672,24.016],[71.665,24.013],[71.664,24.014],[71.663,24.016],[71.661,24.019],[71.661,24.019],[71.661,24.019],[71.661,24.019],[71.661,24.019],[71.661,24.019],[71.661,24.019],[71.661,24.019],[71.661,24.019],[71.661,24.019],[71.661,24.019],[71.661,24.019],[71.658,24.019],[71.656,24.028],[71.655,24.032],[71.657,24.034],[71.66,24.034],[71.664,24.034],[71.664,24.034],[71.664,24.034],[71.665,24.034],[71.665,24.034],[71.665,24.034],[71.67,24.038],[71.677,24.041],[71.677,24.041],[71.677,24.041],[71.677,24.041],[71.677,24.041],[71.677,24.041],[71.678,24.041],[71.678,24.041],[71.678,24.041],[71.679,24.046],[71.679,24.046],[71.681,24.052],[71.681,24.052],[71.681,24.052],[71.681,24.052],[71.681,24.058],[71.684,24.064],[71.693,24.063],[71.693,24.063],[71.701,24.063],[71.701,24.063],[71.701,24.063],[71.701,24.063],[71.702,24.064],[71.702,24.064],[71.706,24.065],[71.709,24.066],[71.719,24.061],[71.726,24.058],[71.733,24.052],[71.733,24.052],[71.733,24.052],[71.734,24.052],[71.734,24.052],[71.734,24.052],[71.734,24.052],[71.734,24.052],[71.734,24.052],[71.734,24.052],[71.734,24.052],[71.734,24.052],[71.734,24.052],[71.736,24.054],[71.736,24.054],[71.736,24.054],[71.738,24.056],[71.742,24.06],[71.742,24.06],[71.746,24.064],[71.749,24.067],[71.751,24.066],[71.754,24.065],[71.758,24.064],[71.76,24.063],[71.76,24.063],[71.76,24.063],[71.76,24.063],[71.76,24.063],[71.76,24.063],[71.76,24.063],[71.76,24.063],[71.768,24.065],[71.776,24.066],[71.776,24.066],[71.781,24.068],[71.787,24.066],[71.787,24.066],[71.79,24.066],[71.79,24.066],[71.794,24.066],[71.799,24.065],[71.799,24.065],[71.804,24.065],[71.809,24.064],[71.814,24.061],[71.814,24.061],[71.814,24.061],[71.814,24.061],[71.814,24.061],[71.814,24.061],[71.815,24.061],[71.815,24.061],[71.815,24.061],[71.815,24.061],[71.815,24.061],[71.815,24.061],[71.818,24.063],[71.818,24.063],[71.821,24.066],[71.825,24.066],[71.825,24.066],[71.829,24.068],[71.832,24.068],[71.836,24.068],[71.836,24.068],[71.84,24.069],[71.84,24.069],[71.84,24.069],[71.84,24.069],[71.84,24.069],[71.843,24.071],[71.848,24.073],[71.852,24.075],[71.852,24.075],[71.852,24.075],[71.852,24.075],[71.852,24.075],[71.852,24.075],[71.852,24.075],[71.852,24.075],[71.854,24.078],[71.854,24.078],[71.854,24.078],[71.854,24.078],[71.854,24.078],[71.854,24.078],[71.854,24.078],[71.854,24.078],[71.853,24.084],[71.853,24.087],[71.853,24.087],[71.853,24.087],[71.853,24.087],[71.852,24.09],[71.852,24.09],[71.852,24.09],[71.852,24.09],[71.852,24.09],[71.851,24.092],[71.851,24.092],[71.851,24.092],[71.851,24.092],[71.846,24.095],[71.846,24.095],[71.846,24.095],[71.842,24.096],[71.842,24.098],[71.844,24.104],[71.852,24.11],[71.852,24.11],[71.853,24.111],[71.853,24.111],[71.856,24.115],[71.856,24.115],[71.856,24.115],[71.856,24.115],[71.857,24.118],[71.857,24.118],[71.857,24.118],[71.857,24.118],[71.857,24.122],[71.857,24.122],[71.857,24.122],[71.857,24.123],[71.855,24.129],[71.856,24.131],[71.857,24.134],[71.859,24.138],[71.861,24.14],[71.865,24.143],[71.868,24.143],[71.872,24.14],[71.872,24.14],[71.872,24.14],[71.872,24.14],[71.872,24.14],[71.872,24.14],[71.881,24.139],[71.881,24.139],[71.881,24.139],[71.881,24.139],[71.89,24.141],[71.89,24.141],[71.89,24.141],[71.89,24.141],[71.902,24.147],[71.911,24.149],[71.922,24.148],[71.922,24.148],[71.922,24.148],[71.923,24.148],[71.923,24.148],[71.931,24.15],[71.931,24.15],[71.931,24.15],[71.931,24.15],[71.931,24.15],[71.931,24.15],[71.931,24.15],[71.931,24.15],[71.932,24.15],[71.932,24.15],[71.932,24.15],[71.932,24.15],[71.932,24.15],[71.932,24.15],[71.932,24.15],[71.932,24.15],[71.932,24.15],[71.932,24.15],[71.932,24.15],[71.932,24.151],[71.932,24.151],[71.931,24.151],[71.927,24.156],[71.923,24.163],[71.926,24.167],[71.927,24.169],[71.927,24.169],[71.927,24.169],[71.927,24.169],[71.927,24.169],[71.928,24.171],[71.929,24.174],[71.93,24.174],[71.93,24.174],[71.93,24.174],[71.93,24.177],[71.93,24.177],[71.93,24.178],[71.93,24.178],[71.93,24.178],[71.93,24.178],[71.929,24.182],[71.93,24.188],[71.93,24.188],[71.931,24.196],[71.931,24.196],[71.931,24.2],[71.931,24.2],[71.931,24.205],[71.931,24.205],[71.931,24.205],[71.931,24.205],[71.931,24.205],[71.929,24.208],[71.948,24.216],[71.959,24.217],[71.959,24.217],[71.959,24.217],[71.971,24.22],[71.971,24.22],[71.971,24.22],[71.971,24.22],[71.982,24.228],[71.982,24.228],[71.982,24.228],[71.982,24.228],[71.982,24.228],[71.982,24.228],[71.982,24.228],[71.983,24.228],[71.983,24.228],[71.984,24.236],[71.984,24.236],[71.984,24.236],[71.984,24.236],[71.984,24.236],[71.984,24.236],[71.982,24.246],[71.987,24.249],[71.987,24.249],[71.998,24.258],[72.011,24.258],[72.024,24.256],[72.024,24.256],[72.024,24.256],[72.033,24.256],[72.033,24.256],[72.033,24.256],[72.033,24.257],[72.033,24.257],[72.033,24.257],[72.033,24.257],[72.046,24.265],[72.046,24.265],[72.046,24.265],[72.046,24.265],[72.052,24.272],[72.052,24.272],[72.052,24.272],[72.052,24.272],[72.052,24.272],[72.052,24.272],[72.052,24.272],[72.052,24.273],[72.052,24.282],[72.052,24.282],[72.052,24.282],[72.052,24.282],[72.052,24.283],[72.052,24.283],[72.052,24.283],[72.052,24.283],[72.052,24.283],[72.052,24.283],[72.052,24.283],[72.052,24.283],[72.043,24.287],[72.043,24.287],[72.043,24.287],[72.043,24.287],[72.025,24.291],[72.021,24.297],[72.023,24.303],[72.027,24.308],[72.035,24.311],[72.035,24.311],[72.035,24.311],[72.035,24.312],[72.035,24.312],[72.035,24.312],[72.035,24.312],[72.035,24.312],[72.035,24.312],[72.035,24.312],[72.035,24.312],[72.035,24.312],[72.035,24.312],[72.035,24.317],[72.04,24.321],[72.04,24.321],[72.041,24.321],[72.041,24.321],[72.041,24.321],[72.041,24.321],[72.041,24.321],[72.041,24.321],[72.041,24.321],[72.041,24.321],[72.041,24.321],[72.041,24.321],[72.041,24.321],[72.041,24.321],[72.041,24.321],[72.041,24.321],[72.041,24.321],[72.034,24.33],[72.029,24.342],[72.045,24.34],[72.045,24.34],[72.045,24.34],[72.046,24.34],[72.046,24.34],[72.046,24.34],[72.046,24.34],[72.046,24.34],[72.046,24.34],[72.046,24.34],[72.046,24.341],[72.046,24.341],[72.046,24.341],[72.046,24.341],[72.05,24.351],[72.05,24.351],[72.05,24.351],[72.05,24.351],[72.05,24.352],[72.05,24.352],[72.05,24.352],[72.05,24.352],[72.05,24.352],[72.05,24.352],[72.05,24.352],[72.05,24.352],[72.05,24.352],[72.05,24.352],[72.05,24.352],[72.05,24.352],[72.043,24.356],[72.043,24.356],[72.042,24.356],[72.042,24.356],[72.042,24.356],[72.042,24.356],[72.042,24.356],[72.042,24.356],[72.03,24.354],[72.025,24.355],[72.02,24.362],[72.019,24.372],[72.025,24.376],[72.032,24.378],[72.042,24.374],[72.042,24.374],[72.043,24.374],[72.043,24.374],[72.043,24.374],[72.043,24.374],[72.043,24.374],[72.043,24.374],[72.043,24.374],[72.043,24.374],[72.043,24.374],[72.043,24.374],[72.043,24.374],[72.043,24.375],[72.045,24.378],[72.045,24.378],[72.049,24.384],[72.049,24.385],[72.049,24.385],[72.049,24.385],[72.049,24.385],[72.049,24.389],[72.049,24.389],[72.049,24.389],[72.049,24.389],[72.049,24.389],[72.049,24.389],[72.049,24.389],[72.049,24.389],[72.049,24.389],[72.049,24.389],[72.049,24.39],[72.049,24.39],[72.049,24.39],[72.034,24.397],[72.033,24.4],[72.032,24.406],[72.032,24.406],[72.032,24.406],[72.032,24.406],[72.032,24.406],[72.032,24.406],[72.032,24.406],[72.032,24.406],[72.032,24.406],[72.032,24.406],[72.032,24.406],[72.024,24.41],[72.023,24.413],[72.023,24.416],[72.025,24.421],[72.025,24.421],[72.028,24.431],[72.028,24.431],[72.028,24.431],[72.028,24.431],[72.029,24.441],[72.029,24.441],[72.029,24.446],[72.029,24.446],[72.029,24.446],[72.029,24.446],[72.029,24.446],[72.029,24.446],[72.029,24.446],[72.029,24.446],[72.029,24.446],[72.029,24.446],[72.029,24.446],[72.029,24.446],[72.029,24.446],[72.029,24.446],[72.029,24.446],[72.029,24.446],[72.007,24.449],[72.007,24.449],[72.007,24.449],[72.007,24.449],[72.007,24.449],[71.977,24.441],[71.967,24.439],[71.956,24.439],[71.955,24.44],[71.949,24.445],[71.948,24.446],[71.946,24.449],[71.946,24.475],[71.946,24.475],[71.946,24.475],[71.946,24.475],[71.946,24.475],[71.946,24.475],[71.946,24.475],[71.946,24.475],[71.946,24.475],[71.946,24.475],[71.946,24.475],[71.945,24.475],[71.945,24.475],[71.945,24.475],[71.945,24.475],[71.945,24.475],[71.945,24.475],[71.942,24.475],[71.942,24.481],[71.942,24.481],[71.942,24.481],[71.942,24.481],[71.941,24.492],[71.941,24.492],[71.941,24.492],[71.941,24.492],[71.941,24.492],[71.941,24.492],[71.941,24.493],[71.941,24.493],[71.935,24.499],[71.931,24.51],[71.932,24.517],[71.932,24.517],[71.932,24.521],[71.935,24.525],[71.935,24.525],[71.935,24.525],[71.935,24.525],[71.936,24.529],[71.936,24.529],[71.936,24.529],[71.936,24.529],[71.936,24.529],[71.936,24.529],[71.936,24.529],[71.934,24.534],[71.934,24.534],[71.934,24.534],[71.934,24.534],[71.934,24.534],[71.934,24.534],[71.934,24.534],[71.931,24.536],[71.931,24.536],[71.931,24.536],[71.931,24.536],[71.931,24.537],[71.931,24.537],[71.931,24.537],[71.926,24.537],[71.925,24.539],[71.923,24.545],[71.922,24.552],[71.923,24.559],[71.923,24.559],[71.923,24.56],[71.923,24.56],[71.923,24.56],[71.923,24.56],[71.923,24.56],[71.923,24.56],[71.923,24.56],[71.923,24.56],[71.918,24.565],[71.918,24.565],[71.918,24.565],[71.918,24.565],[71.918,24.565],[71.916,24.566],[71.916,24.566],[71.916,24.566],[71.915,24.566],[71.915,24.566],[71.913,24.567],[71.908,24.567],[71.908,24.567],[71.903,24.568],[71.901,24.57],[71.899,24.572],[71.895,24.581],[71.893,24.587],[71.893,24.587],[71.893,24.587],[71.893,24.587],[71.893,24.587],[71.893,24.587],[71.893,24.587],[71.893,24.587],[71.893,24.587],[71.893,24.587],[71.893,24.587],[71.893,24.587],[71.893,24.587],[71.893,24.587],[71.889,24.587],[71.889,24.587],[71.889,24.587],[71.889,24.587],[71.889,24.587],[71.889,24.587],[71.889,24.587],[71.889,24.587],[71.886,24.585],[71.88,24.582],[71.88,24.582],[71.88,24.582],[71.88,24.582],[71.88,24.582],[71.88,24.582],[71.88,24.582],[71.88,24.582],[71.88,24.582],[71.879,24.581],[71.879,24.581],[71.879,24.581],[71.879,24.58],[71.871,24.579],[71.861,24.581],[71.852,24.586],[71.849,24.589],[71.849,24.595],[71.85,24.6],[71.851,24.602],[71.851,24.602],[71.851,24.602],[71.851,24.602],[71.851,24.602],[71.851,24.602],[71.853,24.608],[71.853,24.608],[71.853,24.608],[71.853,24.608],[71.853,24.608],[71.853,24.608],[71.853,24.608],[71.853,24.608],[71.853,24.609],[71.853,24.609],[71.853,24.609],[71.853,24.609],[71.851,24.61],[71.852,24.609],[71.865,24.631],[71.858,24.666],[71.872,24.682],[71.919,24.672],[71.915,24.649],[71.94,24.634],[71.988,24.657],[71.984,24.686],[71.994,24.695],[72.012,24.691],[72.058,24.712],[72.085,24.707],[72.09,24.659],[72.125,24.638],[72.15,24.643],[72.165,24.621],[72.197,24.615],[72.195,24.623],[72.23,24.64],[72.255,24.625],[72.271,24.637],[72.305,24.618],[72.32,24.618],[72.335,24.633],[72.347,24.629],[72.336,24.599],[72.314,24.594],[72.297,24.609],[72.276,24.607],[72.246,24.585],[72.265,24.56],[72.286,24.565],[72.295,24.547],[72.329,24.552],[72.331,24.569],[72.354,24.564],[72.389,24.508],[72.416,24.521],[72.441,24.515],[72.43,24.48],[72.457,24.415],[72.5,24.417],[72.493,24.459],[72.504,24.458],[72.52,24.5],[72.534,24.504],[72.539,24.519],[72.576,24.479],[72.683,24.464],[72.689,24.412],[72.725,24.367],[72.806,24.363],[72.854,24.371],[72.891,24.357],[72.911,24.337],[72.959,24.361],[72.967,24.313],[72.997,24.308]]]}},{"type":"Feature","properties":{"state":"Gujarat","district":"Vav-Tharad","district_code":"IN-G-VAV"},"geometry":{"type":"Polygon","coordinates":[[[71.665,23.972],[71.605,23.943],[71.587,23.963],[71.592,23.976],[71.561,23.979],[71.566,23.996],[71.555,24.001],[71.546,23.982],[71.498,23.97],[71.487,23.975],[71.491,24.015],[71.479,24.025],[71.442,23.981],[71.454,23.965],[71.445,23.941],[71.416,23.925],[71.395,23.966],[71.374,23.955],[71.366,23.97],[71.336,23.97],[71.319,23.984],[71.309,23.993],[71.285,23.992],[71.292,24.02],[71.322,24.052],[71.305,24.062],[71.316,24.072],[71.316,24.096],[71.326,24.1],[71.336,24.105],[71.336,24.105],[71.336,24.106],[71.334,24.116],[71.333,24.116],[71.302,24.121],[71.273,24.141],[71.285,24.149],[71.258,24.159],[71.273,24.176],[71.302,24.16],[71.329,24.172],[71.337,24.164],[71.343,24.177],[71.358,24.173],[71.361,24.186],[71.326,24.182],[71.33,24.196],[71.303,24.207],[71.31,24.222],[71.291,24.225],[71.28,24.236],[71.292,24.248],[71.285,24.242],[71.274,24.258],[71.284,24.266],[71.303,24.259],[71.295,24.301],[71.314,24.322],[71.375,24.334],[71.382,24.348],[71.371,24.351],[71.384,24.351],[71.373,24.379],[71.362,24.384],[71.366,24.391],[71.346,24.386],[71.319,24.402],[71.343,24.425],[71.321,24.446],[71.331,24.461],[71.349,24.457],[71.331,24.479],[71.348,24.517],[71.292,24.519],[71.257,24.508],[71.26,24.533],[71.297,24.564],[71.306,24.588],[71.307,24.589],[71.288,24.593],[71.285,24.594],[71.288,24.616],[71.314,24.648],[71.348,24.661],[71.358,24.631],[71.377,24.626],[71.478,24.68],[71.531,24.683],[71.542,24.676],[71.573,24.684],[71.59,24.667],[71.608,24.677],[71.655,24.639],[71.708,24.662],[71.736,24.66],[71.792,24.677],[71.81,24.656],[71.806,24.627],[71.851,24.61],[71.853,24.609],[71.853,24.609],[71.853,24.609],[71.853,24.609],[71.853,24.608],[71.853,24.608],[71.853,24.608],[71.853,24.608],[71.853,24.608],[71.853,24.608],[71.853,24.608],[71.853,24.608],[71.851,24.602],[71.851,24.602],[71.851,24.602],[71.851,24.602],[71.851,24.602],[71.851,24.602],[71.85,24.6],[71.849,24.595],[71.849,24.589],[71.852,24.586],[71.861,24.581],[71.871,24.579],[71.879,24.58],[71.879,24.581],[71.879,24.581],[71.879,24.581],[71.88,24.582],[71.88,24.582],[71.88,24.582],[71.88,24.582],[71.88,24.582],[71.88,24.582],[71.88,24.582],[71.88,24.582],[71.88,24.582],[71.886,24.585],[71.889,24.587],[71.889,24.587],[71.889,24.587],[71.889,24.587],[71.889,24.587],[71.889,24.587],[71.889,24.587],[71.889,24.587],[71.893,24.587],[71.893,24.587],[71.893,24.587],[71.893,24.587],[71.893,24.587],[71.893,24.587],[71.893,24.587],[71.893,24.587],[71.893,24.587],[71.893,24.587],[71.893,24.587],[71.893,24.587],[71.893,24.587],[71.893,24.587],[71.895,24.581],[71.899,24.572],[71.901,24.57],[71.903,24.568],[71.908,24.567],[71.908,24.567],[71.913,24.567],[71.915,24.566],[71.915,24.566],[71.916,24.566],[71.916,24.566],[71.916,24.566],[71.918,24.565],[71.918,24.565],[71.918,24.565],[71.918,24.565],[71.918,24.565],[71.923,24.56],[71.923,24.56],[71.923,24.56],[71.923,24.56],[71.923,24.56],[71.923,24.56],[71.923,24.56],[71.923,24.56],[71.923,24.559],[71.923,24.559],[71.922,24.552],[71.923,24.545],[71.925,24.539],[71.926,24.537],[71.931,24.537],[71.931,24.537],[71.931,24.537],[71.931,24.536],[71.931,24.536],[71.931,24.536],[71.931,24.536],[71.934,24.534],[71.934,24.534],[71.934,24.534],[71.934,24.534],[71.934,24.534],[71.934,24.534],[71.934,24.534],[71.936,24.529],[71.936,24.529],[71.936,24.529],[71.936,24.529],[71.936,24.529],[71.936,24.529],[71.936,24.529],[71.935,24.525],[71.935,24.525],[71.935,24.525],[71.935,24.525],[71.932,24.521],[71.932,24.517],[71.932,24.517],[71.931,24.51],[71.935,24.499],[71.941,24.493],[71.941,24.493],[71.941,24.492],[71.941,24.492],[71.941,24.492],[71.941,24.492],[71.941,24.492],[71.941,24.492],[71.942,24.481],[71.942,24.481],[71.942,24.481],[71.942,24.481],[71.942,24.475],[71.945,24.475],[71.945,24.475],[71.945,24.475],[71.945,24.475],[71.945,24.475],[71.945,24.475],[71.946,24.475],[71.946,24.475],[71.946,24.475],[71.946,24.475],[71.946,24.475],[71.946,24.475],[71.946,24.475],[71.946,24.475],[71.946,24.475],[71.946,24.475],[71.946,24.475],[71.946,24.449],[71.948,24.446],[71.949,24.445],[71.955,24.44],[71.956,24.439],[71.967,24.439],[71.977,24.441],[72.007,24.449],[72.007,24.449],[72.007,24.449],[72.007,24.449],[72.007,24.449],[72.029,24.446],[72.029,24.446],[72.029,24.446],[72.029,24.446],[72.029,24.446],[72.029,24.446],[72.029,24.446],[72.029,24.446],[72.029,24.446],[72.029,24.446],[72.029,24.446],[72.029,24.446],[72.029,24.446],[72.029,24.446],[72.029,24.446],[72.029,24.446],[72.029,24.441],[72.029,24.441],[72.028,24.431],[72.028,24.431],[72.028,24.431],[72.028,24.431],[72.025,24.421],[72.025,24.421],[72.023,24.416],[72.023,24.413],[72.024,24.41],[72.032,24.406],[72.032,24.406],[72.032,24.406],[72.032,24.406],[72.032,24.406],[72.032,24.406],[72.032,24.406],[72.032,24.406],[72.032,24.406],[72.032,24.406],[72.032,24.406],[72.033,24.4],[72.034,24.397],[72.049,24.39],[72.049,24.39],[72.049,24.39],[72.049,24.389],[72.049,24.389],[72.049,24.389],[72.049,24.389],[72.049,24.389],[72.049,24.389],[72.049,24.389],[72.049,24.389],[72.049,24.389],[72.049,24.389],[72.049,24.385],[72.049,24.385],[72.049,24.385],[72.049,24.385],[72.049,24.384],[72.045,24.378],[72.045,24.378],[72.043,24.375],[72.043,24.374],[72.043,24.374],[72.043,24.374],[72.043,24.374],[72.043,24.374],[72.043,24.374],[72.043,24.374],[72.043,24.374],[72.043,24.374],[72.043,24.374],[72.043,24.374],[72.042,24.374],[72.042,24.374],[72.032,24.378],[72.025,24.376],[72.019,24.372],[72.02,24.362],[72.025,24.355],[72.03,24.354],[72.042,24.356],[72.042,24.356],[72.042,24.356],[72.042,24.356],[72.042,24.356],[72.042,24.356],[72.043,24.356],[72.043,24.356],[72.05,24.352],[72.05,24.352],[72.05,24.352],[72.05,24.352],[72.05,24.352],[72.05,24.352],[72.05,24.352],[72.05,24.352],[72.05,24.352],[72.05,24.352],[72.05,24.352],[72.05,24.352],[72.05,24.351],[72.05,24.351],[72.05,24.351],[72.05,24.351],[72.046,24.341],[72.046,24.341],[72.046,24.341],[72.046,24.341],[72.046,24.34],[72.046,24.34],[72.046,24.34],[72.046,24.34],[72.046,24.34],[72.046,24.34],[72.046,24.34],[72.045,24.34],[72.045,24.34],[72.045,24.34],[72.029,24.342],[72.034,24.33],[72.041,24.321],[72.041,24.321],[72.041,24.321],[72.041,24.321],[72.041,24.321],[72.041,24.321],[72.041,24.321],[72.041,24.321],[72.041,24.321],[72.041,24.321],[72.041,24.321],[72.041,24.321],[72.041,24.321],[72.041,24.321],[72.041,24.321],[72.04,24.321],[72.04,24.321],[72.035,24.317],[72.035,24.312],[72.035,24.312],[72.035,24.312],[72.035,24.312],[72.035,24.312],[72.035,24.312],[72.035,24.312],[72.035,24.312],[72.035,24.312],[72.035,24.312],[72.035,24.311],[72.035,24.311],[72.035,24.311],[72.027,24.308],[72.023,24.303],[72.021,24.297],[72.025,24.291],[72.043,24.287],[72.043,24.287],[72.043,24.287],[72.043,24.287],[72.052,24.283],[72.052,24.283],[72.052,24.283],[72.052,24.283],[72.052,24.283],[72.052,24.283],[72.052,24.283],[72.052,24.283],[72.052,24.282],[72.052,24.282],[72.052,24.282],[72.052,24.282],[72.052,24.273],[72.052,24.272],[72.052,24.272],[72.052,24.272],[72.052,24.272],[72.052,24.272],[72.052,24.272],[72.052,24.272],[72.046,24.265],[72.046,24.265],[72.046,24.265],[72.046,24.265],[72.033,24.257],[72.033,24.257],[72.033,24.257],[72.033,24.257],[72.033,24.256],[72.033,24.256],[72.033,24.256],[72.024,24.256],[72.024,24.256],[72.024,24.256],[72.011,24.258],[71.998,24.258],[71.987,24.249],[71.987,24.249],[71.982,24.246],[71.984,24.236],[71.984,24.236],[71.984,24.236],[71.984,24.236],[71.984,24.236],[71.984,24.236],[71.983,24.228],[71.983,24.228],[71.982,24.228],[71.982,24.228],[71.982,24.228],[71.982,24.228],[71.982,24.228],[71.982,24.228],[71.982,24.228],[71.971,24.22],[71.971,24.22],[71.971,24.22],[71.971,24.22],[71.959,24.217],[71.959,24.217],[71.959,24.217],[71.948,24.216],[71.929,24.208],[71.931,24.205],[71.931,24.205],[71.931,24.205],[71.931,24.205],[71.931,24.205],[71.931,24.2],[71.931,24.2],[71.931,24.196],[71.931,24.196],[71.93,24.188],[71.93,24.188],[71.929,24.182],[71.93,24.178],[71.93,24.178],[71.93,24.178],[71.93,24.178],[71.93,24.177],[71.93,24.177],[71.93,24.174],[71.93,24.174],[71.93,24.174],[71.929,24.174],[71.928,24.171],[71.927,24.169],[71.927,24.169],[71.927,24.169],[71.927,24.169],[71.927,24.169],[71.926,24.167],[71.923,24.163],[71.927,24.156],[71.931,24.151],[71.932,24.151],[71.932,24.151],[71.932,24.15],[71.932,24.15],[71.932,24.15],[71.932,24.15],[71.932,24.15],[71.932,24.15],[71.932,24.15],[71.932,24.15],[71.932,24.15],[71.932,24.15],[71.932,24.15],[71.931,24.15],[71.931,24.15],[71.931,24.15],[71.931,24.15],[71.931,24.15],[71.931,24.15],[71.931,24.15],[71.931,24.15],[71.923,24.148],[71.923,24.148],[71.922,24.148],[71.922,24.148],[71.922,24.148],[71.911,24.149],[71.902,24.147],[71.89,24.141],[71.89,24.141],[71.89,24.141],[71.89,24.141],[71.881,24.139],[71.881,24.139],[71.881,24.139],[71.881,24.139],[71.872,24.14],[71.872,24.14],[71.872,24.14],[71.872,24.14],[71.872,24.14],[71.872,24.14],[71.868,24.143],[71.865,24.143],[71.861,24.14],[71.859,24.138],[71.857,24.134],[71.856,24.131],[71.855,24.129],[71.857,24.123],[71.857,24.122],[71.857,24.122],[71.857,24.122],[71.857,24.118],[71.857,24.118],[71.857,24.118],[71.857,24.118],[71.856,24.115],[71.856,24.115],[71.856,24.115],[71.856,24.115],[71.853,24.111],[71.853,24.111],[71.852,24.11],[71.852,24.11],[71.844,24.104],[71.842,24.098],[71.842,24.096],[71.846,24.095],[71.846,24.095],[71.846,24.095],[71.851,24.092],[71.851,24.092],[71.851,24.092],[71.851,24.092],[71.852,24.09],[71.852,24.09],[71.852,24.09],[71.852,24.09],[71.852,24.09],[71.853,24.087],[71.853,24.087],[71.853,24.087],[71.853,24.087],[71.853,24.084],[71.854,24.078],[71.854,24.078],[71.854,24.078],[71.854,24.078],[71.854,24.078],[71.854,24.078],[71.854,24.078],[71.854,24.078],[71.852,24.075],[71.852,24.075],[71.852,24.075],[71.852,24.075],[71.852,24.075],[71.852,24.075],[71.852,24.075],[71.852,24.075],[71.848,24.073],[71.843,24.071],[71.84,24.069],[71.84,24.069],[71.84,24.069],[71.84,24.069],[71.84,24.069],[71.836,24.068],[71.836,24.068],[71.832,24.068],[71.829,24.068],[71.825,24.066],[71.825,24.066],[71.821,24.066],[71.818,24.063],[71.818,24.063],[71.815,24.061],[71.815,24.061],[71.815,24.061],[71.815,24.061],[71.815,24.061],[71.815,24.061],[71.814,24.061],[71.814,24.061],[71.814,24.061],[71.814,24.061],[71.814,24.061],[71.814,24.061],[71.809,24.064],[71.804,24.065],[71.799,24.065],[71.799,24.065],[71.794,24.066],[71.79,24.066],[71.79,24.066],[71.787,24.066],[71.787,24.066],[71.781,24.068],[71.776,24.066],[71.776,24.066],[71.768,24.065],[71.76,24.063],[71.76,24.063],[71.76,24.063],[71.76,24.063],[71.76,24.063],[71.76,24.063],[71.76,24.063],[71.76,24.063],[71.758,24.064],[71.754,24.065],[71.751,24.066],[71.749,24.067],[71.746,24.064],[71.742,24.06],[71.742,24.06],[71.738,24.056],[71.736,24.054],[71.736,24.054],[71.736,24.054],[71.734,24.052],[71.734,24.052],[71.734,24.052],[71.734,24.052],[71.734,24.052],[71.734,24.052],[71.734,24.052],[71.734,24.052],[71.734,24.052],[71.734,24.052],[71.733,24.052],[71.733,24.052],[71.733,24.052],[71.726,24.058],[71.719,24.061],[71.709,24.066],[71.706,24.065],[71.702,24.064],[71.702,24.064],[71.701,24.063],[71.701,24.063],[71.701,24.063],[71.701,24.063],[71.693,24.063],[71.693,24.063],[71.684,24.064],[71.681,24.058],[71.681,24.052],[71.681,24.052],[71.681,24.052],[71.681,24.052],[71.679,24.046],[71.679,24.046],[71.678,24.041],[71.678,24.041],[71.678,24.041],[71.677,24.041],[71.677,24.041],[71.677,24.041],[71.677,24.041],[71.677,24.041],[71.677,24.041],[71.67,24.038],[71.665,24.034],[71.665,24.034],[71.665,24.034],[71.664,24.034],[71.664,24.034],[71.664,24.034],[71.66,24.034],[71.657,24.034],[71.655,24.032],[71.656,24.028],[71.658,24.019],[71.661,24.019],[71.661,24.019],[71.661,24.019],[71.661,24.019],[71.661,24.019],[71.661,24.019],[71.661,24.019],[71.661,24.019],[71.661,24.019],[71.661,24.019],[71.661,24.019],[71.661,24.019],[71.663,24.016],[71.664,24.014],[71.665,24.013],[71.672,24.016],[71.672,24.016],[71.672,24.016],[71.679,24.017],[71.679,24.017],[71.679,24.017],[71.679,24.016],[71.679,24.016],[71.679,24.016],[71.685,24.014],[71.685,24.014],[71.689,24.011],[71.689,24.011],[71.69,24.011],[71.69,24.011],[71.69,24.011],[71.692,24.007],[71.692,24.007],[71.692,24.007],[71.692,24.007],[71.692,24.007],[71.693,24.007],[71.693,24.007],[71.693,24.007],[71.692,24.003],[71.692,24.003],[71.692,24.003],[71.692,24.003],[71.691,23.999],[71.691,23.999],[71.691,23.999],[71.691,23.999],[71.691,23.999],[71.691,23.999],[71.689,23.997],[71.689,23.997],[71.685,23.993],[71.682,23.989],[71.682,23.986],[71.682,23.976],[71.682,23.976],[71.682,23.976],[71.682,23.976],[71.682,23.976],[71.682,23.976],[71.68,23.972],[71.68,23.972],[71.68,23.972],[71.68,23.971],[71.68,23.971],[71.68,23.971],[71.68,23.971],[71.68,23.971],[71.68,23.971],[71.68,23.971],[71.68,23.971],[71.68,23.971],[71.665,23.972]]]}}]}