region,lead_time,precipitation,temperature,pressure,humidity,wind_speed,wind_direction,latitude,longitude,spatial_gradient,historical_error,pressure_variation,precipitation_variability,_observed_precip,_forecast_error,forecast_bust
Rajasthan,1,10.4,24.7,1011.8,74.9,2.6,351.2,27.0,74.2,0.586,9.94,2.48,5.84,21.3,10.9,0
Rajasthan,1,18.3,29.1,1013.6,70.2,8.1,199.7,27.0,74.2,0.368,14.71,2.44,7.85,14.8,3.5,0
Rajasthan,1,25.8,28.2,1005.9,62.0,15.1,15.8,27.0,74.2,0.643,12.92,5.07,7.18,25.3,0.4,0
Rajasthan,1,0.0,31.3,1013.6,64.4,8.2,81.7,27.0,74.2,0.69,14.17,3.15,6.4,6.1,6.1,0
Rajasthan,1,7.2,29.7,1012.4,67.7,15.8,2.7,27.0,74.2,0.618,13.73,0.75,7.44,7.0,0.2,0
Rajasthan,1,0.0,27.7,1015.5,56.8,17.2,203.5,27.0,74.2,0.493,11.85,3.2,10.53,9.6,9.6,0
Rajasthan,1,0.0,27.0,1012.3,63.6,6.0,84.2,27.0,74.2,0.376,13.19,2.67,10.47,0.0,0.0,0
Rajasthan,1,7.9,31.4,1006.5,70.1,9.1,8.2,27.0,74.2,0.484,6.42,3.08,6.99,10.9,3.0,0
Rajasthan,1,13.3,30.6,1011.3,64.5,10.3,226.9,27.0,74.2,0.223,5.41,0.91,5.41,18.0,4.7,0
Rajasthan,1,0.0,27.3,1014.5,61.9,16.1,161.8,27.0,74.2,0.519,7.4,2.09,10.92,0.0,0.0,0
Rajasthan,1,12.5,29.8,1005.0,51.0,12.8,259.0,27.0,74.2,0.607,11.29,4.42,7.68,7.6,5.0,0
Rajasthan,1,8.3,29.7,1014.8,73.9,14.2,37.2,27.0,74.2,0.322,8.64,1.39,7.23,0.0,8.3,0
Rajasthan,1,15.9,28.0,1000.6,55.3,14.0,29.8,27.0,74.2,0.959,22.86,3.0,5.43,3.8,12.2,0
Rajasthan,1,9.7,25.6,1005.9,59.4,11.7,297.5,27.0,74.2,0.591,10.57,1.26,3.38,9.2,0.5,0
Rajasthan,1,4.3,35.9,1008.7,75.3,9.9,82.9,27.0,74.2,0.367,8.3,5.05,5.94,13.6,9.2,0
Rajasthan,1,0.0,32.6,1009.9,63.9,12.2,337.0,27.0,74.2,0.649,9.38,1.03,4.57,5.3,5.3,0
Rajasthan,1,31.8,29.5,1007.4,68.4,18.9,277.9,27.0,74.2,0.478,15.63,3.01,13.01,36.2,4.4,0
Rajasthan,1,0.0,23.4,1016.3,82.7,11.5,64.5,27.0,74.2,0.852,6.77,1.43,10.33,1.8,1.8,0
Rajasthan,1,5.2,28.2,1009.7,79.6,12.9,244.0,27.0,74.2,0.15,11.01,1.49,4.74,0.0,5.2,0
Rajasthan,1,0.0,32.5,1001.4,65.8,10.0,108.3,27.0,74.2,0.761,13.35,4.1,7.94,0.0,0.0,0
Rajasthan,1,1.5,29.8,1008.9,54.7,12.9,150.9,27.0,74.2,1.063,18.71,1.48,7.54,0.0,1.5,0
Rajasthan,1,0.0,30.1,1014.0,58.2,9.1,83.8,27.0,74.2,0.527,6.95,1.86,5.77,2.4,2.4,0
Rajasthan,1,0.0,23.0,1018.6,52.6,6.9,294.0,27.0,74.2,1.141,6.51,2.06,9.42,21.4,21.4,1
Rajasthan,1,0.0,27.9,1011.9,69.8,10.5,55.3,27.0,74.2,0.285,10.25,2.18,9.1,0.0,0.0,0
Rajasthan,1,13.2,32.9,1008.8,69.0,12.7,315.0,27.0,74.2,0.416,12.47,2.38,14.68,28.9,15.7,0
Rajasthan,1,11.7,25.8,1002.4,77.4,13.7,332.9,27.0,74.2,0.211,14.91,3.05,5.07,9.0,2.7,0
Rajasthan,1,9.7,29.1,1006.5,64.5,11.1,185.1,27.0,74.2,0.854,0.93,2.22,8.93,17.3,7.6,0
Rajasthan,1,0.0,21.8,1009.6,82.8,4.7,131.9,27.0,74.2,0.494,10.95,1.24,7.4,13.9,13.9,0
Rajasthan,1,15.0,35.8,1013.9,69.9,21.1,234.9,27.0,74.2,0.726,10.01,2.58,6.31,27.7,12.7,0
Rajasthan,1,0.0,32.0,1007.0,77.2,16.2,261.3,27.0,74.2,0.706,4.91,2.42,4.88,0.0,0.0,0
Rajasthan,1,30.6,31.4,1004.5,55.4,12.6,212.4,27.0,74.2,0.426,12.45,3.89,10.23,13.9,16.7,0
Rajasthan,1,10.4,29.1,1010.1,81.7,2.1,335.2,27.0,74.2,0.678,4.87,4.27,9.51,21.5,11.2,0
Rajasthan,1,0.0,32.1,1013.3,67.8,13.6,97.4,27.0,74.2,0.387,10.61,2.32,9.55,10.7,10.7,0
Rajasthan,1,0.0,28.3,1015.4,58.1,8.3,280.9,27.0,74.2,0.729,11.25,4.09,10.97,11.4,11.4,0
Rajasthan,1,14.6,38.2,1007.0,45.5,20.4,247.0,27.0,74.2,0.582,16.44,0.58,4.65,4.6,10.0,0
Rajasthan,1,0.0,30.6,1010.6,68.3,5.3,358.9,27.0,74.2,0.571,9.31,3.05,10.51,4.6,4.6,0
Rajasthan,1,18.0,29.8,1010.7,58.5,11.5,279.6,27.0,74.2,0.724,9.63,3.13,7.6,21.4,3.4,0
Rajasthan,1,19.2,20.9,1001.5,50.7,0.7,20.6,27.0,74.2,0.71,10.06,2.74,11.67,34.6,15.4,0
Rajasthan,1,4.1,34.3,1008.5,57.1,9.4,264.5,27.0,74.2,0.382,9.77,3.46,13.56,0.0,4.1,0
Rajasthan,1,11.8,24.7,1010.4,64.2,3.2,62.3,27.0,74.2,0.439,9.06,1.22,6.44,18.1,6.2,0
Rajasthan,2,3.0,30.0,1009.8,79.2,11.1,208.1,27.0,74.2,0.874,11.89,4.29,11.06,7.0,3.9,0
Rajasthan,2,12.1,36.5,1018.4,66.7,13.6,109.7,27.0,74.2,0.492,14.55,2.92,10.85,6.7,5.3,0
Rajasthan,2,0.0,20.4,1002.4,61.4,11.3,170.7,27.0,74.2,0.882,9.37,3.37,8.69,2.5,2.5,0
Rajasthan,2,9.3,31.2,1006.3,76.6,7.1,225.4,27.0,74.2,1.18,14.11,4.67,10.19,22.1,12.8,0
Rajasthan,2,5.2,28.0,1004.1,70.3,8.5,177.9,27.0,74.2,0.783,15.88,4.25,11.01,7.1,1.9,0
Rajasthan,2,13.8,27.5,1012.7,47.7,11.1,297.8,27.0,74.2,0.362,18.67,4.02,7.75,1.1,12.7,0
Rajasthan,2,0.0,26.5,1020.1,70.3,10.0,247.6,27.0,74.2,0.349,12.03,3.07,9.65,9.9,9.9,0
Rajasthan,2,12.0,31.4,1004.6,75.0,20.9,200.1,27.0,74.2,0.483,18.56,2.72,14.12,10.5,1.5,0
Rajasthan,2,30.6,29.2,1009.3,81.6,11.0,65.1,27.0,74.2,0.571,15.03,1.07,11.82,28.7,1.9,0
Rajasthan,2,25.5,19.1,1004.1,49.1,8.7,229.5,27.0,74.2,0.625,12.2,2.76,10.52,19.2,6.2,0
Rajasthan,2,18.1,31.4,1009.9,71.6,14.3,306.7,27.0,74.2,0.643,11.99,2.05,6.82,9.6,8.5,0
Rajasthan,2,0.0,28.4,1009.7,66.5,9.0,122.0,27.0,74.2,0.809,12.58,2.17,11.56,6.7,6.7,0
Rajasthan,2,0.0,28.4,1009.3,57.0,13.7,353.5,27.0,74.2,0.928,18.21,2.65,11.0,0.0,0.0,0
Rajasthan,2,0.0,27.5,1002.6,73.1,22.8,158.4,27.0,74.2,0.493,14.16,4.88,6.24,5.4,5.4,0
Rajasthan,2,36.8,22.1,1001.6,61.8,10.2,354.8,27.0,74.2,0.709,6.12,3.57,8.18,53.7,16.9,0
Rajasthan,2,0.0,26.2,1010.7,73.6,15.0,134.2,27.0,74.2,0.768,9.08,3.23,5.64,9.0,9.0,0
Rajasthan,2,0.0,23.6,1011.6,68.4,9.7,223.9,27.0,74.2,0.573,13.34,3.27,8.05,8.1,8.1,0
Rajasthan,2,0.0,27.1,1014.8,55.6,0.7,125.3,27.0,74.2,1.171,11.59,0.63,8.98,4.2,4.2,0
Rajasthan,2,3.0,24.2,1010.9,71.2,5.3,290.7,27.0,74.2,1.071,13.9,2.55,9.49,15.5,12.5,0
Rajasthan,2,0.0,29.4,1006.0,84.5,11.9,131.5,27.0,74.2,0.44,15.57,3.33,7.3,4.4,4.4,0
Rajasthan,2,26.6,27.4,999.5,65.8,8.3,102.4,27.0,74.2,0.644,6.39,1.01,11.36,25.3,1.3,0
Rajasthan,2,0.0,31.8,1009.4,58.9,6.2,116.1,27.0,74.2,0.731,22.75,3.45,11.08,2.7,2.7,0
Rajasthan,2,19.9,31.2,1014.3,60.8,10.6,66.7,27.0,74.2,0.819,19.21,2.4,8.64,27.9,8.0,0
Rajasthan,2,2.1,32.5,996.7,57.7,8.9,88.6,27.0,74.2,0.468,9.56,2.71,13.25,2.4,0.4,0
Rajasthan,2,0.0,28.5,1013.2,56.2,8.2,108.7,27.0,74.2,0.616,15.81,2.93,12.02,0.0,0.0,0
Rajasthan,2,6.0,27.9,1001.9,50.4,16.2,281.0,27.0,74.2,0.456,12.83,4.3,3.07,0.0,6.0,0
Rajasthan,2,0.0,34.5,1009.4,73.7,7.1,165.9,27.0,74.2,0.75,13.45,3.61,9.35,7.3,7.3,0
Rajasthan,2,8.9,31.8,1012.0,49.8,1.6,87.0,27.0,74.2,0.898,9.13,0.72,10.21,23.5,14.6,0
Rajasthan,2,36.4,30.8,1006.1,57.1,12.9,330.8,27.0,74.2,0.458,21.41,5.09,13.32,30.0,6.4,0
Rajasthan,2,20.6,31.3,1010.2,78.5,16.0,114.3,27.0,74.2,0.788,14.58,0.81,10.16,19.8,0.8,0
Rajasthan,2,0.0,35.4,1016.6,79.6,14.1,213.8,27.0,74.2,0.663,14.03,1.64,11.1,4.6,4.6,0
Rajasthan,2,0.0,28.5,1007.6,84.0,17.3,45.7,27.0,74.2,0.711,13.39,2.71,6.66,2.8,2.8,0
Rajasthan,2,0.0,23.7,1010.6,69.9,3.9,6.5,27.0,74.2,0.86,17.45,4.18,10.03,0.0,0.0,0
Rajasthan,2,0.0,30.1,1009.9,78.9,18.3,273.0,27.0,74.2,0.412,11.94,3.21,9.31,0.0,0.0,0
Rajasthan,2,10.4,26.7,1004.9,69.1,10.8,245.7,27.0,74.2,0.715,8.66,2.37,14.23,3.2,7.2,0
Rajasthan,2,0.0,21.3,1008.1,66.3,12.2,267.0,27.0,74.2,0.126,14.8,4.82,6.53,0.0,0.0,0
Rajasthan,2,0.0,25.1,1006.4,80.3,22.0,8.3,27.0,74.2,1.042,13.36,5.05,9.63,7.5,7.5,0
Rajasthan,2,12.3,41.4,1012.3,58.9,17.6,336.7,27.0,74.2,0.563,16.85,2.99,10.75,15.9,3.5,0
Rajasthan,2,11.8,30.4,998.3,72.7,7.9,35.6,27.0,74.2,0.649,13.55,2.12,12.41,2.4,9.4,0
Rajasthan,2,0.0,26.4,1007.8,68.8,7.8,345.4,27.0,74.2,0.673,5.65,0.6,9.88,1.9,1.9,0
Rajasthan,3,5.4,28.4,1009.1,76.0,7.6,343.1,27.0,74.2,0.543,16.39,4.89,10.13,0.0,5.4,0
Rajasthan,3,0.0,25.2,1005.2,62.4,13.4,57.7,27.0,74.2,0.971,12.53,2.37,12.86,0.0,0.0,0
Rajasthan,3,13.7,29.0,1007.3,82.4,10.1,43.4,27.0,74.2,0.717,10.12,3.48,8.2,9.4,4.3,0
Rajasthan,3,13.8,30.8,1004.9,76.4,19.0,314.8,27.0,74.2,0.569,17.35,5.04,5.78,13.6,0.2,0
Rajasthan,3,0.0,29.0,1005.1,64.8,22.6,190.7,27.0,74.2,0.844,14.3,3.49,11.44,10.2,10.2,0
Rajasthan,3,26.7,35.1,1009.5,72.4,7.4,91.1,27.0,74.2,0.95,18.7,3.65,14.08,38.0,11.3,0
Rajasthan,3,27.3,29.7,1006.2,69.9,0.0,294.6,27.0,74.2,0.032,8.34,3.94,12.86,14.2,13.1,0
Rajasthan,3,0.0,34.0,1005.6,88.9,13.2,285.7,27.0,74.2,1.085,15.76,2.2,11.09,6.1,6.1,0
Rajasthan,3,0.0,27.5,1004.3,75.7,13.4,54.8,27.0,74.2,0.74,16.12,4.14,8.42,0.0,0.0,0
Rajasthan,3,25.7,26.9,1000.9,70.9,15.5,123.4,27.0,74.2,0.807,18.17,3.85,13.32,14.5,11.2,0
Rajasthan,3,12.7,27.3,1005.6,75.2,20.6,131.9,27.0,74.2,1.025,14.79,3.82,13.72,20.2,7.5,0
Rajasthan,3,9.3,31.8,1007.7,59.2,11.1,158.4,27.0,74.2,0.762,16.59,4.2,10.3,22.5,13.2,0
Rajasthan,3,13.5,23.6,1015.2,61.5,4.9,88.8,27.0,74.2,0.557,15.44,3.07,10.41,23.9,10.4,0
Rajasthan,3,12.8,29.8,1010.0,72.7,2.7,343.1,27.0,74.2,0.326,15.38,3.39,14.56,28.4,15.5,0
Rajasthan,3,10.5,26.5,1010.4,61.2,13.2,219.7,27.0,74.2,0.65,18.45,4.21,8.56,25.6,15.0,0
Rajasthan,3,18.9,29.0,1004.2,57.9,10.5,332.6,27.0,74.2,0.57,16.98,1.91,10.81,23.6,4.7,0
Rajasthan,3,48.2,23.0,1015.4,68.0,15.3,92.8,27.0,74.2,0.851,14.62,5.14,10.05,66.3,18.0,0
Rajasthan,3,0.0,28.3,1002.6,71.1,20.4,49.8,27.0,74.2,0.722,10.77,3.12,6.65,0.0,0.0,0
Rajasthan,3,11.0,33.8,1022.0,60.6,20.4,25.1,27.0,74.2,0.731,16.96,3.47,11.76,10.7,0.3,0
Rajasthan,3,0.0,22.4,1011.3,63.7,10.2,180.3,27.0,74.2,0.921,15.95,2.61,15.1,23.6,23.6,1
Rajasthan,3,15.4,32.4,1014.2,77.8,16.3,18.5,27.0,74.2,0.866,10.84,4.24,7.36,11.6,3.9,0
Rajasthan,3,29.0,31.9,1015.4,63.8,7.4,321.5,27.0,74.2,0.782,15.55,4.76,10.34,37.8,8.7,0
Rajasthan,3,0.0,30.4,1008.0,59.0,12.0,12.5,27.0,74.2,0.708,22.32,3.28,10.69,0.0,0.0,0
Rajasthan,3,0.0,27.5,1004.6,80.3,12.4,265.6,27.0,74.2,0.774,15.38,3.29,11.44,24.3,24.3,1
Rajasthan,3,0.0,20.5,1005.3,66.6,16.7,31.0,27.0,74.2,0.685,19.31,4.64,11.98,15.1,15.1,0
Rajasthan,3,11.7,26.3,1011.5,67.6,13.2,351.2,27.0,74.2,0.271,9.56,1.98,10.33,10.4,1.3,0
Rajasthan,3,0.0,24.6,1003.7,91.1,22.2,9.6,27.0,74.2,0.689,10.64,1.11,11.07,0.0,0.0,0
Rajasthan,3,5.7,22.1,1004.2,68.0,15.0,187.9,27.0,74.2,0.498,18.65,2.44,13.32,8.6,2.9,0
Rajasthan,3,0.0,27.3,1009.8,72.6,12.5,169.2,27.0,74.2,0.963,14.21,4.3,17.23,28.2,28.2,1
Rajasthan,3,0.0,24.8,1015.4,55.9,6.6,152.2,27.0,74.2,0.846,14.82,2.62,9.4,0.0,0.0,0
Rajasthan,3,0.0,37.7,1009.5,75.4,10.8,319.8,27.0,74.2,0.619,4.63,1.75,5.99,0.0,0.0,0
Rajasthan,3,0.0,33.8,1007.8,79.4,15.3,358.8,27.0,74.2,0.581,17.33,4.27,9.69,9.9,9.9,0
Rajasthan,3,16.7,26.4,1002.4,54.7,13.6,143.1,27.0,74.2,0.603,15.34,4.08,13.28,38.0,21.3,1
Rajasthan,3,28.6,24.5,1016.4,61.2,18.4,227.9,27.0,74.2,0.679,8.0,3.19,6.75,43.7,15.1,0
Rajasthan,3,32.6,25.4,1009.5,59.2,10.1,124.5,27.0,74.2,0.754,22.19,2.82,14.42,38.3,5.6,0
Rajasthan,3,20.5,26.8,1007.8,65.3,9.0,333.9,27.0,74.2,0.892,17.61,5.24,15.77,21.6,1.1,0
Rajasthan,3,13.4,26.1,1008.1,60.5,21.3,202.6,27.0,74.2,0.718,20.01,0.8,5.38,26.8,13.4,0
Rajasthan,3,8.2,29.6,1001.4,66.3,23.2,203.4,27.0,74.2,0.796,13.48,2.93,5.04,15.9,7.7,0
Rajasthan,3,21.3,22.2,1004.7,54.9,8.4,316.1,27.0,74.2,0.345,17.69,4.3,10.67,0.0,21.3,1
Rajasthan,3,0.0,33.5,994.1,63.0,7.3,286.1,27.0,74.2,0.627,16.85,4.08,16.93,1.4,1.4,0
Rajasthan,4,14.4,22.5,1014.0,59.4,10.8,135.6,27.0,74.2,0.55,18.16,5.01,13.81,0.0,14.4,0
Rajasthan,4,6.0,31.4,998.6,56.3,18.0,145.8,27.0,74.2,0.945,24.69,4.41,14.91,46.7,40.7,1
Rajasthan,4,4.5,25.2,1010.1,71.4,11.0,357.7,27.0,74.2,1.324,18.56,2.97,15.68,11.0,6.5,0
Rajasthan,4,3.8,30.6,1001.5,70.5,23.2,56.1,27.0,74.2,0.787,15.22,3.36,12.17,3.7,0.2,0
Rajasthan,4,23.5,21.5,1012.3,63.2,15.5,347.2,27.0,74.2,1.128,22.23,5.0,8.39,41.0,17.5,0
Rajasthan,4,14.9,22.0,1007.9,70.6,16.4,195.7,27.0,74.2,0.921,23.14,5.32,4.33,16.3,1.4,0
Rajasthan,4,5.3,21.4,1008.5,79.5,8.2,280.8,27.0,74.2,0.679,14.56,5.62,11.31,15.4,10.1,0
Rajasthan,4,0.0,35.8,1011.0,65.2,16.5,351.8,27.0,74.2,1.099,15.95,3.61,11.46,0.0,0.0,0
Rajasthan,4,19.8,29.4,1011.3,66.9,16.2,288.2,27.0,74.2,1.308,10.98,5.36,17.04,16.6,3.2,0
Rajasthan,4,45.5,32.4,1012.9,67.3,12.5,194.6,27.0,74.2,0.941,22.85,4.07,10.2,61.8,16.3,0
Rajasthan,4,23.6,31.0,1011.7,64.3,9.0,38.6,27.0,74.2,0.535,18.2,3.75,11.62,0.0,23.6,1
Rajasthan,4,0.0,32.9,1004.7,70.6,6.6,82.1,27.0,74.2,0.834,18.41,6.64,17.49,1.0,1.0,0
Rajasthan,4,0.0,27.1,1010.5,65.9,11.6,154.1,27.0,74.2,0.84,26.45,3.96,18.29,9.7,9.7,0
Rajasthan,4,24.3,25.5,1003.7,71.6,18.5,182.1,27.0,74.2,0.605,11.81,2.14,7.63,29.3,5.0,0
Rajasthan,4,27.0,28.3,996.7,65.1,12.8,39.9,27.0,74.2,0.571,15.69,5.9,14.29,37.7,10.7,0
Rajasthan,4,10.0,29.7,1011.9,58.9,18.0,172.2,27.0,74.2,0.928,17.96,3.11,12.87,7.5,2.5,0
Rajasthan,4,0.0,27.0,1002.5,70.2,7.8,293.4,27.0,74.2,0.626,14.98,3.1,16.91,8.0,8.0,0
Rajasthan,4,4.5,30.4,997.5,66.6,23.6,98.2,27.0,74.2,0.876,19.44,4.92,6.94,0.0,4.5,0
Rajasthan,4,11.6,25.5,1014.6,63.8,3.9,359.6,27.0,74.2,0.312,16.31,3.62,11.66,27.4,15.8,0
Rajasthan,4,28.2,27.7,997.3,73.2,16.4,204.5,27.0,74.2,1.059,12.59,6.26,10.06,44.3,16.0,0
Rajasthan,4,0.0,24.7,1015.6,64.4,17.8,144.6,27.0,74.2,0.841,22.7,3.57,7.59,0.0,0.0,0
Rajasthan,4,17.3,30.0,1000.2,59.8,10.7,145.0,27.0,74.2,0.587,14.73,2.98,15.25,31.3,14.0,0
Rajasthan,4,5.6,26.8,1008.7,58.8,7.9,84.7,27.0,74.2,0.735,12.59,4.04,15.13,0.0,5.6,0
Rajasthan,4,8.5,27.5,1009.7,66.9,6.3,76.7,27.0,74.2,0.868,21.36,1.19,13.97,29.1,20.6,1
Rajasthan,4,5.5,30.6,1004.5,65.8,5.5,133.8,27.0,74.2,1.051,13.31,3.3,8.78,0.0,5.5,0
Rajasthan,4,5.2,25.5,1009.9,71.5,15.2,332.4,27.0,74.2,1.178,12.98,3.78,16.33,28.6,23.4,1
Rajasthan,4,0.0,27.2,1014.8,72.1,14.6,326.7,27.0,74.2,0.786,18.4,3.55,12.81,5.7,5.7,0
Rajasthan,4,0.0,30.5,1022.6,49.2,15.2,12.6,27.0,74.2,0.978,17.43,4.76,16.46,8.4,8.4,0
Rajasthan,4,27.1,19.0,1016.0,70.8,19.0,110.1,27.0,74.2,0.696,17.83,3.83,13.79,45.3,18.2,0
Rajasthan,4,0.0,32.3,1008.0,65.0,6.2,295.4,27.0,74.2,0.38,19.84,2.06,13.1,0.7,0.7,0
Rajasthan,4,27.7,27.7,1004.5,61.9,20.0,265.1,27.0,74.2,0.785,16.3,1.97,14.1,9.7,18.1,0
Rajasthan,4,20.7,28.9,1019.9,56.0,13.1,170.6,27.0,74.2,1.101,14.46,4.12,12.94,31.0,10.3,0
Rajasthan,4,0.0,28.0,1000.0,68.4,15.9,277.3,27.0,74.2,0.539,21.2,4.29,10.76,0.0,0.0,0
Rajasthan,4,0.0,24.3,1005.3,79.3,10.4,125.4,27.0,74.2,0.755,18.24,3.68,15.56,0.0,0.0,0
Rajasthan,4,0.0,22.9,1005.3,54.5,15.7,280.5,27.0,74.2,1.337,10.3,4.09,9.55,1.6,1.6,0
Rajasthan,4,10.5,19.1,1009.2,86.0,11.3,230.6,27.0,74.2,1.067,16.59,3.15,6.11,25.2,14.7,0
Rajasthan,4,6.2,24.3,1008.6,61.2,11.0,60.9,27.0,74.2,0.595,21.44,2.17,10.95,34.6,28.4,1
Rajasthan,4,27.0,28.8,1003.3,61.7,14.0,227.1,27.0,74.2,0.844,17.12,3.59,8.61,25.4,1.6,0
Rajasthan,4,23.5,22.9,1007.1,58.8,14.2,55.3,27.0,74.2,1.158,19.27,2.28,14.95,20.4,3.1,0
Rajasthan,4,0.0,29.7,1005.5,75.9,9.7,327.5,27.0,74.2,0.731,14.99,5.17,14.82,26.5,26.5,1
Rajasthan,5,47.1,24.1,1008.4,55.7,10.1,245.7,27.0,74.2,0.752,15.06,4.13,10.8,63.8,16.7,0
Rajasthan,5,0.0,39.5,1005.7,68.2,7.5,179.7,27.0,74.2,1.187,20.45,2.68,15.08,0.0,0.0,0
Rajasthan,5,33.6,31.5,1008.5,43.1,9.1,177.7,27.0,74.2,1.206,23.7,2.39,15.35,55.5,21.9,1
Rajasthan,5,0.0,28.2,1009.4,64.5,4.7,11.6,27.0,74.2,0.898,18.67,3.62,13.12,4.8,4.8,0
Rajasthan,5,16.5,27.0,1006.0,68.4,4.4,326.1,27.0,74.2,0.963,19.42,5.45,8.59,0.0,16.5,0
Rajasthan,5,13.6,28.2,1008.9,62.9,17.3,356.5,27.0,74.2,1.06,18.22,1.77,16.76,37.6,24.0,1
Rajasthan,5,19.9,24.7,1011.4,76.1,21.8,354.6,27.0,74.2,0.918,22.25,4.37,11.1,31.4,11.5,0
Rajasthan,5,18.8,28.6,1009.1,64.9,21.4,120.1,27.0,74.2,0.846,19.31,5.35,9.96,4.9,13.9,0
Rajasthan,5,0.0,28.4,1002.4,63.7,17.3,63.7,27.0,74.2,1.009,18.07,5.11,15.87,0.0,0.0,0
Rajasthan,5,6.2,32.4,1010.0,53.5,17.3,159.4,27.0,74.2,1.246,23.36,4.65,14.92,10.7,4.5,0
Rajasthan,5,20.4,26.8,1009.2,76.2,11.2,260.9,27.0,74.2,0.724,15.01,2.11,16.64,50.9,30.5,1
Rajasthan,5,33.0,21.7,1011.6,81.7,11.7,6.6,27.0,74.2,0.562,20.33,3.02,15.05,13.8,19.2,0
Rajasthan,5,18.2,32.3,1004.1,56.1,3.2,15.3,27.0,74.2,0.847,13.06,4.84,13.1,7.7,10.5,0
Rajasthan,5,0.0,32.5,1011.0,66.2,17.1,342.7,27.0,74.2,0.97,19.85,3.74,15.75,0.0,0.0,0
Rajasthan,5,17.6,30.5,993.4,79.4,0.0,150.2,27.0,74.2,1.168,17.99,2.54,11.17,39.4,21.8,1
Rajasthan,5,0.0,32.8,1007.7,55.6,11.1,263.9,27.0,74.2,1.136,22.19,2.24,13.24,0.0,0.0,0
Rajasthan,5,30.8,22.8,1016.0,67.2,8.2,87.0,27.0,74.2,0.803,14.17,4.41,10.76,4.1,26.7,1
Rajasthan,5,2.7,21.0,1004.2,58.4,9.6,171.1,27.0,74.2,0.974,20.25,2.17,12.49,11.6,9.0,0
Rajasthan,5,0.0,31.9,1002.0,64.6,11.1,318.6,27.0,74.2,0.835,18.18,4.02,12.24,12.0,12.0,0
Rajasthan,5,13.0,27.9,1005.8,75.5,12.8,100.7,27.0,74.2,0.984,26.05,2.69,16.76,0.0,13.0,0
Rajasthan,5,12.7,34.6,1010.4,69.2,11.2,136.0,27.0,74.2,0.913,16.12,3.95,15.04,7.1,5.6,0
Rajasthan,5,0.0,22.8,1010.0,73.0,15.2,216.5,27.0,74.2,0.981,20.83,4.66,14.17,0.0,0.0,0
Rajasthan,5,46.2,26.4,1004.7,71.8,15.3,121.1,27.0,74.2,1.188,18.89,2.97,18.01,62.4,16.2,0
Rajasthan,5,0.0,35.4,1011.3,67.4,22.0,95.7,27.0,74.2,0.958,16.62,5.0,15.88,6.0,6.0,0
Rajasthan,5,0.0,28.8,1007.7,54.2,6.6,100.6,27.0,74.2,0.443,20.09,3.73,18.37,0.0,0.0,0
Rajasthan,5,20.1,26.7,1008.6,74.9,11.7,65.3,27.0,74.2,0.764,20.44,5.41,16.43,52.4,32.3,1
Rajasthan,5,0.0,22.7,1003.0,74.1,16.5,324.0,27.0,74.2,0.739,22.33,2.83,17.92,45.7,45.7,1
Rajasthan,5,15.2,30.6,1005.5,49.4,11.0,256.9,27.0,74.2,0.674,26.15,4.63,15.59,14.8,0.4,0
Rajasthan,5,6.1,32.1,1007.8,72.8,13.0,14.2,27.0,74.2,0.682,11.35,3.99,14.62,0.0,6.1,0
Rajasthan,5,8.5,28.5,997.2,58.3,16.0,9.1,27.0,74.2,0.732,19.9,5.53,16.78,11.5,3.0,0
Rajasthan,5,1.2,25.7,1010.3,69.5,17.1,322.4,27.0,74.2,1.127,19.64,5.24,17.06,0.0,1.2,0
Rajasthan,5,0.0,34.4,1009.3,50.4,10.4,12.3,27.0,74.2,0.907,17.22,5.98,11.31,0.0,0.0,0
Rajasthan,5,12.6,29.8,1010.5,76.6,15.0,141.4,27.0,74.2,0.911,19.51,4.43,15.09,29.2,16.6,0
Rajasthan,5,18.4,28.4,1004.0,68.2,13.9,54.6,27.0,74.2,1.405,17.17,4.81,17.65,28.2,9.8,0
Rajasthan,5,48.3,26.7,1009.6,59.5,12.2,189.5,27.0,74.2,1.132,20.54,5.81,14.16,50.3,2.0,0
Rajasthan,5,54.5,29.8,1004.4,60.6,9.3,293.7,27.0,74.2,0.89,19.77,4.22,16.64,47.6,6.9,0
Rajasthan,5,0.0,29.1,1011.0,70.8,10.0,258.5,27.0,74.2,0.814,17.18,3.17,18.35,14.0,14.0,0
Rajasthan,5,19.2,33.2,1022.1,50.4,10.3,113.3,27.0,74.2,0.793,14.95,3.94,10.8,28.8,9.6,0
Rajasthan,5,9.9,30.2,1010.5,73.5,12.1,122.0,27.0,74.2,1.01,11.81,3.1,9.23,16.2,6.3,0
Rajasthan,5,7.0,26.4,1018.1,73.0,17.6,21.8,27.0,74.2,0.763,19.41,4.51,8.88,9.0,2.0,0
Rajasthan,6,10.2,27.2,1003.9,62.6,13.5,136.4,27.0,74.2,1.185,25.6,4.4,14.59,24.3,14.1,0
Rajasthan,6,20.2,26.4,1012.0,77.8,20.9,33.4,27.0,74.2,0.891,21.34,4.76,15.67,15.2,5.0,0
Rajasthan,6,0.0,28.5,1004.2,68.9,10.4,312.9,27.0,74.2,1.111,21.88,5.45,22.52,11.1,11.1,0
Rajasthan,6,18.1,23.8,1001.6,83.8,9.8,33.7,27.0,74.2,1.056,20.92,3.67,15.05,44.1,26.0,1
Rajasthan,6,0.0,22.5,1012.7,72.9,11.3,262.3,27.0,74.2,0.915,21.06,6.15,12.85,4.1,4.1,0
Rajasthan,6,21.3,18.6,1013.2,56.2,16.1,155.2,27.0,74.2,1.281,23.48,1.9,13.61,31.2,9.9,0
Rajasthan,6,6.7,30.0,1011.9,74.1,13.3,178.7,27.0,74.2,0.973,22.95,3.44,17.85,27.0,20.3,0
Rajasthan,6,12.1,15.8,1001.6,86.9,11.7,179.3,27.0,74.2,1.311,21.33,6.08,16.79,27.3,15.2,0
Rajasthan,6,16.1,30.9,1019.4,77.7,6.5,61.3,27.0,74.2,1.292,26.09,4.24,19.45,38.6,22.6,1
Rajasthan,6,53.2,25.1,1005.5,64.9,11.9,307.3,27.0,74.2,0.511,19.54,5.19,14.48,87.2,34.0,1
Rajasthan,6,10.2,33.3,1009.3,76.3,15.8,172.0,27.0,74.2,1.075,23.26,5.19,15.1,23.1,12.9,0
Rajasthan,6,47.5,27.0,1010.1,80.6,20.1,90.3,27.0,74.2,0.587,23.35,2.09,20.37,53.7,6.2,0
Rajasthan,6,26.8,24.5,1000.2,70.6,14.2,17.0,27.0,74.2,1.081,32.35,5.75,19.11,46.7,20.0,0
Rajasthan,6,34.8,27.3,997.7,66.1,18.5,356.8,27.0,74.2,1.029,18.51,6.55,18.21,51.4,16.6,0
Rajasthan,6,20.4,28.0,1009.0,56.1,3.5,200.1,27.0,74.2,1.129,26.12,6.64,20.67,11.3,9.2,0
Rajasthan,6,4.1,30.0,1020.7,82.8,20.0,189.9,27.0,74.2,0.887,24.44,3.43,15.24,7.5,3.5,0
Rajasthan,6,36.7,26.7,995.8,73.0,10.9,227.4,27.0,74.2,1.047,20.19,5.7,11.36,34.8,2.0,0
Rajasthan,6,21.5,25.6,1000.0,74.7,20.0,272.2,27.0,74.2,0.672,24.1,2.76,16.89,11.3,10.1,0
Rajasthan,6,0.0,26.3,1007.1,61.6,17.3,236.6,27.0,74.2,1.26,22.4,3.91,13.36,0.0,0.0,0
Rajasthan,6,14.9,26.7,996.1,62.6,9.9,213.2,27.0,74.2,0.723,15.51,6.08,20.03,7.3,7.5,0
Rajasthan,6,0.0,30.6,996.4,49.4,13.0,132.6,27.0,74.2,0.977,21.68,6.11,22.28,0.0,0.0,0
Rajasthan,6,9.7,35.4,1000.4,78.3,9.3,138.0,27.0,74.2,1.015,17.45,3.57,16.79,31.7,22.0,1
Rajasthan,6,7.8,28.4,1010.9,58.3,18.1,295.0,27.0,74.2,1.585,19.78,4.2,18.27,30.4,22.6,1
Rajasthan,6,1.0,26.5,1010.7,59.7,12.3,231.2,27.0,74.2,1.263,18.86,2.54,10.21,0.0,1.0,0
Rajasthan,6,0.0,27.5,1002.1,61.0,10.5,58.8,27.0,74.2,1.329,23.93,4.77,14.58,1.1,1.1,0
Rajasthan,6,15.5,30.4,1003.5,68.4,4.2,230.1,27.0,74.2,1.216,20.16,6.93,13.32,26.3,10.8,0
Rajasthan,6,9.4,27.7,1007.4,69.1,18.6,122.3,27.0,74.2,1.064,24.54,3.91,18.26,3.6,5.8,0
Rajasthan,6,28.3,36.9,1007.4,46.1,11.7,249.4,27.0,74.2,1.175,22.28,5.96,17.41,54.8,26.5,1
Rajasthan,6,25.4,34.2,1009.8,77.1,12.9,14.9,27.0,74.2,1.405,22.14,5.72,16.33,24.5,0.9,0
Rajasthan,6,10.2,33.8,1010.8,50.9,13.3,309.2,27.0,74.2,1.021,14.08,7.02,18.01,15.2,5.0,0
Rajasthan,6,3.7,32.4,1005.3,79.5,17.1,276.4,27.0,74.2,1.093,20.58,6.0,13.36,0.0,3.7,0
Rajasthan,6,20.3,30.6,1010.4,72.1,12.8,164.4,27.0,74.2,1.055,19.33,4.38,22.02,0.0,20.3,0
Rajasthan,6,18.4,21.4,1007.5,63.7,4.0,278.2,27.0,74.2,0.988,12.88,5.76,20.27,48.1,29.7,1
Rajasthan,6,16.0,28.3,1014.6,84.8,20.1,205.6,27.0,74.2,1.104,23.04,2.58,17.37,58.9,42.9,1
Rajasthan,6,20.7,34.0,1008.9,67.3,16.3,154.3,27.0,74.2,0.871,26.35,6.4,12.99,41.4,20.7,1
Rajasthan,6,8.5,29.5,1010.3,77.9,14.8,262.6,27.0,74.2,1.126,23.78,3.75,22.44,22.8,14.3,0
Rajasthan,6,22.0,21.7,1003.9,80.4,15.8,203.6,27.0,74.2,1.272,19.1,6.44,15.7,32.9,10.9,0
Rajasthan,6,29.8,24.5,1003.0,66.0,18.5,206.9,27.0,74.2,0.73,24.57,4.03,14.78,4.5,25.3,1
Rajasthan,6,0.0,28.1,1012.7,60.3,22.7,122.9,27.0,74.2,0.927,27.43,5.0,14.3,3.1,3.1,0
Rajasthan,6,32.7,34.0,1003.9,67.6,14.9,341.5,27.0,74.2,1.053,21.3,6.12,19.58,33.8,1.1,0
Rajasthan,7,7.3,30.6,1005.1,74.4,14.4,292.4,27.0,74.2,0.973,29.08,5.01,22.39,4.2,3.1,0
Rajasthan,7,15.8,37.5,1002.7,49.5,21.2,81.5,27.0,74.2,1.161,20.95,5.52,14.62,19.6,3.8,0
Rajasthan,7,18.5,23.9,1004.5,65.0,7.7,282.5,27.0,74.2,1.189,21.7,4.87,17.41,14.2,4.3,0
Rajasthan,7,22.5,33.7,1005.7,73.4,13.6,190.7,27.0,74.2,1.478,25.33,3.07,18.83,52.9,30.4,1
Rajasthan,7,7.2,31.9,1004.5,53.6,15.5,178.9,27.0,74.2,1.117,28.44,2.91,13.63,0.0,7.2,0
Rajasthan,7,9.9,26.5,1015.0,78.0,17.3,189.0,27.0,74.2,1.243,19.85,6.23,14.14,31.9,22.1,1
Rajasthan,7,30.8,28.8,1007.1,72.5,0.5,58.2,27.0,74.2,1.142,23.09,6.05,17.25,17.8,13.1,0
Rajasthan,7,8.5,28.2,1008.6,70.1,20.0,37.2,27.0,74.2,1.2,28.46,3.12,18.01,5.5,3.0,0
Rajasthan,7,4.7,24.3,1007.2,86.9,8.5,266.3,27.0,74.2,0.904,30.21,4.65,17.4,3.1,1.6,0
Rajasthan,7,0.0,27.0,1020.3,82.4,10.5,214.5,27.0,74.2,0.998,16.19,6.42,20.95,24.3,24.3,1
Rajasthan,7,3.0,27.3,1011.7,72.4,12.8,201.1,27.0,74.2,1.188,27.61,3.76,19.39,15.9,12.9,0
Rajasthan,7,23.5,31.4,1004.5,52.3,12.1,167.5,27.0,74.2,1.056,20.52,3.01,22.73,44.3,20.8,1
Rajasthan,7,23.9,31.8,1010.9,66.1,14.0,97.4,27.0,74.2,1.692,25.52,4.64,18.87,16.3,7.5,0
Rajasthan,7,36.2,25.3,1010.5,79.2,16.7,276.3,27.0,74.2,1.167,23.07,4.51,16.12,69.0,32.9,1
Rajasthan,7,9.1,24.8,1005.4,79.5,18.2,149.2,27.0,74.2,1.113,25.59,4.43,16.69,32.7,23.6,1
Rajasthan,7,25.6,24.0,1003.7,69.6,23.4,164.8,27.0,74.2,1.22,17.79,4.44,16.38,25.6,0.0,0
Rajasthan,7,2.0,28.0,1005.3,53.9,18.7,118.5,27.0,74.2,1.333,17.13,5.56,19.5,0.0,2.0,0
Rajasthan,7,11.1,27.5,1017.2,87.7,6.5,355.2,27.0,74.2,0.982,27.22,6.36,14.48,25.6,14.5,0
Rajasthan,7,9.1,30.2,1009.2,80.5,15.2,233.6,27.0,74.2,1.384,25.62,6.08,15.48,0.0,9.1,0
Rajasthan,7,1.4,25.5,1011.9,78.3,14.0,87.9,27.0,74.2,1.438,24.27,4.21,22.2,8.9,7.6,0
Rajasthan,7,13.0,26.6,1003.6,53.8,18.0,211.7,27.0,74.2,1.777,18.95,3.69,19.0,50.4,37.4,1
Rajasthan,7,12.0,30.2,998.8,61.7,9.4,88.1,27.0,74.2,1.188,14.32,3.61,15.86,4.6,7.4,0
Rajasthan,7,17.6,29.2,1012.5,76.0,20.5,315.1,27.0,74.2,1.225,25.34,5.37,16.28,19.1,1.5,0
Rajasthan,7,0.0,29.6,1007.5,61.9,11.5,36.3,27.0,74.2,1.361,23.61,4.16,19.9,0.0,0.0,0
Rajasthan,7,0.0,32.0,1005.3,64.4,15.0,335.0,27.0,74.2,1.169,18.5,5.85,16.02,40.0,40.0,1
Rajasthan,7,10.9,19.0,1009.8,87.9,22.7,23.9,27.0,74.2,0.961,26.94,4.33,18.14,0.0,10.9,0
Rajasthan,7,0.1,25.2,1012.5,76.5,16.2,170.2,27.0,74.2,1.102,20.31,6.24,21.01,25.2,25.1,1
Rajasthan,7,0.0,17.0,999.2,82.7,12.8,212.4,27.0,74.2,1.493,28.36,5.23,16.59,6.7,6.7,0
Rajasthan,7,14.7,34.4,1010.1,75.8,20.6,33.0,27.0,74.2,1.316,22.12,2.18,11.09,4.8,9.9,0
Rajasthan,7,19.8,28.4,1008.9,88.0,8.5,136.1,27.0,74.2,1.226,20.35,5.23,12.67,51.8,32.0,1
Rajasthan,7,0.0,36.1,1007.8,78.8,14.5,136.7,27.0,74.2,1.048,23.77,5.58,15.12,4.1,4.1,0
Rajasthan,7,0.7,37.1,1007.6,84.0,13.8,281.8,27.0,74.2,0.901,21.51,5.45,22.23,10.0,9.3,0
Rajasthan,7,34.2,30.5,1016.1,67.9,26.8,160.6,27.0,74.2,1.012,18.46,8.0,19.93,34.4,0.2,0
Rajasthan,7,31.9,30.7,1017.8,53.0,13.5,121.5,27.0,74.2,0.77,27.54,4.88,19.69,77.8,45.9,1
Rajasthan,7,5.0,26.3,1008.6,78.4,12.0,163.3,27.0,74.2,1.376,24.81,2.75,13.8,39.5,34.5,1
Rajasthan,7,17.7,24.9,1007.1,68.6,18.5,70.4,27.0,74.2,0.997,24.39,5.08,19.19,2.2,15.5,0
Rajasthan,7,16.9,32.3,1010.4,69.9,14.3,256.0,27.0,74.2,1.15,28.33,5.06,14.8,15.2,1.7,0
Rajasthan,7,14.3,26.5,1010.4,73.7,19.2,163.5,27.0,74.2,1.364,19.56,4.12,17.24,14.6,0.3,0
Rajasthan,7,0.0,26.2,1005.6,61.8,13.2,259.7,27.0,74.2,1.205,33.18,5.4,16.6,7.3,7.3,0
Rajasthan,7,15.2,29.7,1018.4,60.0,19.1,230.2,27.0,74.2,0.851,26.38,6.72,14.9,20.2,4.9,0
Rajasthan,8,0.0,22.8,1013.2,64.3,9.7,25.3,27.0,74.2,1.161,23.43,6.54,15.5,0.0,0.0,0
Rajasthan,8,14.5,31.7,1014.2,62.3,19.9,67.9,27.0,74.2,1.631,20.78,7.24,17.01,62.5,48.0,1
Rajasthan,8,21.8,23.7,1005.4,76.8,20.5,1.6,27.0,74.2,1.275,28.35,5.81,15.1,14.0,7.8,0
Rajasthan,8,15.8,32.7,1016.1,76.8,16.6,103.8,27.0,74.2,1.132,24.7,4.66,15.24,28.9,13.1,0
Rajasthan,8,15.0,30.6,1010.7,71.4,18.0,274.1,27.0,74.2,1.348,22.41,6.09,20.99,10.4,4.6,0
Rajasthan,8,12.7,25.3,1005.4,57.8,21.5,252.5,27.0,74.2,1.373,33.2,5.42,28.08,16.7,3.9,0
Rajasthan,8,16.2,26.2,1009.9,77.4,14.6,250.4,27.0,74.2,1.313,26.39,4.56,20.24,21.5,5.3,0
Rajasthan,8,1.6,24.7,1021.4,66.4,7.9,59.1,27.0,74.2,1.255,27.5,6.32,21.01,0.0,1.6,0
Rajasthan,8,17.6,24.3,1004.9,59.8,9.3,200.2,27.0,74.2,1.403,29.22,5.7,21.31,0.0,17.6,0
Rajasthan,8,26.4,28.5,1011.1,72.8,10.3,36.5,27.0,74.2,1.123,27.57,6.48,14.88,14.5,11.9,0
Rajasthan,8,0.0,26.4,1001.2,54.8,11.1,274.8,27.0,74.2,1.029,24.85,6.92,15.08,2.3,2.3,0
Rajasthan,8,29.1,26.1,1005.1,80.6,13.7,116.6,27.0,74.2,1.351,23.94,6.23,19.95,56.6,27.5,1
Rajasthan,8,2.7,28.0,1007.7,76.0,10.1,156.0,27.0,74.2,1.359,20.04,7.1,25.69,29.8,27.2,1
Rajasthan,8,35.8,28.1,999.7,50.6,16.5,339.3,27.0,74.2,1.083,25.06,6.39,14.63,33.8,2.0,0
Rajasthan,8,37.2,23.5,1012.3,64.2,17.9,222.0,27.0,74.2,1.414,28.95,4.27,22.32,29.5,7.7,0
Rajasthan,8,16.2,28.8,1010.4,72.4,11.0,217.6,27.0,74.2,1.44,26.06,7.03,18.85,0.0,16.2,0
Rajasthan,8,28.1,26.3,1009.7,62.5,23.4,126.5,27.0,74.2,1.198,25.74,4.34,19.98,65.9,37.8,1
Rajasthan,8,3.6,29.4,994.3,68.6,13.6,286.4,27.0,74.2,1.482,24.01,5.44,17.85,0.0,3.6,0
Rajasthan,8,0.0,31.6,997.5,61.3,13.2,173.0,27.0,74.2,1.419,23.08,7.22,16.76,27.7,27.7,1
Rajasthan,8,0.0,32.1,1006.0,58.7,14.1,48.6,27.0,74.2,1.167,27.53,4.95,20.85,15.4,15.4,0
Rajasthan,8,10.8,26.0,1008.8,74.5,25.5,343.5,27.0,74.2,1.461,37.67,6.27,20.44,33.0,22.1,1
Rajasthan,8,0.0,26.0,1005.5,75.5,14.3,49.8,27.0,74.2,1.483,28.76,5.46,16.97,30.5,30.5,1
Rajasthan,8,24.9,21.4,1006.4,70.7,19.1,300.4,27.0,74.2,1.322,27.65,5.73,16.96,27.8,3.0,0
Rajasthan,8,12.2,27.7,998.6,65.0,15.5,184.0,27.0,74.2,1.216,27.26,4.36,14.1,12.9,0.7,0
Rajasthan,8,24.7,34.6,1011.9,54.3,14.0,144.9,27.0,74.2,1.301,27.47,4.55,19.18,40.5,15.8,0
Rajasthan,8,25.7,24.6,1006.3,42.0,12.1,202.3,27.0,74.2,1.062,25.97,5.58,12.21,36.2,10.5,0
Rajasthan,8,0.0,29.7,1001.6,69.3,13.8,244.5,27.0,74.2,1.291,24.29,3.81,14.55,0.0,0.0,0
Rajasthan,8,11.7,25.4,1011.1,66.2,10.4,324.8,27.0,74.2,1.311,26.61,7.9,16.98,18.2,6.5,0
Rajasthan,8,19.0,27.7,1005.5,53.5,12.6,111.7,27.0,74.2,0.92,22.13,4.39,20.74,36.0,16.9,0
Rajasthan,8,0.0,26.8,998.7,64.1,17.2,203.1,27.0,74.2,1.123,29.52,3.83,15.24,20.2,20.2,0
Rajasthan,8,39.9,29.8,1007.8,47.0,5.1,46.5,27.0,74.2,1.194,20.89,5.73,19.33,65.0,25.1,1
Rajasthan,8,14.2,32.7,1008.0,67.8,20.5,204.2,27.0,74.2,1.828,26.81,6.11,20.56,60.8,46.6,1
Rajasthan,8,25.2,21.4,1015.0,65.6,15.7,219.4,27.0,74.2,1.371,22.71,5.77,18.13,69.9,44.8,1
Rajasthan,8,45.2,28.0,1008.3,65.3,20.7,55.3,27.0,74.2,1.181,29.23,5.0,18.87,22.2,22.9,1
Rajasthan,8,23.7,35.6,1011.6,83.6,11.0,55.6,27.0,74.2,1.077,24.4,6.58,19.29,3.3,20.4,1
Rajasthan,8,0.0,22.3,1010.5,89.6,22.0,306.7,27.0,74.2,1.55,29.06,3.8,18.07,30.1,30.1,1
Rajasthan,8,21.1,22.6,1011.1,47.6,14.1,256.0,27.0,74.2,1.269,23.32,6.72,21.91,53.6,32.5,1
Rajasthan,8,26.6,32.1,1011.7,71.7,15.6,50.6,27.0,74.2,1.023,21.49,5.31,19.71,60.0,33.5,1
Rajasthan,8,11.2,31.8,1013.4,66.7,18.2,144.6,27.0,74.2,1.53,27.86,4.22,19.47,51.6,40.5,1
Rajasthan,8,8.8,29.6,1010.7,58.6,17.8,31.2,27.0,74.2,1.14,29.61,6.08,18.07,24.1,15.3,0
Rajasthan,9,11.8,27.7,1011.3,62.2,15.8,51.6,27.0,74.2,1.049,23.65,7.98,21.65,0.0,11.8,0
Rajasthan,9,0.0,27.2,1015.8,67.6,22.1,57.5,27.0,74.2,1.461,21.99,7.23,19.49,26.5,26.5,1
Rajasthan,9,0.0,28.4,1009.8,68.0,17.6,231.4,27.0,74.2,1.237,33.75,7.36,18.21,19.1,19.1,0
Rajasthan,9,0.3,22.9,1013.2,52.5,20.2,192.4,27.0,74.2,1.324,28.97,6.8,18.02,23.0,22.7,1
Rajasthan,9,14.7,22.6,1007.2,83.3,24.0,107.0,27.0,74.2,1.128,29.29,7.12,22.67,37.6,22.9,1
Rajasthan,9,18.9,27.4,1005.0,50.5,17.3,320.4,27.0,74.2,1.478,21.98,6.87,26.66,29.4,10.5,0
Rajasthan,9,11.8,28.9,1018.2,59.3,16.6,124.5,27.0,74.2,1.257,27.13,7.72,25.9,28.5,16.7,0
Rajasthan,9,6.5,37.6,1005.9,63.8,6.7,66.4,27.0,74.2,1.56,37.0,4.43,24.87,17.3,10.8,0
Rajasthan,9,26.4,21.1,1015.3,77.4,15.4,152.5,27.0,74.2,1.213,25.01,5.54,14.94,51.3,24.9,1
Rajasthan,9,32.8,24.8,1009.7,66.8,17.2,158.1,27.0,74.2,1.19,31.54,6.02,26.56,40.9,8.1,0
Rajasthan,9,0.0,32.6,1011.2,76.8,21.6,171.1,27.0,74.2,1.341,26.64,4.55,19.71,35.4,35.4,1
Rajasthan,9,16.8,22.3,1000.2,86.1,15.1,337.1,27.0,74.2,1.312,21.42,7.81,19.32,52.7,35.9,1
Rajasthan,9,13.7,33.4,1009.3,78.0,19.2,68.0,27.0,74.2,1.436,26.4,8.4,17.78,22.4,8.7,0
Rajasthan,9,13.1,29.3,1005.9,72.6,14.8,162.3,27.0,74.2,1.368,22.93,4.02,20.91,31.3,18.2,0
Rajasthan,9,21.7,29.9,998.3,55.9,25.5,89.5,27.0,74.2,1.489,24.58,6.2,18.6,42.1,20.4,1
Rajasthan,9,15.1,25.9,1002.7,72.2,9.5,285.3,27.0,74.2,1.892,32.73,6.96,20.24,0.0,15.1,0
Rajasthan,9,0.0,32.8,1004.1,62.5,14.8,334.0,27.0,74.2,1.121,27.13,5.03,18.27,0.0,0.0,0
Rajasthan,9,21.6,26.7,1007.1,75.5,14.9,233.6,27.0,74.2,1.46,30.0,5.92,20.74,14.3,7.3,0
Rajasthan,9,0.0,30.7,1010.2,74.1,17.0,226.7,27.0,74.2,1.506,31.07,7.19,20.19,37.5,37.5,1
Rajasthan,9,16.6,30.2,1009.4,72.0,11.9,246.9,27.0,74.2,1.935,25.83,6.19,19.16,18.3,1.6,0
Rajasthan,9,38.8,25.0,1005.6,53.6,11.8,224.8,27.0,74.2,1.493,38.53,5.66,15.5,66.2,27.4,1
Rajasthan,9,0.6,32.8,1006.6,63.2,14.7,245.7,27.0,74.2,1.321,25.34,5.86,16.68,16.7,16.1,0
Rajasthan,9,0.0,25.9,1011.8,72.5,18.6,140.7,27.0,74.2,1.6,31.03,6.64,23.28,25.0,25.0,1
Rajasthan,9,5.4,22.3,1010.1,75.0,21.1,341.7,27.0,74.2,1.185,29.17,6.01,14.84,20.2,14.8,0
Rajasthan,9,0.0,23.9,1014.8,87.7,9.5,148.4,27.0,74.2,1.375,34.45,5.51,19.07,40.0,40.0,1
Rajasthan,9,6.5,30.5,1000.6,67.8,7.3,305.8,27.0,74.2,1.534,27.13,5.72,18.25,11.2,4.7,0
Rajasthan,9,17.9,31.6,994.9,61.2,16.4,48.1,27.0,74.2,1.447,28.4,5.73,18.92,21.5,3.7,0
Rajasthan,9,32.1,24.7,1007.7,71.3,23.4,184.1,27.0,74.2,1.558,32.26,6.02,19.86,34.7,2.6,0
Rajasthan,9,8.5,31.1,1009.2,71.9,10.0,312.1,27.0,74.2,1.795,26.62,5.17,24.79,25.1,16.5,0
Rajasthan,9,22.5,27.1,1006.4,67.8,8.7,183.7,27.0,74.2,1.426,34.73,6.2,13.49,29.2,6.6,0
Rajasthan,9,58.8,31.1,1003.9,75.4,11.9,219.0,27.0,74.2,1.297,27.69,3.85,17.05,66.8,8.0,0
Rajasthan,9,6.0,29.2,1001.9,76.6,9.7,24.8,27.0,74.2,1.023,22.96,6.6,25.49,18.5,12.6,0
Rajasthan,9,22.3,27.7,1002.9,64.6,9.5,32.5,27.0,74.2,1.447,22.84,6.48,16.59,37.0,14.8,0
Rajasthan,9,4.6,33.3,1009.6,81.9,11.8,50.2,27.0,74.2,1.17,25.67,5.79,18.32,0.0,4.6,0
Rajasthan,9,0.0,18.3,1002.7,75.8,7.6,356.6,27.0,74.2,1.725,24.78,6.49,22.42,23.9,23.9,1
Rajasthan,9,0.0,26.7,999.9,94.0,7.6,64.9,27.0,74.2,1.158,21.34,7.72,27.76,0.0,0.0,0
Rajasthan,9,0.0,18.7,1006.8,66.3,12.3,95.0,27.0,74.2,1.445,28.62,5.72,17.19,22.3,22.3,1
Rajasthan,9,13.0,31.2,1012.0,55.3,8.4,69.6,27.0,74.2,1.155,30.35,6.52,23.79,28.1,15.1,0
Rajasthan,9,16.3,32.4,1010.3,70.2,23.0,230.5,27.0,74.2,1.306,23.98,6.94,24.21,23.1,6.8,0
Rajasthan,9,34.8,19.8,1007.7,69.1,12.0,173.0,27.0,74.2,1.353,25.7,6.13,14.49,27.3,7.5,0
Rajasthan,10,30.3,25.0,1003.9,83.1,22.7,105.5,27.0,74.2,1.376,28.39,5.59,19.02,15.5,14.7,0
Rajasthan,10,3.4,23.4,1000.2,72.2,17.2,250.3,27.0,74.2,1.334,30.53,6.93,21.25,27.8,24.4,1
Rajasthan,10,26.8,28.8,1006.7,66.4,9.2,56.2,27.0,74.2,1.343,24.85,7.08,25.6,14.9,11.9,0
Rajasthan,10,18.5,23.4,1006.5,63.1,19.0,64.1,27.0,74.2,1.67,28.36,5.77,18.25,34.1,15.6,0
Rajasthan,10,28.8,28.6,1019.2,84.3,14.5,106.2,27.0,74.2,1.561,25.99,7.95,23.09,43.8,15.0,0
Rajasthan,10,25.3,34.4,1008.9,68.9,23.5,298.0,27.0,74.2,1.403,29.36,6.78,23.09,3.9,21.4,1
Rajasthan,10,0.0,24.0,1003.2,63.6,19.2,319.3,27.0,74.2,1.506,24.45,6.0,23.77,22.1,22.1,1
Rajasthan,10,1.6,28.1,1019.0,69.8,12.5,183.7,27.0,74.2,1.486,28.74,6.51,17.68,0.0,1.6,0
Rajasthan,10,11.2,26.8,1005.2,68.2,16.3,170.8,27.0,74.2,1.447,30.94,5.9,23.72,28.2,17.0,0
Rajasthan,10,28.3,30.4,1010.9,69.0,17.2,25.6,27.0,74.2,1.337,26.83,6.77,23.25,18.2,10.1,0
Rajasthan,10,12.5,27.1,996.9,67.8,15.2,193.1,27.0,74.2,1.75,24.48,5.56,14.17,12.4,0.1,0
Rajasthan,10,7.1,25.5,1013.5,78.6,16.4,323.6,27.0,74.2,1.672,29.26,5.57,16.86,7.4,0.3,0
Rajasthan,10,26.4,36.6,1008.3,62.3,10.1,29.1,27.0,74.2,1.114,31.55,7.53,23.32,28.3,1.9,0
Rajasthan,10,23.2,28.2,1004.1,88.5,14.2,290.2,27.0,74.2,0.983,34.45,8.31,22.1,41.4,18.2,0
Rajasthan,10,23.1,24.9,1010.7,61.9,13.0,161.8,27.0,74.2,1.662,26.52,5.67,20.07,49.2,26.1,1
Rajasthan,10,0.0,28.9,1011.7,69.1,21.1,55.0,27.0,74.2,1.424,25.44,7.77,19.71,16.2,16.2,0
Rajasthan,10,12.6,23.3,1005.0,83.8,17.0,24.2,27.0,74.2,1.528,28.76,10.69,22.86,13.3,0.8,0
Rajasthan,10,37.6,20.1,1008.5,89.9,15.4,307.6,27.0,74.2,1.388,35.16,7.0,19.49,30.9,6.8,0
Rajasthan,10,4.4,28.9,1014.7,80.5,18.3,167.5,27.0,74.2,1.202,31.48,4.94,21.33,18.3,13.9,0
Rajasthan,10,0.0,23.4,1007.5,75.0,21.3,285.5,27.0,74.2,1.482,26.36,5.26,20.48,17.9,17.9,0
Rajasthan,10,19.4,19.1,1004.1,82.0,16.4,127.9,27.0,74.2,1.938,29.23,7.01,23.21,23.0,3.5,0
Rajasthan,10,1.5,36.0,1013.0,78.2,18.9,27.0,27.0,74.2,1.723,25.97,6.89,17.09,0.0,1.5,0
Rajasthan,10,19.1,24.3,998.1,75.4,26.6,126.1,27.0,74.2,1.416,29.38,7.62,25.37,20.0,0.9,0
Rajasthan,10,14.3,28.7,1010.8,68.7,15.4,223.1,27.0,74.2,1.709,31.25,8.61,20.85,60.3,46.0,1
Rajasthan,10,22.9,40.6,1002.0,63.1,18.1,21.2,27.0,74.2,1.857,26.67,7.64,25.5,49.5,26.7,1
Rajasthan,10,0.0,33.1,1014.1,76.0,17.0,9.0,27.0,74.2,1.451,31.91,6.59,19.46,0.0,0.0,0
Rajasthan,10,1.1,28.4,1007.9,72.2,18.5,65.8,27.0,74.2,1.76,28.27,6.03,23.46,0.0,1.1,0
Rajasthan,10,0.5,31.4,999.3,81.2,23.6,195.1,27.0,74.2,1.526,33.82,5.99,24.61,0.0,0.5,0
Rajasthan,10,5.7,24.3,1009.7,81.6,15.1,59.6,27.0,74.2,1.251,30.92,8.76,23.19,4.7,1.0,0
Rajasthan,10,26.6,26.5,1006.1,60.4,23.0,303.1,27.0,74.2,1.627,27.49,6.06,27.08,20.7,6.0,0
Rajasthan,10,2.3,27.0,1010.1,65.6,8.1,158.1,27.0,74.2,1.723,29.64,7.09,21.22,0.0,2.3,0
Rajasthan,10,41.9,26.7,1005.8,81.0,12.4,330.9,27.0,74.2,1.469,29.35,6.86,28.28,58.2,16.2,0
Rajasthan,10,0.0,28.8,1008.2,70.4,17.2,0.8,27.0,74.2,1.457,31.8,5.9,19.16,75.3,75.3,1
Rajasthan,10,1.7,27.9,1000.5,71.2,11.3,10.7,27.0,74.2,1.676,31.23,7.23,16.69,52.2,50.5,1
Rajasthan,10,0.0,33.6,1013.1,75.8,11.7,14.7,27.0,74.2,1.373,29.46,6.25,15.89,32.9,32.9,1
Rajasthan,10,12.4,25.6,1005.2,73.6,11.5,350.5,27.0,74.2,1.549,31.42,6.31,18.56,23.6,11.2,0
Rajasthan,10,0.0,23.4,1004.2,78.4,14.2,117.8,27.0,74.2,1.858,30.75,6.96,20.9,0.0,0.0,0
Rajasthan,10,0.0,31.4,1010.2,68.2,15.3,14.6,27.0,74.2,1.156,26.98,5.19,27.32,26.2,26.2,1
Rajasthan,10,0.0,21.4,1007.3,65.3,9.4,311.2,27.0,74.2,1.53,31.24,5.72,24.17,0.8,0.8,0
Rajasthan,10,9.0,29.9,999.9,86.0,16.9,128.7,27.0,74.2,1.252,25.65,5.16,22.76,18.0,9.0,0
Gujarat,1,0.3,24.8,1001.7,65.0,10.1,148.2,22.3,71.2,0.789,9.27,4.02,5.6,6.8,6.5,0
Gujarat,1,6.2,22.1,1015.1,64.1,16.1,107.5,22.3,71.2,0.447,6.13,3.98,8.13,11.5,5.3,0
Gujarat,1,26.6,33.5,1011.8,51.3,8.9,84.4,22.3,71.2,0.626,10.28,0.83,6.63,19.6,7.0,0
Gujarat,1,6.2,22.2,1010.6,69.3,21.9,17.5,22.3,71.2,0.395,12.87,0.82,4.31,11.0,4.8,0
Gujarat,1,0.0,28.7,1002.9,66.5,7.0,246.0,22.3,71.2,0.484,15.2,2.51,4.89,1.1,1.1,0
Gujarat,1,0.0,30.5,1010.9,90.2,9.3,98.7,22.3,71.2,0.365,10.45,2.96,7.04,10.0,10.0,0
Gujarat,1,0.0,32.8,1010.7,65.4,10.8,131.1,22.3,71.2,0.317,10.79,1.6,12.56,8.3,8.3,0
Gujarat,1,0.0,30.9,1009.3,60.3,16.2,241.9,22.3,71.2,0.523,9.43,3.02,7.89,3.6,3.6,0
Gujarat,1,0.0,35.6,1002.7,69.8,10.8,352.1,22.3,71.2,0.299,6.66,1.34,8.17,0.0,0.0,0
Gujarat,1,0.1,20.2,1009.2,60.5,5.0,308.6,22.3,71.2,0.218,12.79,1.66,12.0,6.8,6.7,0
Gujarat,1,0.0,25.2,1011.0,62.9,11.6,197.8,22.3,71.2,0.33,9.97,3.65,9.63,0.8,0.8,0
Gujarat,1,2.8,21.9,1002.7,68.7,11.7,98.3,22.3,71.2,0.688,4.85,2.22,7.77,1.9,0.9,0
Gujarat,1,27.6,32.5,1009.5,83.4,4.9,0.3,22.3,71.2,0.553,5.94,2.86,3.88,35.9,8.3,0
Gujarat,1,22.2,29.9,998.7,55.8,15.2,45.4,22.3,71.2,0.0,14.57,2.66,4.74,29.4,7.2,0
Gujarat,1,0.0,26.1,1009.8,83.3,20.5,208.5,22.3,71.2,0.572,12.77,0.99,9.13,0.0,0.0,0
Gujarat,1,11.6,27.9,1010.5,66.7,0.0,47.7,22.3,71.2,0.608,11.38,2.38,12.13,17.5,5.9,0
Gujarat,1,13.3,33.0,1009.8,56.5,0.2,261.7,22.3,71.2,0.632,8.19,3.46,7.65,26.4,13.1,0
Gujarat,1,2.7,30.7,1010.5,80.5,3.9,134.5,22.3,71.2,0.444,12.99,4.36,7.92,3.3,0.6,0
Gujarat,1,17.9,32.3,1006.2,68.8,18.3,124.1,22.3,71.2,0.629,9.78,2.44,8.87,20.8,2.9,0
Gujarat,1,9.7,24.6,1014.5,54.1,10.2,93.3,22.3,71.2,0.878,7.91,1.7,5.55,26.9,17.2,1
Gujarat,1,0.0,24.8,1021.7,71.4,6.9,47.2,22.3,71.2,0.493,12.98,4.71,8.37,0.0,0.0,0
Gujarat,1,18.3,26.1,1002.8,47.9,4.6,39.9,22.3,71.2,0.244,10.85,1.06,0.0,12.3,6.0,0
Gujarat,1,0.2,26.4,1015.6,59.4,16.8,180.6,22.3,71.2,0.472,6.26,2.43,4.9,4.3,4.1,0
Gujarat,1,3.6,25.1,1013.0,69.8,10.2,143.0,22.3,71.2,0.463,6.13,2.58,5.34,0.0,3.6,0
Gujarat,1,0.0,27.4,1010.8,58.6,25.0,329.9,22.3,71.2,0.741,12.78,4.72,4.84,0.0,0.0,0
Gujarat,1,0.6,31.1,1008.8,68.3,19.0,113.7,22.3,71.2,0.64,5.84,1.19,12.04,5.1,4.6,0
Gujarat,1,0.0,26.4,1004.8,58.4,6.0,262.7,22.3,71.2,0.441,7.23,3.83,8.08,4.6,4.6,0
Gujarat,1,0.0,28.4,1009.8,72.7,11.9,85.1,22.3,71.2,0.482,12.77,1.91,1.76,4.8,4.8,0
Gujarat,1,17.4,31.2,1010.1,62.0,8.4,149.0,22.3,71.2,0.565,7.36,3.83,4.55,16.6,0.8,0
Gujarat,1,30.6,32.3,1006.2,68.4,13.2,44.3,22.3,71.2,0.299,9.4,2.07,7.94,40.5,9.9,0
Gujarat,1,2.4,24.6,1009.6,62.2,11.6,279.2,22.3,71.2,0.928,0.64,2.03,7.19,2.3,0.1,0
Gujarat,1,20.0,32.1,1007.8,62.8,11.8,181.9,22.3,71.2,0.464,8.85,2.8,9.46,13.9,6.1,0
Gujarat,1,0.0,21.9,1012.3,68.0,14.9,88.0,22.3,71.2,0.837,7.16,2.7,9.76,0.0,0.0,0
Gujarat,1,0.0,29.6,1022.3,68.5,20.4,217.0,22.3,71.2,0.554,5.64,3.77,2.71,14.8,14.8,0
Gujarat,1,9.9,18.2,1006.3,72.0,11.2,249.1,22.3,71.2,0.31,4.38,2.41,7.29,9.2,0.6,0
Gujarat,1,24.7,25.4,1009.6,66.2,4.6,206.0,22.3,71.2,0.482,17.52,3.2,2.02,5.2,19.5,1
Gujarat,1,17.6,28.5,1013.7,56.7,14.2,269.6,22.3,71.2,0.57,7.81,1.99,7.28,24.9,7.3,0
Gujarat,1,6.8,32.7,1005.7,52.2,22.3,258.0,22.3,71.2,0.366,9.34,2.58,6.04,8.9,2.1,0
Gujarat,1,6.4,29.5,996.2,84.3,11.7,67.6,22.3,71.2,0.204,7.72,1.69,11.61,3.4,3.0,0
Gujarat,1,17.9,26.2,1005.7,63.0,18.8,82.0,22.3,71.2,0.217,1.81,1.19,4.77,7.6,10.3,0
Gujarat,2,0.0,20.6,1002.9,78.0,14.8,57.3,22.3,71.2,0.366,5.18,1.58,8.37,9.6,9.6,0
Gujarat,2,21.3,31.2,1004.3,66.2,11.2,114.1,22.3,71.2,0.974,4.28,2.67,12.13,14.6,6.6,0
Gujarat,2,0.0,26.6,1006.9,50.0,15.8,57.8,22.3,71.2,0.668,7.85,3.05,5.8,1.2,1.2,0
Gujarat,2,39.3,29.1,1002.1,67.8,6.0,214.4,22.3,71.2,0.358,9.55,4.07,10.23,45.9,6.6,0
Gujarat,2,0.0,26.5,1009.4,59.7,11.4,158.3,22.3,71.2,0.497,12.23,4.86,7.98,13.0,13.0,0
Gujarat,2,16.3,22.8,1002.5,57.7,8.5,182.4,22.3,71.2,0.689,16.35,3.32,7.16,2.8,13.6,0
Gujarat,2,9.3,28.8,1008.9,87.1,19.0,116.0,22.3,71.2,0.374,9.28,2.84,6.17,15.8,6.5,0
Gujarat,2,13.4,24.3,1014.0,67.0,4.2,318.4,22.3,71.2,0.623,15.22,2.55,10.98,18.7,5.3,0
Gujarat,2,0.0,23.0,1013.6,78.0,14.4,352.9,22.3,71.2,0.778,14.06,1.86,13.69,9.2,9.2,0
Gujarat,2,2.7,26.0,1009.3,49.3,16.3,60.7,22.3,71.2,0.641,9.24,2.63,6.23,5.2,2.5,0
Gujarat,2,35.5,34.2,1009.8,65.7,17.0,123.7,22.3,71.2,0.4,11.02,0.76,11.87,55.4,19.9,1
Gujarat,2,9.4,20.2,1011.0,57.0,9.5,150.0,22.3,71.2,0.617,9.38,2.17,8.87,9.6,0.2,0
Gujarat,2,0.0,27.4,1009.7,64.2,5.7,131.2,22.3,71.2,0.019,9.54,2.21,8.94,4.9,4.9,0
Gujarat,2,24.5,25.9,1010.9,68.0,4.2,297.2,22.3,71.2,0.279,13.01,3.42,9.32,22.0,2.5,0
Gujarat,2,20.2,22.5,1007.7,60.4,9.4,333.5,22.3,71.2,0.782,9.95,3.89,8.65,17.3,2.9,0
Gujarat,2,4.5,27.5,1004.5,70.3,14.0,158.2,22.3,71.2,0.236,13.03,1.97,9.4,12.6,8.1,0
Gujarat,2,0.0,23.1,1016.4,69.5,10.7,81.9,22.3,71.2,0.464,6.57,4.01,6.17,12.1,12.1,0
Gujarat,2,2.5,24.5,1005.9,39.8,12.2,99.6,22.3,71.2,0.731,3.78,4.34,10.96,17.5,15.0,0
Gujarat,2,7.5,32.8,1000.6,73.1,8.9,356.8,22.3,71.2,0.342,11.35,1.96,9.62,0.0,7.5,0
Gujarat,2,0.0,34.2,1012.5,55.5,12.8,301.4,22.3,71.2,0.65,11.92,4.26,6.3,4.2,4.2,0
Gujarat,2,8.0,27.6,1006.1,66.7,13.0,242.6,22.3,71.2,0.727,7.42,2.69,7.61,15.4,7.4,0
Gujarat,2,0.0,32.3,1004.6,78.2,10.4,316.9,22.3,71.2,0.949,10.22,4.44,8.61,9.2,9.2,0
Gujarat,2,9.3,32.1,1004.6,56.2,9.6,7.1,22.3,71.2,0.522,14.17,4.52,5.57,6.2,3.1,0
Gujarat,2,0.0,36.8,1009.5,70.8,6.1,135.0,22.3,71.2,0.668,10.32,4.24,15.43,0.0,0.0,0
Gujarat,2,0.0,25.2,1016.0,76.4,12.1,1.6,22.3,71.2,0.403,14.89,2.49,7.72,7.6,7.6,0
Gujarat,2,5.6,27.8,1008.1,74.0,21.0,157.5,22.3,71.2,0.727,10.53,2.1,10.46,11.4,5.8,0
Gujarat,2,0.0,27.4,1007.6,60.9,20.2,295.9,22.3,71.2,0.841,12.38,3.05,5.69,5.1,5.1,0
Gujarat,2,8.4,23.2,1005.3,62.8,14.9,234.3,22.3,71.2,0.45,13.2,2.73,0.0,7.0,1.4,0
Gujarat,2,23.8,22.0,1008.6,81.9,9.0,315.1,22.3,71.2,0.306,17.84,2.85,8.64,37.1,13.3,0
Gujarat,2,17.8,25.2,1004.8,70.9,9.7,355.0,22.3,71.2,0.556,5.41,4.89,9.03,13.4,4.4,0
Gujarat,2,0.0,21.1,1002.5,76.2,24.0,240.5,22.3,71.2,0.548,9.6,1.8,14.68,1.7,1.7,0
Gujarat,2,38.7,34.3,999.3,59.3,9.5,4.4,22.3,71.2,0.554,23.31,1.66,9.18,47.3,8.6,0
Gujarat,2,8.2,29.1,1002.8,67.1,15.4,330.5,22.3,71.2,0.68,16.98,4.07,8.71,2.4,5.9,0
Gujarat,2,0.0,27.8,1009.3,61.2,8.1,157.6,22.3,71.2,0.236,10.39,1.19,5.49,0.0,0.0,0
Gujarat,2,0.0,30.2,1011.7,60.5,10.6,99.8,22.3,71.2,0.424,8.2,4.39,11.15,7.7,7.7,0
Gujarat,2,21.6,20.8,1014.8,69.9,17.9,328.8,22.3,71.2,0.576,10.23,3.39,7.56,32.4,10.8,0
Gujarat,2,0.0,26.5,1018.2,59.7,11.6,27.8,22.3,71.2,0.634,8.38,2.73,11.04,0.0,0.0,0
Gujarat,2,19.6,32.0,1013.3,67.4,29.0,215.0,22.3,71.2,0.631,7.82,2.83,12.77,37.9,18.3,1
Gujarat,2,29.5,31.8,1001.7,70.9,6.6,85.7,22.3,71.2,0.614,13.42,4.03,9.99,37.7,8.2,0
Gujarat,2,0.0,28.3,1000.5,46.0,16.5,148.2,22.3,71.2,0.741,15.76,2.21,10.27,0.0,0.0,0
Gujarat,3,0.0,29.0,1005.6,62.1,23.1,127.7,22.3,71.2,0.729,9.08,4.49,10.69,8.1,8.1,0
Gujarat,3,0.0,25.5,1012.6,84.2,15.6,345.6,22.3,71.2,0.721,22.77,3.52,14.18,0.0,0.0,0
Gujarat,3,8.9,31.0,1010.0,58.8,9.2,334.0,22.3,71.2,0.891,19.1,5.56,10.2,11.2,2.3,0
Gujarat,3,29.0,31.4,1003.1,56.2,15.7,56.0,22.3,71.2,0.648,17.35,4.31,13.78,13.9,15.0,0
Gujarat,3,13.2,31.3,1000.4,60.0,9.0,2.1,22.3,71.2,0.978,21.15,2.42,11.37,24.5,11.3,0
Gujarat,3,15.1,30.1,1009.5,83.4,18.7,39.9,22.3,71.2,0.812,16.63,3.78,13.19,21.8,6.7,0
Gujarat,3,12.4,29.0,997.9,65.7,9.9,340.0,22.3,71.2,0.94,15.07,3.36,8.1,20.9,8.5,0
Gujarat,3,23.8,25.2,1008.0,75.2,3.5,318.2,22.3,71.2,0.567,12.52,2.8,10.2,46.0,22.2,1
Gujarat,3,4.9,29.7,1018.0,61.0,22.3,90.2,22.3,71.2,1.009,16.06,3.77,9.6,4.8,0.1,0
Gujarat,3,10.6,32.1,1007.9,63.3,11.9,282.9,22.3,71.2,0.898,10.39,2.6,10.93,31.0,20.3,1
Gujarat,3,26.0,23.5,1006.7,57.2,11.9,205.3,22.3,71.2,0.368,6.58,2.41,10.65,34.3,8.3,0
Gujarat,3,15.8,33.3,999.2,78.4,11.6,124.8,22.3,71.2,0.388,13.08,3.68,13.26,2.6,13.2,0
Gujarat,3,10.0,24.2,1010.5,74.3,19.6,198.2,22.3,71.2,0.838,18.5,1.43,11.63,24.4,14.4,0
Gujarat,3,5.8,23.7,1012.7,54.5,12.3,316.4,22.3,71.2,0.796,10.55,2.58,10.09,20.4,14.6,0
Gujarat,3,42.5,22.5,1009.6,55.6,18.3,238.4,22.3,71.2,0.518,10.7,3.31,10.76,50.3,7.8,0
Gujarat,3,9.4,23.2,1011.6,66.0,19.0,243.6,22.3,71.2,0.332,12.92,4.96,10.27,9.5,0.0,0
Gujarat,3,0.0,35.6,1002.9,59.2,16.1,176.2,22.3,71.2,0.908,15.55,4.48,11.47,3.9,3.9,0
Gujarat,3,0.0,28.0,1003.1,71.4,17.2,171.0,22.3,71.2,0.727,16.75,3.04,8.36,9.0,9.0,0
Gujarat,3,4.0,29.6,1002.7,57.7,16.4,17.0,22.3,71.2,0.456,15.74,2.76,9.84,20.6,16.6,0
Gujarat,3,21.1,31.7,1017.5,59.5,8.3,112.2,22.3,71.2,0.602,3.64,3.15,8.16,32.4,11.3,0
Gujarat,3,14.6,26.1,1010.9,73.7,9.4,151.5,22.3,71.2,0.208,8.69,2.51,10.01,6.6,8.0,0
Gujarat,3,2.1,23.6,1008.9,70.8,15.2,135.2,22.3,71.2,0.345,10.58,2.91,8.58,4.9,2.8,0
Gujarat,3,30.0,31.8,1003.1,73.3,16.4,328.3,22.3,71.2,0.823,12.41,1.71,11.16,37.1,7.1,0
Gujarat,3,6.2,28.4,1004.4,72.6,13.0,321.1,22.3,71.2,0.724,8.44,2.33,3.16,16.1,9.9,0
Gujarat,3,0.0,29.1,1009.9,72.5,7.2,271.6,22.3,71.2,0.987,19.91,4.58,10.8,0.0,0.0,0
Gujarat,3,19.9,27.9,1010.8,60.2,12.3,321.1,22.3,71.2,0.702,15.03,2.7,5.76,40.0,20.1,1
Gujarat,3,45.4,30.3,1001.4,58.8,15.7,35.0,22.3,71.2,0.41,12.56,3.64,12.39,44.5,0.9,0
Gujarat,3,0.0,31.0,1013.6,65.7,15.2,353.9,22.3,71.2,0.484,17.16,3.86,11.26,17.6,17.6,1
Gujarat,3,0.0,26.3,1008.8,60.9,17.1,320.0,22.3,71.2,0.454,13.32,3.6,12.6,6.6,6.6,0
Gujarat,3,16.2,29.8,1007.1,59.3,14.6,56.1,22.3,71.2,0.991,18.42,4.16,10.93,21.2,5.1,0
Gujarat,3,0.0,27.7,1008.5,68.8,15.5,24.4,22.3,71.2,0.514,10.32,5.14,12.1,0.0,0.0,0
Gujarat,3,8.0,28.1,1008.2,71.2,25.9,51.4,22.3,71.2,0.785,6.31,2.82,13.48,16.6,8.7,0
Gujarat,3,0.0,31.2,1017.6,46.5,20.8,268.7,22.3,71.2,0.84,13.02,0.58,11.13,16.3,16.3,0
Gujarat,3,14.8,30.9,1005.9,47.9,16.7,358.4,22.3,71.2,0.879,5.1,1.58,7.25,4.4,10.3,0
Gujarat,3,10.2,30.1,1000.8,74.3,16.2,248.7,22.3,71.2,0.618,5.26,3.0,9.81,15.5,5.4,0
Gujarat,3,15.0,29.5,1006.7,69.4,18.2,273.7,22.3,71.2,0.716,12.31,2.62,11.36,13.8,1.1,0
Gujarat,3,15.1,28.7,1006.5,63.2,10.7,258.0,22.3,71.2,0.729,13.98,4.42,8.2,38.0,22.9,1
Gujarat,3,4.1,25.0,1003.0,49.2,20.9,131.8,22.3,71.2,0.773,9.47,5.57,8.74,6.1,2.0,0
Gujarat,3,30.2,31.2,1019.0,69.0,11.2,34.7,22.3,71.2,0.283,11.94,4.77,11.59,32.1,1.9,0
Gujarat,3,0.0,29.5,1013.1,70.8,14.0,338.9,22.3,71.2,0.826,0.53,3.86,17.5,0.0,0.0,0
Gujarat,4,7.3,28.4,1005.7,77.4,16.0,184.9,22.3,71.2,0.899,14.85,7.67,11.54,14.9,7.6,0
Gujarat,4,0.0,26.2,1013.7,53.6,2.8,46.2,22.3,71.2,1.013,14.95,3.45,5.51,11.1,11.1,0
Gujarat,4,20.3,21.3,1013.7,74.7,19.3,101.2,22.3,71.2,0.87,16.87,4.89,5.63,8.9,11.4,0
Gujarat,4,0.2,27.9,1009.9,70.2,19.2,347.9,22.3,71.2,0.565,15.74,2.83,10.52,7.1,7.0,0
Gujarat,4,0.0,38.0,1010.8,61.0,23.2,9.8,22.3,71.2,0.766,12.84,5.83,10.77,6.3,6.3,0
Gujarat,4,28.1,30.7,1007.7,78.1,26.3,190.4,22.3,71.2,0.763,15.47,5.42,9.29,29.6,1.5,0
Gujarat,4,0.0,23.7,1005.4,66.4,22.4,108.8,22.3,71.2,0.557,11.87,5.5,14.47,3.7,3.7,0
Gujarat,4,4.4,32.9,1003.0,70.9,25.0,199.0,22.3,71.2,0.584,16.43,3.29,6.91,15.7,11.3,0
Gujarat,4,26.9,27.2,1006.1,57.4,12.9,20.5,22.3,71.2,0.537,22.35,4.41,12.81,39.9,13.0,0
Gujarat,4,21.9,26.7,1009.4,64.3,15.8,27.1,22.3,71.2,0.663,9.47,4.03,10.48,4.9,17.0,1
Gujarat,4,18.1,32.3,1020.6,63.1,10.9,223.5,22.3,71.2,0.781,15.59,2.88,10.56,0.8,17.3,1
Gujarat,4,24.1,25.3,1007.8,52.7,10.7,239.7,22.3,71.2,0.737,16.7,5.58,13.29,39.2,15.1,0
Gujarat,4,31.6,30.7,1007.8,77.1,19.0,39.0,22.3,71.2,0.448,11.42,3.52,13.43,34.1,2.5,0
Gujarat,4,27.2,33.7,1014.0,79.1,8.4,42.8,22.3,71.2,0.646,16.71,3.12,6.14,27.8,0.7,0
Gujarat,4,29.9,30.2,1018.1,68.8,25.8,3.6,22.3,71.2,0.744,9.67,5.18,9.58,27.1,2.7,0
Gujarat,4,29.2,33.0,1013.7,63.4,13.3,316.2,22.3,71.2,0.896,21.0,4.29,17.01,44.6,15.3,0
Gujarat,4,7.4,31.7,1016.5,87.0,19.5,315.6,22.3,71.2,0.696,17.09,5.86,12.39,16.6,9.2,0
Gujarat,4,11.5,27.1,1007.2,68.4,22.2,95.8,22.3,71.2,0.75,11.32,4.71,15.19,34.0,22.5,1
Gujarat,4,13.7,30.7,1007.2,72.3,15.2,319.3,22.3,71.2,0.767,16.59,3.5,10.36,37.2,23.5,1
Gujarat,4,49.8,23.6,1001.7,57.4,13.1,330.7,22.3,71.2,0.857,15.47,4.48,9.01,52.2,2.4,0
Gujarat,4,10.5,22.1,1002.2,55.8,17.4,11.9,22.3,71.2,0.861,7.43,2.07,13.08,0.0,10.5,0
Gujarat,4,28.4,21.1,1012.2,58.1,18.8,221.9,22.3,71.2,0.285,17.57,1.68,12.37,27.8,0.6,0
Gujarat,4,12.6,24.8,1011.9,52.5,19.8,154.7,22.3,71.2,0.459,21.16,3.77,16.81,28.9,16.3,0
Gujarat,4,0.0,28.1,1008.6,82.3,15.8,274.6,22.3,71.2,0.699,14.58,5.42,11.1,0.0,0.0,0
Gujarat,4,2.7,26.2,1001.0,59.5,21.1,88.2,22.3,71.2,0.724,17.6,0.88,12.79,5.2,2.6,0
Gujarat,4,3.8,29.1,1005.5,45.8,18.2,68.6,22.3,71.2,0.676,10.92,2.09,11.76,25.8,21.9,1
Gujarat,4,13.7,22.9,1009.1,66.5,17.9,330.6,22.3,71.2,0.142,16.96,2.65,6.82,12.5,1.2,0
Gujarat,4,16.7,21.8,1011.5,74.6,13.8,335.3,22.3,71.2,0.543,18.89,2.04,14.28,18.1,1.4,0
Gujarat,4,9.4,21.6,1007.3,73.1,6.9,152.9,22.3,71.2,0.757,12.21,4.88,4.48,17.8,8.4,0
Gujarat,4,34.1,34.2,1009.9,64.0,10.4,292.1,22.3,71.2,0.848,11.56,4.76,17.49,38.5,4.4,0
Gujarat,4,0.0,23.0,1011.9,66.4,18.0,174.9,22.3,71.2,0.905,14.15,2.97,9.89,0.0,0.0,0
Gujarat,4,39.4,28.0,1011.2,61.6,8.3,142.5,22.3,71.2,0.959,12.7,2.81,11.55,50.7,11.3,0
Gujarat,4,34.4,29.8,1011.2,74.2,7.8,157.1,22.3,71.2,0.522,9.46,4.8,11.96,38.5,4.0,0
Gujarat,4,0.0,36.6,1003.5,87.5,6.4,326.9,22.3,71.2,0.299,16.23,2.53,7.87,0.0,0.0,0
Gujarat,4,22.0,31.2,1017.1,60.1,14.7,63.8,22.3,71.2,0.672,12.71,4.41,14.14,37.0,15.0,0
Gujarat,4,0.0,32.4,1007.8,63.8,10.1,154.6,22.3,71.2,1.088,16.01,4.06,10.3,33.6,33.6,1
Gujarat,4,29.6,25.5,1006.6,64.9,14.3,253.6,22.3,71.2,0.827,20.59,2.27,7.7,29.2,0.4,0
Gujarat,4,4.5,36.4,1013.0,76.4,12.3,12.7,22.3,71.2,0.449,17.91,4.44,14.95,4.8,0.4,0
Gujarat,4,8.7,29.1,1012.5,52.3,17.3,181.7,22.3,71.2,0.527,6.45,3.69,15.43,30.5,21.7,1
Gujarat,4,15.9,36.2,1007.8,76.5,11.3,232.0,22.3,71.2,0.604,6.54,5.39,9.16,10.6,5.3,0
Gujarat,5,0.0,27.4,1016.8,88.4,5.7,56.4,22.3,71.2,0.619,20.47,4.64,10.47,4.6,4.6,0
Gujarat,5,5.2,34.7,1010.7,74.2,0.7,136.3,22.3,71.2,1.242,21.82,2.08,11.44,0.0,5.2,0
Gujarat,5,36.7,29.2,1004.2,67.8,1.0,268.7,22.3,71.2,0.833,19.89,1.97,11.24,54.2,17.5,1
Gujarat,5,0.0,29.2,1008.3,84.6,12.8,229.7,22.3,71.2,0.997,11.21,4.03,11.02,4.3,4.3,0
Gujarat,5,24.3,30.5,1004.3,68.9,21.5,125.4,22.3,71.2,0.855,15.74,4.22,7.49,46.9,22.6,1
Gujarat,5,0.9,32.4,1004.9,61.2,20.1,253.4,22.3,71.2,0.867,19.56,3.95,12.36,0.0,0.9,0
Gujarat,5,25.1,25.5,1015.4,64.3,14.1,62.4,22.3,71.2,0.83,15.32,4.26,15.07,21.8,3.2,0
Gujarat,5,10.2,28.3,1012.3,66.5,23.0,273.2,22.3,71.2,0.778,15.83,2.72,9.27,8.3,1.9,0
Gujarat,5,28.4,28.1,1005.6,79.8,21.8,346.4,22.3,71.2,0.655,14.53,6.48,13.11,29.0,0.6,0
Gujarat,5,22.4,32.3,1005.1,69.7,18.6,73.0,22.3,71.2,0.828,12.05,3.12,10.69,33.3,10.9,0
Gujarat,5,7.4,25.7,1008.3,56.0,16.1,168.0,22.3,71.2,0.81,15.7,4.75,6.3,18.9,11.5,0
Gujarat,5,56.7,27.8,1007.4,74.9,22.2,207.0,22.3,71.2,0.394,18.77,7.39,14.25,44.8,11.9,0
Gujarat,5,16.1,23.1,1014.2,57.9,14.4,106.3,22.3,71.2,0.716,22.46,4.42,10.71,6.2,9.9,0
Gujarat,5,0.0,23.2,1008.6,77.3,11.2,266.0,22.3,71.2,0.682,15.56,3.0,15.36,30.1,30.1,1
Gujarat,5,0.0,26.9,1014.3,53.0,16.8,41.4,22.3,71.2,0.841,18.71,6.41,18.23,4.3,4.3,0
Gujarat,5,4.4,24.6,1012.9,53.8,12.7,91.6,22.3,71.2,0.725,17.63,7.38,12.02,3.3,1.0,0
Gujarat,5,26.7,29.2,1015.2,69.1,12.8,169.9,22.3,71.2,0.502,9.17,4.76,8.3,45.2,18.6,1
Gujarat,5,12.5,27.3,1003.8,73.7,10.0,212.0,22.3,71.2,1.063,17.93,4.02,14.31,19.0,6.5,0
Gujarat,5,17.6,25.0,1018.4,61.7,21.8,109.4,22.3,71.2,0.987,19.45,5.68,9.86,36.8,19.2,1
Gujarat,5,38.6,27.2,1008.2,62.3,12.3,357.3,22.3,71.2,0.625,12.74,6.23,14.26,68.6,30.0,1
Gujarat,5,5.6,28.8,1004.7,68.9,5.1,332.3,22.3,71.2,0.89,16.28,3.83,9.7,19.9,14.4,0
Gujarat,5,0.0,30.3,1018.4,82.4,6.5,28.3,22.3,71.2,0.91,16.23,2.62,13.54,5.3,5.3,0
Gujarat,5,39.6,27.2,1013.8,54.8,8.9,157.7,22.3,71.2,1.042,12.68,4.33,8.24,43.6,4.0,0
Gujarat,5,24.1,26.5,1006.8,56.2,10.8,224.9,22.3,71.2,1.006,16.8,3.1,11.44,10.3,13.7,0
Gujarat,5,0.0,33.7,1007.3,86.4,13.5,1.3,22.3,71.2,0.954,5.82,4.55,12.24,24.1,24.1,1
Gujarat,5,25.9,23.7,1014.2,64.9,9.5,141.9,22.3,71.2,0.785,22.67,4.71,13.0,41.8,15.9,0
Gujarat,5,27.8,31.4,1015.1,73.6,14.8,257.5,22.3,71.2,0.807,16.64,6.37,17.25,32.5,4.7,0
Gujarat,5,5.5,34.1,1012.0,70.7,12.4,98.4,22.3,71.2,0.821,13.85,4.45,13.18,5.8,0.3,0
Gujarat,5,25.1,33.4,1012.8,64.7,17.8,317.1,22.3,71.2,0.578,19.2,4.48,20.16,46.6,21.5,1
Gujarat,5,22.3,29.2,1008.8,57.5,5.3,122.1,22.3,71.2,0.816,8.09,3.65,11.64,24.5,2.2,0
Gujarat,5,2.5,26.9,1016.6,74.1,11.2,187.5,22.3,71.2,0.82,13.44,3.38,15.42,2.2,0.3,0
Gujarat,5,0.0,28.1,1008.6,47.8,13.8,257.6,22.3,71.2,0.916,25.43,5.8,16.73,40.2,40.2,1
Gujarat,5,23.0,28.9,1012.9,61.9,14.5,156.8,22.3,71.2,0.905,13.9,3.48,13.62,26.7,3.7,0
Gujarat,5,0.0,22.4,1002.3,58.7,16.1,319.0,22.3,71.2,1.039,19.52,5.59,14.21,8.8,8.8,0
Gujarat,5,27.9,31.9,1009.9,80.2,2.3,259.8,22.3,71.2,0.764,21.12,6.19,8.03,49.9,22.1,1
Gujarat,5,0.0,23.7,1006.8,64.3,6.2,56.6,22.3,71.2,0.961,20.73,3.78,12.27,5.4,5.4,0
Gujarat,5,36.3,16.9,1003.2,67.6,8.6,141.7,22.3,71.2,0.8,13.88,4.38,14.27,38.2,1.9,0
Gujarat,5,5.5,27.6,1008.0,50.1,16.3,195.4,22.3,71.2,1.078,18.88,5.7,9.35,7.4,1.9,0
Gujarat,5,0.0,25.4,1014.3,82.4,8.3,21.8,22.3,71.2,0.81,18.85,2.19,7.57,10.9,10.9,0
Gujarat,5,0.0,26.5,1008.8,71.7,13.3,327.6,22.3,71.2,0.995,17.65,3.52,12.5,10.7,10.7,0
Gujarat,6,38.0,31.2,1014.1,61.9,11.8,114.2,22.3,71.2,0.883,14.21,6.27,16.33,39.2,1.1,0
Gujarat,6,22.5,29.0,1011.6,54.6,13.7,138.7,22.3,71.2,1.037,15.73,1.75,10.43,27.9,5.4,0
Gujarat,6,14.2,34.8,1010.9,68.8,14.2,163.1,22.3,71.2,0.794,17.68,3.44,17.94,24.4,10.1,0
Gujarat,6,3.1,27.6,1010.5,65.5,11.7,200.1,22.3,71.2,0.98,16.81,4.21,9.67,10.1,6.9,0
Gujarat,6,10.7,26.8,1009.0,75.5,17.9,283.7,22.3,71.2,0.864,15.97,3.5,11.9,16.1,5.5,0
Gujarat,6,2.0,28.5,1003.2,51.4,18.5,237.0,22.3,71.2,0.745,13.86,5.26,17.8,0.9,1.0,0
Gujarat,6,10.2,32.4,998.9,87.7,26.6,222.6,22.3,71.2,0.892,15.36,4.43,12.42,26.7,16.5,0
Gujarat,6,11.7,24.5,1007.1,73.1,8.5,260.2,22.3,71.2,1.311,15.67,4.59,12.49,27.0,15.4,0
Gujarat,6,38.8,30.4,1000.4,54.2,12.4,50.2,22.3,71.2,0.568,21.52,3.45,18.16,67.1,28.3,1
Gujarat,6,9.7,29.9,1001.8,74.2,11.9,127.6,22.3,71.2,0.854,16.38,4.36,16.53,4.1,5.6,0
Gujarat,6,38.3,22.8,1016.1,57.8,14.4,9.4,22.3,71.2,0.843,21.45,6.55,17.25,37.8,0.5,0
Gujarat,6,16.0,25.0,1003.0,56.5,12.2,95.2,22.3,71.2,0.53,18.05,6.57,17.05,11.1,4.8,0
Gujarat,6,0.0,29.9,996.4,79.1,13.3,216.7,22.3,71.2,0.567,21.91,4.63,12.69,0.0,0.0,0
Gujarat,6,21.9,30.8,1016.9,78.1,11.4,133.3,22.3,71.2,0.638,24.13,3.82,18.12,32.9,11.0,0
Gujarat,6,18.1,26.9,1011.3,67.8,12.6,151.2,22.3,71.2,0.883,15.05,5.47,13.49,30.0,12.0,0
Gujarat,6,6.8,23.3,1016.7,83.5,18.8,250.9,22.3,71.2,0.852,23.77,4.33,11.78,37.5,30.7,1
Gujarat,6,12.6,35.2,1001.0,73.2,24.8,137.7,22.3,71.2,0.859,13.57,6.05,11.37,16.5,3.9,0
Gujarat,6,0.0,34.3,1013.8,67.7,8.6,171.8,22.3,71.2,0.839,13.82,2.64,11.74,0.0,0.0,0
Gujarat,6,4.3,31.1,1006.1,71.6,10.8,193.6,22.3,71.2,0.812,25.92,4.33,14.83,0.0,4.3,0
Gujarat,6,35.2,26.2,1013.3,66.8,17.5,70.8,22.3,71.2,0.822,22.61,3.84,16.01,34.8,0.4,0
Gujarat,6,18.3,26.3,1008.2,57.3,15.6,1.9,22.3,71.2,0.804,18.02,4.91,11.83,21.4,3.1,0
Gujarat,6,0.0,37.5,1013.3,70.7,20.3,267.1,22.3,71.2,0.4,16.64,3.1,12.97,5.2,5.2,0
Gujarat,6,26.6,23.5,1010.0,68.1,16.1,26.5,22.3,71.2,1.189,17.83,6.88,11.31,43.8,17.3,1
Gujarat,6,12.4,26.8,1011.2,65.0,1.1,352.7,22.3,71.2,1.166,23.16,7.01,13.63,1.8,10.7,0
Gujarat,6,7.3,28.1,1003.0,84.5,25.6,59.8,22.3,71.2,0.91,13.06,6.61,13.91,8.8,1.5,0
Gujarat,6,20.2,25.8,1008.7,53.6,19.8,137.5,22.3,71.2,1.144,17.44,4.59,10.04,37.5,17.3,1
Gujarat,6,0.7,26.2,1008.0,69.2,5.9,50.5,22.3,71.2,1.071,16.73,4.48,14.17,5.4,4.7,0
Gujarat,6,0.0,28.0,1013.0,57.5,12.5,153.7,22.3,71.2,1.1,17.87,3.73,13.96,0.0,0.0,0
Gujarat,6,0.0,22.3,1002.7,81.6,10.7,291.3,22.3,71.2,0.745,21.28,3.52,13.8,5.2,5.2,0
Gujarat,6,46.8,30.6,1005.0,74.9,25.1,206.6,22.3,71.2,0.744,17.29,4.25,12.68,33.4,13.4,0
Gujarat,6,33.5,22.4,1007.0,78.5,14.2,205.9,22.3,71.2,0.642,17.32,3.84,14.3,18.2,15.3,0
Gujarat,6,25.0,28.6,1008.9,82.4,12.2,191.3,22.3,71.2,0.802,17.47,4.64,11.19,2.1,22.9,1
Gujarat,6,5.2,29.5,1008.7,80.0,24.2,104.7,22.3,71.2,1.189,21.31,6.8,19.23,25.4,20.1,1
Gujarat,6,23.5,27.3,1007.8,64.6,17.5,243.6,22.3,71.2,0.874,8.82,6.82,13.02,34.9,11.5,0
Gujarat,6,34.3,29.3,1015.2,55.6,26.4,122.1,22.3,71.2,0.954,23.94,3.35,12.81,59.8,25.5,1
Gujarat,6,0.0,30.3,1010.7,87.7,6.5,343.6,22.3,71.2,0.8,16.45,3.28,10.42,10.3,10.3,0
Gujarat,6,0.0,31.1,1004.7,55.9,11.8,192.4,22.3,71.2,0.857,18.38,5.59,16.93,0.9,0.9,0
Gujarat,6,0.0,28.4,1010.4,53.4,9.9,117.0,22.3,71.2,0.87,15.2,5.6,8.86,0.0,0.0,0
Gujarat,6,8.5,27.4,1000.7,61.9,12.4,189.6,22.3,71.2,0.942,15.59,6.52,15.14,3.1,5.4,0
Gujarat,6,14.7,28.6,1014.1,62.0,18.2,2.0,22.3,71.2,1.21,23.4,4.99,12.89,28.9,14.2,0
Gujarat,7,12.0,34.7,1008.4,64.4,12.5,216.5,22.3,71.2,1.11,16.69,6.52,11.1,20.5,8.6,0
Gujarat,7,31.1,19.3,1018.1,64.2,15.5,237.3,22.3,71.2,1.144,21.06,6.4,16.53,64.4,33.2,1
Gujarat,7,22.1,35.8,1012.5,50.4,27.9,281.5,22.3,71.2,1.298,20.08,6.47,12.91,39.2,17.2,1
Gujarat,7,10.9,34.3,1010.2,77.9,4.0,316.5,22.3,71.2,1.081,20.86,6.35,13.88,18.1,7.2,0
Gujarat,7,31.6,18.8,1010.9,65.2,10.2,326.9,22.3,71.2,1.244,24.12,5.04,17.6,52.0,20.5,1
Gujarat,7,13.3,25.2,1004.8,76.9,14.6,328.6,22.3,71.2,0.661,23.3,4.54,15.97,35.8,22.5,1
Gujarat,7,0.0,27.8,1007.1,72.3,21.0,266.3,22.3,71.2,1.112,24.09,4.98,14.56,12.9,12.9,0
Gujarat,7,19.5,30.3,1010.8,58.7,19.8,132.6,22.3,71.2,1.036,13.99,5.06,15.56,8.6,10.9,0
Gujarat,7,9.4,22.3,1011.0,70.2,6.6,237.5,22.3,71.2,0.987,22.03,4.73,12.57,3.8,5.6,0
Gujarat,7,6.8,28.0,1008.7,66.6,12.7,144.9,22.3,71.2,1.5,16.89,4.53,24.86,22.1,15.3,0
Gujarat,7,0.0,31.3,1003.4,77.6,13.7,334.9,22.3,71.2,1.32,22.23,6.37,16.28,1.3,1.3,0
Gujarat,7,23.4,32.8,1008.7,86.5,19.1,140.1,22.3,71.2,1.049,20.52,3.7,14.71,33.0,9.6,0
Gujarat,7,8.6,29.3,1008.1,76.2,18.1,193.3,22.3,71.2,0.725,27.13,5.03,14.73,7.8,0.8,0
Gujarat,7,7.5,34.1,1014.9,72.9,14.3,255.0,22.3,71.2,1.013,19.21,5.61,13.65,17.4,9.9,0
Gujarat,7,17.5,30.4,1004.9,75.6,10.3,282.1,22.3,71.2,0.893,15.68,6.42,12.07,12.4,5.1,0
Gujarat,7,32.6,25.7,1007.1,58.4,19.0,153.3,22.3,71.2,1.146,22.12,5.29,13.4,27.3,5.3,0
Gujarat,7,33.1,31.0,1004.5,68.9,13.3,80.7,22.3,71.2,1.034,18.31,4.06,10.54,15.9,17.2,1
Gujarat,7,9.2,27.6,1003.6,75.0,14.5,115.7,22.3,71.2,0.962,16.82,5.34,11.19,23.1,13.8,0
Gujarat,7,1.1,31.6,1006.3,79.1,9.2,214.2,22.3,71.2,1.075,24.65,7.2,15.1,35.0,34.0,1
Gujarat,7,10.4,32.3,1003.3,72.7,3.1,269.6,22.3,71.2,1.092,14.72,5.71,17.7,9.4,1.0,0
Gujarat,7,0.6,26.1,1003.2,67.5,15.3,156.3,22.3,71.2,1.333,17.09,6.87,11.85,9.7,9.1,0
Gujarat,7,31.6,32.5,1005.9,74.1,16.9,231.2,22.3,71.2,1.122,27.42,5.77,16.68,48.4,16.8,0
Gujarat,7,0.0,29.8,1002.9,62.6,25.6,235.1,22.3,71.2,0.85,24.58,4.06,13.63,23.8,23.8,1
Gujarat,7,15.2,21.7,1010.7,64.5,22.5,63.8,22.3,71.2,1.209,27.07,4.18,14.4,28.2,13.1,0
Gujarat,7,2.2,29.0,1006.9,66.0,15.0,329.9,22.3,71.2,0.875,20.62,4.48,13.31,5.7,3.5,0
Gujarat,7,13.9,26.2,1009.6,50.4,11.1,323.6,22.3,71.2,0.827,26.48,5.22,15.51,11.6,2.3,0
Gujarat,7,14.3,23.1,1007.2,59.1,13.4,264.8,22.3,71.2,0.773,25.82,6.2,18.93,39.8,25.4,1
Gujarat,7,24.3,26.1,1002.8,80.0,15.1,313.3,22.3,71.2,0.925,27.86,5.01,18.98,55.2,31.0,1
Gujarat,7,0.0,26.0,1002.8,56.2,18.1,277.7,22.3,71.2,1.009,22.19,2.97,18.84,0.8,0.8,0
Gujarat,7,22.2,30.4,1014.9,67.5,4.2,46.5,22.3,71.2,1.039,15.83,5.38,13.89,8.3,13.9,0
Gujarat,7,24.2,25.7,1006.0,63.9,21.0,2.6,22.3,71.2,1.014,18.21,5.76,19.02,40.0,15.8,0
Gujarat,7,24.5,30.4,1001.1,59.7,13.8,329.1,22.3,71.2,0.785,12.48,3.58,14.21,28.1,3.7,0
Gujarat,7,3.1,28.3,1005.8,79.4,14.0,342.0,22.3,71.2,1.039,14.36,5.09,11.27,7.8,4.6,0
Gujarat,7,3.8,29.5,1001.3,68.6,17.7,284.6,22.3,71.2,0.846,20.04,5.42,19.62,0.0,3.8,0
Gujarat,7,1.4,39.2,1006.6,49.6,11.9,221.8,22.3,71.2,1.047,23.21,4.11,13.56,21.6,20.1,1
Gujarat,7,0.0,22.7,1006.9,61.0,13.3,354.8,22.3,71.2,1.041,19.37,5.86,15.58,9.3,9.3,0
Gujarat,7,0.0,29.9,1006.3,66.8,20.0,105.8,22.3,71.2,1.269,25.75,6.1,12.03,0.0,0.0,0
Gujarat,7,30.1,28.4,1004.3,80.2,10.5,324.7,22.3,71.2,1.103,15.51,5.07,18.24,39.9,9.8,0
Gujarat,7,32.5,32.5,1008.0,45.1,9.3,206.1,22.3,71.2,0.688,18.66,5.61,19.38,28.0,4.5,0
Gujarat,7,5.3,27.7,1009.8,67.0,20.0,252.1,22.3,71.2,1.022,21.75,4.72,17.5,13.7,8.4,0
Gujarat,8,27.2,28.6,1009.9,62.7,12.0,356.9,22.3,71.2,1.212,17.6,5.87,9.15,25.1,2.1,0
Gujarat,8,29.7,27.3,1008.6,38.8,13.2,336.7,22.3,71.2,1.178,25.55,5.4,15.78,15.0,14.6,0
Gujarat,8,12.9,22.8,998.8,58.1,22.7,306.3,22.3,71.2,1.129,19.64,3.5,19.08,0.0,12.9,0
Gujarat,8,7.8,27.6,1009.2,61.7,6.0,210.3,22.3,71.2,0.935,18.6,6.81,12.63,18.3,10.5,0
Gujarat,8,18.1,31.6,1007.3,76.9,14.3,65.1,22.3,71.2,0.784,11.14,6.1,17.57,30.5,12.4,0
Gujarat,8,8.3,33.8,1005.7,73.2,18.2,299.1,22.3,71.2,1.021,19.08,3.85,20.93,21.2,13.0,0
Gujarat,8,22.3,40.3,1009.6,56.0,14.2,216.0,22.3,71.2,1.006,20.09,4.95,12.09,54.3,31.9,1
Gujarat,8,20.1,26.9,1011.8,73.7,16.6,158.6,22.3,71.2,1.112,24.38,6.55,16.76,23.2,3.1,0
Gujarat,8,37.9,25.9,1010.0,73.1,12.2,308.5,22.3,71.2,1.014,19.73,3.9,14.32,48.3,10.4,0
Gujarat,8,34.0,30.0,995.0,75.4,12.4,339.1,22.3,71.2,1.082,20.93,5.53,16.2,62.4,28.4,1
Gujarat,8,15.5,32.1,1012.7,75.7,6.3,31.7,22.3,71.2,0.993,24.56,4.48,12.72,53.7,38.1,1
Gujarat,8,2.0,32.4,1008.6,64.8,15.0,80.3,22.3,71.2,1.082,17.37,5.18,19.05,12.7,10.6,0
Gujarat,8,0.0,31.2,1008.0,63.6,18.9,228.5,22.3,71.2,0.852,29.09,5.63,16.03,0.0,0.0,0
Gujarat,8,32.8,25.7,1000.3,62.2,21.8,247.0,22.3,71.2,1.034,27.19,6.55,15.47,36.3,3.5,0
Gujarat,8,20.6,24.5,1008.0,72.1,6.8,199.5,22.3,71.2,1.024,25.81,3.44,15.13,18.9,1.7,0
Gujarat,8,29.6,27.6,1017.0,75.6,13.1,52.8,22.3,71.2,1.014,25.13,4.05,13.8,43.1,13.5,0
Gujarat,8,33.5,19.0,1014.9,67.6,5.8,266.9,22.3,71.2,0.779,21.62,5.57,18.17,29.2,4.3,0
Gujarat,8,0.0,26.1,1008.2,71.3,11.3,253.1,22.3,71.2,0.961,18.22,5.0,19.5,3.6,3.6,0
Gujarat,8,5.8,31.5,1018.7,71.1,21.4,220.6,22.3,71.2,0.964,21.8,4.11,15.66,1.4,4.4,0
Gujarat,8,10.0,24.8,1006.6,74.3,14.6,30.1,22.3,71.2,0.936,15.62,5.94,17.78,19.8,9.8,0
Gujarat,8,4.5,28.8,1005.6,57.6,18.9,21.5,22.3,71.2,1.275,19.26,7.07,14.79,22.8,18.3,1
Gujarat,8,8.5,26.9,995.9,66.0,15.7,236.1,22.3,71.2,1.436,17.05,4.97,13.56,7.9,0.6,0
Gujarat,8,30.7,33.7,1004.5,61.8,9.4,222.8,22.3,71.2,1.309,21.27,3.97,12.35,41.3,10.6,0
Gujarat,8,23.7,19.5,1006.4,85.2,14.1,18.3,22.3,71.2,1.215,17.36,5.3,15.89,15.5,8.2,0
Gujarat,8,1.9,33.8,1003.1,79.8,13.0,1.7,22.3,71.2,1.197,19.3,6.33,10.13,16.2,14.3,0
Gujarat,8,0.0,26.9,1012.3,75.2,8.7,224.2,22.3,71.2,0.947,22.44,3.21,16.23,10.7,10.7,0
Gujarat,8,11.7,29.9,1009.1,63.6,5.5,319.2,22.3,71.2,0.894,19.38,6.22,20.52,16.5,4.7,0
Gujarat,8,23.8,22.0,1009.2,68.4,21.3,255.7,22.3,71.2,1.036,25.93,5.54,12.95,71.5,47.7,1
Gujarat,8,0.3,27.5,1009.7,71.7,14.3,280.8,22.3,71.2,1.038,17.23,8.23,15.61,16.2,15.9,0
Gujarat,8,11.0,26.4,1005.7,53.5,14.4,72.7,22.3,71.2,1.319,16.91,4.96,13.58,42.4,31.4,1
Gujarat,8,3.3,30.0,1012.9,67.5,8.3,83.6,22.3,71.2,1.257,16.65,6.12,16.62,17.0,13.7,0
Gujarat,8,22.6,24.1,1003.1,76.1,12.1,211.6,22.3,71.2,1.215,17.55,6.21,20.45,30.2,7.6,0
Gujarat,8,30.2,28.4,1015.9,58.4,15.2,70.3,22.3,71.2,1.047,26.3,5.13,22.48,71.0,40.8,1
Gujarat,8,19.9,30.0,1014.0,57.1,8.6,131.3,22.3,71.2,1.14,20.79,5.66,9.11,23.6,3.7,0
Gujarat,8,5.0,31.5,1013.0,74.8,17.2,302.5,22.3,71.2,1.203,24.21,7.14,22.63,0.0,5.0,0
Gujarat,8,10.2,24.8,1008.9,69.1,14.0,253.1,22.3,71.2,0.865,17.53,4.42,15.19,0.0,10.2,0
Gujarat,8,15.1,27.1,1004.1,77.7,14.9,338.2,22.3,71.2,1.046,21.6,4.97,16.25,33.0,17.9,1
Gujarat,8,9.9,29.9,1003.9,76.6,12.3,175.9,22.3,71.2,1.097,27.78,4.27,11.84,6.5,3.4,0
Gujarat,8,0.0,22.3,1011.1,69.0,12.8,338.2,22.3,71.2,0.965,28.3,4.77,12.31,18.7,18.7,1
Gujarat,8,12.7,36.0,1005.4,77.5,20.6,190.4,22.3,71.2,0.936,24.66,6.34,12.04,0.0,12.7,0
Gujarat,9,0.0,30.0,1006.7,67.9,7.1,216.3,22.3,71.2,1.076,20.73,6.24,19.32,46.3,46.3,1
Gujarat,9,16.8,32.1,1003.9,52.8,13.8,261.1,22.3,71.2,1.174,20.3,3.75,22.78,14.4,2.4,0
Gujarat,9,0.0,31.2,1004.4,80.4,11.9,233.9,22.3,71.2,1.24,25.8,7.02,17.3,16.7,16.7,0
Gujarat,9,27.8,28.5,1007.3,55.0,18.6,93.3,22.3,71.2,1.088,28.54,4.39,22.5,34.0,6.1,0
Gujarat,9,21.7,26.1,999.7,68.1,17.3,206.7,22.3,71.2,1.132,14.65,4.25,23.72,9.2,12.4,0
Gujarat,9,37.6,23.9,1007.1,75.8,11.5,80.0,22.3,71.2,1.186,25.27,5.78,19.54,72.5,34.9,1
Gujarat,9,15.2,34.6,1004.9,77.1,18.0,27.2,22.3,71.2,1.214,23.45,5.08,18.64,25.0,9.9,0
Gujarat,9,16.0,27.4,1007.5,65.8,16.3,334.3,22.3,71.2,1.703,17.79,5.4,16.05,62.1,46.1,1
Gujarat,9,0.0,29.4,1009.2,72.8,21.8,161.3,22.3,71.2,1.081,24.2,3.86,17.87,0.0,0.0,0
Gujarat,9,14.4,20.9,1010.0,52.5,16.3,345.9,22.3,71.2,1.001,28.04,6.81,21.02,47.8,33.4,1
Gujarat,9,6.0,33.6,1000.7,77.0,13.1,111.8,22.3,71.2,1.294,27.2,7.2,18.21,16.0,10.1,0
Gujarat,9,24.7,28.9,1010.7,71.5,19.8,75.2,22.3,71.2,1.145,17.89,6.43,22.49,23.2,1.5,0
Gujarat,9,18.9,30.7,997.7,64.3,17.4,358.1,22.3,71.2,0.976,27.83,7.3,18.69,40.3,21.4,1
Gujarat,9,20.2,29.9,1006.4,70.7,12.4,300.0,22.3,71.2,1.476,28.94,5.61,14.71,51.5,31.3,1
Gujarat,9,24.9,29.0,1004.8,73.8,10.2,336.3,22.3,71.2,1.447,29.95,6.95,13.42,37.1,12.1,0
Gujarat,9,47.9,24.2,1007.7,83.6,18.7,269.1,22.3,71.2,1.025,19.46,7.57,13.98,50.6,2.7,0
Gujarat,9,16.1,31.8,1011.1,74.1,13.6,125.8,22.3,71.2,1.976,26.19,6.22,13.67,16.8,0.7,0
Gujarat,9,14.0,25.5,1007.9,87.3,21.8,141.5,22.3,71.2,0.93,28.77,6.04,12.39,32.1,18.1,1
Gujarat,9,31.8,17.9,1003.9,68.4,19.3,11.2,22.3,71.2,1.005,26.33,5.54,19.19,18.4,13.5,0
Gujarat,9,0.0,30.7,1009.3,78.7,12.9,337.9,22.3,71.2,1.443,17.33,7.6,21.53,23.8,23.8,1
Gujarat,9,7.2,24.4,1006.9,56.5,10.8,76.6,22.3,71.2,1.301,19.23,6.91,18.93,41.5,34.3,1
Gujarat,9,25.3,31.9,1010.4,79.3,9.2,183.8,22.3,71.2,1.163,22.45,6.63,19.47,39.1,13.9,0
Gujarat,9,14.5,24.7,1013.5,73.0,10.5,242.9,22.3,71.2,0.823,23.57,5.86,15.84,47.3,32.8,1
Gujarat,9,0.4,30.5,1018.9,80.3,15.4,120.4,22.3,71.2,0.899,21.78,5.28,15.41,0.1,0.3,0
Gujarat,9,15.6,29.6,1001.8,62.7,14.8,152.3,22.3,71.2,1.538,24.35,4.16,18.82,34.4,18.8,1
Gujarat,9,15.3,22.8,1016.8,58.8,18.9,240.9,22.3,71.2,1.291,30.25,6.77,15.89,42.5,27.2,1
Gujarat,9,8.0,28.3,1001.5,59.2,15.9,61.0,22.3,71.2,0.831,25.41,5.12,21.41,6.8,1.2,0
Gujarat,9,0.9,28.0,1003.4,82.2,15.6,229.3,22.3,71.2,1.29,19.4,4.55,18.79,0.0,0.9,0
Gujarat,9,1.2,31.0,1010.6,57.0,12.5,348.0,22.3,71.2,1.526,27.05,5.59,19.3,0.0,1.2,0
Gujarat,9,7.4,28.1,1010.3,68.5,16.8,274.7,22.3,71.2,1.138,22.24,5.59,18.26,21.4,14.0,0
Gujarat,9,19.9,22.9,1003.0,73.5,23.0,7.9,22.3,71.2,1.089,24.32,4.74,21.49,29.7,9.8,0
Gujarat,9,7.4,27.0,1005.4,82.6,14.6,236.1,22.3,71.2,1.286,20.46,6.33,18.39,0.0,7.4,0
Gujarat,9,20.7,27.5,1008.6,69.9,16.9,129.9,22.3,71.2,0.935,22.06,6.9,19.01,34.4,13.7,0
Gujarat,9,56.7,30.1,1013.7,66.4,10.6,6.9,22.3,71.2,1.314,25.05,6.58,16.92,58.0,1.3,0
Gujarat,9,14.5,30.5,1012.2,59.4,19.4,335.4,22.3,71.2,1.265,22.66,7.98,16.31,25.2,10.7,0
Gujarat,9,25.8,24.2,1007.6,66.8,13.0,58.3,22.3,71.2,1.394,21.03,6.78,18.51,9.6,16.2,0
Gujarat,9,24.6,22.0,1011.1,64.4,15.6,345.6,22.3,71.2,1.196,27.13,5.13,15.75,39.7,15.2,0
Gujarat,9,24.0,17.9,1018.1,74.8,19.1,49.0,22.3,71.2,0.8,26.12,5.42,19.2,24.9,1.0,0
Gujarat,9,20.5,24.6,1012.3,57.6,26.8,40.1,22.3,71.2,1.498,28.53,6.0,21.07,27.8,7.3,0
Gujarat,9,0.0,33.7,1013.6,69.2,9.5,198.4,22.3,71.2,0.807,27.2,4.18,18.43,0.0,0.0,0
Gujarat,10,0.0,28.5,1006.3,78.4,9.7,108.0,22.3,71.2,0.78,16.41,8.71,25.11,6.4,6.4,0
Gujarat,10,6.5,26.3,1012.4,64.9,17.2,226.0,22.3,71.2,1.144,23.05,6.9,15.93,21.9,15.4,0
Gujarat,10,11.5,28.0,1014.9,68.3,20.6,130.2,22.3,71.2,1.164,25.26,8.86,12.98,16.7,5.2,0
Gujarat,10,39.3,24.4,1006.9,73.3,16.9,313.7,22.3,71.2,1.347,30.46,6.12,16.64,43.1,3.8,0
Gujarat,10,1.6,29.4,1006.1,63.3,18.5,355.6,22.3,71.2,1.412,23.24,7.94,17.69,22.0,20.4,1
Gujarat,10,20.9,30.5,1008.5,53.4,21.0,228.2,22.3,71.2,1.416,27.91,5.62,16.12,41.8,20.9,1
Gujarat,10,14.0,31.2,1007.1,80.2,18.1,108.8,22.3,71.2,1.183,26.08,7.98,18.7,31.1,17.1,1
Gujarat,10,19.0,28.0,1016.6,82.0,16.4,141.3,22.3,71.2,1.117,24.46,6.92,21.42,39.8,20.8,1
Gujarat,10,2.4,31.4,1007.6,60.1,22.7,165.7,22.3,71.2,1.31,27.99,7.47,23.05,24.0,21.6,1
Gujarat,10,0.0,35.5,1013.3,64.9,10.9,153.2,22.3,71.2,1.202,26.47,7.44,17.16,0.0,0.0,0
Gujarat,10,23.9,25.4,1008.7,56.6,14.7,24.1,22.3,71.2,1.379,22.0,5.15,18.91,42.8,18.9,1
Gujarat,10,24.2,25.5,1009.5,85.0,17.0,219.0,22.3,71.2,1.298,33.33,5.01,18.95,27.7,3.5,0
Gujarat,10,19.7,28.3,1013.7,70.8,22.4,4.1,22.3,71.2,1.188,22.48,4.37,19.69,65.6,45.9,1
Gujarat,10,24.9,30.2,1005.9,67.6,20.9,123.7,22.3,71.2,1.555,28.37,6.59,19.49,20.1,4.9,0
Gujarat,10,0.0,23.0,1008.2,67.1,8.7,1.4,22.3,71.2,1.194,20.46,6.11,17.9,0.0,0.0,0
Gujarat,10,31.7,19.9,998.1,70.0,16.5,333.1,22.3,71.2,1.15,21.48,6.54,17.54,67.8,36.2,1
Gujarat,10,13.7,27.3,1020.4,68.1,18.8,193.5,22.3,71.2,1.404,26.31,6.78,19.17,11.2,2.4,0
Gujarat,10,23.0,35.6,1014.1,73.0,20.3,308.4,22.3,71.2,1.205,28.94,8.33,16.55,21.1,1.9,0
Gujarat,10,49.8,27.9,1017.1,72.1,17.2,141.3,22.3,71.2,1.446,30.58,5.31,17.81,75.7,25.9,1
Gujarat,10,16.5,25.5,1013.0,81.0,13.8,28.5,22.3,71.2,1.016,21.57,6.7,18.96,4.3,12.1,0
Gujarat,10,8.0,23.2,1010.3,50.3,10.9,214.5,22.3,71.2,1.341,17.94,6.59,23.78,47.6,39.6,1
Gujarat,10,0.0,28.7,1003.1,58.1,15.4,307.8,22.3,71.2,1.378,22.29,7.4,12.13,0.0,0.0,0
Gujarat,10,6.5,27.8,1007.0,68.6,15.1,46.0,22.3,71.2,1.366,25.75,6.21,20.07,30.3,23.8,1
Gujarat,10,10.3,27.3,1013.8,59.0,25.0,346.5,22.3,71.2,1.189,21.35,9.18,17.35,8.0,2.3,0
Gujarat,10,13.0,27.9,1006.4,68.7,0.0,316.7,22.3,71.2,1.261,29.31,8.12,18.3,36.0,23.0,1
Gujarat,10,2.5,30.6,1005.1,58.2,15.1,29.4,22.3,71.2,1.294,31.14,5.65,22.01,0.0,2.5,0
Gujarat,10,21.6,28.4,1011.3,72.5,12.3,291.4,22.3,71.2,1.604,22.82,4.35,20.36,25.0,3.4,0
Gujarat,10,16.5,29.7,1005.7,67.3,15.5,344.4,22.3,71.2,1.264,20.21,5.11,19.28,2.7,13.7,0
Gujarat,10,0.0,30.0,1011.4,66.3,17.5,145.3,22.3,71.2,1.378,27.57,3.42,18.14,18.0,18.0,1
Gujarat,10,12.4,27.6,1011.8,70.8,23.5,337.4,22.3,71.2,1.234,24.36,3.13,17.88,0.0,12.4,0
Gujarat,10,21.5,28.1,1011.5,84.0,15.9,88.1,22.3,71.2,1.304,19.91,5.88,17.75,40.5,19.0,1
Gujarat,10,4.7,26.3,1007.2,65.5,20.1,341.2,22.3,71.2,1.491,23.83,7.99,14.77,0.0,4.7,0
Gujarat,10,0.9,27.5,1014.0,64.0,13.6,95.0,22.3,71.2,1.372,23.24,5.91,14.83,0.0,0.9,0
Gujarat,10,35.3,27.9,1004.3,82.4,13.1,269.5,22.3,71.2,1.538,25.38,4.75,25.73,51.8,16.5,0
Gujarat,10,13.7,31.3,1011.5,83.1,12.7,6.4,22.3,71.2,1.02,27.82,6.52,19.71,17.0,3.4,0
Gujarat,10,14.7,24.0,1012.0,84.9,13.2,56.8,22.3,71.2,1.344,25.18,4.72,14.96,8.1,6.7,0
Gujarat,10,0.0,33.1,1009.8,69.7,5.0,87.8,22.3,71.2,1.257,33.03,5.71,21.46,0.0,0.0,0
Gujarat,10,19.1,32.4,1006.3,63.1,23.1,140.5,22.3,71.2,1.476,22.41,8.24,19.68,36.2,17.1,1
Gujarat,10,20.2,25.5,1008.0,65.6,20.8,229.9,22.3,71.2,0.958,18.43,4.48,20.72,4.3,16.0,0
Gujarat,10,22.7,28.0,1007.7,74.4,16.8,131.6,22.3,71.2,1.193,26.85,8.52,23.92,4.1,18.6,1
Maharashtra,1,6.8,22.6,1015.6,75.6,14.2,3.2,19.7,75.7,0.796,15.25,3.89,9.17,8.8,2.1,0
Maharashtra,1,24.2,32.1,1007.0,62.0,18.1,304.0,19.7,75.7,0.37,9.35,2.92,9.26,22.4,1.9,0
Maharashtra,1,41.6,30.5,1010.7,83.1,10.2,273.9,19.7,75.7,0.269,9.71,0.71,10.04,46.5,4.9,0
Maharashtra,1,7.9,28.4,1011.8,54.1,13.4,201.8,19.7,75.7,0.164,13.14,0.49,7.45,0.0,7.9,0
Maharashtra,1,34.6,24.2,999.7,66.8,10.3,357.2,19.7,75.7,0.625,2.43,1.26,6.07,44.6,10.0,0
Maharashtra,1,32.5,33.3,1007.2,41.2,14.4,300.5,19.7,75.7,0.767,12.25,1.07,6.22,52.1,19.7,1
Maharashtra,1,0.0,24.3,1012.7,61.2,6.5,77.8,19.7,75.7,0.612,8.87,1.13,13.94,3.5,3.5,0
Maharashtra,1,34.0,32.4,1005.4,60.4,19.6,129.8,19.7,75.7,0.145,12.6,2.35,4.7,37.0,2.9,0
Maharashtra,1,0.0,27.0,1004.0,60.5,12.0,80.1,19.7,75.7,0.835,12.37,4.65,7.32,0.7,0.7,0
Maharashtra,1,39.7,26.5,1007.1,72.7,6.2,262.9,19.7,75.7,0.637,15.48,3.57,11.7,42.6,3.0,0
Maharashtra,1,0.0,37.3,1000.4,51.2,15.2,304.4,19.7,75.7,0.558,14.4,0.11,6.3,0.0,0.0,0
Maharashtra,1,24.4,22.7,1001.6,70.6,17.7,92.6,19.7,75.7,0.634,12.55,2.24,4.52,32.6,8.2,0
Maharashtra,1,21.8,32.4,1009.6,53.8,15.9,225.1,19.7,75.7,0.423,9.22,1.67,10.47,13.3,8.5,0
Maharashtra,1,0.0,27.5,1016.1,76.0,4.2,132.4,19.7,75.7,0.79,5.7,0.0,7.58,13.5,13.5,0
Maharashtra,1,37.1,25.4,1016.8,43.2,10.6,146.7,19.7,75.7,0.75,15.59,3.65,3.75,48.3,11.2,0
Maharashtra,1,20.2,22.2,997.7,75.9,11.5,243.8,19.7,75.7,0.478,11.86,2.4,3.14,37.8,17.6,0
Maharashtra,1,27.9,27.5,1006.5,69.1,6.8,144.3,19.7,75.7,0.254,10.12,1.1,4.45,42.3,14.4,0
Maharashtra,1,13.2,29.7,997.9,59.5,14.7,93.1,19.7,75.7,0.089,11.23,2.94,11.65,8.6,4.6,0
Maharashtra,1,0.0,24.9,1002.5,72.9,0.0,10.5,19.7,75.7,0.805,10.43,3.58,2.87,0.0,0.0,0
Maharashtra,1,34.7,29.3,1008.5,54.3,12.9,267.8,19.7,75.7,0.757,21.31,3.08,5.9,19.5,15.2,0
Maharashtra,1,0.0,35.1,1002.9,61.8,15.7,359.0,19.7,75.7,0.48,8.78,2.59,5.92,0.0,0.0,0
Maharashtra,1,18.7,29.6,1018.7,69.9,18.2,246.0,19.7,75.7,0.625,7.51,2.97,9.87,22.8,4.1,0
Maharashtra,1,49.8,34.6,1013.9,73.1,21.2,298.3,19.7,75.7,0.794,6.44,1.82,9.48,64.2,14.4,0
Maharashtra,1,0.0,26.8,1008.5,63.6,16.7,354.5,19.7,75.7,0.604,7.46,0.94,6.82,0.0,0.0,0
Maharashtra,1,19.5,30.7,1005.7,85.3,8.7,272.5,19.7,75.7,0.648,13.97,4.03,9.09,31.6,12.1,0
Maharashtra,1,1.9,32.5,1012.5,80.6,4.1,171.5,19.7,75.7,0.685,0.0,3.09,10.98,1.5,0.4,0
Maharashtra,1,5.5,24.6,1005.4,60.6,9.0,29.7,19.7,75.7,0.466,9.27,4.75,6.62,11.0,5.5,0
Maharashtra,1,3.3,26.5,999.5,49.8,6.4,4.8,19.7,75.7,0.735,3.25,1.84,3.7,5.6,2.4,0
Maharashtra,1,29.0,27.1,1007.8,80.1,14.7,338.8,19.7,75.7,0.552,7.09,3.0,9.35,21.7,7.4,0
Maharashtra,1,15.0,28.4,1010.7,73.8,14.8,187.4,19.7,75.7,0.707,6.91,0.92,0.0,18.7,3.7,0
Maharashtra,1,0.0,30.4,998.1,59.0,14.8,208.3,19.7,75.7,0.602,8.17,2.46,9.59,11.0,11.0,0
Maharashtra,1,13.7,25.6,1005.7,71.9,7.3,8.2,19.7,75.7,0.443,9.99,1.29,2.24,20.4,6.7,0
Maharashtra,1,27.3,21.7,1009.8,76.3,15.4,100.6,19.7,75.7,0.331,10.72,2.8,8.09,27.9,0.6,0
Maharashtra,1,0.0,30.5,1010.4,67.5,13.0,30.3,19.7,75.7,0.395,15.53,1.62,11.13,12.0,12.0,0
Maharashtra,1,7.7,35.5,1010.3,56.7,10.5,176.8,19.7,75.7,0.705,6.17,2.33,8.41,7.9,0.3,0
Maharashtra,1,49.0,29.8,1007.7,77.4,10.6,76.0,19.7,75.7,0.186,8.59,3.76,12.51,44.1,4.9,0
Maharashtra,1,0.0,31.1,1004.9,62.8,16.8,255.5,19.7,75.7,0.127,5.2,2.51,2.21,0.0,0.0,0
Maharashtra,1,0.0,35.4,1018.8,54.9,13.7,265.3,19.7,75.7,0.458,17.61,1.94,6.94,0.0,0.0,0
Maharashtra,1,30.1,15.8,1005.8,65.0,9.1,247.9,19.7,75.7,0.76,4.75,5.01,3.53,44.7,14.6,0
Maharashtra,1,14.6,26.8,1006.0,65.2,13.4,63.9,19.7,75.7,0.473,7.32,1.04,5.35,8.5,6.1,0
Maharashtra,2,7.9,30.4,1008.6,85.7,1.7,339.2,19.7,75.7,0.615,15.53,3.81,8.71,13.2,5.3,0
Maharashtra,2,2.8,31.2,998.6,73.8,12.7,9.1,19.7,75.7,0.567,11.64,4.51,18.9,17.5,14.6,0
Maharashtra,2,5.6,31.2,1011.4,56.7,6.5,7.0,19.7,75.7,0.775,5.82,2.08,10.92,10.7,5.0,0
Maharashtra,2,36.5,23.1,1019.8,50.6,2.7,229.8,19.7,75.7,0.387,12.12,2.86,8.62,31.1,5.4,0
Maharashtra,2,21.2,27.4,1013.5,64.2,8.0,29.6,19.7,75.7,0.579,7.2,1.33,10.79,8.3,12.9,0
Maharashtra,2,36.5,29.3,1007.8,55.7,16.6,225.2,19.7,75.7,0.476,13.07,0.93,4.3,29.0,7.5,0
Maharashtra,2,19.9,28.7,1013.2,56.8,15.7,318.4,19.7,75.7,0.425,13.81,2.87,7.32,22.8,2.9,0
Maharashtra,2,12.4,28.1,1005.9,53.0,13.2,29.8,19.7,75.7,0.41,11.31,3.83,9.76,10.0,2.4,0
Maharashtra,2,5.5,31.2,996.0,74.0,3.4,254.7,19.7,75.7,0.511,20.95,4.96,11.32,11.9,6.3,0
Maharashtra,2,0.0,29.3,1005.3,57.8,13.6,53.2,19.7,75.7,0.787,4.53,3.04,6.57,1.0,1.0,0
Maharashtra,2,19.2,24.2,1008.8,63.9,9.5,243.0,19.7,75.7,0.583,9.2,2.96,8.37,17.1,2.1,0
Maharashtra,2,39.3,30.4,1006.1,67.5,7.7,235.6,19.7,75.7,0.55,7.28,3.41,7.69,39.3,0.0,0
Maharashtra,2,5.6,40.5,1004.7,45.3,4.8,80.8,19.7,75.7,0.881,9.54,4.48,11.43,9.1,3.5,0
Maharashtra,2,10.4,29.4,1012.4,70.0,9.4,229.4,19.7,75.7,1.01,13.28,3.99,10.82,19.0,8.6,0
Maharashtra,2,16.2,32.3,1011.6,68.6,9.3,339.8,19.7,75.7,0.6,11.04,6.16,4.59,28.6,12.4,0
Maharashtra,2,1.0,29.2,1020.8,56.4,9.2,3.7,19.7,75.7,0.938,8.88,4.01,7.6,12.6,11.6,0
Maharashtra,2,0.0,21.5,1006.9,50.3,20.4,129.9,19.7,75.7,0.406,13.93,2.25,4.65,21.2,21.2,1
Maharashtra,2,0.0,27.9,1007.0,73.1,15.1,260.7,19.7,75.7,0.548,11.36,3.85,5.7,21.9,21.9,1
Maharashtra,2,2.6,28.7,1002.2,53.0,8.4,288.3,19.7,75.7,0.531,8.36,3.78,6.86,0.0,2.6,0
Maharashtra,2,8.3,32.7,1009.1,65.0,5.6,27.4,19.7,75.7,0.358,17.5,3.59,6.62,5.3,3.0,0
Maharashtra,2,1.6,25.2,1010.3,63.1,23.2,212.6,19.7,75.7,0.875,14.96,2.44,11.0,3.6,2.0,0
Maharashtra,2,39.9,30.3,1009.3,67.3,21.5,310.8,19.7,75.7,0.981,11.53,1.26,6.95,30.6,9.3,0
Maharashtra,2,24.7,24.5,1008.8,77.3,9.4,55.1,19.7,75.7,0.353,10.72,6.04,11.54,24.3,0.3,0
Maharashtra,2,4.9,28.5,1008.7,61.8,15.5,220.5,19.7,75.7,0.422,13.75,1.55,11.39,7.3,2.4,0
Maharashtra,2,0.0,29.1,999.6,72.9,11.6,262.9,19.7,75.7,0.828,8.03,0.53,6.94,0.0,0.0,0
Maharashtra,2,42.9,28.7,1012.7,63.1,11.9,135.6,19.7,75.7,0.835,13.52,1.68,14.07,45.3,2.3,0
Maharashtra,2,7.3,17.4,1011.2,67.0,13.3,207.4,19.7,75.7,0.499,10.79,3.51,11.12,8.2,0.9,0
Maharashtra,2,29.3,28.4,1005.5,68.0,6.0,7.3,19.7,75.7,0.305,8.16,0.53,8.68,45.9,16.6,0
Maharashtra,2,12.6,31.3,1019.8,70.0,9.0,191.2,19.7,75.7,0.614,9.74,2.28,12.16,25.8,13.1,0
Maharashtra,2,0.0,25.4,1005.7,72.0,18.5,42.6,19.7,75.7,0.52,10.61,3.66,7.16,1.8,1.8,0
Maharashtra,2,8.0,18.2,1008.6,64.2,19.2,135.2,19.7,75.7,0.363,11.24,0.44,5.57,16.0,8.0,0
Maharashtra,2,10.6,32.4,998.2,63.6,10.4,20.9,19.7,75.7,0.748,14.84,4.8,8.1,27.4,16.8,0
Maharashtra,2,0.0,24.4,1011.8,51.0,15.7,276.4,19.7,75.7,0.828,12.03,3.02,10.73,0.0,0.0,0
Maharashtra,2,3.4,30.6,1007.9,61.9,12.4,295.1,19.7,75.7,0.525,10.38,0.9,9.08,12.6,9.2,0
Maharashtra,2,27.5,29.1,1012.8,73.3,18.4,255.9,19.7,75.7,0.928,11.59,1.36,11.2,40.2,12.7,0
Maharashtra,2,38.9,33.8,1017.7,72.2,13.9,75.6,19.7,75.7,0.675,10.06,3.2,9.37,47.3,8.4,0
Maharashtra,2,12.9,32.4,994.4,67.9,18.8,34.2,19.7,75.7,0.76,19.01,3.15,9.21,22.4,9.4,0
Maharashtra,2,14.4,25.6,1005.4,54.9,15.4,0.2,19.7,75.7,0.542,10.01,3.56,11.55,7.2,7.2,0
Maharashtra,2,0.0,32.5,1001.1,71.5,20.9,85.5,19.7,75.7,0.761,15.11,5.65,2.2,0.3,0.3,0
Maharashtra,2,27.7,27.4,1014.2,65.6,13.5,323.2,19.7,75.7,0.509,10.08,3.28,6.88,39.5,11.8,0
Maharashtra,3,26.9,32.9,1002.4,49.5,13.2,215.7,19.7,75.7,0.96,11.93,3.91,12.79,18.1,8.8,0
Maharashtra,3,38.0,27.9,1007.5,66.7,18.9,110.0,19.7,75.7,0.366,15.44,0.95,9.7,52.8,14.8,0
Maharashtra,3,25.7,32.7,1011.1,90.6,10.3,239.2,19.7,75.7,0.62,17.97,3.33,15.76,23.8,1.9,0
Maharashtra,3,38.6,30.9,1007.8,71.9,14.5,98.2,19.7,75.7,0.666,11.34,3.0,5.56,51.5,12.9,0
Maharashtra,3,0.0,27.7,1011.2,74.9,4.3,227.4,19.7,75.7,0.799,14.35,5.01,8.14,0.0,0.0,0
Maharashtra,3,29.3,26.4,999.2,64.9,19.4,120.8,19.7,75.7,1.174,10.79,3.5,6.95,36.8,7.5,0
Maharashtra,3,14.6,22.6,1022.1,61.5,10.7,260.2,19.7,75.7,1.07,18.65,1.96,11.25,1.0,13.5,0
Maharashtra,3,30.7,22.0,1004.0,66.5,15.4,4.3,19.7,75.7,1.011,17.04,4.17,6.92,54.8,24.1,1
Maharashtra,3,4.1,35.5,1018.1,71.6,18.4,133.0,19.7,75.7,0.668,18.55,4.51,6.95,5.0,0.9,0
Maharashtra,3,0.0,30.2,998.6,77.8,19.1,13.2,19.7,75.7,0.811,13.28,3.69,7.17,11.5,11.5,0
Maharashtra,3,0.0,21.2,1007.4,64.4,14.6,336.7,19.7,75.7,1.084,14.79,3.68,11.2,17.1,17.1,0
Maharashtra,3,25.6,30.3,1011.7,48.3,4.3,46.5,19.7,75.7,0.668,16.46,3.42,12.35,16.4,9.2,0
Maharashtra,3,16.5,23.2,1009.9,47.7,14.9,224.0,19.7,75.7,0.63,17.72,3.67,5.67,13.1,3.3,0
Maharashtra,3,0.0,21.8,1008.6,72.1,15.4,254.0,19.7,75.7,0.705,13.05,2.11,9.29,0.0,0.0,0
Maharashtra,3,3.5,28.9,1007.4,97.1,6.5,318.1,19.7,75.7,0.422,12.59,2.98,13.14,1.2,2.2,0
Maharashtra,3,13.7,26.8,1001.0,60.0,11.3,326.6,19.7,75.7,0.819,13.21,3.1,5.45,24.3,10.6,0
Maharashtra,3,5.8,31.5,1014.6,64.6,8.1,47.6,19.7,75.7,0.777,12.88,2.72,12.3,15.7,9.9,0
Maharashtra,3,11.3,21.9,1010.3,58.8,14.3,228.2,19.7,75.7,0.329,14.47,4.02,12.52,14.5,3.2,0
Maharashtra,3,0.0,33.7,1010.1,54.5,9.3,234.6,19.7,75.7,0.843,12.19,4.39,5.23,0.0,0.0,0
Maharashtra,3,0.0,25.0,1015.5,87.1,14.4,157.0,19.7,75.7,0.663,16.04,1.52,8.89,19.2,19.2,1
Maharashtra,3,0.3,25.6,1008.1,69.3,10.1,4.0,19.7,75.7,0.829,21.99,3.25,10.48,21.5,21.2,1
Maharashtra,3,8.1,23.3,1009.3,77.3,15.0,245.3,19.7,75.7,1.261,8.35,3.33,14.31,2.6,5.5,0
Maharashtra,3,12.8,27.0,1004.5,69.0,15.4,150.1,19.7,75.7,0.512,7.56,3.71,9.09,35.4,22.6,1
Maharashtra,3,46.1,36.5,1003.3,72.2,17.6,268.0,19.7,75.7,0.636,19.26,3.4,10.99,33.6,12.5,0
Maharashtra,3,26.7,27.5,1010.3,68.9,14.1,181.3,19.7,75.7,0.865,13.35,1.65,12.31,23.3,3.4,0
Maharashtra,3,0.0,24.5,1009.4,65.5,2.5,219.5,19.7,75.7,0.941,12.34,3.2,13.74,14.1,14.1,0
Maharashtra,3,32.6,17.5,1016.7,72.9,25.5,109.7,19.7,75.7,0.355,14.17,3.07,12.57,46.1,13.5,0
Maharashtra,3,15.3,27.6,1010.6,63.9,11.5,175.9,19.7,75.7,0.959,18.48,3.2,4.19,19.5,4.2,0
Maharashtra,3,4.8,28.0,1004.6,66.3,8.0,253.5,19.7,75.7,0.952,10.27,3.4,13.47,20.2,15.4,0
Maharashtra,3,29.1,29.8,1011.6,80.2,15.3,260.8,19.7,75.7,0.601,16.93,2.65,15.47,32.0,2.9,0
Maharashtra,3,18.0,33.0,1007.1,68.3,17.7,129.4,19.7,75.7,0.65,17.46,3.48,15.01,5.2,12.8,0
Maharashtra,3,0.0,31.6,1012.3,64.6,15.2,335.0,19.7,75.7,0.544,11.32,3.63,13.32,0.0,0.0,0
Maharashtra,3,13.6,27.6,1010.1,66.4,10.5,301.2,19.7,75.7,0.599,12.98,1.49,8.47,22.6,9.1,0
Maharashtra,3,21.7,30.9,1010.8,87.4,9.5,306.6,19.7,75.7,0.497,11.33,2.23,10.89,37.9,16.3,0
Maharashtra,3,40.7,30.6,1018.7,62.9,5.0,157.7,19.7,75.7,0.339,11.12,4.02,10.3,40.7,0.0,0
Maharashtra,3,0.0,28.5,1013.0,66.7,9.0,125.2,19.7,75.7,0.545,15.71,3.81,8.21,0.0,0.0,0
Maharashtra,3,23.2,25.0,1011.4,58.9,8.3,182.8,19.7,75.7,1.179,17.14,3.56,11.68,11.7,11.5,0
Maharashtra,3,0.0,18.5,1016.6,81.8,15.2,183.2,19.7,75.7,0.397,13.27,5.55,11.0,0.0,0.0,0
Maharashtra,3,0.0,34.1,1007.6,48.9,8.6,133.5,19.7,75.7,0.681,14.97,2.8,12.94,4.9,4.9,0
Maharashtra,3,33.2,27.1,1023.2,60.9,8.7,258.0,19.7,75.7,0.665,7.27,3.75,4.89,38.9,5.7,0
Maharashtra,4,0.0,26.9,1011.0,90.0,8.2,95.0,19.7,75.7,0.656,12.54,2.99,14.48,0.0,0.0,0
Maharashtra,4,54.0,30.1,1002.9,63.3,9.6,244.7,19.7,75.7,0.473,10.65,3.14,14.06,71.6,17.6,0
Maharashtra,4,40.4,30.5,1007.6,74.9,7.9,261.3,19.7,75.7,0.888,11.99,3.77,12.37,48.7,8.3,0
Maharashtra,4,33.5,31.7,1009.0,62.6,14.1,111.0,19.7,75.7,0.762,26.49,4.07,13.36,29.6,3.9,0
Maharashtra,4,34.8,31.4,1011.8,69.1,18.8,19.5,19.7,75.7,0.857,15.56,4.92,9.3,31.3,3.5,0
Maharashtra,4,18.0,21.4,1012.1,57.4,11.2,96.1,19.7,75.7,0.809,14.64,3.77,11.83,17.5,0.5,0
Maharashtra,4,6.8,32.7,997.5,64.9,11.3,61.7,19.7,75.7,0.51,14.02,3.73,15.22,13.9,7.0,0
Maharashtra,4,0.4,26.5,1012.4,55.0,13.2,225.5,19.7,75.7,0.724,26.8,3.35,13.36,0.0,0.4,0
Maharashtra,4,27.1,31.9,1005.1,66.5,9.1,222.8,19.7,75.7,1.008,13.8,0.95,17.31,23.5,3.6,0
Maharashtra,4,15.0,35.0,1007.3,65.4,7.5,133.9,19.7,75.7,0.768,17.47,4.22,10.57,19.9,4.8,0
Maharashtra,4,0.0,30.2,1008.8,86.7,13.6,310.4,19.7,75.7,0.791,14.7,4.37,12.09,0.0,0.0,0
Maharashtra,4,0.0,29.5,1014.9,67.8,17.7,174.2,19.7,75.7,0.854,12.76,4.08,15.63,11.5,11.5,0
Maharashtra,4,30.5,26.5,1007.0,65.8,13.3,25.0,19.7,75.7,0.331,16.14,3.75,7.9,40.6,10.1,0
Maharashtra,4,7.6,27.0,1017.2,77.1,16.5,237.8,19.7,75.7,0.768,24.01,4.81,9.76,0.0,7.6,0
Maharashtra,4,27.7,28.2,1000.9,71.3,12.3,281.6,19.7,75.7,0.889,13.58,4.61,10.52,27.8,0.1,0
Maharashtra,4,10.6,32.9,1006.6,80.7,22.5,326.3,19.7,75.7,0.217,20.19,3.44,9.41,4.8,5.8,0
Maharashtra,4,12.4,33.6,1008.8,79.8,16.1,124.1,19.7,75.7,0.723,18.26,4.83,15.0,13.6,1.2,0
Maharashtra,4,21.6,30.7,1006.1,55.7,9.6,278.3,19.7,75.7,0.933,21.05,2.22,10.22,22.9,1.3,0
Maharashtra,4,31.3,26.3,1005.9,52.9,16.0,276.9,19.7,75.7,0.67,14.98,5.2,9.0,25.2,6.1,0
Maharashtra,4,38.4,28.7,1011.3,71.0,13.4,155.0,19.7,75.7,0.967,20.67,5.15,8.46,59.9,21.5,1
Maharashtra,4,13.3,25.4,1007.2,75.3,16.3,278.5,19.7,75.7,0.968,16.58,3.16,9.89,24.0,10.7,0
Maharashtra,4,17.6,22.9,1012.2,62.2,21.6,349.9,19.7,75.7,0.765,13.22,2.68,10.55,43.4,25.9,1
Maharashtra,4,21.1,25.2,998.9,49.8,10.9,25.5,19.7,75.7,0.756,6.93,3.74,15.1,45.1,24.0,1
Maharashtra,4,0.0,25.2,1003.7,68.5,7.5,70.0,19.7,75.7,0.81,15.52,5.76,11.96,9.7,9.7,0
Maharashtra,4,7.2,22.9,1004.9,88.9,16.8,326.8,19.7,75.7,0.606,19.66,2.22,7.31,4.1,3.1,0
Maharashtra,4,49.4,36.0,1005.7,60.3,5.4,228.4,19.7,75.7,0.833,19.17,4.94,11.42,61.0,11.7,0
Maharashtra,4,7.9,30.5,1005.5,71.6,15.5,229.3,19.7,75.7,0.96,9.73,2.57,11.2,0.0,7.9,0
Maharashtra,4,12.5,26.9,1014.5,68.4,18.7,96.5,19.7,75.7,0.694,16.55,4.73,15.59,15.1,2.6,0
Maharashtra,4,0.0,21.5,1006.4,43.6,22.6,106.2,19.7,75.7,0.674,11.58,5.08,8.67,0.0,0.0,0
Maharashtra,4,6.9,28.9,1011.1,78.9,18.8,270.0,19.7,75.7,1.005,13.33,1.66,10.0,3.3,3.7,0
Maharashtra,4,9.0,24.6,1005.7,73.2,22.2,173.0,19.7,75.7,0.543,12.85,4.77,11.4,3.6,5.4,0
Maharashtra,4,30.0,32.2,1007.9,58.8,15.0,146.8,19.7,75.7,0.753,13.97,4.96,12.76,47.0,17.0,0
Maharashtra,4,39.7,30.2,1005.5,77.4,15.9,179.1,19.7,75.7,0.863,18.81,4.2,11.71,41.8,2.1,0
Maharashtra,4,23.5,30.5,1013.8,70.1,11.3,61.0,19.7,75.7,0.536,22.66,3.2,14.91,30.0,6.5,0
Maharashtra,4,23.6,27.9,1004.1,57.3,22.2,92.9,19.7,75.7,1.026,21.56,3.36,13.28,30.3,6.7,0
Maharashtra,4,0.8,27.7,1010.9,62.0,12.0,185.9,19.7,75.7,1.223,8.68,4.45,11.25,0.5,0.4,0
Maharashtra,4,14.5,31.1,1011.6,68.9,19.1,302.3,19.7,75.7,0.964,13.83,4.44,13.51,10.5,4.0,0
Maharashtra,4,0.0,20.3,1008.3,70.0,7.7,154.6,19.7,75.7,0.831,21.41,4.29,8.81,10.5,10.5,0
Maharashtra,4,29.3,26.2,1000.8,68.0,8.6,267.9,19.7,75.7,0.719,22.91,1.3,12.42,50.8,21.5,1
Maharashtra,4,5.0,27.8,1006.0,60.2,14.8,293.9,19.7,75.7,0.779,18.08,3.59,9.01,22.0,17.0,0
Maharashtra,5,32.5,24.1,1001.5,58.0,16.7,198.0,19.7,75.7,1.052,16.58,3.19,16.17,31.4,1.1,0
Maharashtra,5,24.0,22.1,1005.2,77.6,10.4,25.8,19.7,75.7,0.428,15.65,4.09,18.64,10.9,13.1,0
Maharashtra,5,31.5,32.5,1004.4,63.8,14.7,248.6,19.7,75.7,0.803,22.99,4.93,12.95,37.9,6.3,0
Maharashtra,5,30.1,31.3,1005.2,82.8,20.6,256.1,19.7,75.7,0.726,13.81,3.91,13.6,10.8,19.4,1
Maharashtra,5,28.8,33.4,1010.9,60.7,10.0,287.7,19.7,75.7,0.864,19.66,5.02,16.69,18.8,10.0,0
Maharashtra,5,24.5,26.8,1007.5,76.1,18.9,177.5,19.7,75.7,0.98,17.45,4.0,8.21,48.4,23.9,1
Maharashtra,5,16.0,30.3,1011.4,55.0,9.4,163.7,19.7,75.7,0.952,15.57,4.15,16.67,34.3,18.2,0
Maharashtra,5,0.0,34.8,1012.8,66.0,8.0,308.5,19.7,75.7,0.933,22.1,4.87,9.04,2.5,2.5,0
Maharashtra,5,69.8,28.3,1004.3,57.4,22.9,313.2,19.7,75.7,1.176,18.88,5.8,10.87,79.1,9.2,0
Maharashtra,5,25.5,33.8,1009.6,61.2,14.3,171.7,19.7,75.7,0.43,21.21,3.85,12.63,39.3,13.7,0
Maharashtra,5,42.9,30.4,1017.6,72.5,15.5,335.4,19.7,75.7,0.637,21.71,1.37,11.66,47.0,4.1,0
Maharashtra,5,8.7,26.4,1017.2,78.5,10.6,65.6,19.7,75.7,0.639,20.71,4.0,7.52,13.9,5.2,0
Maharashtra,5,27.9,32.1,1007.6,63.8,23.9,135.7,19.7,75.7,1.038,15.73,5.13,9.05,27.9,0.0,0
Maharashtra,5,2.2,25.8,1014.3,61.4,17.6,75.7,19.7,75.7,0.889,21.86,4.94,13.77,17.6,15.4,0
Maharashtra,5,49.8,25.7,1003.2,57.3,19.0,78.5,19.7,75.7,0.787,9.34,3.49,15.06,53.6,3.8,0
Maharashtra,5,23.9,26.2,1013.1,70.9,16.9,319.0,19.7,75.7,0.999,19.72,3.19,14.54,40.5,16.6,0
Maharashtra,5,39.1,29.9,1003.2,59.4,11.8,54.4,19.7,75.7,0.87,13.39,2.94,7.12,2.5,36.6,1
Maharashtra,5,19.0,37.5,1017.0,57.7,14.7,304.9,19.7,75.7,0.632,13.1,4.03,12.87,26.2,7.2,0
Maharashtra,5,31.4,26.9,1008.2,56.6,7.3,43.2,19.7,75.7,1.024,16.54,2.05,13.23,20.8,10.6,0
Maharashtra,5,47.0,25.9,1011.4,78.4,9.2,186.0,19.7,75.7,1.005,18.35,4.73,9.43,60.4,13.5,0
Maharashtra,5,13.5,29.6,1012.6,74.2,15.7,297.5,19.7,75.7,1.032,23.87,4.26,13.91,32.2,18.7,1
Maharashtra,5,13.4,22.9,1010.5,65.4,8.0,199.0,19.7,75.7,1.181,11.37,5.53,5.8,15.1,1.7,0
Maharashtra,5,49.8,26.9,1008.4,75.1,5.4,91.2,19.7,75.7,0.907,25.34,2.82,12.27,42.8,7.0,0
Maharashtra,5,4.9,32.8,1008.1,61.9,11.4,149.3,19.7,75.7,0.8,12.83,3.99,12.34,0.0,4.9,0
Maharashtra,5,23.5,29.2,1005.2,66.1,24.8,42.2,19.7,75.7,0.684,14.23,3.03,16.59,22.2,1.2,0
Maharashtra,5,24.8,36.2,1007.9,74.6,16.6,69.7,19.7,75.7,1.106,14.49,5.91,11.65,25.0,0.2,0
Maharashtra,5,4.1,24.6,1005.9,43.2,12.8,134.9,19.7,75.7,1.026,21.05,4.81,11.29,4.1,0.0,0
Maharashtra,5,17.4,34.2,1003.9,60.3,8.4,312.3,19.7,75.7,0.956,18.7,5.84,16.54,55.3,37.9,1
Maharashtra,5,19.9,27.2,1001.5,74.5,14.6,179.3,19.7,75.7,0.943,13.33,4.72,14.03,27.4,7.5,0
Maharashtra,5,10.4,33.0,1018.3,56.4,17.6,127.5,19.7,75.7,1.028,10.41,3.67,9.48,13.7,3.3,0
Maharashtra,5,34.2,20.8,1006.2,62.4,21.9,326.3,19.7,75.7,0.659,16.0,6.17,15.56,25.8,8.4,0
Maharashtra,5,16.9,27.3,1005.3,50.4,10.6,39.3,19.7,75.7,0.818,17.47,4.47,20.07,21.9,5.0,0
Maharashtra,5,38.1,25.9,1006.7,67.6,10.1,95.5,19.7,75.7,1.072,14.69,4.3,15.54,33.5,4.6,0
Maharashtra,5,38.2,28.5,1007.2,47.4,12.1,25.9,19.7,75.7,1.243,20.16,5.65,9.79,43.9,5.8,0
Maharashtra,5,40.1,24.7,1012.8,74.8,15.4,6.3,19.7,75.7,0.697,24.99,5.06,14.44,38.8,1.4,0
Maharashtra,5,21.7,28.9,1010.0,74.8,10.1,213.2,19.7,75.7,0.911,10.9,3.91,11.89,33.7,12.1,0
Maharashtra,5,52.0,20.5,1019.4,65.2,15.7,42.6,19.7,75.7,1.094,18.05,4.23,7.6,59.6,7.6,0
Maharashtra,5,34.3,27.3,1013.9,78.8,10.8,33.0,19.7,75.7,0.903,18.09,4.42,13.62,4.4,29.9,1
Maharashtra,5,18.2,22.8,1016.1,83.4,18.3,105.6,19.7,75.7,0.693,15.26,6.63,11.34,0.0,18.2,0
Maharashtra,5,37.1,34.3,1016.3,77.9,20.0,272.6,19.7,75.7,0.479,18.0,5.05,13.01,37.6,0.4,0
Maharashtra,6,8.2,24.1,1017.2,86.7,14.4,190.3,19.7,75.7,0.792,22.33,6.86,10.23,19.9,11.6,0
Maharashtra,6,31.7,30.2,1016.2,88.4,13.2,201.8,19.7,75.7,1.005,17.23,5.07,16.83,40.9,9.2,0
Maharashtra,6,9.5,26.2,1005.7,59.6,16.0,115.1,19.7,75.7,1.184,16.33,4.06,19.48,14.2,4.7,0
Maharashtra,6,23.7,27.4,1013.7,79.7,20.0,180.6,19.7,75.7,0.814,27.46,5.78,13.45,49.7,26.0,1
Maharashtra,6,14.9,33.7,1015.4,58.8,17.3,198.6,19.7,75.7,1.511,16.79,6.47,14.87,5.6,9.3,0
Maharashtra,6,21.4,28.1,1002.7,71.1,19.2,279.1,19.7,75.7,0.88,19.17,4.74,15.47,43.1,21.7,1
Maharashtra,6,27.5,22.5,1005.2,69.7,20.0,80.0,19.7,75.7,1.343,20.28,5.67,10.46,41.9,14.4,0
Maharashtra,6,6.5,27.8,1023.1,71.0,10.1,249.1,19.7,75.7,0.885,15.92,7.27,18.02,16.9,10.4,0
Maharashtra,6,17.2,26.9,1015.7,71.1,0.0,172.1,19.7,75.7,1.025,21.13,6.05,16.22,34.4,17.2,0
Maharashtra,6,16.7,23.2,1009.4,82.3,11.2,153.1,19.7,75.7,1.232,17.93,4.26,13.7,23.1,6.4,0
Maharashtra,6,0.0,25.9,1009.2,70.2,20.2,38.6,19.7,75.7,1.29,23.42,4.57,12.95,8.0,8.0,0
Maharashtra,6,32.4,31.4,1011.1,66.8,18.3,61.4,19.7,75.7,1.164,19.63,3.75,12.25,29.3,3.1,0
Maharashtra,6,27.3,30.2,1000.9,63.0,15.6,69.3,19.7,75.7,1.075,18.53,3.88,14.98,39.5,12.3,0
Maharashtra,6,10.0,27.1,1010.3,60.4,6.1,252.9,19.7,75.7,0.904,14.49,4.33,19.81,0.0,10.0,0
Maharashtra,6,18.9,36.6,1010.0,64.3,13.6,62.2,19.7,75.7,1.327,17.64,3.84,10.68,28.4,9.5,0
Maharashtra,6,1.3,26.2,1003.5,78.7,11.9,341.0,19.7,75.7,0.667,20.29,3.31,13.54,38.1,36.8,1
Maharashtra,6,37.8,27.6,1024.0,58.8,20.2,300.5,19.7,75.7,0.939,14.37,5.06,14.99,38.9,1.1,0
Maharashtra,6,40.3,25.8,1009.6,76.2,7.0,85.8,19.7,75.7,0.999,22.28,6.46,14.17,41.6,1.3,0
Maharashtra,6,9.7,29.4,1006.5,65.3,13.9,248.5,19.7,75.7,0.875,16.67,5.27,5.74,6.0,3.7,0
Maharashtra,6,5.3,32.9,1005.8,62.4,14.2,177.4,19.7,75.7,0.907,20.15,4.24,13.53,0.0,5.3,0
Maharashtra,6,5.3,28.3,1009.5,53.7,18.2,29.4,19.7,75.7,1.183,20.96,5.51,21.38,7.9,2.6,0
Maharashtra,6,7.0,22.0,1016.8,85.7,9.8,100.8,19.7,75.7,0.923,24.66,3.21,8.92,44.6,37.7,1
Maharashtra,6,28.1,29.9,1007.0,72.7,6.8,130.8,19.7,75.7,1.009,10.68,4.39,13.73,29.7,1.6,0
Maharashtra,6,14.7,24.1,998.9,69.4,12.9,175.3,19.7,75.7,1.001,18.58,4.2,8.35,30.8,16.1,0
Maharashtra,6,4.0,28.4,1004.0,64.1,20.2,82.8,19.7,75.7,1.214,21.08,5.23,9.48,6.6,2.6,0
Maharashtra,6,19.8,33.0,1005.5,70.6,15.5,216.8,19.7,75.7,0.961,23.07,2.7,9.98,0.0,19.8,1
Maharashtra,6,35.5,30.8,1012.5,61.2,11.6,154.0,19.7,75.7,1.277,26.54,5.7,15.81,63.0,27.5,1
Maharashtra,6,19.3,26.5,1007.4,58.2,13.5,40.1,19.7,75.7,1.193,21.93,6.47,9.93,54.6,35.3,1
Maharashtra,6,0.0,23.3,1004.9,81.1,15.5,55.2,19.7,75.7,0.829,14.26,6.11,17.22,25.0,25.0,1
Maharashtra,6,29.5,17.5,1001.8,72.6,12.6,24.5,19.7,75.7,0.767,23.55,5.3,16.32,24.7,4.8,0
Maharashtra,6,26.0,22.7,1007.4,42.7,6.6,279.5,19.7,75.7,1.463,12.56,3.26,15.47,61.0,35.0,1
Maharashtra,6,26.4,30.9,1006.3,62.9,14.8,171.4,19.7,75.7,1.133,13.33,5.82,14.94,30.0,3.6,0
Maharashtra,6,0.0,24.2,1014.0,65.9,15.8,33.1,19.7,75.7,0.982,14.27,4.87,15.93,10.6,10.6,0
Maharashtra,6,9.2,26.7,1010.7,65.9,13.0,86.1,19.7,75.7,0.798,24.08,3.36,16.78,24.5,15.3,0
Maharashtra,6,15.3,23.2,998.1,61.8,17.0,244.0,19.7,75.7,1.007,13.85,4.47,11.38,20.2,4.9,0
Maharashtra,6,15.5,23.3,1004.7,58.7,7.8,27.5,19.7,75.7,0.916,10.95,4.0,17.56,9.7,5.8,0
Maharashtra,6,46.6,24.7,1010.5,78.4,16.7,202.6,19.7,75.7,0.8,24.44,3.78,17.75,45.1,1.6,0
Maharashtra,6,25.5,22.6,1005.0,59.2,15.5,139.6,19.7,75.7,1.081,17.8,3.63,15.37,16.7,8.8,0
Maharashtra,6,40.1,27.6,1006.4,72.6,14.0,77.7,19.7,75.7,0.776,23.99,4.85,9.78,50.0,9.9,0
Maharashtra,6,14.6,24.6,1002.3,78.0,4.6,71.6,19.7,75.7,1.012,26.07,5.41,12.28,43.3,28.7,1
Maharashtra,7,4.3,29.0,1010.4,59.7,18.3,191.0,19.7,75.7,1.221,14.27,5.6,14.99,30.3,26.0,1
Maharashtra,7,24.8,32.9,1010.5,67.2,18.7,166.5,19.7,75.7,1.176,12.46,4.02,20.38,11.5,13.3,0
Maharashtra,7,39.2,30.8,1004.4,48.5,12.0,354.0,19.7,75.7,0.909,18.45,4.0,19.87,40.8,1.5,0
Maharashtra,7,15.7,33.6,1010.9,59.3,8.7,308.9,19.7,75.7,1.085,15.44,3.06,12.88,2.1,13.6,0
Maharashtra,7,0.0,23.6,1003.4,63.9,23.3,104.6,19.7,75.7,1.048,23.67,4.92,17.42,10.8,10.8,0
Maharashtra,7,27.4,39.0,1012.6,57.7,16.7,240.8,19.7,75.7,1.171,16.13,3.87,17.26,50.6,23.2,1
Maharashtra,7,33.3,31.4,1009.9,70.2,12.3,24.6,19.7,75.7,1.287,21.38,5.06,21.0,40.7,7.4,0
Maharashtra,7,26.7,29.9,1007.5,60.3,16.7,0.6,19.7,75.7,1.45,24.79,4.49,18.41,40.4,13.7,0
Maharashtra,7,45.9,25.9,1008.9,67.5,15.1,116.1,19.7,75.7,1.197,23.3,6.74,16.19,46.4,0.5,0
Maharashtra,7,37.8,24.8,1013.4,79.3,21.1,60.0,19.7,75.7,0.984,22.07,5.66,14.54,65.3,27.5,1
Maharashtra,7,34.5,24.4,1017.4,69.5,9.3,303.4,19.7,75.7,1.379,28.93,6.41,20.18,62.5,28.0,1
Maharashtra,7,34.2,29.3,1010.7,75.9,11.1,283.4,19.7,75.7,1.373,20.81,4.82,17.65,31.9,2.3,0
Maharashtra,7,4.9,32.5,1005.7,68.7,11.7,208.9,19.7,75.7,1.252,20.67,3.78,15.18,21.7,16.8,0
Maharashtra,7,28.4,28.4,1009.1,76.1,14.6,192.5,19.7,75.7,0.884,31.85,4.86,16.83,42.9,14.5,0
Maharashtra,7,19.1,28.0,1008.0,59.4,17.0,86.1,19.7,75.7,1.432,24.8,5.97,11.01,14.8,4.3,0
Maharashtra,7,47.2,44.6,1014.0,78.9,17.4,282.4,19.7,75.7,1.281,17.23,3.75,12.4,70.7,23.5,1
Maharashtra,7,24.6,28.4,1007.9,57.2,11.4,17.5,19.7,75.7,0.801,19.62,3.9,17.96,40.1,15.5,0
Maharashtra,7,5.3,26.8,1017.3,58.7,16.9,4.2,19.7,75.7,1.3,22.81,4.68,16.42,14.4,9.1,0
Maharashtra,7,24.0,22.7,1014.2,79.2,9.6,100.9,19.7,75.7,1.037,17.01,2.96,14.21,24.5,0.4,0
Maharashtra,7,3.0,28.7,1013.8,76.9,14.2,354.8,19.7,75.7,1.225,22.22,5.71,22.03,0.0,3.0,0
Maharashtra,7,0.0,23.7,1010.4,68.8,8.7,125.7,19.7,75.7,1.011,16.65,5.82,14.99,0.0,0.0,0
Maharashtra,7,13.7,29.0,1008.2,70.5,15.7,322.4,19.7,75.7,0.875,18.71,4.73,22.42,0.0,13.7,0
Maharashtra,7,18.9,28.3,1006.5,79.2,13.3,157.8,19.7,75.7,1.245,28.87,6.89,15.81,25.6,6.7,0
Maharashtra,7,26.2,28.5,1003.8,77.9,15.8,271.4,19.7,75.7,0.827,21.88,2.93,14.48,22.0,4.2,0
Maharashtra,7,30.0,35.5,1010.9,83.0,18.0,115.7,19.7,75.7,1.453,18.7,4.24,18.23,38.6,8.7,0
Maharashtra,7,28.9,27.0,1005.0,84.7,9.3,64.3,19.7,75.7,1.186,15.32,4.2,14.24,45.2,16.3,0
Maharashtra,7,19.8,27.6,1000.7,91.8,15.2,289.7,19.7,75.7,0.973,19.02,7.5,10.47,30.1,10.4,0
Maharashtra,7,6.6,26.3,1004.8,58.6,15.0,84.9,19.7,75.7,1.019,21.27,3.57,20.76,3.0,3.5,0
Maharashtra,7,21.8,25.6,1007.6,81.6,27.2,329.2,19.7,75.7,1.299,28.5,5.5,20.93,42.4,20.7,1
Maharashtra,7,27.7,29.4,998.9,71.4,7.1,124.1,19.7,75.7,1.12,17.18,5.19,16.64,37.4,9.7,0
Maharashtra,7,11.4,31.5,1007.6,72.9,8.8,208.0,19.7,75.7,1.301,25.51,4.24,14.59,3.1,8.2,0
Maharashtra,7,15.2,22.4,1007.3,74.8,10.9,181.6,19.7,75.7,1.038,25.85,4.47,14.5,7.7,7.5,0
Maharashtra,7,7.7,30.1,1007.3,69.0,21.2,265.5,19.7,75.7,0.752,24.22,5.47,14.84,17.6,9.8,0
Maharashtra,7,0.0,33.8,1010.6,59.8,11.9,131.5,19.7,75.7,1.019,19.7,3.61,18.55,26.8,26.8,1
Maharashtra,7,25.1,26.7,1010.2,68.3,9.4,244.3,19.7,75.7,1.022,22.62,5.21,16.86,6.4,18.6,1
Maharashtra,7,35.9,28.0,1020.8,64.6,16.4,178.4,19.7,75.7,1.12,21.36,4.02,20.81,23.8,12.1,0
Maharashtra,7,32.1,26.1,1007.1,54.3,21.5,232.3,19.7,75.7,0.839,26.64,4.6,17.23,50.8,18.7,1
Maharashtra,7,32.9,19.2,1011.5,67.5,13.2,137.5,19.7,75.7,0.76,22.4,3.56,15.37,40.0,7.1,0
Maharashtra,7,42.2,24.7,1015.3,78.0,12.7,29.9,19.7,75.7,0.793,22.72,4.32,19.82,36.0,6.3,0
Maharashtra,7,11.4,28.9,1004.6,68.6,19.7,275.3,19.7,75.7,1.106,22.45,3.17,17.4,20.7,9.2,0
Maharashtra,8,41.6,30.2,1007.0,79.3,13.7,13.2,19.7,75.7,1.113,25.35,5.2,22.57,83.9,42.2,1
Maharashtra,8,41.3,34.0,1000.3,54.8,13.6,226.3,19.7,75.7,1.136,16.94,7.03,24.09,70.7,29.4,1
Maharashtra,8,44.6,28.7,1003.8,69.7,25.7,103.9,19.7,75.7,1.084,27.93,7.06,15.08,46.5,1.9,0
Maharashtra,8,19.9,28.1,1013.5,61.0,20.6,227.2,19.7,75.7,1.64,24.78,5.53,19.35,23.8,3.9,0
Maharashtra,8,0.0,26.8,1006.7,53.1,14.8,89.6,19.7,75.7,1.106,24.48,5.77,16.39,5.1,5.1,0
Maharashtra,8,15.5,27.8,1008.3,60.0,16.5,228.0,19.7,75.7,1.142,33.19,5.48,16.79,14.9,0.6,0
Maharashtra,8,12.5,30.5,1004.6,63.3,12.5,123.6,19.7,75.7,0.825,21.65,6.7,18.22,45.0,32.5,1
Maharashtra,8,39.4,29.9,1017.4,68.0,15.5,315.3,19.7,75.7,1.484,23.51,4.87,19.39,33.9,5.5,0
Maharashtra,8,36.0,29.5,1007.1,74.7,7.8,275.5,19.7,75.7,1.083,34.95,5.84,15.84,18.2,17.8,0
Maharashtra,8,48.0,26.4,1004.0,72.4,18.4,30.8,19.7,75.7,1.179,24.14,5.93,18.64,62.6,14.6,0
Maharashtra,8,44.8,28.0,1003.9,67.6,19.0,168.8,19.7,75.7,0.819,27.18,7.47,13.83,51.4,6.7,0
Maharashtra,8,21.5,26.8,1009.5,56.1,9.7,100.2,19.7,75.7,1.146,19.0,6.6,16.38,20.9,0.6,0
Maharashtra,8,32.1,27.3,1012.2,59.7,8.2,99.4,19.7,75.7,1.187,18.54,3.98,18.17,25.9,6.2,0
Maharashtra,8,5.0,31.7,1004.8,80.5,15.3,236.0,19.7,75.7,1.133,12.88,4.29,17.25,18.3,13.2,0
Maharashtra,8,0.0,27.6,1002.4,71.3,15.1,115.1,19.7,75.7,1.389,25.34,6.68,16.58,58.1,58.1,1
Maharashtra,8,8.7,25.7,1012.5,76.5,17.6,168.4,19.7,75.7,0.758,29.86,5.41,21.37,0.0,8.7,0
Maharashtra,8,31.7,25.5,1010.9,72.2,17.0,202.0,19.7,75.7,1.164,22.78,6.24,20.6,41.3,9.6,0
Maharashtra,8,7.8,28.2,1021.1,85.5,0.3,316.8,19.7,75.7,1.362,22.77,5.1,16.83,25.7,17.9,0
Maharashtra,8,9.8,32.6,1007.7,59.6,20.8,77.4,19.7,75.7,1.064,21.22,8.22,15.57,0.0,9.8,0
Maharashtra,8,18.6,29.6,1011.9,91.8,22.2,322.9,19.7,75.7,0.997,30.0,5.21,15.65,17.2,1.4,0
Maharashtra,8,8.1,25.9,1006.8,76.3,13.3,27.9,19.7,75.7,0.854,24.34,5.74,15.97,5.0,3.1,0
Maharashtra,8,33.7,33.4,1004.1,69.9,20.0,210.8,19.7,75.7,1.172,23.35,4.08,18.13,41.3,7.6,0
Maharashtra,8,36.3,23.1,1008.0,82.8,25.6,213.1,19.7,75.7,0.94,25.31,5.07,18.48,28.4,8.0,0
Maharashtra,8,1.0,26.4,1011.6,71.9,17.2,246.0,19.7,75.7,1.256,25.62,5.32,17.88,39.2,38.3,1
Maharashtra,8,29.9,28.0,1008.5,66.8,13.0,107.1,19.7,75.7,1.074,22.92,4.7,17.95,46.6,16.7,0
Maharashtra,8,24.4,19.8,1011.0,70.2,10.2,40.7,19.7,75.7,0.896,27.69,5.58,10.82,32.9,8.5,0
Maharashtra,8,21.3,25.6,1004.3,67.7,12.8,81.4,19.7,75.7,1.43,22.53,4.77,14.24,43.5,22.2,1
Maharashtra,8,7.4,28.3,1005.1,63.7,9.7,190.1,19.7,75.7,1.177,24.45,4.71,17.36,30.2,22.7,1
Maharashtra,8,1.7,27.8,1003.2,58.5,16.5,103.7,19.7,75.7,0.932,28.8,6.75,11.83,0.0,1.7,0
Maharashtra,8,36.9,26.7,1015.5,75.2,16.7,204.7,19.7,75.7,1.273,18.4,7.22,18.89,30.0,6.9,0
Maharashtra,8,40.2,36.8,1006.9,74.5,13.0,317.0,19.7,75.7,0.874,23.5,5.7,23.02,13.8,26.4,1
Maharashtra,8,23.3,33.0,1006.8,67.3,11.0,78.5,19.7,75.7,0.81,20.99,4.46,17.98,14.3,9.0,0
Maharashtra,8,20.2,26.0,1007.8,63.7,9.9,1.6,19.7,75.7,1.389,24.02,4.92,17.26,0.0,20.2,1
Maharashtra,8,25.5,26.2,1003.3,61.5,13.1,198.5,19.7,75.7,1.394,19.79,5.03,16.15,48.1,22.6,1
Maharashtra,8,30.0,28.2,1010.7,63.0,22.0,135.1,19.7,75.7,1.004,22.59,7.13,16.35,52.7,22.8,1
Maharashtra,8,17.9,24.7,1011.3,60.3,19.3,196.4,19.7,75.7,1.0,23.22,4.99,18.67,57.2,39.3,1
Maharashtra,8,21.9,29.9,1008.1,69.2,14.4,337.2,19.7,75.7,1.242,22.35,4.56,20.67,31.1,9.2,0
Maharashtra,8,24.1,33.2,998.8,81.7,10.8,70.4,19.7,75.7,1.058,19.81,7.23,23.2,26.6,2.4,0
Maharashtra,8,32.9,28.0,1016.7,47.9,17.1,152.0,19.7,75.7,0.704,22.06,7.87,15.66,51.1,18.2,0
Maharashtra,8,46.4,27.7,1008.6,51.8,11.6,169.3,19.7,75.7,1.187,24.97,5.81,24.2,45.9,0.5,0
Maharashtra,9,54.9,28.2,1016.5,57.3,16.5,233.4,19.7,75.7,1.297,30.27,6.55,22.69,50.0,5.0,0
Maharashtra,9,17.1,27.7,1007.8,67.6,10.8,305.3,19.7,75.7,1.196,31.08,6.12,20.98,34.8,17.8,0
Maharashtra,9,17.0,29.1,1017.6,72.0,20.1,260.0,19.7,75.7,1.33,26.12,6.76,21.32,0.0,17.0,0
Maharashtra,9,33.7,26.9,1006.0,82.5,11.9,262.3,19.7,75.7,1.428,19.69,3.79,21.76,45.3,11.6,0
Maharashtra,9,37.3,25.9,1001.1,57.6,14.2,116.6,19.7,75.7,1.33,23.53,6.32,19.5,52.6,15.3,0
Maharashtra,9,37.7,26.3,1008.9,71.9,3.5,239.5,19.7,75.7,1.299,27.63,4.56,18.08,24.7,13.0,0
Maharashtra,9,41.5,22.0,1003.4,74.8,12.5,71.7,19.7,75.7,1.45,29.17,6.97,21.58,45.8,4.3,0
Maharashtra,9,26.7,25.1,1008.8,64.2,13.4,65.4,19.7,75.7,1.506,26.97,8.25,16.92,0.8,25.9,1
Maharashtra,9,41.0,24.6,1006.6,51.8,11.1,268.1,19.7,75.7,1.182,23.8,6.21,22.75,61.0,20.0,1
Maharashtra,9,4.6,30.1,1008.6,68.5,15.5,278.1,19.7,75.7,1.13,24.65,7.52,16.92,0.0,4.6,0
Maharashtra,9,28.9,23.1,999.4,66.1,22.8,91.4,19.7,75.7,1.305,16.86,6.63,19.31,24.1,4.8,0
Maharashtra,9,32.7,28.3,1002.7,72.8,21.6,106.2,19.7,75.7,1.095,24.67,7.13,15.35,50.3,17.6,0
Maharashtra,9,19.3,28.6,1005.2,63.8,23.2,309.7,19.7,75.7,1.366,32.3,6.92,15.04,3.1,16.2,0
Maharashtra,9,18.2,28.3,1009.1,56.8,11.2,303.8,19.7,75.7,1.233,33.31,4.98,16.1,4.0,14.2,0
Maharashtra,9,39.8,27.5,1003.5,65.9,11.6,287.3,19.7,75.7,1.806,27.58,5.99,17.04,25.1,14.7,0
Maharashtra,9,41.3,30.4,1005.7,81.6,15.7,38.7,19.7,75.7,1.328,24.67,4.95,18.6,65.3,24.0,1
Maharashtra,9,22.0,29.4,1002.6,77.3,17.2,168.9,19.7,75.7,1.224,29.1,4.59,15.82,28.0,6.0,0
Maharashtra,9,63.2,25.0,1010.5,72.1,12.7,97.0,19.7,75.7,1.179,23.94,4.11,18.96,87.4,24.2,1
Maharashtra,9,30.8,32.0,1010.9,68.9,12.5,235.9,19.7,75.7,0.975,24.31,6.28,24.18,46.7,15.9,0
Maharashtra,9,16.4,21.9,1007.0,77.6,14.5,12.8,19.7,75.7,1.233,28.24,4.18,23.84,2.6,13.8,0
Maharashtra,9,42.3,26.6,1007.4,67.1,16.9,236.5,19.7,75.7,1.48,31.01,6.5,24.17,52.9,10.7,0
Maharashtra,9,46.7,29.4,1005.3,71.3,18.1,45.9,19.7,75.7,1.351,28.84,6.07,10.2,86.7,40.0,1
Maharashtra,9,25.2,24.4,1002.4,66.1,12.8,153.8,19.7,75.7,1.132,27.49,8.54,21.49,53.4,28.2,1
Maharashtra,9,24.0,28.1,1010.1,62.9,13.5,204.3,19.7,75.7,1.487,25.65,4.67,18.15,5.5,18.5,1
Maharashtra,9,31.1,28.7,1006.6,71.9,17.7,324.5,19.7,75.7,1.028,24.36,6.59,23.77,32.1,1.0,0
Maharashtra,9,38.5,31.2,1007.0,81.0,21.6,247.5,19.7,75.7,1.36,34.82,5.36,25.4,61.3,22.8,1
Maharashtra,9,50.8,26.4,1012.2,83.8,10.2,100.0,19.7,75.7,0.841,24.66,5.12,18.38,111.5,60.7,1
Maharashtra,9,56.7,21.9,1010.8,77.5,13.9,320.1,19.7,75.7,1.324,19.99,4.86,19.55,66.5,9.8,0
Maharashtra,9,18.8,24.5,1007.6,78.4,15.2,301.8,19.7,75.7,1.13,26.15,5.67,20.8,10.7,8.1,0
Maharashtra,9,60.0,20.9,1016.6,70.4,18.4,27.7,19.7,75.7,1.44,22.46,6.82,24.63,51.7,8.2,0
Maharashtra,9,62.9,29.2,1005.8,60.6,14.5,125.3,19.7,75.7,1.186,24.32,4.81,21.28,65.9,3.0,0
Maharashtra,9,20.0,26.3,1009.8,70.2,12.1,140.0,19.7,75.7,1.259,20.82,5.75,20.77,38.4,18.4,1
Maharashtra,9,26.3,30.4,1003.1,60.0,14.3,221.0,19.7,75.7,1.301,24.27,7.95,18.17,76.6,50.3,1
Maharashtra,9,21.9,23.6,1007.2,67.0,11.6,303.9,19.7,75.7,1.333,27.23,5.55,17.3,49.4,27.5,1
Maharashtra,9,3.7,23.1,1006.8,83.0,13.7,12.3,19.7,75.7,1.274,30.56,4.2,21.24,7.6,3.9,0
Maharashtra,9,44.3,24.4,1008.1,68.5,10.6,302.3,19.7,75.7,1.153,25.9,5.19,18.04,15.3,29.0,1
Maharashtra,9,24.1,31.7,1011.5,68.6,16.8,163.1,19.7,75.7,1.594,33.65,6.3,26.8,20.7,3.4,0
Maharashtra,9,10.4,24.8,1006.9,92.6,14.2,159.5,19.7,75.7,1.089,29.94,7.3,17.58,0.0,10.4,0
Maharashtra,9,12.3,34.5,1011.4,70.2,24.9,42.9,19.7,75.7,1.262,25.31,5.4,18.18,0.0,12.3,0
Maharashtra,9,6.6,20.8,1013.4,53.9,25.3,259.5,19.7,75.7,1.616,23.92,4.22,22.88,43.0,36.4,1
Maharashtra,10,18.0,26.2,1003.5,68.8,16.5,101.3,19.7,75.7,0.999,24.92,7.39,19.81,17.3,0.7,0
Maharashtra,10,17.6,25.1,1015.0,58.6,19.6,0.8,19.7,75.7,1.411,24.32,6.13,20.42,15.4,2.2,0
Maharashtra,10,37.3,29.3,1018.9,72.8,6.4,177.0,19.7,75.7,1.322,35.3,8.32,18.92,59.9,22.7,1
Maharashtra,10,22.8,27.5,1011.4,81.1,20.5,47.1,19.7,75.7,1.859,25.79,4.62,16.19,64.1,41.3,1
Maharashtra,10,30.9,28.1,1005.3,65.5,12.1,281.4,19.7,75.7,1.343,28.99,6.96,19.16,9.1,21.8,1
Maharashtra,10,8.0,39.6,1015.4,83.4,12.6,45.7,19.7,75.7,1.199,22.0,5.84,24.41,32.4,24.4,1
Maharashtra,10,17.0,26.2,1011.7,64.3,16.4,66.4,19.7,75.7,1.441,28.26,5.77,18.78,2.4,14.5,0
Maharashtra,10,7.7,27.0,1012.1,56.2,17.4,287.7,19.7,75.7,0.995,26.17,8.53,22.09,0.0,7.7,0
Maharashtra,10,42.4,24.5,1011.5,63.1,15.7,66.1,19.7,75.7,1.363,24.98,6.28,16.91,60.6,18.2,0
Maharashtra,10,34.8,21.0,1013.0,68.2,16.8,237.0,19.7,75.7,1.428,31.91,6.2,23.54,45.9,11.1,0
Maharashtra,10,40.0,29.1,1014.2,77.2,13.8,102.7,19.7,75.7,1.352,24.21,5.29,14.05,16.5,23.5,1
Maharashtra,10,63.1,24.9,1017.5,74.0,15.8,42.7,19.7,75.7,1.363,34.82,8.42,21.26,47.8,15.3,0
Maharashtra,10,17.2,24.1,1014.4,86.3,17.0,66.6,19.7,75.7,1.672,23.33,6.61,21.82,9.6,7.6,0
Maharashtra,10,22.2,24.6,1015.1,89.1,16.6,147.3,19.7,75.7,1.242,27.25,5.89,20.14,38.1,15.9,0
Maharashtra,10,25.8,26.7,1007.1,66.8,13.8,261.6,19.7,75.7,1.008,33.55,6.71,22.27,46.6,20.9,1
Maharashtra,10,21.0,23.8,1002.8,67.5,19.5,240.4,19.7,75.7,1.484,17.78,6.09,23.94,26.5,5.4,0
Maharashtra,10,19.2,24.9,992.9,59.9,21.3,242.2,19.7,75.7,1.269,17.92,4.59,24.01,39.4,20.2,1
Maharashtra,10,11.9,25.0,1007.9,58.0,6.0,56.6,19.7,75.7,1.477,29.62,7.6,15.78,21.9,10.0,0
Maharashtra,10,27.9,27.2,1006.9,63.4,0.9,253.4,19.7,75.7,1.428,21.31,7.12,19.09,27.9,0.0,0
Maharashtra,10,20.1,29.6,1004.0,59.0,21.7,183.8,19.7,75.7,1.333,30.02,5.75,19.03,34.4,14.2,0
Maharashtra,10,8.0,28.4,1004.2,78.6,18.7,190.7,19.7,75.7,1.041,26.83,5.14,20.33,0.0,8.0,0
Maharashtra,10,8.1,32.3,1009.8,66.5,11.5,204.4,19.7,75.7,1.402,25.87,8.41,19.88,17.7,9.6,0
Maharashtra,10,10.4,26.1,1008.9,66.3,13.6,321.8,19.7,75.7,1.665,27.83,7.92,22.3,42.6,32.2,1
Maharashtra,10,22.6,26.7,1007.0,75.5,20.0,4.8,19.7,75.7,1.538,24.99,7.61,23.48,45.7,23.1,1
Maharashtra,10,34.2,30.4,1003.5,72.0,17.5,354.1,19.7,75.7,1.457,22.25,6.04,20.56,28.0,6.2,0
Maharashtra,10,33.4,27.8,1003.9,75.7,12.2,175.1,19.7,75.7,1.341,22.56,5.37,23.88,33.1,0.3,0
Maharashtra,10,10.8,30.9,1005.9,76.5,20.7,281.9,19.7,75.7,1.842,20.35,5.57,19.67,68.1,57.3,1
Maharashtra,10,60.1,32.7,1004.0,63.2,11.9,150.9,19.7,75.7,1.661,26.27,6.42,22.76,36.1,24.0,1
Maharashtra,10,32.9,23.1,1006.5,64.1,12.8,228.4,19.7,75.7,1.407,26.37,6.99,17.83,55.3,22.4,1
Maharashtra,10,28.9,25.6,1004.0,67.6,25.4,93.5,19.7,75.7,1.134,30.92,5.98,21.29,23.3,5.6,0
Maharashtra,10,52.1,25.1,1015.0,59.5,14.5,312.9,19.7,75.7,1.396,36.33,6.23,21.21,99.4,47.3,1
Maharashtra,10,8.5,20.9,1004.0,78.1,8.0,62.7,19.7,75.7,1.468,35.31,7.8,21.53,45.1,36.6,1
Maharashtra,10,40.5,25.7,1002.3,64.3,15.8,143.0,19.7,75.7,0.935,26.37,6.58,22.08,79.4,38.9,1
Maharashtra,10,35.0,23.9,998.9,76.9,11.7,64.1,19.7,75.7,1.642,21.07,7.21,24.31,65.7,30.7,1
Maharashtra,10,0.0,24.1,1001.6,75.2,18.1,42.5,19.7,75.7,1.302,30.45,6.73,20.87,0.4,0.4,0
Maharashtra,10,15.6,27.4,1008.3,76.2,19.5,227.4,19.7,75.7,1.581,25.75,4.82,21.87,27.6,12.1,0
Maharashtra,10,39.8,22.4,1017.0,77.1,14.6,243.9,19.7,75.7,1.578,22.84,9.26,18.6,84.5,44.6,1
Maharashtra,10,29.2,33.8,1004.3,70.2,20.0,213.4,19.7,75.7,1.583,25.3,6.65,24.18,24.3,4.9,0
Maharashtra,10,41.0,26.6,1009.0,70.8,12.1,124.9,19.7,75.7,1.391,26.84,8.44,23.47,55.3,14.3,0
Maharashtra,10,20.2,24.2,1017.9,59.9,16.6,153.4,19.7,75.7,1.3,23.24,5.61,18.8,13.5,6.7,0
Madhya Pradesh,1,27.3,28.8,1005.4,66.6,15.7,97.8,23.5,78.6,0.62,3.72,3.91,6.57,30.7,3.4,0
Madhya Pradesh,1,0.7,23.9,999.7,57.9,15.3,206.6,23.5,78.6,0.13,5.16,2.04,5.56,0.6,0.1,0
Madhya Pradesh,1,23.4,33.8,1018.0,49.3,8.1,282.8,23.5,78.6,0.349,12.24,2.75,11.34,32.4,9.0,0
Madhya Pradesh,1,23.8,27.2,1007.5,62.4,4.9,352.0,23.5,78.6,0.589,7.42,4.07,4.71,15.2,8.6,0
Madhya Pradesh,1,23.1,23.7,1007.0,67.6,14.3,21.9,23.5,78.6,0.556,11.0,1.55,7.48,16.5,6.6,0
Madhya Pradesh,1,30.4,23.2,1006.3,52.3,8.7,135.5,23.5,78.6,0.334,13.38,2.77,5.21,31.5,1.1,0
Madhya Pradesh,1,25.9,32.5,1002.3,58.7,14.8,194.7,23.5,78.6,0.23,11.8,1.43,10.51,30.8,4.9,0
Madhya Pradesh,1,0.0,26.7,1005.3,67.1,11.4,347.7,23.5,78.6,0.161,11.0,2.84,6.92,2.8,2.8,0
Madhya Pradesh,1,1.6,29.6,1020.7,77.2,11.0,123.6,23.5,78.6,0.0,13.07,3.44,4.97,0.0,1.6,0
Madhya Pradesh,1,0.0,30.6,1007.6,72.4,12.8,107.6,23.5,78.6,0.514,12.12,0.0,2.9,0.7,0.7,0
Madhya Pradesh,1,24.1,36.4,1007.2,59.4,2.6,198.9,23.5,78.6,0.33,20.63,1.61,12.92,31.0,6.9,0
Madhya Pradesh,1,0.0,29.8,1011.9,63.2,16.6,339.5,23.5,78.6,0.559,8.73,1.09,6.37,4.5,4.5,0
Madhya Pradesh,1,0.0,29.5,1007.5,52.5,10.7,53.5,23.5,78.6,0.826,9.68,3.74,6.25,0.0,0.0,0
Madhya Pradesh,1,18.7,26.2,1006.3,55.0,12.8,120.0,23.5,78.6,0.627,15.14,4.57,0.46,14.6,4.1,0
Madhya Pradesh,1,0.0,31.4,1004.5,60.6,11.3,109.5,23.5,78.6,0.143,3.76,2.5,10.2,0.7,0.7,0
Madhya Pradesh,1,0.0,20.3,1012.8,58.1,6.7,176.5,23.5,78.6,0.152,4.96,2.21,2.97,2.1,2.1,0
Madhya Pradesh,1,6.5,37.7,999.5,67.1,13.3,116.4,23.5,78.6,0.459,11.88,2.62,10.75,0.0,6.5,0
Madhya Pradesh,1,0.0,34.8,1012.6,70.9,18.6,87.6,23.5,78.6,0.599,13.06,1.71,14.49,4.9,4.9,0
Madhya Pradesh,1,0.0,30.4,1004.4,77.1,15.1,57.2,23.5,78.6,0.74,12.56,1.51,6.14,7.9,7.9,0
Madhya Pradesh,1,5.0,27.5,1008.2,54.8,1.2,189.0,23.5,78.6,0.042,4.83,0.37,1.65,8.1,3.1,0
Madhya Pradesh,1,6.9,27.8,1001.4,58.9,14.3,272.9,23.5,78.6,0.605,12.66,2.2,1.04,5.5,1.4,0
Madhya Pradesh,1,8.5,25.7,1002.7,66.2,24.6,199.1,23.5,78.6,0.439,3.55,3.99,9.22,16.5,8.0,0
Madhya Pradesh,1,27.7,27.1,1006.5,82.6,15.6,311.7,23.5,78.6,0.531,6.47,3.58,7.82,19.4,8.3,0
Madhya Pradesh,1,13.3,29.7,1009.8,71.3,19.9,238.4,23.5,78.6,0.445,13.39,5.19,9.35,17.4,4.0,0
Madhya Pradesh,1,15.5,29.9,1008.1,87.2,8.7,303.4,23.5,78.6,0.415,2.88,2.27,4.96,21.8,6.3,0
Madhya Pradesh,1,11.0,24.8,1015.4,76.4,20.3,53.8,23.5,78.6,0.433,11.61,1.81,6.99,12.4,1.4,0
Madhya Pradesh,1,0.0,29.4,1005.8,63.1,14.2,218.1,23.5,78.6,0.27,7.45,1.58,4.11,0.0,0.0,0
Madhya Pradesh,1,7.2,31.2,1009.6,54.9,18.9,32.7,23.5,78.6,0.26,13.7,2.89,6.13,11.1,3.9,0
Madhya Pradesh,1,9.5,31.0,1008.9,62.1,2.3,327.6,23.5,78.6,0.365,11.91,3.08,5.56,18.4,8.9,0
Madhya Pradesh,1,12.5,29.5,1007.3,82.3,8.8,153.8,23.5,78.6,0.193,11.71,1.8,5.19,10.2,2.3,0
Madhya Pradesh,1,10.6,23.8,996.8,70.1,1.8,268.5,23.5,78.6,0.752,8.14,4.06,6.53,25.7,15.1,0
Madhya Pradesh,1,3.8,19.4,1007.6,82.6,15.1,205.2,23.5,78.6,0.506,12.68,2.4,14.48,3.4,0.4,0
Madhya Pradesh,1,23.0,31.9,1004.5,61.3,17.5,48.7,23.5,78.6,0.508,2.26,3.29,7.46,25.7,2.6,0
Madhya Pradesh,1,14.6,27.2,1005.0,63.1,10.1,116.9,23.5,78.6,0.622,4.93,4.94,5.3,18.5,3.9,0
Madhya Pradesh,1,21.6,21.0,1006.8,59.8,13.4,330.9,23.5,78.6,0.425,8.31,3.78,7.5,24.5,2.8,0
Madhya Pradesh,1,11.8,36.2,1008.9,60.4,2.9,248.4,23.5,78.6,0.347,8.37,1.83,7.65,10.1,1.7,0
Madhya Pradesh,1,0.0,31.3,1014.8,54.4,13.6,314.5,23.5,78.6,0.145,6.44,3.86,4.26,0.0,0.0,0
Madhya Pradesh,1,10.3,29.0,1004.1,85.4,11.1,185.0,23.5,78.6,0.36,10.56,3.98,11.59,7.4,2.9,0
Madhya Pradesh,1,24.3,31.0,1012.9,64.6,11.5,306.7,23.5,78.6,0.631,15.06,2.74,6.28,11.9,12.4,0
Madhya Pradesh,1,0.0,27.3,1002.5,73.6,5.8,8.3,23.5,78.6,0.348,13.62,1.77,7.96,3.4,3.4,0
Madhya Pradesh,2,23.5,32.1,1007.8,49.0,11.6,270.7,23.5,78.6,0.576,7.43,4.32,7.83,19.8,3.7,0
Madhya Pradesh,2,5.5,36.4,1011.3,76.5,7.6,288.3,23.5,78.6,0.383,11.12,2.74,6.32,5.0,0.5,0
Madhya Pradesh,2,1.1,28.0,1013.6,50.9,14.5,215.9,23.5,78.6,0.483,8.27,4.06,4.84,3.8,2.7,0
Madhya Pradesh,2,0.0,21.2,1007.2,53.4,12.7,200.8,23.5,78.6,0.89,10.76,4.17,8.98,2.4,2.4,0
Madhya Pradesh,2,0.0,35.2,1002.8,79.8,15.5,87.1,23.5,78.6,0.582,18.92,4.79,6.25,0.0,0.0,0
Madhya Pradesh,2,12.9,28.0,1014.0,73.4,4.3,286.7,23.5,78.6,0.483,10.53,3.25,11.38,23.4,10.5,0
Madhya Pradesh,2,1.7,28.5,1005.8,49.2,12.3,262.7,23.5,78.6,0.177,10.29,2.88,8.65,0.0,1.7,0
Madhya Pradesh,2,0.0,23.2,1014.7,56.2,10.3,304.3,23.5,78.6,0.372,11.75,4.23,10.84,0.0,0.0,0
Madhya Pradesh,2,2.1,29.9,1017.6,58.4,10.3,17.0,23.5,78.6,0.643,13.11,1.93,6.19,7.7,5.5,0
Madhya Pradesh,2,28.2,27.7,1007.9,55.7,22.1,55.1,23.5,78.6,0.735,10.5,3.05,3.29,15.9,12.3,0
Madhya Pradesh,2,28.1,29.0,1009.0,53.5,8.3,248.5,23.5,78.6,0.867,7.9,3.76,8.36,32.4,4.3,0
Madhya Pradesh,2,36.0,26.9,1014.2,69.8,12.7,254.5,23.5,78.6,0.577,10.0,4.61,11.54,48.8,12.8,0
Madhya Pradesh,2,0.0,30.5,1009.1,65.7,15.8,93.8,23.5,78.6,0.655,9.31,4.75,10.12,8.2,8.2,0
Madhya Pradesh,2,18.1,33.3,1013.1,64.9,17.8,138.4,23.5,78.6,0.903,14.77,2.2,14.78,7.1,11.0,0
Madhya Pradesh,2,20.0,25.9,1017.4,68.5,8.8,98.4,23.5,78.6,0.376,9.16,2.56,5.53,24.3,4.4,0
Madhya Pradesh,2,16.7,24.7,999.7,69.1,15.5,311.4,23.5,78.6,0.629,16.67,4.15,15.83,44.7,27.9,1
Madhya Pradesh,2,0.0,19.9,1008.0,71.0,12.4,63.7,23.5,78.6,0.465,7.61,2.3,7.19,9.4,9.4,0
Madhya Pradesh,2,5.1,27.5,1010.9,64.0,18.4,327.5,23.5,78.6,0.292,11.6,3.44,5.19,17.4,12.2,0
Madhya Pradesh,2,37.0,26.2,1015.4,42.2,18.2,36.7,23.5,78.6,0.714,6.54,2.87,5.36,39.6,2.6,0
Madhya Pradesh,2,35.7,28.3,1018.6,62.1,20.3,176.4,23.5,78.6,0.462,8.24,4.8,8.34,22.2,13.5,0
Madhya Pradesh,2,0.0,24.6,1012.7,74.1,11.3,117.7,23.5,78.6,0.662,5.87,3.5,8.91,1.8,1.8,0
Madhya Pradesh,2,16.8,29.1,1010.5,52.7,15.9,215.3,23.5,78.6,0.583,12.79,2.82,10.46,20.8,4.0,0
Madhya Pradesh,2,0.0,32.0,999.8,68.8,10.9,31.2,23.5,78.6,0.554,7.55,3.56,7.96,0.0,0.0,0
Madhya Pradesh,2,29.2,29.5,1011.2,80.2,19.8,343.4,23.5,78.6,0.459,4.67,3.2,11.07,34.7,5.5,0
Madhya Pradesh,2,0.0,32.2,1012.7,63.0,17.7,71.0,23.5,78.6,0.382,15.47,1.43,7.62,1.1,1.1,0
Madhya Pradesh,2,0.7,29.9,1014.6,78.5,16.4,219.6,23.5,78.6,0.252,11.05,2.91,6.29,17.0,16.4,0
Madhya Pradesh,2,13.0,30.9,1012.9,66.5,25.8,149.0,23.5,78.6,0.398,6.61,4.83,10.19,11.1,1.8,0
Madhya Pradesh,2,0.2,34.2,1009.8,80.1,12.5,193.8,23.5,78.6,0.579,7.89,2.78,4.24,7.5,7.3,0
Madhya Pradesh,2,21.6,32.7,1011.3,64.7,20.6,162.2,23.5,78.6,0.797,16.19,2.8,8.95,32.4,10.8,0
Madhya Pradesh,2,0.0,24.2,1001.5,64.9,11.1,215.4,23.5,78.6,0.549,10.0,4.37,13.83,6.8,6.8,0
Madhya Pradesh,2,2.4,31.3,1008.0,63.6,8.5,169.8,23.5,78.6,0.484,13.6,3.56,13.26,10.5,8.2,0
Madhya Pradesh,2,17.2,27.5,1002.8,60.3,9.3,221.7,23.5,78.6,0.317,16.79,3.39,6.66,22.2,5.0,0
Madhya Pradesh,2,0.0,29.8,1014.4,64.8,3.9,64.4,23.5,78.6,0.775,11.42,1.25,14.89,0.0,0.0,0
Madhya Pradesh,2,8.4,24.6,1002.8,61.5,16.0,123.1,23.5,78.6,0.442,6.34,3.52,9.31,12.9,4.5,0
Madhya Pradesh,2,15.2,28.2,1008.5,64.2,18.2,310.5,23.5,78.6,0.555,10.36,3.26,5.81,24.5,9.3,0
Madhya Pradesh,2,17.4,27.0,1012.5,66.2,7.9,57.2,23.5,78.6,0.567,14.23,3.95,7.46,17.1,0.3,0
Madhya Pradesh,2,11.6,30.2,1010.4,69.0,12.3,123.3,23.5,78.6,0.384,20.3,3.87,4.41,15.3,3.7,0
Madhya Pradesh,2,21.8,27.3,1000.5,55.6,15.5,254.7,23.5,78.6,0.229,12.53,2.68,5.7,19.3,2.5,0
Madhya Pradesh,2,0.0,30.6,1004.0,60.6,14.5,321.6,23.5,78.6,0.378,2.43,3.39,8.02,0.0,0.0,0
Madhya Pradesh,2,0.0,28.8,1010.4,67.0,21.0,334.6,23.5,78.6,0.498,13.34,3.01,7.92,13.1,13.1,0
Madhya Pradesh,3,1.5,28.6,1013.9,69.6,11.4,215.8,23.5,78.6,0.144,20.27,3.77,7.22,5.5,4.0,0
Madhya Pradesh,3,0.8,27.2,1003.3,52.4,2.7,39.1,23.5,78.6,0.803,8.02,4.04,11.85,5.8,5.0,0
Madhya Pradesh,3,9.4,29.1,1005.9,78.5,22.6,254.8,23.5,78.6,0.168,10.22,3.4,10.37,0.0,9.4,0
Madhya Pradesh,3,0.0,33.8,1005.2,51.6,7.7,285.8,23.5,78.6,0.434,12.93,2.23,3.74,15.4,15.4,0
Madhya Pradesh,3,18.6,27.2,1005.4,81.1,16.2,219.7,23.5,78.6,0.482,12.17,3.88,7.33,20.6,2.0,0
Madhya Pradesh,3,5.6,30.1,1001.4,72.2,14.8,51.0,23.5,78.6,0.688,10.51,2.6,10.61,15.0,9.4,0
Madhya Pradesh,3,6.6,26.2,1007.1,61.0,20.8,98.6,23.5,78.6,0.601,8.24,4.29,7.14,4.4,2.3,0
Madhya Pradesh,3,23.5,30.1,995.5,64.9,13.8,100.3,23.5,78.6,0.63,4.73,0.0,6.05,29.8,6.3,0
Madhya Pradesh,3,0.0,25.2,998.4,64.1,23.0,241.7,23.5,78.6,0.577,15.32,3.43,8.33,11.8,11.8,0
Madhya Pradesh,3,19.6,29.7,1007.3,63.0,17.8,220.4,23.5,78.6,0.508,16.89,2.14,13.28,26.8,7.3,0
Madhya Pradesh,3,0.5,30.6,1004.7,66.8,10.8,318.2,23.5,78.6,0.787,14.04,2.05,5.77,7.7,7.2,0
Madhya Pradesh,3,17.9,25.9,1016.0,74.6,10.1,343.2,23.5,78.6,0.553,10.64,4.91,11.93,21.5,3.6,0
Madhya Pradesh,3,22.3,31.8,1008.3,70.5,16.2,7.9,23.5,78.6,0.443,9.26,3.05,6.86,11.7,10.6,0
Madhya Pradesh,3,22.3,29.9,1001.3,64.1,12.3,186.0,23.5,78.6,0.382,6.55,4.02,4.37,22.5,0.2,0
Madhya Pradesh,3,9.0,28.1,1009.3,82.5,5.2,116.3,23.5,78.6,0.096,17.54,0.95,16.29,6.1,2.9,0
Madhya Pradesh,3,30.4,32.9,1005.8,62.9,9.0,169.5,23.5,78.6,0.514,8.69,4.04,6.28,30.5,0.1,0
Madhya Pradesh,3,14.7,26.0,1005.5,81.8,12.2,329.6,23.5,78.6,0.563,13.79,2.16,10.26,20.4,5.7,0
Madhya Pradesh,3,0.0,35.7,1015.3,58.5,7.6,319.6,23.5,78.6,0.313,17.43,2.84,13.84,0.0,0.0,0
Madhya Pradesh,3,11.8,33.6,1006.4,69.2,18.7,16.2,23.5,78.6,0.346,6.13,4.1,10.14,23.5,11.6,0
Madhya Pradesh,3,9.7,22.8,996.2,95.2,15.8,274.2,23.5,78.6,0.654,6.24,2.45,14.21,19.5,9.8,0
Madhya Pradesh,3,3.2,23.6,1005.4,63.3,23.4,200.7,23.5,78.6,0.36,11.73,3.72,5.13,9.0,5.8,0
Madhya Pradesh,3,29.3,29.1,1004.0,61.2,4.9,321.6,23.5,78.6,0.661,8.38,5.73,11.35,17.2,12.1,0
Madhya Pradesh,3,0.0,24.6,1015.9,75.4,21.3,90.6,23.5,78.6,0.557,6.98,3.82,8.39,1.2,1.2,0
Madhya Pradesh,3,34.7,28.0,1014.7,50.6,26.6,165.6,23.5,78.6,0.74,15.43,2.8,11.43,46.9,12.3,0
Madhya Pradesh,3,3.9,25.7,1008.2,65.3,20.2,259.4,23.5,78.6,0.584,14.39,0.94,7.13,10.0,6.1,0
Madhya Pradesh,3,28.1,29.3,1015.3,75.2,10.8,280.5,23.5,78.6,0.68,10.17,5.24,5.65,35.0,6.9,0
Madhya Pradesh,3,23.0,27.3,1005.3,65.7,17.3,9.6,23.5,78.6,0.385,16.57,3.88,12.0,32.2,9.1,0
Madhya Pradesh,3,42.1,33.0,1004.4,71.2,10.4,191.2,23.5,78.6,0.316,10.82,4.05,8.78,34.1,8.0,0
Madhya Pradesh,3,0.0,37.0,1009.6,58.3,15.5,40.3,23.5,78.6,0.722,0.82,6.58,3.43,2.5,2.5,0
Madhya Pradesh,3,0.0,25.6,1009.4,45.8,12.7,125.5,23.5,78.6,0.43,6.41,3.23,7.96,0.0,0.0,0
Madhya Pradesh,3,0.0,30.6,1011.0,55.8,8.6,322.3,23.5,78.6,0.405,12.68,5.16,8.8,0.0,0.0,0
Madhya Pradesh,3,18.5,27.8,1007.2,71.3,16.7,135.9,23.5,78.6,0.586,20.22,4.84,11.48,23.2,4.7,0
Madhya Pradesh,3,0.1,33.1,1008.7,60.7,12.0,107.8,23.5,78.6,0.81,14.7,3.62,8.85,0.0,0.1,0
Madhya Pradesh,3,0.0,22.9,1004.3,57.6,14.6,310.9,23.5,78.6,0.573,17.6,2.46,8.57,3.0,3.0,0
Madhya Pradesh,3,27.7,29.0,1008.7,50.0,8.7,295.8,23.5,78.6,0.183,17.34,4.0,6.73,21.4,6.4,0
Madhya Pradesh,3,38.4,34.2,1007.4,67.8,10.0,2.4,23.5,78.6,0.464,11.65,5.57,8.69,31.7,6.6,0
Madhya Pradesh,3,0.0,29.1,1004.2,69.0,5.1,16.0,23.5,78.6,0.386,12.15,2.99,14.13,3.9,3.9,0
Madhya Pradesh,3,39.0,30.8,1015.1,64.4,14.9,203.5,23.5,78.6,0.779,14.09,3.01,8.5,53.9,14.9,0
Madhya Pradesh,3,31.1,26.2,1004.3,57.5,17.3,120.6,23.5,78.6,0.762,14.15,2.75,13.67,22.5,8.6,0
Madhya Pradesh,3,35.2,29.8,997.6,82.4,18.1,99.4,23.5,78.6,0.405,5.69,6.3,6.21,26.3,8.9,0
Madhya Pradesh,4,18.6,21.8,1003.1,76.9,15.9,54.6,23.5,78.6,0.681,11.78,3.78,7.88,16.8,1.8,0
Madhya Pradesh,4,7.0,25.5,1013.2,74.7,8.9,251.4,23.5,78.6,0.646,22.17,2.62,9.68,11.8,4.8,0
Madhya Pradesh,4,13.7,26.6,1013.8,71.5,17.8,202.3,23.5,78.6,0.856,19.89,5.45,17.14,31.2,17.5,1
Madhya Pradesh,4,6.3,31.8,1011.6,86.2,8.8,14.5,23.5,78.6,0.541,15.6,3.59,11.6,0.0,6.3,0
Madhya Pradesh,4,25.6,29.2,1008.8,86.5,11.7,231.3,23.5,78.6,0.698,14.34,6.52,10.36,24.0,1.6,0
Madhya Pradesh,4,39.8,27.2,1000.0,59.6,7.4,170.3,23.5,78.6,0.605,13.27,5.27,12.05,49.4,9.6,0
Madhya Pradesh,4,3.3,31.9,1015.0,70.9,15.7,71.8,23.5,78.6,0.888,20.68,4.24,8.38,7.0,3.7,0
Madhya Pradesh,4,9.5,27.0,1011.2,69.8,18.6,233.7,23.5,78.6,0.505,11.55,3.17,9.6,30.8,21.3,1
Madhya Pradesh,4,40.9,31.7,1008.6,53.4,14.7,116.4,23.5,78.6,1.004,7.13,4.31,7.54,46.8,5.9,0
Madhya Pradesh,4,23.9,32.5,1007.7,74.6,10.3,193.2,23.5,78.6,0.878,14.88,3.21,9.33,39.5,15.6,0
Madhya Pradesh,4,0.7,24.6,1011.0,62.6,6.3,269.9,23.5,78.6,0.467,9.15,3.61,8.31,0.5,0.2,0
Madhya Pradesh,4,3.4,31.3,1008.6,76.8,10.6,310.1,23.5,78.6,0.297,7.21,5.95,11.59,8.7,5.2,0
Madhya Pradesh,4,20.8,30.7,1009.5,57.3,17.7,308.5,23.5,78.6,0.963,20.61,4.25,6.48,44.6,23.8,1
Madhya Pradesh,4,1.7,29.8,1006.7,62.7,17.4,55.1,23.5,78.6,0.78,10.29,3.64,7.86,4.3,2.7,0
Madhya Pradesh,4,13.5,35.8,1006.7,45.7,20.6,324.5,23.5,78.6,0.651,11.8,2.71,15.98,18.0,4.4,0
Madhya Pradesh,4,0.0,29.7,1014.0,68.6,9.1,64.1,23.5,78.6,0.494,19.64,3.76,5.13,6.9,6.9,0
Madhya Pradesh,4,17.0,26.6,1002.9,56.4,19.0,184.2,23.5,78.6,0.773,14.53,4.24,8.76,19.5,2.5,0
Madhya Pradesh,4,30.5,34.1,1001.9,64.9,17.8,309.1,23.5,78.6,1.034,10.37,5.38,10.34,47.3,16.8,0
Madhya Pradesh,4,25.5,23.3,1010.7,77.1,13.5,232.5,23.5,78.6,0.363,16.29,4.1,7.4,24.4,1.1,0
Madhya Pradesh,4,17.1,26.2,1008.0,49.5,20.3,225.4,23.5,78.6,0.458,3.71,5.08,11.84,22.0,4.9,0
Madhya Pradesh,4,26.5,31.8,1009.0,64.5,11.5,190.1,23.5,78.6,0.957,13.14,5.62,11.28,36.1,9.6,0
Madhya Pradesh,4,46.8,35.0,1016.4,59.0,24.6,227.8,23.5,78.6,0.632,4.92,4.24,6.91,54.8,7.9,0
Madhya Pradesh,4,0.0,35.6,1010.8,89.8,8.5,132.2,23.5,78.6,0.317,14.38,3.09,8.82,0.0,0.0,0
Madhya Pradesh,4,3.0,23.4,1005.8,68.2,19.4,52.2,23.5,78.6,0.911,7.64,3.33,12.3,12.0,9.0,0
Madhya Pradesh,4,3.7,32.1,1005.3,59.2,16.0,180.3,23.5,78.6,0.573,11.32,2.57,8.98,18.3,14.6,0
Madhya Pradesh,4,18.3,32.2,1010.6,60.9,5.4,342.3,23.5,78.6,0.543,10.56,5.03,13.08,44.1,25.7,1
Madhya Pradesh,4,5.0,34.8,1016.0,64.7,16.0,127.4,23.5,78.6,0.666,13.01,3.1,3.08,9.7,4.7,0
Madhya Pradesh,4,5.7,24.1,1010.1,52.5,17.6,144.3,23.5,78.6,0.598,13.3,2.42,12.42,11.2,5.5,0
Madhya Pradesh,4,18.5,30.4,1004.8,51.8,18.4,288.8,23.5,78.6,0.571,15.19,5.36,13.58,16.2,2.3,0
Madhya Pradesh,4,0.0,23.1,1006.4,81.6,10.0,117.4,23.5,78.6,0.554,11.43,3.84,6.32,14.3,14.3,0
Madhya Pradesh,4,13.2,38.3,1002.1,82.9,20.6,240.5,23.5,78.6,0.599,9.87,2.76,10.16,17.0,3.8,0
Madhya Pradesh,4,0.0,37.6,1006.7,67.7,10.5,156.9,23.5,78.6,0.606,13.54,3.83,12.58,5.9,5.9,0
Madhya Pradesh,4,24.4,28.4,1009.2,64.6,18.6,268.2,23.5,78.6,0.688,12.92,3.62,9.84,28.8,4.4,0
Madhya Pradesh,4,14.3,26.2,1011.8,75.3,22.5,263.8,23.5,78.6,0.811,5.92,4.84,5.79,9.2,5.1,0
Madhya Pradesh,4,19.5,25.9,1004.2,62.2,17.2,43.3,23.5,78.6,0.667,12.04,4.83,12.71,4.8,14.7,0
Madhya Pradesh,4,28.9,26.0,1009.2,57.6,15.5,175.2,23.5,78.6,0.703,11.71,3.57,5.76,47.8,18.9,1
Madhya Pradesh,4,19.2,24.2,1002.9,67.2,18.3,244.3,23.5,78.6,0.9,13.19,2.73,8.76,42.4,23.2,1
Madhya Pradesh,4,0.0,25.5,1012.8,69.2,9.6,76.4,23.5,78.6,0.88,14.88,3.12,8.79,8.2,8.2,0
Madhya Pradesh,4,0.0,33.7,1016.5,64.6,15.4,67.8,23.5,78.6,1.069,19.78,1.77,9.22,11.5,11.5,0
Madhya Pradesh,4,8.6,35.5,1016.1,58.8,12.8,300.8,23.5,78.6,0.639,12.65,5.0,7.5,0.0,8.6,0
Madhya Pradesh,5,0.0,24.1,1004.7,69.4,8.6,34.3,23.5,78.6,0.571,10.67,3.63,9.56,11.2,11.2,0
Madhya Pradesh,5,3.8,26.8,1005.3,75.6,13.2,303.4,23.5,78.6,0.526,14.94,3.61,7.67,6.2,2.4,0
Madhya Pradesh,5,39.7,24.8,1007.4,54.4,6.7,352.5,23.5,78.6,0.667,13.51,4.03,6.41,36.6,3.1,0
Madhya Pradesh,5,23.5,22.8,1006.2,70.4,10.1,321.9,23.5,78.6,0.453,18.69,4.74,11.52,39.0,15.5,0
Madhya Pradesh,5,12.5,25.8,1014.9,85.9,10.5,318.2,23.5,78.6,0.966,14.82,5.01,13.69,11.9,0.6,0
Madhya Pradesh,5,22.4,28.2,1001.9,57.6,10.7,266.0,23.5,78.6,0.949,18.14,4.83,12.59,31.2,8.8,0
Madhya Pradesh,5,22.2,30.2,1001.0,59.6,8.9,77.4,23.5,78.6,1.088,6.46,6.18,11.61,40.3,18.0,1
Madhya Pradesh,5,23.5,34.0,1009.0,53.9,13.5,346.0,23.5,78.6,0.714,17.77,4.22,9.57,15.5,8.0,0
Madhya Pradesh,5,11.7,29.1,998.2,59.7,4.0,52.6,23.5,78.6,0.996,10.39,5.14,19.9,34.2,22.5,1
Madhya Pradesh,5,18.6,31.7,1001.2,51.8,14.1,237.6,23.5,78.6,0.976,12.86,4.53,11.83,23.0,4.4,0
Madhya Pradesh,5,15.9,24.8,1009.4,69.5,11.8,238.8,23.5,78.6,0.962,17.85,3.05,11.65,11.3,4.6,0
Madhya Pradesh,5,18.1,24.6,1014.4,75.3,19.8,252.1,23.5,78.6,0.703,13.43,6.39,10.86,7.0,11.2,0
Madhya Pradesh,5,30.2,28.8,1015.5,69.9,13.9,75.6,23.5,78.6,0.449,12.79,3.24,4.77,42.8,12.6,0
Madhya Pradesh,5,9.5,31.9,1009.9,73.6,11.7,20.9,23.5,78.6,0.775,18.81,4.24,9.25,0.5,9.0,0
Madhya Pradesh,5,19.6,26.0,1007.6,65.1,11.8,114.9,23.5,78.6,0.868,23.0,5.21,16.13,15.5,4.1,0
Madhya Pradesh,5,0.0,28.2,1012.3,74.5,20.1,218.9,23.5,78.6,1.007,16.48,2.45,13.52,8.0,8.0,0
Madhya Pradesh,5,21.9,32.2,1010.2,52.8,13.3,126.6,23.5,78.6,0.887,20.73,2.81,9.34,17.2,4.7,0
Madhya Pradesh,5,10.9,29.9,1005.8,74.0,19.3,117.6,23.5,78.6,0.533,20.68,6.06,16.01,12.3,1.4,0
Madhya Pradesh,5,6.9,24.3,1002.5,67.6,18.2,224.3,23.5,78.6,0.66,14.98,4.17,9.45,19.2,12.3,0
Madhya Pradesh,5,21.6,28.8,1009.8,73.7,17.0,34.4,23.5,78.6,0.936,16.16,3.78,12.05,31.2,9.5,0
Madhya Pradesh,5,31.1,24.1,1014.6,67.7,11.5,194.7,23.5,78.6,0.557,8.17,5.11,17.29,16.1,15.0,0
Madhya Pradesh,5,4.3,31.3,1007.8,75.8,13.5,245.1,23.5,78.6,0.712,5.61,2.93,14.2,22.1,17.8,1
Madhya Pradesh,5,35.4,30.0,996.7,61.1,20.6,295.6,23.5,78.6,1.029,14.19,2.73,11.23,41.8,6.3,0
Madhya Pradesh,5,37.5,29.2,1008.1,68.2,16.0,356.8,23.5,78.6,0.612,10.91,5.94,6.43,59.8,22.3,1
Madhya Pradesh,5,0.0,25.9,1012.9,67.5,7.4,103.3,23.5,78.6,0.77,14.27,3.55,11.25,0.0,0.0,0
Madhya Pradesh,5,49.0,27.3,1006.1,62.1,22.9,247.9,23.5,78.6,0.829,14.18,2.59,8.89,57.6,8.6,0
Madhya Pradesh,5,5.4,29.3,1016.6,69.2,6.7,203.2,23.5,78.6,0.7,13.73,4.48,12.29,29.3,23.8,1
Madhya Pradesh,5,16.8,23.6,1013.8,80.1,15.2,320.7,23.5,78.6,0.881,14.29,1.83,13.04,32.2,15.4,0
Madhya Pradesh,5,35.9,25.3,1009.1,70.0,14.4,317.4,23.5,78.6,0.764,15.98,5.19,15.01,31.9,4.0,0
Madhya Pradesh,5,14.6,26.6,1005.2,51.3,14.1,305.0,23.5,78.6,0.726,15.1,4.8,15.59,14.2,0.4,0
Madhya Pradesh,5,1.4,27.9,1017.4,55.9,17.3,218.9,23.5,78.6,0.284,16.78,5.02,10.55,0.0,1.4,0
Madhya Pradesh,5,9.1,26.9,1006.5,62.6,12.3,249.7,23.5,78.6,0.514,8.14,5.75,10.78,7.7,1.3,0
Madhya Pradesh,5,15.4,29.1,1005.4,72.6,9.2,5.6,23.5,78.6,0.314,19.82,4.09,13.36,22.7,7.3,0
Madhya Pradesh,5,24.1,28.2,1009.9,57.9,8.1,91.9,23.5,78.6,0.621,20.84,4.75,9.2,24.8,0.6,0
Madhya Pradesh,5,18.6,28.0,1009.4,68.2,7.0,41.9,23.5,78.6,0.682,17.38,3.87,15.06,22.2,3.6,0
Madhya Pradesh,5,34.8,32.9,1013.3,55.5,14.1,351.6,23.5,78.6,0.811,17.35,2.63,17.11,30.7,4.1,0
Madhya Pradesh,5,0.0,26.8,995.8,56.6,26.8,6.4,23.5,78.6,0.471,15.24,3.22,13.95,0.0,0.0,0
Madhya Pradesh,5,20.4,23.7,1021.0,72.5,13.3,61.4,23.5,78.6,0.646,12.09,3.35,16.39,18.0,2.4,0
Madhya Pradesh,5,0.0,23.6,1012.6,65.0,13.3,219.5,23.5,78.6,0.601,17.67,3.5,13.08,0.0,0.0,0
Madhya Pradesh,5,13.7,31.5,1011.7,65.8,11.6,22.9,23.5,78.6,0.875,13.57,3.52,14.43,20.2,6.6,0
Madhya Pradesh,6,16.5,28.6,1009.7,67.4,20.4,170.3,23.5,78.6,0.942,22.22,4.76,14.61,34.7,18.3,1
Madhya Pradesh,6,32.1,31.8,1011.2,87.6,11.7,142.2,23.5,78.6,0.793,15.25,2.36,16.66,24.0,8.1,0
Madhya Pradesh,6,20.9,22.4,1011.1,60.1,8.7,319.9,23.5,78.6,0.696,14.42,4.96,14.94,14.8,6.1,0
Madhya Pradesh,6,5.5,28.2,1010.7,82.6,9.0,154.4,23.5,78.6,1.071,24.61,3.56,10.32,16.7,11.2,0
Madhya Pradesh,6,11.0,25.1,1009.2,83.5,7.9,350.3,23.5,78.6,0.721,18.1,6.66,13.52,11.6,0.6,0
Madhya Pradesh,6,28.1,27.4,1010.6,66.0,18.7,132.4,23.5,78.6,0.633,11.08,4.68,7.95,23.2,4.9,0
Madhya Pradesh,6,4.0,34.0,1003.0,55.1,15.6,264.4,23.5,78.6,0.813,16.57,6.3,15.17,14.2,10.2,0
Madhya Pradesh,6,10.9,29.9,1001.2,61.8,21.6,112.6,23.5,78.6,0.923,9.0,3.3,10.5,14.3,3.4,0
Madhya Pradesh,6,2.1,27.1,1016.8,72.0,15.5,32.4,23.5,78.6,0.508,11.81,2.73,12.77,10.0,7.9,0
Madhya Pradesh,6,5.9,28.7,1015.3,87.6,18.3,142.2,23.5,78.6,0.984,22.13,2.34,16.99,5.0,0.9,0
Madhya Pradesh,6,11.6,26.7,1009.6,56.9,13.0,281.6,23.5,78.6,0.88,18.24,4.36,14.62,30.1,18.5,1
Madhya Pradesh,6,31.8,29.8,1012.7,76.7,27.8,124.9,23.5,78.6,0.818,13.07,4.44,11.54,43.1,11.3,0
Madhya Pradesh,6,9.4,32.9,1001.1,51.7,13.7,114.7,23.5,78.6,0.584,14.17,3.84,12.57,5.1,4.3,0
Madhya Pradesh,6,11.5,28.1,1013.1,82.7,15.1,96.4,23.5,78.6,0.799,18.64,5.22,16.52,0.0,11.5,0
Madhya Pradesh,6,15.5,29.5,1007.9,58.6,7.9,222.5,23.5,78.6,0.685,9.7,5.78,13.92,18.2,2.7,0
Madhya Pradesh,6,6.5,27.6,1014.1,51.9,6.6,113.2,23.5,78.6,0.831,14.73,5.52,15.81,15.0,8.5,0
Madhya Pradesh,6,26.0,29.2,1008.0,55.1,9.3,75.3,23.5,78.6,0.806,17.65,3.01,12.76,19.9,6.1,0
Madhya Pradesh,6,4.5,25.6,1002.4,74.1,13.6,258.9,23.5,78.6,0.747,15.1,7.0,7.67,25.1,20.6,1
Madhya Pradesh,6,40.5,31.2,1006.3,82.3,12.8,221.8,23.5,78.6,0.758,14.44,3.61,15.87,35.3,5.1,0
Madhya Pradesh,6,18.2,22.3,1008.2,56.4,8.5,12.0,23.5,78.6,1.047,18.48,5.36,12.15,20.3,2.1,0
Madhya Pradesh,6,29.1,25.8,1012.2,80.4,10.2,348.4,23.5,78.6,0.727,10.85,4.19,16.44,20.3,8.8,0
Madhya Pradesh,6,36.1,26.4,1018.6,61.2,13.7,345.4,23.5,78.6,0.698,22.07,5.32,15.63,23.8,12.3,0
Madhya Pradesh,6,27.3,24.2,1001.3,70.4,15.5,1.1,23.5,78.6,0.98,20.21,6.51,8.97,52.0,24.7,1
Madhya Pradesh,6,43.5,26.6,999.7,54.2,12.1,359.7,23.5,78.6,0.839,14.25,3.93,8.57,59.5,16.0,0
Madhya Pradesh,6,17.4,36.5,1011.1,76.3,13.2,27.4,23.5,78.6,0.661,11.24,5.84,11.39,33.3,15.9,0
Madhya Pradesh,6,20.4,26.9,1002.2,71.0,13.3,258.5,23.5,78.6,0.693,19.18,6.72,13.36,34.4,14.0,0
Madhya Pradesh,6,26.2,35.7,1009.9,75.0,14.2,69.0,23.5,78.6,0.594,21.79,3.54,14.78,35.0,8.8,0
Madhya Pradesh,6,30.7,26.0,1004.0,71.8,12.9,163.6,23.5,78.6,1.224,13.55,3.56,11.81,53.8,23.1,1
Madhya Pradesh,6,0.0,32.8,1003.4,70.6,11.0,310.1,23.5,78.6,0.861,13.89,4.39,12.81,7.4,7.4,0
Madhya Pradesh,6,24.4,28.1,1001.1,64.6,17.4,341.8,23.5,78.6,0.971,16.85,4.49,16.12,8.4,16.0,0
Madhya Pradesh,6,9.7,33.0,1017.2,90.9,14.7,54.7,23.5,78.6,0.999,21.82,5.13,15.32,21.5,11.8,0
Madhya Pradesh,6,25.5,24.4,1006.4,62.8,8.5,358.8,23.5,78.6,0.751,15.66,4.88,14.21,32.4,6.9,0
Madhya Pradesh,6,15.2,24.4,1012.4,67.0,12.2,140.7,23.5,78.6,0.689,14.6,4.08,11.68,27.6,12.4,0
Madhya Pradesh,6,24.0,34.3,1014.1,87.6,17.2,339.8,23.5,78.6,0.739,20.02,3.96,8.13,47.6,23.6,1
Madhya Pradesh,6,2.1,29.9,1003.6,79.3,20.7,82.7,23.5,78.6,1.085,16.75,7.43,14.78,0.0,2.1,0
Madhya Pradesh,6,19.5,27.5,1006.7,51.4,16.3,88.5,23.5,78.6,0.331,15.34,3.84,9.96,0.0,19.5,1
Madhya Pradesh,6,7.4,27.4,1004.8,71.9,21.4,146.6,23.5,78.6,1.041,21.16,3.53,13.86,26.1,18.7,1
Madhya Pradesh,6,12.9,24.9,1010.7,53.2,9.0,17.0,23.5,78.6,0.926,17.6,5.99,9.77,6.2,6.7,0
Madhya Pradesh,6,25.5,24.9,1005.0,49.4,15.9,173.1,23.5,78.6,0.63,20.81,4.68,7.24,18.1,7.4,0
Madhya Pradesh,6,6.0,26.8,1010.1,86.5,7.2,191.6,23.5,78.6,0.657,11.65,4.86,12.54,0.0,6.0,0
Madhya Pradesh,7,20.6,23.1,1008.1,81.2,17.1,239.5,23.5,78.6,0.809,18.57,5.88,15.12,24.1,3.5,0
Madhya Pradesh,7,23.3,22.7,1004.3,75.6,19.0,322.0,23.5,78.6,1.211,20.34,4.92,10.07,50.3,27.0,1
Madhya Pradesh,7,30.6,35.1,1018.8,55.6,8.4,40.0,23.5,78.6,1.099,20.93,5.32,10.05,35.9,5.4,0
Madhya Pradesh,7,22.8,31.1,1009.4,75.1,14.2,293.3,23.5,78.6,1.042,13.56,6.87,17.4,35.5,12.6,0
Madhya Pradesh,7,24.1,34.6,999.8,80.9,12.4,28.8,23.5,78.6,0.939,13.33,4.6,16.79,26.8,2.7,0
Madhya Pradesh,7,12.2,25.4,1011.2,86.0,4.1,357.3,23.5,78.6,0.956,20.62,4.68,13.72,20.6,8.4,0
Madhya Pradesh,7,6.5,24.7,1013.9,53.0,17.0,111.3,23.5,78.6,0.723,26.19,4.05,10.34,8.3,1.8,0
Madhya Pradesh,7,10.2,28.0,1008.8,70.8,14.2,154.5,23.5,78.6,1.044,17.86,4.61,18.17,14.8,4.6,0
Madhya Pradesh,7,34.8,32.9,1014.4,75.4,14.8,273.4,23.5,78.6,0.866,9.64,6.06,14.46,51.3,16.5,0
Madhya Pradesh,7,18.8,30.6,1001.1,56.8,2.4,253.1,23.5,78.6,1.235,15.21,4.12,14.73,20.4,1.6,0
Madhya Pradesh,7,1.5,38.1,1007.8,57.7,11.5,228.8,23.5,78.6,0.88,23.51,5.1,19.29,0.8,0.7,0
Madhya Pradesh,7,26.0,32.0,1014.0,81.6,13.4,180.3,23.5,78.6,0.419,17.52,6.51,16.42,27.3,1.3,0
Madhya Pradesh,7,42.8,26.4,1004.4,63.8,9.2,133.3,23.5,78.6,0.973,20.74,4.7,13.55,18.7,24.1,1
Madhya Pradesh,7,25.4,28.3,1002.5,67.5,13.5,72.1,23.5,78.6,0.703,19.63,3.89,12.05,33.4,8.0,0
Madhya Pradesh,7,17.6,27.9,1009.7,63.6,19.2,231.3,23.5,78.6,0.896,19.75,5.47,15.66,27.3,9.7,0
Madhya Pradesh,7,26.6,26.6,1002.7,54.2,6.4,309.5,23.5,78.6,0.473,23.08,4.21,17.29,0.0,26.6,1
Madhya Pradesh,7,17.3,33.8,1011.6,65.1,5.1,353.4,23.5,78.6,1.193,16.91,5.11,14.58,6.6,10.7,0
Madhya Pradesh,7,25.8,26.3,1009.5,62.7,6.9,107.8,23.5,78.6,1.043,19.88,5.24,16.42,29.2,3.5,0
Madhya Pradesh,7,21.1,26.0,1012.8,71.4,12.0,172.6,23.5,78.6,1.136,15.33,5.29,20.79,38.9,17.8,1
Madhya Pradesh,7,41.7,25.8,1013.4,68.8,16.6,44.9,23.5,78.6,0.913,17.19,5.22,11.02,59.3,17.7,1
Madhya Pradesh,7,13.0,32.0,999.8,74.0,11.6,174.4,23.5,78.6,0.912,16.16,4.74,11.18,30.0,17.0,0
Madhya Pradesh,7,6.5,26.9,1009.7,84.6,14.8,101.3,23.5,78.6,0.97,10.01,3.76,12.6,2.6,4.0,0
Madhya Pradesh,7,0.0,31.4,1009.3,69.9,11.3,91.6,23.5,78.6,1.018,17.24,5.73,11.34,7.4,7.4,0
Madhya Pradesh,7,35.5,32.9,1014.6,71.4,15.0,281.6,23.5,78.6,0.554,12.92,5.0,13.4,58.2,22.7,1
Madhya Pradesh,7,37.7,25.2,1012.1,63.7,18.2,203.8,23.5,78.6,1.164,16.33,6.42,8.11,62.5,24.8,1
Madhya Pradesh,7,20.1,27.9,997.8,64.6,21.6,239.8,23.5,78.6,1.058,18.44,6.48,14.3,13.6,6.4,0
Madhya Pradesh,7,21.1,34.4,1010.5,67.3,26.1,160.5,23.5,78.6,1.079,19.57,6.08,16.02,0.0,21.1,1
Madhya Pradesh,7,25.6,27.3,1005.5,66.5,7.0,220.3,23.5,78.6,1.165,20.15,2.3,12.0,44.7,19.1,1
Madhya Pradesh,7,16.7,32.9,1013.2,54.9,14.1,71.1,23.5,78.6,0.637,12.49,4.23,11.81,24.4,7.7,0
Madhya Pradesh,7,34.2,30.0,1011.8,65.8,17.8,317.4,23.5,78.6,0.827,25.89,2.4,8.11,44.4,10.2,0
Madhya Pradesh,7,16.9,22.2,1002.7,59.3,19.3,172.2,23.5,78.6,1.243,11.95,3.56,9.42,42.0,25.2,1
Madhya Pradesh,7,25.9,28.3,1009.1,67.9,9.2,23.8,23.5,78.6,0.878,13.5,5.89,12.45,34.3,8.4,0
Madhya Pradesh,7,18.7,31.5,1009.1,59.7,16.4,54.1,23.5,78.6,1.017,22.45,4.46,15.73,1.2,17.6,1
Madhya Pradesh,7,18.8,26.9,1015.2,66.9,17.8,353.2,23.5,78.6,0.845,14.92,8.17,11.73,24.9,6.1,0
Madhya Pradesh,7,22.1,21.6,1005.4,72.5,15.2,134.3,23.5,78.6,0.802,22.39,5.91,17.38,13.3,8.7,0
Madhya Pradesh,7,37.3,27.8,1016.0,68.5,4.6,345.7,23.5,78.6,0.826,16.8,3.46,18.59,35.1,2.2,0
Madhya Pradesh,7,41.2,26.2,1003.4,81.7,14.4,316.8,23.5,78.6,0.659,16.47,5.71,9.83,37.7,3.4,0
Madhya Pradesh,7,14.8,28.2,1015.4,65.5,11.3,40.1,23.5,78.6,0.829,17.54,4.77,12.9,20.9,6.0,0
Madhya Pradesh,7,32.5,29.6,1013.4,78.9,15.8,150.0,23.5,78.6,1.137,13.86,8.2,12.19,34.5,2.0,0
Madhya Pradesh,7,4.4,23.2,1012.9,91.2,12.0,106.1,23.5,78.6,0.959,22.3,7.86,18.29,6.9,2.5,0
Madhya Pradesh,8,29.1,30.3,1007.9,58.0,11.2,354.1,23.5,78.6,1.245,19.06,5.96,18.51,11.2,18.0,1
Madhya Pradesh,8,16.3,35.9,1009.5,57.7,15.8,40.3,23.5,78.6,0.485,20.59,5.2,9.99,20.4,4.1,0
Madhya Pradesh,8,20.3,27.7,1006.3,58.8,7.9,224.1,23.5,78.6,1.08,17.13,6.68,15.62,25.8,5.4,0
Madhya Pradesh,8,8.4,26.3,1011.7,74.0,12.8,312.6,23.5,78.6,0.859,17.96,4.56,13.68,25.8,17.3,0
Madhya Pradesh,8,21.7,31.8,1000.5,65.9,5.5,153.4,23.5,78.6,0.785,25.01,6.14,17.96,20.0,1.7,0
Madhya Pradesh,8,8.7,23.6,1009.3,87.1,17.3,190.9,23.5,78.6,0.957,19.76,8.08,18.62,18.3,9.6,0
Madhya Pradesh,8,23.6,29.0,1010.5,64.9,11.0,69.6,23.5,78.6,0.999,23.68,7.63,16.48,34.9,11.3,0
Madhya Pradesh,8,64.4,28.6,1002.5,66.2,23.0,304.6,23.5,78.6,0.844,24.31,5.32,14.59,85.5,21.1,1
Madhya Pradesh,8,12.7,21.9,1001.1,74.8,16.5,200.0,23.5,78.6,0.763,18.81,6.99,12.41,7.4,5.3,0
Madhya Pradesh,8,6.4,26.3,1009.7,90.2,16.3,273.3,23.5,78.6,1.167,22.67,4.96,21.82,13.1,6.6,0
Madhya Pradesh,8,25.3,30.0,1009.7,84.3,12.3,353.7,23.5,78.6,1.027,23.82,5.39,13.86,42.4,17.1,0
Madhya Pradesh,8,26.9,24.5,1014.7,76.3,14.8,57.6,23.5,78.6,1.067,22.53,3.74,16.04,43.0,16.1,0
Madhya Pradesh,8,0.0,28.6,1011.5,74.8,19.2,250.2,23.5,78.6,0.786,12.69,6.96,17.03,22.1,22.1,1
Madhya Pradesh,8,12.6,31.0,1000.5,60.3,15.8,327.1,23.5,78.6,1.33,18.93,4.61,12.16,10.3,2.3,0
Madhya Pradesh,8,51.5,30.8,1013.6,66.6,15.2,57.6,23.5,78.6,0.893,18.72,4.84,13.57,57.6,6.1,0
Madhya Pradesh,8,11.3,28.9,1009.4,67.2,11.1,98.9,23.5,78.6,0.893,20.07,6.97,11.16,49.1,37.8,1
Madhya Pradesh,8,21.2,29.4,1004.2,80.4,14.6,145.0,23.5,78.6,0.879,18.81,6.15,15.43,25.9,4.7,0
Madhya Pradesh,8,12.8,24.7,1005.7,73.6,18.5,19.2,23.5,78.6,0.994,21.42,5.45,9.69,15.5,2.7,0
Madhya Pradesh,8,17.2,23.6,1005.2,70.4,9.5,38.8,23.5,78.6,1.304,13.48,5.43,11.42,13.8,3.4,0
Madhya Pradesh,8,19.5,23.8,1010.9,82.5,19.4,247.9,23.5,78.6,0.718,18.92,6.21,17.53,50.0,30.5,1
Madhya Pradesh,8,36.3,31.4,1021.2,70.0,13.8,94.0,23.5,78.6,0.811,20.16,3.58,13.33,39.4,3.1,0
Madhya Pradesh,8,34.7,32.2,1003.2,89.8,15.9,285.7,23.5,78.6,0.671,17.41,6.91,15.43,40.3,5.6,0
Madhya Pradesh,8,25.1,22.0,1007.5,83.1,20.6,321.7,23.5,78.6,1.307,14.85,4.48,20.51,41.6,16.5,0
Madhya Pradesh,8,18.3,27.6,1004.0,71.8,16.2,0.5,23.5,78.6,0.762,20.95,5.01,11.96,41.8,23.5,1
Madhya Pradesh,8,50.8,35.6,1011.3,66.3,14.8,55.2,23.5,78.6,0.91,25.16,3.21,14.03,68.2,17.4,0
Madhya Pradesh,8,11.0,26.8,1011.0,84.2,8.7,309.2,23.5,78.6,0.805,13.74,3.89,12.0,34.2,23.2,1
Madhya Pradesh,8,18.0,27.9,1003.2,75.3,24.6,297.6,23.5,78.6,1.339,21.35,5.67,16.12,31.9,13.9,0
Madhya Pradesh,8,46.7,29.9,1010.7,64.8,19.4,112.4,23.5,78.6,1.016,31.42,2.64,15.62,56.8,10.1,0
Madhya Pradesh,8,19.1,27.0,1008.5,66.5,16.3,31.3,23.5,78.6,1.399,18.88,6.33,12.91,41.4,22.3,1
Madhya Pradesh,8,31.8,29.5,1002.9,61.5,23.6,39.3,23.5,78.6,1.123,16.11,6.86,12.86,24.2,7.6,0
Madhya Pradesh,8,12.7,25.6,1010.0,69.7,9.7,271.9,23.5,78.6,0.766,22.46,6.64,14.84,21.4,8.6,0
Madhya Pradesh,8,45.3,27.2,1003.3,74.8,9.5,229.8,23.5,78.6,0.875,17.08,5.35,17.62,67.0,21.7,1
Madhya Pradesh,8,34.4,29.1,1006.7,45.4,17.0,129.0,23.5,78.6,0.61,19.24,5.97,13.56,60.9,26.6,1
Madhya Pradesh,8,28.2,26.8,1014.9,84.7,17.8,201.9,23.5,78.6,0.884,14.1,5.6,11.77,28.6,0.4,0
Madhya Pradesh,8,25.6,19.9,1001.7,63.9,14.9,14.3,23.5,78.6,0.94,17.06,3.91,13.31,28.1,2.5,0
Madhya Pradesh,8,18.1,28.2,1010.1,75.8,12.0,173.4,23.5,78.6,1.249,21.43,4.5,15.75,41.5,23.4,1
Madhya Pradesh,8,45.0,28.8,1013.3,56.9,15.0,105.3,23.5,78.6,1.063,26.33,5.95,12.1,32.5,12.5,0
Madhya Pradesh,8,43.9,29.9,1010.2,65.6,16.5,24.7,23.5,78.6,1.072,15.19,5.22,12.99,1.7,42.2,1
Madhya Pradesh,8,17.6,24.2,1006.9,69.0,24.0,103.1,23.5,78.6,1.061,21.87,6.7,16.28,28.1,10.6,0
Madhya Pradesh,8,31.5,18.1,1018.4,84.9,16.3,309.6,23.5,78.6,1.236,17.11,6.29,11.07,72.2,40.6,1
Madhya Pradesh,9,4.9,27.9,997.4,69.1,13.5,210.3,23.5,78.6,0.989,26.03,4.87,15.26,6.6,1.7,0
Madhya Pradesh,9,30.5,29.1,1011.6,72.2,18.9,125.2,23.5,78.6,1.151,27.9,4.08,17.57,48.3,17.8,1
Madhya Pradesh,9,43.2,30.6,1008.5,73.8,11.9,59.0,23.5,78.6,0.806,27.42,6.64,13.36,52.4,9.2,0
Madhya Pradesh,9,39.2,31.6,1003.4,38.2,17.6,22.9,23.5,78.6,1.198,25.27,7.44,21.34,66.3,27.1,1
Madhya Pradesh,9,47.0,33.2,1015.3,69.1,9.2,358.5,23.5,78.6,1.086,26.39,5.44,19.0,14.1,32.9,1
Madhya Pradesh,9,18.5,27.3,1010.3,80.2,10.1,252.1,23.5,78.6,1.319,30.86,6.95,14.73,5.9,12.6,0
Madhya Pradesh,9,48.1,30.6,1007.9,53.3,10.9,218.5,23.5,78.6,1.144,13.69,6.86,11.4,76.7,28.7,1
Madhya Pradesh,9,26.7,25.8,1013.0,73.0,22.2,49.1,23.5,78.6,1.101,20.33,6.42,21.2,25.2,1.5,0
Madhya Pradesh,9,32.5,24.1,997.7,71.6,17.5,319.3,23.5,78.6,0.774,22.69,6.42,13.44,15.3,17.2,0
Madhya Pradesh,9,20.6,30.3,1010.1,60.7,16.3,340.9,23.5,78.6,0.839,21.72,7.71,12.28,44.2,23.6,1
Madhya Pradesh,9,45.3,26.8,1006.3,79.8,14.7,256.9,23.5,78.6,1.054,23.35,6.99,13.46,47.3,2.0,0
Madhya Pradesh,9,36.8,27.4,1000.4,81.9,14.5,25.1,23.5,78.6,0.795,20.99,6.71,15.84,22.5,14.3,0
Madhya Pradesh,9,0.0,33.7,1009.2,81.2,20.2,29.5,23.5,78.6,1.009,23.43,7.82,16.35,36.7,36.7,1
Madhya Pradesh,9,4.1,21.2,1012.9,61.3,25.8,117.2,23.5,78.6,1.391,25.01,4.99,11.13,36.5,32.4,1
Madhya Pradesh,9,4.1,34.0,1011.3,68.7,17.8,280.3,23.5,78.6,1.033,27.17,7.77,16.57,0.7,3.5,0
Madhya Pradesh,9,41.2,19.6,1010.2,76.9,11.5,351.2,23.5,78.6,1.068,19.29,7.26,12.85,61.6,20.4,1
Madhya Pradesh,9,0.0,28.8,1008.2,64.1,17.5,3.7,23.5,78.6,1.285,23.71,6.64,16.98,0.1,0.1,0
Madhya Pradesh,9,19.9,28.6,1007.1,80.6,16.1,328.1,23.5,78.6,0.793,25.24,5.4,12.98,51.2,31.3,1
Madhya Pradesh,9,33.1,31.6,1010.3,68.6,14.2,259.4,23.5,78.6,1.3,21.2,8.59,15.51,18.5,14.6,0
Madhya Pradesh,9,1.2,20.9,1005.9,67.2,19.0,182.3,23.5,78.6,1.242,21.65,6.12,14.37,31.6,30.4,1
Madhya Pradesh,9,3.7,28.9,1007.1,77.3,15.5,225.1,23.5,78.6,1.02,27.05,6.1,22.01,14.2,10.5,0
Madhya Pradesh,9,24.2,27.1,1010.8,63.6,16.3,0.5,23.5,78.6,1.139,22.87,6.58,16.39,56.3,32.1,1
Madhya Pradesh,9,29.5,38.1,1008.2,79.1,12.0,73.8,23.5,78.6,0.933,23.3,5.78,17.46,31.3,1.8,0
Madhya Pradesh,9,13.5,26.6,1015.7,74.2,9.2,178.8,23.5,78.6,0.895,24.45,6.76,17.95,48.7,35.2,1
Madhya Pradesh,9,13.0,30.1,1014.3,63.1,11.9,54.1,23.5,78.6,1.139,15.83,6.76,11.88,40.6,27.7,1
Madhya Pradesh,9,30.7,35.3,1011.3,66.5,11.6,324.9,23.5,78.6,1.068,26.22,4.99,22.17,57.6,26.9,1
Madhya Pradesh,9,21.2,34.8,1004.1,71.6,9.2,88.7,23.5,78.6,0.744,15.71,5.34,20.07,41.1,19.8,1
Madhya Pradesh,9,25.5,31.7,1007.4,73.7,23.9,281.2,23.5,78.6,0.92,23.35,6.99,16.44,47.2,21.7,1
Madhya Pradesh,9,21.3,28.2,1009.9,72.4,23.7,113.7,23.5,78.6,1.013,23.58,7.31,18.43,38.9,17.7,1
Madhya Pradesh,9,4.1,17.7,1014.4,73.9,15.5,19.7,23.5,78.6,1.459,27.13,7.25,13.44,0.7,3.4,0
Madhya Pradesh,9,0.0,30.2,1013.5,81.4,19.0,6.1,23.5,78.6,0.961,18.17,5.9,13.17,34.0,34.0,1
Madhya Pradesh,9,6.7,26.9,998.3,72.5,15.6,344.2,23.5,78.6,0.887,21.48,5.45,15.69,43.6,36.8,1
Madhya Pradesh,9,26.2,29.8,1005.7,61.7,15.5,222.8,23.5,78.6,1.016,22.92,5.11,7.84,19.6,6.6,0
Madhya Pradesh,9,55.3,30.0,1016.2,66.0,3.8,333.8,23.5,78.6,1.153,22.42,6.09,14.51,77.4,22.1,1
Madhya Pradesh,9,17.3,28.9,1009.0,65.8,11.2,281.8,23.5,78.6,1.448,25.92,7.32,13.74,2.8,14.5,0
Madhya Pradesh,9,38.4,31.3,1008.7,65.8,8.3,282.9,23.5,78.6,1.311,18.76,5.18,19.83,35.9,2.5,0
Madhya Pradesh,9,47.4,27.2,1006.1,70.0,13.7,179.7,23.5,78.6,0.73,25.02,7.41,16.66,44.4,3.0,0
Madhya Pradesh,9,23.8,25.9,1015.3,79.5,15.1,66.9,23.5,78.6,1.382,22.02,5.94,20.75,23.9,0.1,0
Madhya Pradesh,9,19.7,26.7,1001.4,72.7,11.8,125.4,23.5,78.6,0.933,19.12,5.09,16.85,22.8,3.1,0
Madhya Pradesh,9,24.5,37.1,1007.2,75.5,19.2,317.4,23.5,78.6,1.128,21.55,6.34,14.34,23.4,1.2,0
Madhya Pradesh,10,25.9,19.6,1015.5,91.6,16.9,242.0,23.5,78.6,1.369,17.76,7.66,16.01,73.7,47.8,1
Madhya Pradesh,10,23.2,31.1,1007.1,92.0,13.4,69.7,23.5,78.6,1.278,24.67,6.82,15.29,0.0,23.2,1
Madhya Pradesh,10,39.9,25.5,1013.8,73.5,22.0,174.3,23.5,78.6,0.66,25.52,6.14,20.79,54.0,14.2,0
Madhya Pradesh,10,33.6,26.4,1003.4,65.7,7.0,63.9,23.5,78.6,0.86,17.31,6.69,18.89,38.2,4.6,0
Madhya Pradesh,10,19.1,23.7,1006.4,61.8,15.7,217.9,23.5,78.6,1.293,20.79,7.0,19.95,32.5,13.4,0
Madhya Pradesh,10,36.2,19.2,1005.5,81.0,18.5,349.5,23.5,78.6,1.494,24.25,6.25,14.42,37.0,0.7,0
Madhya Pradesh,10,20.3,25.1,1003.4,74.0,24.5,70.5,23.5,78.6,1.088,27.11,6.97,17.17,25.0,4.7,0
Madhya Pradesh,10,23.0,30.1,1008.7,62.7,12.1,287.4,23.5,78.6,1.239,21.8,5.19,21.04,48.4,25.4,1
Madhya Pradesh,10,0.0,32.9,1007.0,71.9,21.7,127.2,23.5,78.6,1.353,24.02,4.9,11.21,23.3,23.3,1
Madhya Pradesh,10,43.4,24.2,1006.7,64.4,13.1,173.4,23.5,78.6,1.196,22.14,9.74,12.99,60.0,16.7,0
Madhya Pradesh,10,11.8,26.9,1008.7,78.4,14.7,153.7,23.5,78.6,1.097,18.74,7.31,18.14,25.9,14.1,0
Madhya Pradesh,10,24.8,26.7,1013.9,80.2,23.1,286.2,23.5,78.6,1.423,21.39,6.31,20.88,47.9,23.1,1
Madhya Pradesh,10,21.8,23.3,1007.0,63.2,24.6,303.0,23.5,78.6,1.0,18.88,5.62,15.62,25.0,3.1,0
Madhya Pradesh,10,40.4,23.6,1019.4,60.6,9.0,130.5,23.5,78.6,1.417,22.33,7.01,18.51,51.3,10.9,0
Madhya Pradesh,10,8.6,17.6,1003.8,88.2,25.3,144.5,23.5,78.6,0.961,24.17,7.08,19.09,0.0,8.6,0
Madhya Pradesh,10,67.4,32.0,1007.0,62.8,20.9,60.0,23.5,78.6,1.171,24.89,6.41,18.5,86.9,19.6,1
Madhya Pradesh,10,30.2,28.7,1015.0,54.0,12.0,91.0,23.5,78.6,1.007,21.47,8.1,16.85,4.6,25.6,1
Madhya Pradesh,10,20.1,27.7,1008.2,75.6,18.4,48.8,23.5,78.6,0.914,21.29,5.8,16.44,37.5,17.4,0
Madhya Pradesh,10,31.0,30.8,1006.1,85.1,19.4,97.1,23.5,78.6,1.273,20.35,4.02,15.47,51.6,20.6,1
Madhya Pradesh,10,26.7,27.0,1003.8,50.4,23.1,140.9,23.5,78.6,1.067,20.37,8.06,19.94,16.4,10.3,0
Madhya Pradesh,10,41.0,26.9,1004.9,67.1,12.1,131.8,23.5,78.6,1.308,22.17,7.29,18.15,58.4,17.3,0
Madhya Pradesh,10,0.0,24.0,1010.8,57.3,17.9,310.1,23.5,78.6,1.156,29.5,7.48,11.74,21.6,21.6,1
Madhya Pradesh,10,49.7,38.7,1010.4,56.4,18.2,70.7,23.5,78.6,1.115,27.23,5.54,18.41,13.4,36.4,1
Madhya Pradesh,10,13.1,27.5,1006.2,57.0,13.5,187.0,23.5,78.6,1.136,23.3,7.43,16.26,43.4,30.3,1
Madhya Pradesh,10,12.6,35.2,1013.6,66.4,14.6,191.6,23.5,78.6,1.273,27.43,4.94,18.6,0.0,12.6,0
Madhya Pradesh,10,23.3,33.3,1000.9,54.0,17.1,261.8,23.5,78.6,1.218,15.44,4.53,17.59,10.3,13.1,0
Madhya Pradesh,10,27.5,28.3,1005.6,88.1,19.0,70.0,23.5,78.6,1.337,22.46,6.32,16.4,47.3,19.8,1
Madhya Pradesh,10,17.1,34.4,1004.3,72.1,14.9,54.9,23.5,78.6,1.587,21.3,6.18,15.3,27.3,10.2,0
Madhya Pradesh,10,24.3,23.0,1005.9,76.1,21.1,135.5,23.5,78.6,1.165,21.61,5.95,14.53,4.4,19.9,1
Madhya Pradesh,10,16.4,31.1,1005.9,66.5,14.2,177.2,23.5,78.6,0.967,24.16,6.47,17.5,26.4,10.0,0
Madhya Pradesh,10,26.4,30.7,1007.9,87.4,16.2,357.4,23.5,78.6,1.28,24.62,6.59,16.51,0.0,26.4,1
Madhya Pradesh,10,0.0,34.1,1005.1,79.7,8.0,346.4,23.5,78.6,1.289,22.65,7.2,17.25,4.1,4.1,0
Madhya Pradesh,10,16.7,22.7,1015.0,85.7,10.8,41.3,23.5,78.6,1.083,24.42,6.33,18.79,22.3,5.6,0
Madhya Pradesh,10,24.2,37.2,1005.4,86.4,23.2,192.9,23.5,78.6,0.768,23.18,5.93,17.35,10.4,13.8,0
Madhya Pradesh,10,35.7,31.4,1013.9,66.2,10.7,278.4,23.5,78.6,1.504,23.33,7.09,16.59,36.0,0.3,0
Madhya Pradesh,10,34.4,27.1,1010.0,75.1,17.7,18.4,23.5,78.6,0.982,19.4,6.5,17.24,31.2,3.1,0
Madhya Pradesh,10,28.9,31.1,1013.9,84.1,9.4,197.6,23.5,78.6,1.095,23.38,6.26,15.63,30.2,1.3,0
Madhya Pradesh,10,32.1,22.2,1019.7,70.2,21.3,242.3,23.5,78.6,1.268,23.46,7.58,16.7,66.5,34.4,1
Madhya Pradesh,10,6.0,31.3,1008.6,59.8,25.8,129.7,23.5,78.6,0.738,23.76,7.4,18.62,36.6,30.6,1
Madhya Pradesh,10,42.9,28.6,1019.4,79.4,14.2,24.0,23.5,78.6,1.401,19.88,6.06,16.57,57.5,14.6,0
Uttar Pradesh,1,6.4,23.6,1013.8,61.5,22.5,334.9,26.8,80.9,0.653,10.52,4.08,7.71,11.8,5.3,0
Uttar Pradesh,1,21.9,38.8,1006.7,73.4,12.4,195.6,26.8,80.9,0.408,0.0,2.26,9.0,19.7,2.1,0
Uttar Pradesh,1,19.8,29.6,1007.0,74.6,15.8,192.6,26.8,80.9,0.603,8.81,0.53,4.87,12.6,7.2,0
Uttar Pradesh,1,16.6,32.4,1012.7,70.4,17.2,268.1,26.8,80.9,0.378,2.34,2.07,10.85,25.5,8.8,0
Uttar Pradesh,1,16.7,28.1,1003.0,67.4,18.0,344.9,26.8,80.9,0.083,8.42,0.2,8.41,13.0,3.7,0
Uttar Pradesh,1,0.0,32.1,1010.8,67.8,23.4,345.8,26.8,80.9,0.271,10.08,2.16,9.8,3.3,3.3,0
Uttar Pradesh,1,13.3,23.1,1008.3,64.9,7.3,143.2,26.8,80.9,0.487,7.98,0.81,5.18,13.4,0.1,0
Uttar Pradesh,1,11.1,29.2,1005.9,61.0,12.7,74.9,26.8,80.9,0.456,13.69,3.86,10.49,22.0,10.9,0
Uttar Pradesh,1,27.5,24.2,1011.2,77.7,19.4,20.4,26.8,80.9,0.531,8.3,4.72,1.84,26.1,1.4,0
Uttar Pradesh,1,0.0,29.4,1019.3,65.1,12.9,108.5,26.8,80.9,0.377,9.46,2.97,3.46,1.7,1.7,0
Uttar Pradesh,1,17.7,32.6,1014.5,68.9,14.2,356.5,26.8,80.9,0.281,5.46,2.35,2.17,21.8,4.1,0
Uttar Pradesh,1,21.3,26.0,1010.2,59.2,7.3,305.7,26.8,80.9,0.2,2.88,2.76,6.81,26.5,5.2,0
Uttar Pradesh,1,32.8,25.7,1005.1,81.6,17.1,144.2,26.8,80.9,0.282,12.5,3.46,6.57,30.9,1.8,0
Uttar Pradesh,1,10.0,35.4,1002.5,57.5,9.3,264.9,26.8,80.9,0.397,11.83,3.05,6.18,14.1,4.0,0
Uttar Pradesh,1,16.2,22.1,1013.4,57.2,10.2,108.6,26.8,80.9,0.385,9.95,2.67,5.13,27.7,11.5,0
Uttar Pradesh,1,17.2,30.1,1011.5,58.4,23.3,80.8,26.8,80.9,0.423,6.85,2.11,4.64,15.2,2.1,0
Uttar Pradesh,1,23.0,24.0,1012.9,72.0,10.5,36.3,26.8,80.9,0.368,3.6,1.19,7.97,28.8,5.8,0
Uttar Pradesh,1,11.7,27.3,1007.0,62.2,3.7,320.0,26.8,80.9,0.504,8.27,4.62,2.99,10.7,0.9,0
Uttar Pradesh,1,10.3,29.8,998.5,71.5,13.6,129.8,26.8,80.9,0.377,4.77,1.96,1.99,15.1,4.8,0
Uttar Pradesh,1,29.9,29.9,997.2,68.4,11.4,125.9,26.8,80.9,0.471,11.52,1.7,1.07,20.6,9.2,0
Uttar Pradesh,1,0.8,28.2,1005.4,58.7,15.2,103.4,26.8,80.9,0.44,11.27,1.71,2.72,0.3,0.5,0
Uttar Pradesh,1,1.7,20.6,1005.3,76.5,16.4,249.1,26.8,80.9,0.426,13.8,1.23,3.11,11.0,9.3,0
Uttar Pradesh,1,9.1,26.2,1010.8,61.1,8.2,356.6,26.8,80.9,0.464,8.82,4.32,5.13,10.0,0.9,0
Uttar Pradesh,1,26.0,32.8,1008.7,49.9,8.3,338.8,26.8,80.9,0.407,5.97,4.42,1.29,21.5,4.5,0
Uttar Pradesh,1,11.7,30.9,995.1,48.1,11.1,122.3,26.8,80.9,0.778,6.34,2.3,3.49,20.2,8.5,0
Uttar Pradesh,1,27.1,33.9,1007.9,57.1,12.4,268.5,26.8,80.9,0.32,0.74,2.07,5.16,18.1,9.0,0
Uttar Pradesh,1,11.5,30.9,1017.3,52.2,16.1,249.3,26.8,80.9,0.504,3.97,1.22,6.29,15.1,3.6,0
Uttar Pradesh,1,2.0,34.0,1006.0,46.6,11.3,146.2,26.8,80.9,0.468,9.34,4.29,2.66,2.3,0.3,0
Uttar Pradesh,1,27.3,21.0,1007.7,77.8,18.5,249.8,26.8,80.9,0.537,3.84,4.15,2.4,23.7,3.6,0
Uttar Pradesh,1,13.4,26.9,1009.0,69.8,21.3,42.3,26.8,80.9,0.503,9.73,1.76,8.03,11.4,2.0,0
Uttar Pradesh,1,19.7,29.1,1010.0,47.7,1.1,43.1,26.8,80.9,0.749,3.41,3.38,4.07,22.8,3.1,0
Uttar Pradesh,1,8.2,35.4,1010.9,69.4,18.9,241.5,26.8,80.9,0.614,11.61,3.57,5.53,9.3,1.1,0
Uttar Pradesh,1,0.0,25.6,1003.4,69.2,11.3,28.8,26.8,80.9,0.498,3.76,1.19,5.31,0.0,0.0,0
Uttar Pradesh,1,0.0,35.6,1000.3,85.7,13.8,331.1,26.8,80.9,0.574,10.47,4.49,2.75,2.5,2.5,0
Uttar Pradesh,1,0.0,22.1,1004.7,84.2,11.5,75.0,26.8,80.9,0.817,19.98,4.79,13.07,6.9,6.9,0
Uttar Pradesh,1,11.5,30.0,1008.0,67.0,16.2,285.6,26.8,80.9,0.124,9.45,1.67,4.23,11.4,0.1,0
Uttar Pradesh,1,4.3,33.3,1007.2,77.1,13.4,183.5,26.8,80.9,0.432,2.83,2.91,8.55,12.8,8.5,0
Uttar Pradesh,1,0.0,22.8,1005.3,79.3,13.5,358.9,26.8,80.9,0.109,5.26,1.6,8.81,6.7,6.7,0
Uttar Pradesh,1,0.0,31.9,1011.3,53.7,12.0,335.2,26.8,80.9,0.433,1.16,2.66,7.91,12.1,12.1,0
Uttar Pradesh,1,0.7,26.7,1007.0,68.4,12.9,108.4,26.8,80.9,0.175,9.59,1.61,5.57,12.0,11.3,0
Uttar Pradesh,2,0.0,27.6,1001.6,67.5,18.0,184.0,26.8,80.9,0.449,14.75,3.35,9.54,7.8,7.8,0
Uttar Pradesh,2,0.0,28.4,1002.6,57.7,20.2,286.7,26.8,80.9,0.851,3.81,1.65,9.37,2.7,2.7,0
Uttar Pradesh,2,14.0,28.3,1007.3,63.0,13.7,250.5,26.8,80.9,0.795,8.63,2.48,5.51,29.2,15.2,1
Uttar Pradesh,2,18.6,21.1,998.3,57.7,14.0,270.7,26.8,80.9,0.575,8.74,4.63,9.4,22.6,4.0,0
Uttar Pradesh,2,24.1,22.1,1007.6,67.4,15.8,348.0,26.8,80.9,0.42,11.04,3.52,10.64,32.0,7.9,0
Uttar Pradesh,2,9.6,31.4,1007.0,67.5,16.8,228.1,26.8,80.9,0.544,13.29,3.8,10.78,29.3,19.8,1
Uttar Pradesh,2,18.8,26.9,1010.6,70.7,15.9,85.9,26.8,80.9,0.135,15.5,5.17,8.78,23.8,5.0,0
Uttar Pradesh,2,7.4,28.7,1011.5,72.3,16.4,243.0,26.8,80.9,0.652,12.59,1.72,9.58,24.5,17.1,1
Uttar Pradesh,2,10.0,34.7,1003.4,65.7,9.6,263.7,26.8,80.9,0.8,9.04,4.36,12.03,14.6,4.6,0
Uttar Pradesh,2,11.9,31.6,1003.8,67.1,23.5,149.8,26.8,80.9,0.643,11.54,2.75,7.74,28.1,16.3,1
Uttar Pradesh,2,17.0,31.5,1016.0,63.1,7.6,358.5,26.8,80.9,0.499,13.01,2.04,8.25,12.2,4.8,0
Uttar Pradesh,2,11.1,26.1,1003.6,63.0,1.3,22.6,26.8,80.9,0.628,10.83,1.66,8.72,8.6,2.4,0
Uttar Pradesh,2,19.0,28.2,1006.4,65.1,25.6,17.0,26.8,80.9,0.517,12.57,1.8,2.3,17.8,1.2,0
Uttar Pradesh,2,19.4,27.3,1006.8,75.1,8.8,3.4,26.8,80.9,0.169,10.72,3.23,9.47,12.3,7.1,0
Uttar Pradesh,2,8.0,23.6,1006.8,80.8,11.2,80.5,26.8,80.9,0.336,3.0,1.4,9.09,0.0,8.0,0
Uttar Pradesh,2,14.1,28.8,1005.3,68.3,8.1,209.7,26.8,80.9,0.332,7.89,2.34,9.15,19.9,5.8,0
Uttar Pradesh,2,0.0,29.7,999.3,62.6,12.3,68.0,26.8,80.9,0.572,12.32,2.02,4.65,3.2,3.2,0
Uttar Pradesh,2,0.0,26.8,1014.7,50.9,11.1,207.7,26.8,80.9,0.873,7.29,2.37,3.99,5.3,5.3,0
Uttar Pradesh,2,13.6,25.2,1012.9,68.7,17.1,239.4,26.8,80.9,0.521,8.59,4.7,7.43,16.8,3.2,0
Uttar Pradesh,2,4.8,26.6,1009.2,74.2,9.4,6.2,26.8,80.9,0.509,10.87,0.9,4.31,0.0,4.8,0
Uttar Pradesh,2,10.7,25.1,1005.5,54.1,10.8,169.8,26.8,80.9,0.624,11.36,3.13,6.17,0.0,10.7,0
Uttar Pradesh,2,4.8,25.7,1009.2,72.2,14.4,37.3,26.8,80.9,0.358,7.0,4.2,7.58,5.2,0.4,0
Uttar Pradesh,2,32.5,31.0,1007.0,59.1,19.4,321.0,26.8,80.9,0.477,12.15,4.01,8.73,41.6,9.1,0
Uttar Pradesh,2,15.7,30.9,1004.3,84.1,6.6,253.6,26.8,80.9,0.205,9.05,2.26,7.49,19.4,3.6,0
Uttar Pradesh,2,0.0,28.6,1015.0,52.9,8.5,22.0,26.8,80.9,0.488,10.04,4.18,4.7,0.0,0.0,0
Uttar Pradesh,2,2.6,27.3,1014.7,49.0,6.8,121.3,26.8,80.9,0.752,6.98,2.56,2.24,5.3,2.7,0
Uttar Pradesh,2,20.7,29.7,1007.5,50.4,11.2,6.3,26.8,80.9,0.274,12.06,4.01,5.49,27.5,6.8,0
Uttar Pradesh,2,9.0,33.3,1018.2,55.1,16.6,85.4,26.8,80.9,0.278,7.14,2.25,6.68,8.2,0.9,0
Uttar Pradesh,2,7.9,32.1,998.5,56.3,16.1,20.0,26.8,80.9,0.26,11.68,4.54,6.93,2.4,5.6,0
Uttar Pradesh,2,20.8,35.6,1003.6,66.4,18.3,100.2,26.8,80.9,0.123,11.21,1.78,3.27,9.3,11.5,0
Uttar Pradesh,2,24.6,25.4,1009.7,71.8,13.6,195.3,26.8,80.9,0.548,9.99,2.04,4.53,27.2,2.5,0
Uttar Pradesh,2,8.8,30.4,1013.5,69.4,8.7,258.9,26.8,80.9,0.318,4.06,2.07,7.81,11.3,2.5,0
Uttar Pradesh,2,32.6,30.6,1017.5,73.2,18.2,145.0,26.8,80.9,0.257,7.64,2.94,5.2,27.1,5.5,0
Uttar Pradesh,2,15.3,24.7,1000.3,54.8,11.6,19.1,26.8,80.9,0.426,11.84,3.64,5.1,8.7,6.7,0
Uttar Pradesh,2,3.4,31.3,1012.4,69.5,18.8,36.1,26.8,80.9,0.375,15.39,2.64,10.14,10.7,7.3,0
Uttar Pradesh,2,0.0,24.8,1001.9,48.2,17.2,256.3,26.8,80.9,0.42,12.86,4.73,7.7,2.3,2.3,0
Uttar Pradesh,2,7.4,30.9,1012.4,70.6,14.9,1.9,26.8,80.9,0.153,13.03,1.41,8.94,13.6,6.3,0
Uttar Pradesh,2,0.0,26.3,1018.6,65.2,6.7,125.9,26.8,80.9,0.317,1.76,3.57,4.33,4.2,4.2,0
Uttar Pradesh,2,0.6,31.5,1008.9,40.1,14.7,149.3,26.8,80.9,0.755,11.02,3.86,4.95,0.0,0.6,0
Uttar Pradesh,2,10.0,27.3,1014.7,64.5,6.7,18.2,26.8,80.9,0.665,8.77,2.69,10.26,7.5,2.5,0
Uttar Pradesh,3,0.0,25.1,1009.2,64.0,5.4,245.0,26.8,80.9,0.577,12.44,3.9,4.26,5.9,5.9,0
Uttar Pradesh,3,22.8,33.1,1011.6,71.6,4.5,270.3,26.8,80.9,0.353,16.01,4.76,5.31,24.5,1.7,0
Uttar Pradesh,3,14.9,32.2,999.6,44.4,13.4,358.6,26.8,80.9,0.576,13.25,4.88,6.29,19.7,4.8,0
Uttar Pradesh,3,19.7,23.8,1012.6,69.2,10.2,320.8,26.8,80.9,0.516,14.0,2.97,8.84,17.7,2.0,0
Uttar Pradesh,3,0.6,29.2,1003.5,74.5,16.2,56.6,26.8,80.9,0.587,7.8,1.47,6.37,3.8,3.1,0
Uttar Pradesh,3,18.2,29.1,1012.5,56.7,11.3,30.1,26.8,80.9,0.158,9.07,2.11,7.57,15.6,2.6,0
Uttar Pradesh,3,19.1,29.6,1001.5,60.6,13.2,294.2,26.8,80.9,1.031,13.69,2.19,7.88,26.8,7.7,0
Uttar Pradesh,3,5.7,30.4,996.6,72.0,10.8,319.9,26.8,80.9,0.837,5.83,3.73,10.54,12.1,6.4,0
Uttar Pradesh,3,0.0,34.0,1006.9,61.2,11.6,331.4,26.8,80.9,0.306,11.54,2.68,10.17,6.1,6.1,0
Uttar Pradesh,3,31.4,27.7,1004.0,51.8,24.2,108.1,26.8,80.9,0.406,17.65,5.03,4.11,27.7,3.7,0
Uttar Pradesh,3,10.3,24.3,1007.5,73.6,6.3,4.8,26.8,80.9,0.778,12.48,3.31,6.16,21.8,11.4,0
Uttar Pradesh,3,0.0,29.5,1008.1,77.8,10.3,109.3,26.8,80.9,0.296,12.63,2.89,5.57,0.0,0.0,0
Uttar Pradesh,3,18.3,24.1,1002.9,75.5,12.4,219.8,26.8,80.9,0.472,10.88,3.59,12.32,31.8,13.5,0
Uttar Pradesh,3,25.7,26.0,1003.1,74.1,20.1,357.7,26.8,80.9,0.547,13.79,4.29,8.61,30.6,4.8,0
Uttar Pradesh,3,13.1,25.4,1004.6,59.5,5.2,56.3,26.8,80.9,0.536,13.93,4.91,12.13,27.9,14.8,1
Uttar Pradesh,3,2.8,22.8,1012.7,80.3,21.0,125.4,26.8,80.9,0.145,12.34,4.07,11.92,15.3,12.5,0
Uttar Pradesh,3,22.8,26.2,1002.9,71.8,9.2,168.7,26.8,80.9,0.203,13.15,3.78,7.54,16.5,6.3,0
Uttar Pradesh,3,0.0,26.4,1005.4,77.6,9.3,191.2,26.8,80.9,0.286,12.8,0.71,14.45,0.6,0.6,0
Uttar Pradesh,3,0.0,25.7,1003.6,59.9,11.4,241.0,26.8,80.9,0.381,6.25,4.39,11.76,0.2,0.2,0
Uttar Pradesh,3,11.7,24.0,1008.4,68.8,12.1,250.9,26.8,80.9,0.606,6.66,4.83,7.54,29.0,17.3,1
Uttar Pradesh,3,16.9,36.4,1013.9,68.8,9.6,253.4,26.8,80.9,0.651,11.45,2.69,10.66,21.2,4.2,0
Uttar Pradesh,3,22.0,24.6,1013.0,71.5,19.2,293.4,26.8,80.9,0.527,10.22,5.54,7.29,31.2,9.3,0
Uttar Pradesh,3,7.3,21.1,1001.9,70.6,16.7,101.7,26.8,80.9,0.773,12.45,2.47,9.94,13.3,6.0,0
Uttar Pradesh,3,5.0,30.4,1008.4,60.4,12.3,83.2,26.8,80.9,0.82,11.63,3.47,3.86,23.9,19.0,1
Uttar Pradesh,3,24.3,31.6,996.6,66.9,12.6,357.4,26.8,80.9,0.454,9.95,4.14,5.84,22.4,2.0,0
Uttar Pradesh,3,14.2,33.9,1012.0,77.3,13.5,219.0,26.8,80.9,0.196,18.97,5.98,9.53,22.2,8.0,0
Uttar Pradesh,3,11.4,27.7,1004.9,66.0,16.0,110.4,26.8,80.9,0.941,11.28,1.61,13.09,7.1,4.3,0
Uttar Pradesh,3,5.2,29.6,1010.1,52.0,9.5,83.6,26.8,80.9,0.668,15.61,1.93,11.15,16.8,11.6,0
Uttar Pradesh,3,4.0,20.6,1002.6,60.5,20.9,274.8,26.8,80.9,0.343,11.47,1.85,9.7,0.0,4.0,0
Uttar Pradesh,3,1.9,30.1,1016.8,88.5,8.0,253.9,26.8,80.9,0.647,15.56,0.8,8.42,1.8,0.1,0
Uttar Pradesh,3,0.0,23.2,1005.2,67.1,18.2,140.6,26.8,80.9,0.734,10.99,2.55,7.61,10.1,10.1,0
Uttar Pradesh,3,24.3,28.0,1003.4,69.9,15.6,35.8,26.8,80.9,0.408,8.21,4.31,6.94,23.1,1.2,0
Uttar Pradesh,3,26.9,23.1,1018.3,60.4,17.5,3.0,26.8,80.9,0.598,9.83,4.43,7.12,25.9,1.1,0
Uttar Pradesh,3,33.7,28.7,1004.6,51.6,22.5,248.1,26.8,80.9,0.956,12.48,3.57,8.67,57.5,23.8,1
Uttar Pradesh,3,0.0,29.4,1006.7,64.4,13.9,197.4,26.8,80.9,0.582,10.79,1.82,9.3,9.3,9.3,0
Uttar Pradesh,3,5.4,36.0,1014.7,74.9,17.4,226.1,26.8,80.9,0.772,17.16,4.37,6.45,9.7,4.3,0
Uttar Pradesh,3,18.8,31.9,1007.6,60.8,21.1,111.6,26.8,80.9,0.356,5.57,2.27,11.9,31.4,12.6,0
Uttar Pradesh,3,11.0,30.5,1007.9,54.6,24.3,262.1,26.8,80.9,0.615,7.46,3.13,6.08,15.5,4.5,0
Uttar Pradesh,3,15.6,27.2,1000.7,87.8,14.4,187.6,26.8,80.9,0.46,4.63,3.3,7.19,24.2,8.5,0
Uttar Pradesh,3,22.8,31.6,1012.9,84.5,15.1,256.9,26.8,80.9,0.643,3.28,3.21,5.56,28.5,5.7,0
Uttar Pradesh,4,4.0,30.8,1012.9,79.0,21.7,83.4,26.8,80.9,0.376,24.03,5.06,9.91,6.5,2.6,0
Uttar Pradesh,4,12.8,20.7,1004.1,65.9,10.0,156.9,26.8,80.9,1.128,11.31,4.18,9.97,25.0,12.2,0
Uttar Pradesh,4,7.7,33.4,1010.2,54.1,13.1,321.8,26.8,80.9,0.572,14.36,4.61,10.79,14.3,6.6,0
Uttar Pradesh,4,14.5,19.8,1011.9,71.9,8.7,151.1,26.8,80.9,0.746,17.0,4.46,10.2,27.7,13.2,0
Uttar Pradesh,4,9.8,30.0,1004.9,78.1,5.6,64.3,26.8,80.9,0.62,16.18,2.91,9.51,14.1,4.3,0
Uttar Pradesh,4,18.7,24.2,1011.2,48.5,10.3,311.8,26.8,80.9,0.782,13.92,4.4,13.66,20.5,1.8,0
Uttar Pradesh,4,20.8,28.7,1007.6,80.1,24.0,326.7,26.8,80.9,0.783,13.6,4.25,9.98,22.4,1.6,0
Uttar Pradesh,4,0.0,34.5,1004.5,64.6,12.5,121.1,26.8,80.9,0.664,12.14,2.99,9.69,3.7,3.7,0
Uttar Pradesh,4,24.6,23.0,1004.0,74.3,10.4,64.2,26.8,80.9,0.498,11.92,3.73,8.61,18.1,6.5,0
Uttar Pradesh,4,22.8,33.7,998.4,51.5,18.6,37.1,26.8,80.9,0.19,15.58,5.82,6.65,38.5,15.7,1
Uttar Pradesh,4,11.3,29.7,1004.4,77.0,17.8,309.7,26.8,80.9,0.904,12.28,7.58,13.29,21.8,10.4,0
Uttar Pradesh,4,1.5,22.3,1000.8,57.7,20.5,245.4,26.8,80.9,0.493,11.78,3.54,11.64,0.0,1.5,0
Uttar Pradesh,4,17.7,29.6,1003.8,82.9,12.1,300.9,26.8,80.9,0.787,12.54,4.34,5.69,29.9,12.2,0
Uttar Pradesh,4,39.5,23.3,1009.8,59.1,27.0,73.2,26.8,80.9,0.672,7.41,2.67,11.48,31.0,8.6,0
Uttar Pradesh,4,0.0,28.4,1008.7,70.8,11.4,156.2,26.8,80.9,0.444,14.83,4.11,11.04,13.6,13.6,0
Uttar Pradesh,4,8.0,25.8,999.6,46.8,12.7,95.8,26.8,80.9,0.399,8.84,5.68,11.87,0.0,8.0,0
Uttar Pradesh,4,8.2,30.0,1004.9,58.9,11.9,257.1,26.8,80.9,0.852,9.38,4.4,9.22,4.0,4.2,0
Uttar Pradesh,4,9.9,23.3,1013.8,82.5,11.5,208.2,26.8,80.9,0.827,17.18,2.51,8.8,14.3,4.4,0
Uttar Pradesh,4,4.2,29.9,1004.5,61.6,13.1,168.8,26.8,80.9,0.205,15.99,2.96,15.64,23.7,19.4,1
Uttar Pradesh,4,7.4,37.8,1012.7,60.5,0.7,267.0,26.8,80.9,0.622,14.05,3.58,5.81,7.2,0.2,0
Uttar Pradesh,4,22.0,27.0,1006.2,51.8,14.1,86.8,26.8,80.9,0.8,9.38,3.5,15.73,23.9,2.0,0
Uttar Pradesh,4,8.2,30.7,999.1,79.5,18.6,203.7,26.8,80.9,0.0,11.28,2.32,12.61,17.9,9.7,0
Uttar Pradesh,4,18.1,23.6,1015.5,64.4,22.6,68.4,26.8,80.9,0.717,10.48,5.54,11.07,35.8,17.6,1
Uttar Pradesh,4,15.6,28.2,1011.0,81.4,18.7,228.8,26.8,80.9,0.245,15.56,2.12,9.35,16.0,0.4,0
Uttar Pradesh,4,0.0,29.9,1018.8,63.9,17.4,352.1,26.8,80.9,0.789,9.74,4.13,10.68,18.0,18.0,1
Uttar Pradesh,4,28.0,17.3,1003.7,66.3,8.5,87.3,26.8,80.9,0.562,10.43,2.98,9.23,26.6,1.5,0
Uttar Pradesh,4,1.5,28.6,1009.7,62.3,20.5,327.1,26.8,80.9,0.604,8.83,2.5,8.6,15.4,13.9,0
Uttar Pradesh,4,3.6,30.8,1008.5,86.9,15.6,75.4,26.8,80.9,0.763,15.4,3.37,5.75,13.1,9.5,0
Uttar Pradesh,4,14.2,22.3,1009.3,60.6,6.0,60.3,26.8,80.9,0.873,17.15,4.99,10.05,25.0,10.7,0
Uttar Pradesh,4,14.7,24.0,1003.5,60.9,20.6,171.1,26.8,80.9,0.4,12.53,3.37,8.77,12.1,2.6,0
Uttar Pradesh,4,30.3,28.3,1009.1,69.2,8.5,1.8,26.8,80.9,0.828,18.21,2.47,4.68,35.9,5.5,0
Uttar Pradesh,4,26.8,29.8,1011.4,53.4,10.7,127.5,26.8,80.9,0.588,3.66,5.45,13.9,31.6,4.8,0
Uttar Pradesh,4,0.0,29.9,1017.3,71.8,19.5,288.9,26.8,80.9,0.442,12.04,1.54,16.03,3.9,3.9,0
Uttar Pradesh,4,23.9,26.6,1000.3,81.3,8.0,113.3,26.8,80.9,0.705,12.62,2.91,8.79,19.3,4.6,0
Uttar Pradesh,4,23.2,30.7,1007.9,61.3,24.1,74.5,26.8,80.9,0.307,11.99,3.54,12.53,31.0,7.8,0
Uttar Pradesh,4,13.8,30.4,1010.4,88.0,14.9,148.9,26.8,80.9,0.656,1.85,3.81,12.52,23.3,9.5,0
Uttar Pradesh,4,17.1,31.0,1013.5,81.3,15.8,322.2,26.8,80.9,0.153,16.23,4.47,9.7,11.6,5.4,0
Uttar Pradesh,4,25.1,27.4,1007.8,66.4,15.8,108.9,26.8,80.9,0.729,9.44,3.03,11.9,20.2,4.8,0
Uttar Pradesh,4,24.1,28.8,999.8,80.6,15.2,325.5,26.8,80.9,0.817,18.32,4.09,11.09,32.4,8.3,0
Uttar Pradesh,4,9.4,22.1,1009.1,80.8,16.5,216.0,26.8,80.9,0.836,11.08,1.34,12.29,5.6,3.7,0
Uttar Pradesh,5,36.4,32.8,1006.9,72.1,26.1,172.6,26.8,80.9,0.736,25.32,4.44,12.07,31.2,5.2,0
Uttar Pradesh,5,0.0,27.1,1008.2,70.8,6.9,332.8,26.8,80.9,0.522,16.19,5.42,9.13,0.0,0.0,0
Uttar Pradesh,5,33.6,31.7,1008.8,82.2,14.4,109.3,26.8,80.9,0.488,13.33,5.23,14.49,36.7,3.2,0
Uttar Pradesh,5,29.6,27.4,1004.1,54.4,11.5,343.8,26.8,80.9,1.09,15.52,4.19,15.49,22.7,6.9,0
Uttar Pradesh,5,13.4,36.2,1007.3,92.0,17.9,72.0,26.8,80.9,0.955,13.77,3.71,9.97,8.9,4.5,0
Uttar Pradesh,5,14.3,28.2,1016.4,73.4,25.8,310.8,26.8,80.9,0.445,12.34,6.09,9.99,1.8,12.5,0
Uttar Pradesh,5,12.1,23.5,1001.0,87.5,12.2,229.3,26.8,80.9,0.669,12.75,3.29,9.39,19.6,7.5,0
Uttar Pradesh,5,32.1,32.0,1001.9,77.4,16.4,104.1,26.8,80.9,0.724,16.05,4.36,11.76,27.5,4.6,0
Uttar Pradesh,5,39.0,20.5,1010.9,71.2,17.2,104.4,26.8,80.9,0.922,13.33,2.88,7.04,45.8,6.8,0
Uttar Pradesh,5,0.0,35.5,1013.2,85.8,22.6,17.2,26.8,80.9,0.514,3.05,3.81,15.62,0.0,0.0,0
Uttar Pradesh,5,12.5,26.0,1009.9,80.4,6.3,314.1,26.8,80.9,0.985,16.69,3.99,15.44,4.4,8.2,0
Uttar Pradesh,5,26.2,28.0,1011.0,43.6,12.7,33.0,26.8,80.9,0.675,18.78,5.77,7.44,38.8,12.6,0
Uttar Pradesh,5,3.1,28.5,1011.3,59.1,17.9,121.3,26.8,80.9,0.572,16.59,3.3,7.66,17.3,14.2,0
Uttar Pradesh,5,16.4,22.4,1012.3,63.4,7.0,260.0,26.8,80.9,0.869,10.32,2.81,12.24,29.9,13.5,0
Uttar Pradesh,5,5.6,31.9,1018.3,81.0,20.0,232.9,26.8,80.9,0.599,13.54,4.83,6.55,1.3,4.3,0
Uttar Pradesh,5,0.0,29.2,1008.4,61.0,18.1,255.2,26.8,80.9,0.55,16.88,5.41,7.93,5.7,5.7,0
Uttar Pradesh,5,5.7,27.5,1008.7,73.1,15.6,234.0,26.8,80.9,0.472,15.31,4.96,12.39,1.1,4.6,0
Uttar Pradesh,5,26.0,23.0,1005.8,64.7,7.7,241.5,26.8,80.9,0.732,6.46,3.83,5.07,51.5,25.5,1
Uttar Pradesh,5,17.6,28.8,1009.2,73.5,18.9,158.6,26.8,80.9,0.95,18.74,4.22,9.96,0.0,17.6,1
Uttar Pradesh,5,0.1,30.3,1014.0,74.8,13.6,307.7,26.8,80.9,0.889,12.18,6.92,7.03,0.0,0.1,0
Uttar Pradesh,5,10.0,25.2,1006.2,75.5,13.8,270.1,26.8,80.9,0.7,4.51,2.48,9.16,5.5,4.5,0
Uttar Pradesh,5,12.3,33.9,1007.6,54.3,10.0,38.7,26.8,80.9,0.994,16.14,2.43,11.24,22.2,9.9,0
Uttar Pradesh,5,15.4,26.0,1006.2,61.1,8.3,304.0,26.8,80.9,0.864,12.62,4.72,11.49,44.7,29.4,1
Uttar Pradesh,5,25.5,31.6,1008.2,63.2,20.9,224.4,26.8,80.9,0.421,10.44,4.84,12.83,6.4,19.1,1
Uttar Pradesh,5,4.0,29.7,998.4,49.8,12.6,15.1,26.8,80.9,0.796,20.09,4.4,9.2,0.0,4.0,0
Uttar Pradesh,5,10.4,31.1,1011.8,70.1,16.7,120.8,26.8,80.9,0.703,19.23,3.43,10.1,9.7,0.7,0
Uttar Pradesh,5,24.6,24.2,1006.4,48.9,17.0,27.8,26.8,80.9,0.87,17.01,5.31,12.42,36.1,11.6,0
Uttar Pradesh,5,23.2,25.6,1007.0,68.2,12.3,132.5,26.8,80.9,0.441,14.68,5.39,10.35,54.4,31.2,1
Uttar Pradesh,5,4.0,30.0,1014.5,78.2,17.3,246.4,26.8,80.9,0.699,20.41,5.84,7.76,11.5,7.5,0
Uttar Pradesh,5,0.0,34.3,1009.1,81.0,13.5,269.7,26.8,80.9,1.215,14.28,3.1,13.76,28.3,28.3,1
Uttar Pradesh,5,12.6,27.9,1009.2,56.4,10.5,265.1,26.8,80.9,0.662,10.41,3.76,13.54,0.0,12.6,0
Uttar Pradesh,5,18.1,38.1,1018.2,73.2,20.6,44.8,26.8,80.9,0.663,17.46,6.45,6.53,28.0,9.9,0
Uttar Pradesh,5,19.4,28.7,1008.1,69.8,15.6,63.8,26.8,80.9,0.783,13.05,3.29,8.9,26.8,7.4,0
Uttar Pradesh,5,6.6,32.0,1010.2,78.9,10.8,108.5,26.8,80.9,0.915,14.28,4.06,12.42,18.9,12.3,0
Uttar Pradesh,5,0.0,33.8,1005.9,84.5,7.3,246.2,26.8,80.9,0.651,5.86,5.09,4.55,0.9,0.9,0
Uttar Pradesh,5,28.3,26.1,1003.5,75.5,12.8,328.3,26.8,80.9,0.943,9.09,3.75,12.92,21.2,7.1,0
Uttar Pradesh,5,36.4,27.4,1012.4,76.2,13.2,330.2,26.8,80.9,0.679,16.61,3.12,6.71,55.7,19.4,1
Uttar Pradesh,5,6.2,29.7,1007.0,65.9,21.2,316.4,26.8,80.9,0.617,12.68,3.7,8.31,4.8,1.5,0
Uttar Pradesh,5,35.0,31.1,1006.3,77.3,6.1,221.4,26.8,80.9,0.947,22.71,5.51,11.63,54.0,19.0,1
Uttar Pradesh,5,7.5,26.7,1007.7,81.2,9.7,72.3,26.8,80.9,0.735,16.63,3.46,12.33,26.1,18.5,1
Uttar Pradesh,6,31.0,29.5,1007.5,85.4,14.5,160.2,26.8,80.9,1.152,18.54,3.55,7.68,34.5,3.5,0
Uttar Pradesh,6,25.1,29.9,1019.0,72.4,12.8,27.5,26.8,80.9,0.996,15.18,2.94,11.47,19.8,5.4,0
Uttar Pradesh,6,11.5,28.1,1003.5,63.1,10.7,301.2,26.8,80.9,0.558,13.27,3.68,13.16,17.2,5.6,0
Uttar Pradesh,6,31.0,35.6,1011.4,72.5,18.1,296.1,26.8,80.9,0.77,15.08,3.52,13.92,35.2,4.3,0
Uttar Pradesh,6,34.0,31.8,1004.9,80.5,1.6,343.7,26.8,80.9,0.492,17.18,5.26,14.77,33.2,0.8,0
Uttar Pradesh,6,0.0,26.8,1006.9,47.5,14.6,336.9,26.8,80.9,0.89,14.22,7.1,10.63,10.2,10.2,0
Uttar Pradesh,6,14.1,21.6,1007.0,75.5,17.4,294.9,26.8,80.9,0.469,17.78,5.25,13.93,13.8,0.3,0
Uttar Pradesh,6,0.0,30.2,1008.0,81.9,14.5,182.7,26.8,80.9,0.843,12.81,3.98,11.11,0.0,0.0,0
Uttar Pradesh,6,13.9,35.9,1013.2,71.1,22.2,353.6,26.8,80.9,1.258,13.36,7.15,17.4,1.4,12.4,0
Uttar Pradesh,6,34.2,27.0,1005.2,73.2,9.4,101.3,26.8,80.9,0.572,15.91,6.35,12.56,33.6,0.7,0
Uttar Pradesh,6,23.1,22.5,1003.8,63.7,18.3,145.7,26.8,80.9,0.867,15.09,3.8,15.86,20.4,2.8,0
Uttar Pradesh,6,21.7,27.7,1010.8,61.9,19.7,223.0,26.8,80.9,0.958,15.83,4.23,19.87,16.1,5.6,0
Uttar Pradesh,6,27.2,29.4,1007.7,69.9,11.8,296.1,26.8,80.9,0.823,25.91,6.03,12.95,38.7,11.5,0
Uttar Pradesh,6,38.7,24.2,1007.1,48.9,17.2,329.6,26.8,80.9,0.561,20.94,3.89,10.37,43.4,4.7,0
Uttar Pradesh,6,35.8,24.7,1009.5,75.7,17.2,326.4,26.8,80.9,0.912,12.98,6.78,11.07,38.4,2.7,0
Uttar Pradesh,6,32.8,25.6,1009.6,60.8,27.0,222.2,26.8,80.9,0.738,17.28,4.76,10.35,38.6,5.8,0
Uttar Pradesh,6,16.1,22.0,1009.3,67.6,16.0,316.9,26.8,80.9,0.688,18.7,5.39,15.59,25.9,9.8,0
Uttar Pradesh,6,14.3,30.6,998.1,89.0,15.8,170.6,26.8,80.9,0.586,10.73,5.19,12.49,21.6,7.4,0
Uttar Pradesh,6,18.9,25.6,1000.6,70.8,8.0,257.1,26.8,80.9,0.684,16.92,7.14,14.34,39.3,20.4,1
Uttar Pradesh,6,24.5,29.6,1020.5,54.8,12.3,328.5,26.8,80.9,0.939,11.28,5.67,13.14,39.4,14.9,1
Uttar Pradesh,6,26.2,34.3,1007.8,73.3,10.7,351.1,26.8,80.9,1.113,11.95,5.52,12.99,46.2,20.1,1
Uttar Pradesh,6,0.0,31.7,1007.7,62.0,13.1,264.9,26.8,80.9,0.906,14.69,3.38,8.19,14.0,14.0,0
Uttar Pradesh,6,1.3,27.6,1021.4,72.6,18.1,302.7,26.8,80.9,0.515,18.38,4.41,14.92,6.0,4.7,0
Uttar Pradesh,6,59.3,26.2,1009.9,60.1,20.1,246.6,26.8,80.9,0.588,14.33,6.52,15.46,47.8,11.5,0
Uttar Pradesh,6,12.2,35.8,1007.7,70.8,20.0,212.2,26.8,80.9,0.592,14.31,6.32,14.76,25.1,12.9,0
Uttar Pradesh,6,16.2,33.0,1007.7,74.8,19.5,133.6,26.8,80.9,0.769,14.15,6.42,15.82,15.7,0.4,0
Uttar Pradesh,6,4.6,33.4,1000.3,52.1,13.6,184.5,26.8,80.9,0.548,16.09,5.07,9.96,31.0,26.5,1
Uttar Pradesh,6,21.8,32.6,1000.7,53.4,16.7,356.6,26.8,80.9,0.558,15.77,3.27,9.24,27.3,5.5,0
Uttar Pradesh,6,10.7,22.9,1001.4,49.1,16.8,129.1,26.8,80.9,0.879,11.56,5.96,13.52,16.1,5.4,0
Uttar Pradesh,6,14.7,25.5,1009.0,84.2,20.1,56.9,26.8,80.9,0.868,10.79,5.63,8.91,27.8,13.1,0
Uttar Pradesh,6,52.3,25.8,1022.6,72.9,10.7,330.9,26.8,80.9,1.233,17.17,4.07,10.79,64.6,12.3,0
Uttar Pradesh,6,16.5,29.5,1016.9,56.7,17.6,93.9,26.8,80.9,0.66,19.49,3.0,4.3,23.0,6.5,0
Uttar Pradesh,6,15.0,22.7,999.4,87.3,16.7,315.4,26.8,80.9,1.199,19.29,6.87,7.86,8.3,6.7,0
Uttar Pradesh,6,24.0,29.8,1014.2,51.7,17.9,341.4,26.8,80.9,0.947,13.57,5.37,9.07,26.4,2.3,0
Uttar Pradesh,6,4.1,25.1,1006.8,63.1,10.6,359.7,26.8,80.9,1.152,13.2,5.15,6.12,26.5,22.4,1
Uttar Pradesh,6,18.6,26.3,1005.8,76.7,0.0,338.8,26.8,80.9,0.736,14.68,7.76,10.39,34.3,15.7,1
Uttar Pradesh,6,38.4,30.8,1004.6,55.2,18.1,87.4,26.8,80.9,0.869,20.13,7.86,13.91,31.0,7.3,0
Uttar Pradesh,6,17.2,33.6,1006.8,83.1,14.1,191.3,26.8,80.9,0.69,15.84,5.0,6.57,16.3,0.9,0
Uttar Pradesh,6,1.8,26.5,1004.0,78.1,19.5,116.4,26.8,80.9,0.506,14.81,3.13,10.96,12.2,10.4,0
Uttar Pradesh,6,28.5,30.0,1014.3,70.6,13.2,336.6,26.8,80.9,0.941,13.1,5.2,10.52,11.3,17.3,1
Uttar Pradesh,7,23.5,22.8,1009.6,53.1,11.2,237.9,26.8,80.9,1.072,14.51,3.91,13.57,27.2,3.7,0
Uttar Pradesh,7,27.7,23.9,1009.1,93.2,13.6,95.3,26.8,80.9,0.5,13.23,5.75,11.49,38.4,10.7,0
Uttar Pradesh,7,23.3,22.7,1013.1,56.1,11.0,103.4,26.8,80.9,1.145,12.62,5.38,12.95,38.4,15.1,1
Uttar Pradesh,7,32.4,26.3,1013.1,81.8,23.7,64.3,26.8,80.9,0.863,14.74,3.45,11.65,39.0,6.6,0
Uttar Pradesh,7,16.9,30.3,1000.7,66.7,24.8,218.3,26.8,80.9,0.955,18.2,4.76,7.22,28.3,11.4,0
Uttar Pradesh,7,0.0,26.6,1008.0,64.0,25.7,354.2,26.8,80.9,1.039,12.94,7.51,14.34,0.0,0.0,0
Uttar Pradesh,7,18.6,31.8,1005.0,69.9,16.4,201.6,26.8,80.9,0.778,12.54,6.24,9.76,26.9,8.3,0
Uttar Pradesh,7,1.5,23.4,1002.1,65.6,15.7,118.9,26.8,80.9,0.478,15.97,4.3,14.08,1.0,0.5,0
Uttar Pradesh,7,17.2,25.0,1016.6,55.7,12.8,181.2,26.8,80.9,0.782,13.58,3.03,10.41,9.9,7.3,0
Uttar Pradesh,7,38.4,37.0,1007.7,54.5,18.5,62.4,26.8,80.9,0.722,14.12,4.6,11.42,26.3,12.1,0
Uttar Pradesh,7,9.8,32.0,1007.8,69.8,3.6,255.4,26.8,80.9,0.695,21.14,5.39,10.79,0.0,9.8,0
Uttar Pradesh,7,44.3,31.2,1012.3,86.7,15.9,178.0,26.8,80.9,0.736,19.59,4.44,10.97,49.9,5.6,0
Uttar Pradesh,7,3.0,29.3,1006.4,48.6,12.5,146.1,26.8,80.9,1.003,17.78,6.94,14.04,2.1,0.9,0
Uttar Pradesh,7,17.5,26.6,1010.4,69.1,11.7,181.2,26.8,80.9,0.924,12.61,5.58,7.74,36.8,19.3,1
Uttar Pradesh,7,24.5,34.5,1002.4,79.8,19.5,5.0,26.8,80.9,0.757,12.3,3.59,10.23,13.4,11.1,0
Uttar Pradesh,7,37.3,21.9,1008.7,72.9,16.6,256.7,26.8,80.9,1.021,14.86,5.31,11.6,59.7,22.4,1
Uttar Pradesh,7,43.4,23.2,997.8,74.2,20.2,87.9,26.8,80.9,0.98,22.22,7.19,16.87,60.3,16.9,1
Uttar Pradesh,7,2.8,27.9,1009.5,67.5,14.6,34.5,26.8,80.9,0.681,19.84,5.58,9.91,0.0,2.8,0
Uttar Pradesh,7,0.0,29.9,1007.7,60.2,5.4,285.3,26.8,80.9,0.797,13.79,4.04,11.76,10.6,10.6,0
Uttar Pradesh,7,14.2,23.2,1007.7,79.0,15.0,226.8,26.8,80.9,0.767,13.08,4.09,7.49,33.6,19.3,1
Uttar Pradesh,7,23.7,28.3,1009.5,71.9,11.1,234.8,26.8,80.9,0.737,26.69,6.42,12.98,45.2,21.5,1
Uttar Pradesh,7,33.1,22.4,1006.9,68.3,17.9,186.2,26.8,80.9,0.812,14.79,6.46,8.15,32.6,0.5,0
Uttar Pradesh,7,0.0,23.8,1009.6,71.9,13.2,162.5,26.8,80.9,1.103,16.36,5.5,11.12,14.4,14.4,0
Uttar Pradesh,7,3.9,35.1,1013.7,56.5,10.9,105.9,26.8,80.9,0.764,18.82,4.77,17.05,8.6,4.7,0
Uttar Pradesh,7,47.2,30.4,1001.3,89.4,20.3,285.6,26.8,80.9,0.961,11.88,3.03,12.35,70.2,23.0,1
Uttar Pradesh,7,22.9,34.8,1014.6,68.7,20.7,77.9,26.8,80.9,0.816,15.78,5.37,5.24,31.3,8.4,0
Uttar Pradesh,7,26.8,28.5,1009.7,68.1,4.8,263.8,26.8,80.9,0.758,14.17,6.83,15.42,34.8,8.0,0
Uttar Pradesh,7,27.4,23.3,1007.6,81.4,11.4,312.8,26.8,80.9,0.848,17.05,5.98,8.35,0.7,26.7,1
Uttar Pradesh,7,29.3,23.6,1005.0,46.7,19.9,189.7,26.8,80.9,0.894,17.85,2.73,9.52,29.0,0.3,0
Uttar Pradesh,7,9.2,26.9,1009.2,78.6,7.4,270.3,26.8,80.9,0.974,12.94,4.97,13.88,15.2,6.0,0
Uttar Pradesh,7,26.3,28.3,1006.4,56.8,16.0,55.3,26.8,80.9,0.633,18.97,6.72,10.5,21.0,5.3,0
Uttar Pradesh,7,9.0,21.2,1018.0,64.0,10.5,33.8,26.8,80.9,0.754,13.86,6.93,8.73,0.0,9.0,0
Uttar Pradesh,7,24.8,27.5,1006.9,74.1,15.5,320.6,26.8,80.9,0.551,9.97,4.36,9.23,31.5,6.7,0
Uttar Pradesh,7,0.0,26.2,1007.1,68.1,16.8,261.0,26.8,80.9,0.699,21.62,4.82,16.74,0.1,0.1,0
Uttar Pradesh,7,18.0,27.4,1009.2,64.3,15.3,262.8,26.8,80.9,1.042,20.86,3.59,8.94,27.0,9.0,0
Uttar Pradesh,7,27.4,25.9,1004.5,82.4,18.2,257.4,26.8,80.9,0.744,14.56,6.34,11.69,24.3,3.2,0
Uttar Pradesh,7,7.2,25.9,1012.4,53.4,17.9,86.3,26.8,80.9,0.79,16.06,4.94,11.62,6.4,0.8,0
Uttar Pradesh,7,11.3,33.2,1008.1,67.2,11.6,13.2,26.8,80.9,0.704,19.7,4.3,5.74,16.3,5.0,0
Uttar Pradesh,7,14.8,25.6,1012.6,41.2,22.7,159.3,26.8,80.9,0.706,14.84,5.81,14.07,11.2,3.7,0
Uttar Pradesh,7,0.0,36.4,1012.8,70.1,15.7,351.2,26.8,80.9,0.98,8.29,4.78,11.12,3.9,3.9,0
Uttar Pradesh,8,29.0,20.6,1001.3,62.2,16.0,160.5,26.8,80.9,1.23,16.93,6.65,15.69,43.8,14.7,1
Uttar Pradesh,8,19.5,26.2,1002.7,57.7,16.9,319.5,26.8,80.9,0.821,20.74,5.41,10.82,20.8,1.3,0
Uttar Pradesh,8,29.6,23.7,1009.0,68.4,11.4,194.4,26.8,80.9,0.59,18.52,4.01,16.78,31.9,2.3,0
Uttar Pradesh,8,12.9,32.4,1002.8,61.5,6.1,165.0,26.8,80.9,1.279,11.39,4.67,13.77,13.6,0.7,0
Uttar Pradesh,8,19.4,27.3,1010.0,59.4,16.2,77.3,26.8,80.9,0.822,11.13,5.16,11.84,37.1,17.7,1
Uttar Pradesh,8,19.1,28.3,1007.9,47.7,5.2,285.3,26.8,80.9,0.96,17.14,4.61,12.84,20.4,1.3,0
Uttar Pradesh,8,29.1,30.7,1005.2,68.5,16.6,11.6,26.8,80.9,1.235,17.97,7.05,10.08,27.9,1.2,0
Uttar Pradesh,8,0.0,28.4,1011.2,43.4,16.1,347.2,26.8,80.9,1.013,13.3,6.58,13.59,14.1,14.1,0
Uttar Pradesh,8,18.3,29.3,1013.5,67.0,16.6,79.8,26.8,80.9,0.877,13.58,6.46,17.86,41.0,22.7,1
Uttar Pradesh,8,28.4,18.4,1004.8,63.2,15.4,134.8,26.8,80.9,1.203,13.76,8.34,12.41,25.2,3.2,0
Uttar Pradesh,8,29.9,31.5,1011.2,61.3,17.7,302.6,26.8,80.9,0.745,17.7,4.67,16.72,26.5,3.4,0
Uttar Pradesh,8,17.1,24.3,1013.2,62.3,20.9,41.9,26.8,80.9,0.815,18.2,5.08,15.2,19.4,2.3,0
Uttar Pradesh,8,14.8,28.0,1000.1,68.2,18.4,227.7,26.8,80.9,1.094,16.57,5.1,10.21,15.8,1.1,0
Uttar Pradesh,8,43.4,28.9,1005.1,58.9,7.2,75.0,26.8,80.9,1.056,16.37,4.5,11.02,58.5,15.1,1
Uttar Pradesh,8,18.8,25.3,1006.5,91.1,21.3,120.3,26.8,80.9,0.554,17.48,4.88,15.19,36.5,17.7,1
Uttar Pradesh,8,23.7,24.3,1004.7,75.2,18.8,282.0,26.8,80.9,0.93,18.28,5.97,15.71,37.8,14.1,0
Uttar Pradesh,8,20.1,27.6,1007.6,61.2,11.2,102.0,26.8,80.9,0.761,21.34,5.59,16.02,33.3,13.2,0
Uttar Pradesh,8,29.9,25.9,1010.0,76.4,7.4,32.8,26.8,80.9,1.357,21.87,6.62,15.33,33.6,3.8,0
Uttar Pradesh,8,18.5,31.7,1003.1,58.4,13.2,290.5,26.8,80.9,0.731,17.18,5.52,10.52,0.0,18.5,1
Uttar Pradesh,8,7.5,28.8,1010.4,73.9,18.2,291.5,26.8,80.9,0.736,19.58,5.4,16.28,17.0,9.6,0
Uttar Pradesh,8,35.2,25.9,1013.3,89.3,15.5,67.4,26.8,80.9,0.718,21.66,7.0,12.08,47.4,12.3,0
Uttar Pradesh,8,23.1,29.4,1012.1,74.2,14.5,67.1,26.8,80.9,1.126,15.86,5.65,8.25,37.8,14.7,1
Uttar Pradesh,8,34.5,26.8,1008.7,66.8,13.3,184.0,26.8,80.9,0.747,17.14,4.56,15.33,42.2,7.7,0
Uttar Pradesh,8,14.6,27.9,1006.9,80.4,13.0,283.5,26.8,80.9,0.763,21.34,6.89,16.81,39.1,24.5,1
Uttar Pradesh,8,23.3,32.8,1016.1,57.8,12.2,345.3,26.8,80.9,1.116,12.05,3.51,10.27,6.4,16.9,1
Uttar Pradesh,8,23.0,23.5,999.5,68.6,15.3,168.3,26.8,80.9,0.761,17.78,5.22,12.57,43.6,20.6,1
Uttar Pradesh,8,45.5,26.5,1001.4,66.7,16.2,47.1,26.8,80.9,1.026,26.93,3.59,12.04,72.6,27.1,1
Uttar Pradesh,8,13.5,31.0,1011.2,81.4,24.8,293.7,26.8,80.9,0.555,15.28,8.27,9.32,23.6,10.1,0
Uttar Pradesh,8,0.0,22.4,1012.4,69.4,13.3,330.8,26.8,80.9,0.505,20.85,5.31,8.99,3.4,3.4,0
Uttar Pradesh,8,26.7,27.0,1008.6,69.4,11.7,227.0,26.8,80.9,1.051,22.22,6.6,11.53,41.7,14.9,1
Uttar Pradesh,8,25.4,25.0,1005.7,75.8,22.1,216.7,26.8,80.9,1.232,22.74,5.89,12.84,38.0,12.7,0
Uttar Pradesh,8,12.1,27.1,1000.6,51.6,26.9,227.0,26.8,80.9,0.945,17.96,4.66,12.64,19.0,6.9,0
Uttar Pradesh,8,17.4,24.8,1010.4,70.9,17.2,102.7,26.8,80.9,0.87,17.4,7.43,10.73,0.0,17.4,1
Uttar Pradesh,8,26.4,25.3,1002.6,77.9,14.5,210.8,26.8,80.9,1.291,11.64,5.55,7.89,37.9,11.4,0
Uttar Pradesh,8,12.1,31.1,1007.9,82.5,13.1,261.0,26.8,80.9,0.952,17.07,3.47,10.39,7.8,4.3,0
Uttar Pradesh,8,38.4,30.6,1006.3,73.7,5.0,252.7,26.8,80.9,0.984,18.74,5.0,13.45,48.9,10.5,0
Uttar Pradesh,8,19.7,31.2,1009.6,74.1,23.8,119.7,26.8,80.9,1.252,15.39,3.74,13.14,24.1,4.5,0
Uttar Pradesh,8,37.3,23.3,1007.6,73.1,15.7,273.5,26.8,80.9,0.976,22.4,7.49,13.66,32.1,5.2,0
Uttar Pradesh,8,38.2,23.5,1017.0,82.4,22.6,131.8,26.8,80.9,0.482,13.92,6.02,11.53,36.8,1.4,0
Uttar Pradesh,8,27.1,27.1,1001.9,77.9,17.8,148.0,26.8,80.9,1.046,18.46,7.25,14.01,51.4,24.2,1
Uttar Pradesh,9,0.0,29.5,1006.0,60.9,21.4,169.4,26.8,80.9,0.575,22.38,6.81,12.47,0.0,0.0,0
Uttar Pradesh,9,2.3,26.3,1007.1,77.5,16.9,121.8,26.8,80.9,1.024,18.5,4.98,9.87,17.6,15.3,1
Uttar Pradesh,9,26.7,29.9,1004.4,71.2,8.7,41.4,26.8,80.9,0.983,20.57,4.15,11.47,27.3,0.5,0
Uttar Pradesh,9,32.9,24.4,1008.7,72.0,14.4,101.9,26.8,80.9,0.707,16.9,7.82,19.15,49.4,16.6,1
Uttar Pradesh,9,34.6,20.3,1003.3,66.4,27.7,61.7,26.8,80.9,1.125,21.03,6.53,14.57,23.7,10.8,0
Uttar Pradesh,9,0.0,32.8,1004.9,50.8,17.8,68.4,26.8,80.9,1.13,23.98,5.0,12.02,2.1,2.1,0
Uttar Pradesh,9,31.2,19.2,1008.6,78.8,20.1,289.9,26.8,80.9,1.189,8.53,8.04,15.63,57.9,26.7,1
Uttar Pradesh,9,7.3,20.6,1016.9,60.2,14.0,263.5,26.8,80.9,1.131,23.83,6.37,11.48,24.4,17.1,1
Uttar Pradesh,9,30.0,20.4,1015.1,44.6,20.8,211.1,26.8,80.9,1.117,21.56,6.06,15.99,35.5,5.4,0
Uttar Pradesh,9,29.9,36.4,1001.3,37.6,13.5,292.4,26.8,80.9,0.9,15.81,7.15,10.5,41.9,12.0,0
Uttar Pradesh,9,29.0,28.9,1010.4,79.0,15.9,323.1,26.8,80.9,1.073,21.92,7.17,9.5,32.8,3.8,0
Uttar Pradesh,9,8.6,29.9,1011.6,66.8,12.0,299.5,26.8,80.9,0.949,25.23,8.23,17.64,17.7,9.1,0
Uttar Pradesh,9,43.3,28.6,1005.6,62.7,12.1,0.6,26.8,80.9,1.069,13.86,5.56,15.28,59.1,15.8,1
Uttar Pradesh,9,21.0,28.6,1001.8,60.4,15.3,13.0,26.8,80.9,1.022,16.12,5.82,19.18,35.1,14.1,0
Uttar Pradesh,9,19.4,23.5,1004.4,69.6,17.0,277.9,26.8,80.9,1.054,18.04,5.49,20.78,17.6,1.8,0
Uttar Pradesh,9,5.8,21.1,1006.2,78.9,12.7,22.3,26.8,80.9,0.975,23.96,5.19,12.41,13.0,7.2,0
Uttar Pradesh,9,27.1,26.9,1009.5,75.4,8.5,76.5,26.8,80.9,0.872,17.64,6.59,13.13,3.0,24.1,1
Uttar Pradesh,9,18.5,23.4,1010.5,77.6,4.7,255.8,26.8,80.9,1.047,13.88,7.04,17.79,22.4,3.9,0
Uttar Pradesh,9,12.1,18.4,1012.1,89.5,24.6,196.6,26.8,80.9,0.757,22.87,5.95,16.07,21.0,9.0,0
Uttar Pradesh,9,22.5,31.8,1013.3,64.3,11.0,356.6,26.8,80.9,0.907,15.15,6.6,13.63,24.6,2.1,0
Uttar Pradesh,9,31.1,29.2,1007.4,86.4,19.3,16.4,26.8,80.9,0.902,22.67,6.34,11.28,49.6,18.5,1
Uttar Pradesh,9,36.4,32.4,1015.7,90.2,24.2,355.9,26.8,80.9,1.146,18.69,3.9,14.67,50.9,14.5,0
Uttar Pradesh,9,21.9,20.1,1006.6,76.0,10.5,51.6,26.8,80.9,1.062,23.99,8.16,13.51,30.9,9.1,0
Uttar Pradesh,9,23.9,30.2,1010.7,83.8,3.9,75.5,26.8,80.9,1.073,18.58,3.38,14.46,20.0,4.0,0
Uttar Pradesh,9,41.5,29.2,1004.0,49.0,18.6,70.0,26.8,80.9,0.933,21.93,5.68,17.84,61.6,20.1,1
Uttar Pradesh,9,1.7,22.1,1018.2,78.8,9.3,74.9,26.8,80.9,1.018,14.95,5.72,14.5,6.5,4.8,0
Uttar Pradesh,9,34.9,35.0,1005.6,58.2,17.5,77.3,26.8,80.9,0.895,22.92,5.1,14.7,23.2,11.6,0
Uttar Pradesh,9,21.5,27.2,1011.0,87.3,13.7,172.1,26.8,80.9,0.936,20.72,6.34,14.17,48.9,27.4,1
Uttar Pradesh,9,23.0,27.2,1004.1,52.0,17.2,96.0,26.8,80.9,0.764,19.34,5.93,12.77,16.0,7.0,0
Uttar Pradesh,9,26.2,26.7,1005.0,60.9,15.0,245.7,26.8,80.9,1.017,18.57,6.47,18.73,39.5,13.3,0
Uttar Pradesh,9,24.5,30.2,1007.2,71.3,13.2,216.0,26.8,80.9,1.045,20.91,5.75,17.75,20.2,4.3,0
Uttar Pradesh,9,0.1,24.9,1000.3,72.9,11.8,115.5,26.8,80.9,1.169,15.82,5.13,16.24,21.5,21.4,1
Uttar Pradesh,9,0.0,28.8,997.0,64.0,21.1,82.1,26.8,80.9,0.928,14.53,5.48,14.84,0.0,0.0,0
Uttar Pradesh,9,10.3,25.9,1010.0,67.8,11.2,71.6,26.8,80.9,0.893,15.52,5.25,16.57,12.2,2.0,0
Uttar Pradesh,9,0.3,31.7,1010.1,55.7,13.8,28.1,26.8,80.9,1.111,18.03,6.01,14.07,0.0,0.3,0
Uttar Pradesh,9,38.2,30.3,1004.3,71.4,20.5,137.1,26.8,80.9,1.287,31.19,5.95,12.89,31.5,6.8,0
Uttar Pradesh,9,0.0,32.6,1006.2,78.3,21.0,240.8,26.8,80.9,0.79,26.5,6.02,12.66,0.0,0.0,0
Uttar Pradesh,9,19.7,33.7,1011.4,71.3,23.5,85.2,26.8,80.9,1.043,30.62,5.8,17.93,20.2,0.5,0
Uttar Pradesh,9,32.2,26.7,1010.3,93.4,20.4,282.7,26.8,80.9,0.821,20.27,4.89,17.3,49.7,17.5,1
Uttar Pradesh,9,19.2,34.3,1015.6,71.0,18.4,334.8,26.8,80.9,0.922,15.21,5.53,14.33,0.4,18.8,1
Uttar Pradesh,10,29.8,31.6,1008.0,43.0,14.7,294.0,26.8,80.9,0.926,26.77,3.63,13.27,48.4,18.6,1
Uttar Pradesh,10,14.5,24.4,1018.2,73.8,20.7,106.5,26.8,80.9,1.08,26.02,8.84,10.67,20.4,5.9,0
Uttar Pradesh,10,22.4,25.8,1012.9,72.6,25.6,248.2,26.8,80.9,1.321,16.16,5.58,13.55,51.1,28.7,1
Uttar Pradesh,10,11.3,23.7,1002.4,97.5,15.3,150.8,26.8,80.9,0.82,24.8,4.42,12.78,4.7,6.6,0
Uttar Pradesh,10,25.6,24.3,1015.6,75.0,12.6,207.5,26.8,80.9,0.969,18.6,7.62,8.36,42.9,17.4,1
Uttar Pradesh,10,14.4,24.6,1017.8,64.7,20.8,185.7,26.8,80.9,1.125,19.96,6.19,20.3,35.7,21.4,1
Uttar Pradesh,10,16.9,23.3,1005.1,79.8,21.9,335.5,26.8,80.9,0.725,23.98,8.11,16.24,52.4,35.5,1
Uttar Pradesh,10,7.1,30.2,1002.9,80.6,19.1,219.8,26.8,80.9,1.148,19.34,5.96,14.97,5.9,1.1,0
Uttar Pradesh,10,39.1,32.6,1000.5,70.4,16.3,114.4,26.8,80.9,1.136,26.8,7.62,19.76,34.6,4.5,0
Uttar Pradesh,10,23.4,24.4,1009.2,73.3,20.8,302.0,26.8,80.9,1.186,17.52,4.93,17.28,54.1,30.7,1
Uttar Pradesh,10,22.6,21.4,1018.4,74.9,16.9,210.7,26.8,80.9,1.051,23.71,7.15,13.68,28.0,5.4,0
Uttar Pradesh,10,15.5,34.2,1012.5,64.8,10.2,326.3,26.8,80.9,0.949,19.29,5.19,12.69,23.8,8.3,0
Uttar Pradesh,10,19.7,37.5,1011.0,58.5,8.3,67.6,26.8,80.9,0.969,26.29,6.89,9.77,9.5,10.2,0
Uttar Pradesh,10,14.8,29.3,1002.7,71.5,9.3,0.2,26.8,80.9,1.122,26.81,6.84,13.27,45.0,30.2,1
Uttar Pradesh,10,20.7,30.6,1004.9,70.9,12.0,286.4,26.8,80.9,1.209,18.98,5.89,16.79,15.0,5.7,0
Uttar Pradesh,10,4.7,28.9,1007.5,68.7,18.6,280.5,26.8,80.9,1.016,16.47,5.78,17.47,12.9,8.2,0
Uttar Pradesh,10,16.3,24.4,1011.1,67.8,19.8,258.1,26.8,80.9,0.985,24.76,6.72,16.52,0.0,16.3,1
Uttar Pradesh,10,11.3,23.8,1006.4,71.1,16.8,189.0,26.8,80.9,0.911,23.73,8.72,14.66,6.3,5.0,0
Uttar Pradesh,10,14.7,27.8,1005.4,52.7,8.7,249.8,26.8,80.9,1.304,27.36,6.82,12.75,15.6,0.9,0
Uttar Pradesh,10,5.0,21.4,1009.3,75.4,25.8,184.5,26.8,80.9,0.776,20.47,6.21,14.25,15.1,10.1,0
Uttar Pradesh,10,8.4,28.0,1011.3,84.2,17.6,62.5,26.8,80.9,0.959,19.74,8.17,11.61,7.8,0.6,0
Uttar Pradesh,10,36.5,26.7,1006.6,67.3,16.6,129.9,26.8,80.9,1.233,21.01,7.86,16.75,57.4,20.9,1
Uttar Pradesh,10,10.6,34.5,1009.1,42.5,24.3,315.2,26.8,80.9,0.969,18.54,7.08,13.05,7.3,3.3,0
Uttar Pradesh,10,16.3,26.3,1005.4,78.5,17.4,245.5,26.8,80.9,1.17,20.59,5.33,21.14,37.9,21.6,1
Uttar Pradesh,10,42.3,31.6,1005.7,46.5,9.9,97.3,26.8,80.9,1.028,19.28,3.56,15.68,31.4,10.8,0
Uttar Pradesh,10,14.2,30.9,1002.9,60.7,16.9,195.7,26.8,80.9,0.967,26.83,5.02,11.36,0.0,14.2,0
Uttar Pradesh,10,3.1,28.8,1003.1,55.9,17.9,259.3,26.8,80.9,1.258,24.46,5.45,16.55,18.5,15.4,1
Uttar Pradesh,10,17.2,28.2,1001.7,63.7,17.9,121.8,26.8,80.9,1.278,23.6,6.65,15.49,2.1,15.1,1
Uttar Pradesh,10,12.9,24.3,1010.9,79.4,19.7,215.1,26.8,80.9,1.062,17.03,6.49,13.55,29.6,16.7,1
Uttar Pradesh,10,18.6,27.1,1011.5,62.6,20.8,221.5,26.8,80.9,1.109,20.6,7.54,11.6,1.2,17.4,1
Uttar Pradesh,10,31.9,25.9,1007.5,63.4,20.6,99.3,26.8,80.9,1.096,16.28,7.15,12.74,28.1,3.8,0
Uttar Pradesh,10,6.5,26.9,1013.3,72.3,13.8,228.2,26.8,80.9,1.069,21.22,6.76,12.6,14.6,8.1,0
Uttar Pradesh,10,1.9,29.8,1002.5,81.8,3.8,83.2,26.8,80.9,0.72,16.16,6.91,17.58,1.7,0.1,0
Uttar Pradesh,10,33.6,24.3,1006.0,67.0,13.3,308.1,26.8,80.9,1.043,20.5,7.84,11.86,29.8,3.8,0
Uttar Pradesh,10,37.4,28.7,1010.7,74.5,18.3,117.1,26.8,80.9,1.066,16.91,7.32,14.02,42.0,4.7,0
Uttar Pradesh,10,27.4,24.2,1005.4,74.8,13.3,307.7,26.8,80.9,0.851,17.0,8.84,11.13,32.1,4.7,0
Uttar Pradesh,10,45.1,27.4,1014.7,76.5,16.0,5.3,26.8,80.9,0.624,19.68,6.83,16.41,87.7,42.5,1
Uttar Pradesh,10,26.3,30.0,1013.8,75.4,15.6,197.0,26.8,80.9,1.241,19.56,7.08,15.21,43.6,17.3,1
Uttar Pradesh,10,10.8,28.1,1015.8,67.8,25.2,323.8,26.8,80.9,1.037,21.43,6.18,9.78,30.9,20.1,1
Uttar Pradesh,10,49.2,29.4,1010.7,68.2,21.8,1.2,26.8,80.9,1.101,14.7,5.91,16.82,70.1,20.9,1
Odisha,1,32.6,22.5,1000.6,71.3,8.7,31.6,20.9,85.1,0.274,11.61,2.46,10.44,24.9,7.6,0
Odisha,1,0.0,29.5,1010.6,75.6,10.6,285.5,20.9,85.1,0.697,17.29,2.43,3.81,3.6,3.6,0
Odisha,1,17.3,30.9,1000.3,62.4,16.7,275.3,20.9,85.1,0.539,19.63,1.22,12.7,29.8,12.4,0
Odisha,1,11.7,28.7,1007.8,67.3,9.4,158.1,20.9,85.1,0.529,10.71,2.13,2.28,15.7,4.1,0
Odisha,1,6.3,21.4,1006.2,61.7,18.8,102.4,20.9,85.1,0.734,17.53,1.75,8.86,26.2,20.0,0
Odisha,1,19.9,30.3,1006.0,72.4,12.2,339.8,20.9,85.1,0.529,7.27,2.63,6.25,27.3,7.5,0
Odisha,1,16.6,23.9,1005.5,71.7,18.1,344.3,20.9,85.1,0.381,19.8,2.49,9.27,12.2,4.4,0
Odisha,1,19.6,35.7,1009.3,76.1,12.5,297.6,20.9,85.1,0.463,7.53,2.76,12.67,23.9,4.2,0
Odisha,1,10.2,25.7,1009.8,53.1,6.7,29.0,20.9,85.1,0.544,10.81,2.3,11.18,15.0,4.8,0
Odisha,1,2.4,26.0,1007.0,68.5,12.2,148.7,20.9,85.1,0.609,11.86,1.56,12.32,1.7,0.7,0
Odisha,1,18.1,20.6,1006.9,54.5,7.5,311.7,20.9,85.1,0.65,16.9,3.53,11.95,20.2,2.1,0
Odisha,1,44.7,32.2,1008.2,68.1,11.7,91.1,20.9,85.1,0.591,13.53,4.59,5.38,58.5,13.8,0
Odisha,1,9.1,33.9,1006.3,69.6,11.6,84.2,20.9,85.1,0.948,8.23,2.6,5.84,2.8,6.3,0
Odisha,1,12.1,26.5,1002.2,65.1,5.0,274.6,20.9,85.1,0.575,2.08,1.87,10.41,5.9,6.1,0
Odisha,1,25.0,30.6,1002.9,65.4,16.5,121.8,20.9,85.1,0.559,16.6,1.47,10.38,18.6,6.4,0
Odisha,1,12.9,30.6,996.0,60.2,14.5,141.1,20.9,85.1,0.496,7.58,3.25,8.03,20.7,7.9,0
Odisha,1,22.6,27.1,1013.4,59.6,18.4,245.8,20.9,85.1,0.81,11.28,5.56,9.46,29.6,7.0,0
Odisha,1,15.4,24.3,1014.5,59.8,17.0,254.9,20.9,85.1,0.721,9.23,2.09,0.97,18.6,3.3,0
Odisha,1,30.2,27.9,1005.0,62.5,18.5,227.6,20.9,85.1,0.972,9.72,2.76,7.7,54.7,24.5,1
Odisha,1,19.0,37.4,1005.9,80.8,13.0,240.2,20.9,85.1,0.356,13.39,1.22,9.77,7.5,11.5,0
Odisha,1,14.1,33.2,1010.7,53.2,2.9,191.4,20.9,85.1,0.916,8.14,5.02,8.98,1.9,12.1,0
Odisha,1,0.0,31.9,1008.6,80.3,6.4,95.0,20.9,85.1,0.601,11.43,2.04,7.91,5.2,5.2,0
Odisha,1,21.2,29.9,1014.0,53.5,3.3,75.9,20.9,85.1,0.411,10.48,1.77,7.1,10.5,10.7,0
Odisha,1,5.5,31.4,1008.0,70.5,9.9,269.9,20.9,85.1,0.496,15.61,1.89,2.67,11.3,5.8,0
Odisha,1,29.6,26.6,1014.0,57.0,15.8,31.5,20.9,85.1,0.607,11.09,2.37,13.88,36.8,7.3,0
Odisha,1,54.3,30.0,1004.7,59.7,12.7,349.3,20.9,85.1,0.505,10.19,2.79,14.83,57.9,3.5,0
Odisha,1,0.0,25.2,1009.3,66.4,20.5,169.1,20.9,85.1,0.786,11.13,3.82,6.31,13.4,13.4,0
Odisha,1,10.7,23.1,1011.0,79.5,10.4,74.7,20.9,85.1,0.269,7.21,2.32,7.89,6.3,4.4,0
Odisha,1,18.2,26.7,1006.2,68.3,9.1,186.2,20.9,85.1,0.471,7.18,3.42,14.12,30.6,12.4,0
Odisha,1,21.7,26.3,1006.6,76.1,1.0,199.8,20.9,85.1,0.747,7.45,3.01,10.13,13.1,8.6,0
Odisha,1,17.3,26.4,1010.1,72.2,14.4,2.4,20.9,85.1,0.658,7.3,2.46,6.61,30.5,13.2,0
Odisha,1,28.0,31.6,1016.6,62.2,9.7,200.9,20.9,85.1,0.28,5.91,3.25,4.81,20.1,8.0,0
Odisha,1,13.9,27.2,1012.4,66.1,8.4,340.2,20.9,85.1,0.746,6.36,2.8,6.85,11.7,2.2,0
Odisha,1,49.4,29.3,1006.9,66.3,16.8,198.5,20.9,85.1,0.494,14.63,0.68,11.97,37.9,11.5,0
Odisha,1,11.3,22.5,1002.7,78.5,17.6,130.3,20.9,85.1,0.31,7.8,2.91,11.15,6.0,5.3,0
Odisha,1,5.3,24.3,1016.3,60.8,12.6,227.5,20.9,85.1,0.821,8.19,3.9,5.16,20.7,15.4,0
Odisha,1,0.0,28.4,1016.1,72.5,14.5,161.9,20.9,85.1,0.453,17.38,3.07,11.67,3.4,3.4,0
Odisha,1,10.7,31.9,1009.3,63.8,5.3,23.9,20.9,85.1,0.688,9.57,3.92,9.73,17.2,6.5,0
Odisha,1,31.7,31.5,1009.5,63.6,22.3,33.5,20.9,85.1,0.749,11.66,3.05,12.7,33.4,1.7,0
Odisha,1,26.6,29.9,1004.8,78.1,16.0,24.6,20.9,85.1,0.821,8.67,2.47,7.71,38.3,11.7,0
Odisha,2,10.0,31.7,1011.0,62.2,21.9,214.9,20.9,85.1,0.426,17.58,0.37,15.1,13.6,3.6,0
Odisha,2,0.0,24.9,999.8,69.8,6.2,328.6,20.9,85.1,0.647,12.26,3.56,12.49,16.1,16.1,0
Odisha,2,7.2,28.6,1004.8,67.6,8.9,10.4,20.9,85.1,0.624,15.33,2.95,12.14,9.8,2.6,0
Odisha,2,8.1,29.5,1003.4,71.7,11.4,243.1,20.9,85.1,0.752,20.57,3.41,10.84,5.3,2.8,0
Odisha,2,33.0,27.6,1000.4,64.0,13.8,287.1,20.9,85.1,0.684,13.87,2.88,14.32,23.2,9.8,0
Odisha,2,55.2,28.6,1010.9,67.3,4.2,35.3,20.9,85.1,0.603,18.13,1.29,8.05,60.6,5.4,0
Odisha,2,27.1,30.5,1003.1,50.0,15.5,176.3,20.9,85.1,0.639,9.58,2.43,11.8,28.5,1.4,0
Odisha,2,43.9,32.4,1008.9,46.5,9.3,73.5,20.9,85.1,0.559,14.92,3.2,5.6,55.8,11.9,0
Odisha,2,18.9,30.1,1011.7,58.3,19.1,229.7,20.9,85.1,1.011,10.58,4.68,7.91,52.0,33.1,1
Odisha,2,1.5,32.9,1006.2,73.2,12.6,290.0,20.9,85.1,0.149,24.19,3.04,1.79,5.6,4.1,0
Odisha,2,31.0,25.8,1004.5,65.8,18.8,140.6,20.9,85.1,1.001,18.68,2.68,5.91,34.6,3.6,0
Odisha,2,28.1,28.9,1011.2,74.6,15.5,143.7,20.9,85.1,0.812,23.1,1.16,12.08,52.4,24.3,1
Odisha,2,0.0,32.7,1013.7,51.2,16.4,26.3,20.9,85.1,0.696,12.86,4.53,10.28,0.0,0.0,0
Odisha,2,10.6,27.3,1002.6,61.3,13.4,307.3,20.9,85.1,0.949,15.12,2.38,7.59,19.4,8.8,0
Odisha,2,16.5,28.4,1009.3,71.2,14.1,8.6,20.9,85.1,0.548,11.71,3.97,9.35,5.5,11.0,0
Odisha,2,39.5,24.9,1008.2,70.9,12.8,44.7,20.9,85.1,0.933,15.72,4.54,12.98,22.5,17.0,0
Odisha,2,56.9,23.4,1002.6,73.8,15.1,96.4,20.9,85.1,0.594,19.48,2.9,5.92,73.5,16.7,0
Odisha,2,22.5,33.2,1010.9,89.9,11.3,45.5,20.9,85.1,0.852,12.94,3.91,1.78,26.9,4.3,0
Odisha,2,16.7,28.1,1003.6,75.1,10.3,146.9,20.9,85.1,0.701,16.16,4.67,11.21,29.9,13.1,0
Odisha,2,21.2,26.7,1007.3,63.2,15.6,228.3,20.9,85.1,0.549,13.27,1.12,10.07,24.5,3.3,0
Odisha,2,51.1,34.1,1002.8,68.0,13.9,233.0,20.9,85.1,0.675,12.74,5.2,9.37,58.8,7.7,0
Odisha,2,0.0,32.0,1013.9,55.5,10.2,102.8,20.9,85.1,0.712,16.03,2.61,16.21,0.0,0.0,0
Odisha,2,67.0,33.7,1012.2,55.6,17.3,293.5,20.9,85.1,0.284,8.54,3.38,10.22,63.3,3.8,0
Odisha,2,38.0,25.2,1005.7,59.5,15.4,295.6,20.9,85.1,0.608,7.27,2.57,12.79,49.5,11.5,0
Odisha,2,5.5,30.8,1007.1,79.6,12.2,44.2,20.9,85.1,0.887,12.32,2.62,11.63,0.0,5.5,0
Odisha,2,19.9,30.8,1009.8,60.0,17.8,249.0,20.9,85.1,0.583,13.62,3.3,9.65,36.5,16.5,0
Odisha,2,23.9,29.0,1009.3,73.3,14.0,263.7,20.9,85.1,0.926,14.64,3.77,9.4,10.1,13.8,0
Odisha,2,0.0,24.9,1010.6,79.0,14.3,222.9,20.9,85.1,0.551,19.6,1.38,16.93,23.2,23.2,0
Odisha,2,57.0,30.2,1006.3,69.6,17.3,75.7,20.9,85.1,0.488,13.02,2.02,14.34,53.4,3.6,0
Odisha,2,20.3,32.6,1014.4,68.1,14.7,68.5,20.9,85.1,0.913,19.21,0.71,15.91,18.3,2.0,0
Odisha,2,29.3,29.0,1007.7,63.9,7.8,15.7,20.9,85.1,0.651,8.92,1.71,6.74,27.6,1.7,0
Odisha,2,27.3,25.9,1012.9,64.8,11.4,90.5,20.9,85.1,0.987,8.67,4.94,13.5,33.0,5.7,0
Odisha,2,39.9,27.4,1009.4,60.6,17.6,348.4,20.9,85.1,0.698,16.88,4.21,8.16,52.1,12.2,0
Odisha,2,0.9,20.1,1004.3,74.3,12.7,110.7,20.9,85.1,0.719,14.25,3.7,5.78,4.1,3.2,0
Odisha,2,20.8,23.2,1001.1,62.4,12.8,46.9,20.9,85.1,0.597,11.77,2.48,11.52,37.6,16.8,0
Odisha,2,0.0,31.2,1007.4,71.3,18.7,19.6,20.9,85.1,0.897,9.14,3.1,9.89,5.9,5.9,0
Odisha,2,0.8,30.4,1015.9,56.3,13.7,66.6,20.9,85.1,0.649,19.6,2.43,10.27,0.0,0.8,0
Odisha,2,20.9,28.7,1011.2,59.6,9.4,332.2,20.9,85.1,0.987,16.68,5.17,12.29,32.3,11.4,0
Odisha,2,30.8,34.7,1014.2,55.2,16.8,193.4,20.9,85.1,0.669,7.07,1.1,9.53,19.3,11.5,0
Odisha,2,12.4,31.6,1005.1,66.8,7.5,15.9,20.9,85.1,0.81,8.47,2.05,6.82,22.7,10.3,0
Odisha,3,24.4,28.4,1007.4,69.7,14.9,157.6,20.9,85.1,0.689,16.08,3.17,18.42,23.8,0.6,0
Odisha,3,26.6,30.4,1015.0,58.4,19.9,139.8,20.9,85.1,1.316,17.77,1.93,11.65,50.9,24.3,1
Odisha,3,22.9,28.3,1011.6,63.1,12.1,77.5,20.9,85.1,1.162,11.43,3.6,13.68,29.7,6.8,0
Odisha,3,0.0,24.6,1010.6,58.7,2.8,279.2,20.9,85.1,0.642,18.84,3.16,11.49,4.5,4.5,0
Odisha,3,0.9,25.2,1006.7,55.1,16.8,98.2,20.9,85.1,0.526,14.08,3.52,10.9,9.0,8.1,0
Odisha,3,31.8,38.2,1013.8,50.1,11.4,16.5,20.9,85.1,0.931,12.59,2.76,8.51,30.0,1.8,0
Odisha,3,11.3,27.3,1002.1,76.3,15.6,261.2,20.9,85.1,0.821,10.06,5.01,17.08,15.5,4.2,0
Odisha,3,6.1,25.9,1005.7,65.4,20.1,38.5,20.9,85.1,1.01,17.0,2.02,9.93,12.9,6.8,0
Odisha,3,0.0,29.8,1012.0,72.0,15.7,263.4,20.9,85.1,1.083,10.05,3.22,14.1,10.9,10.9,0
Odisha,3,0.0,24.2,1009.4,71.6,7.7,156.2,20.9,85.1,0.513,18.82,2.34,12.48,2.0,2.0,0
Odisha,3,42.3,29.5,1005.0,70.1,23.9,304.0,20.9,85.1,0.804,12.99,2.66,14.28,36.3,6.0,0
Odisha,3,21.5,34.3,1008.8,55.7,24.1,214.5,20.9,85.1,0.916,21.42,3.08,14.41,21.8,0.3,0
Odisha,3,0.0,38.9,1001.0,69.5,14.6,158.7,20.9,85.1,0.798,16.0,3.57,13.68,4.8,4.8,0
Odisha,3,20.2,23.3,1018.1,71.9,14.2,288.5,20.9,85.1,0.615,19.76,3.21,14.1,7.3,12.9,0
Odisha,3,49.3,32.2,1007.6,71.2,16.9,224.2,20.9,85.1,1.152,18.25,2.56,8.95,68.3,19.0,0
Odisha,3,25.2,30.5,1008.1,56.5,15.7,6.5,20.9,85.1,0.812,25.83,4.44,15.02,63.4,38.2,1
Odisha,3,28.3,29.0,1004.6,62.0,3.0,169.6,20.9,85.1,0.563,19.93,3.35,12.62,31.2,2.9,0
Odisha,3,46.4,33.4,1007.9,57.5,17.8,215.0,20.9,85.1,0.505,18.31,4.86,11.02,54.4,8.0,0
Odisha,3,13.9,31.4,1013.5,63.9,8.1,306.0,20.9,85.1,1.001,11.77,3.85,14.57,13.8,0.1,0
Odisha,3,18.4,32.5,1004.0,57.4,12.0,334.3,20.9,85.1,1.138,15.92,2.55,15.43,4.8,13.6,0
Odisha,3,25.9,28.4,1014.5,80.5,8.5,56.7,20.9,85.1,0.702,15.15,4.14,11.24,32.5,6.6,0
Odisha,3,38.7,34.6,1009.4,67.7,7.7,357.6,20.9,85.1,0.915,16.86,3.5,13.32,53.6,14.9,0
Odisha,3,37.5,35.0,1009.2,84.0,18.5,8.1,20.9,85.1,0.483,16.66,5.27,9.91,41.4,3.9,0
Odisha,3,24.4,32.3,1006.1,57.8,16.1,147.2,20.9,85.1,0.449,23.68,4.51,17.89,37.8,13.4,0
Odisha,3,33.7,30.0,1007.1,71.6,10.4,218.8,20.9,85.1,0.75,21.49,1.92,8.59,45.4,11.7,0
Odisha,3,13.9,30.5,1012.9,71.1,10.0,74.9,20.9,85.1,0.964,16.43,3.37,13.36,15.9,2.0,0
Odisha,3,0.0,31.6,1011.5,43.5,15.8,264.2,20.9,85.1,0.59,16.03,3.18,17.22,17.3,17.3,0
Odisha,3,5.6,29.9,1019.5,60.3,13.1,207.1,20.9,85.1,0.694,23.37,2.83,8.07,3.3,2.3,0
Odisha,3,33.2,25.4,1009.5,72.1,7.2,335.6,20.9,85.1,0.886,19.13,2.75,12.7,35.0,1.8,0
Odisha,3,34.5,30.6,1006.1,71.3,11.1,344.9,20.9,85.1,0.91,25.8,3.0,11.82,32.1,2.5,0
Odisha,3,2.8,26.7,1011.3,73.9,14.7,249.2,20.9,85.1,0.717,12.65,2.73,8.35,23.8,20.9,0
Odisha,3,54.5,20.8,1009.4,69.2,14.2,119.6,20.9,85.1,1.021,17.96,4.64,10.03,43.7,10.8,0
Odisha,3,29.2,24.7,1013.3,45.2,10.9,22.1,20.9,85.1,0.75,17.36,3.88,14.16,43.0,13.7,0
Odisha,3,18.3,37.0,1014.9,63.4,12.5,147.3,20.9,85.1,0.889,12.43,2.45,5.74,18.8,0.5,0
Odisha,3,40.6,27.9,1007.5,69.3,8.2,136.0,20.9,85.1,0.994,17.55,4.57,16.03,54.7,14.1,0
Odisha,3,8.6,27.2,1017.7,69.6,14.1,293.8,20.9,85.1,0.798,19.19,3.42,10.68,9.8,1.3,0
Odisha,3,42.9,31.2,1010.7,70.9,7.3,8.4,20.9,85.1,1.03,15.28,4.57,13.88,59.2,16.3,0
Odisha,3,22.3,32.1,1000.7,66.8,16.8,5.0,20.9,85.1,1.035,15.69,2.74,7.32,25.2,2.9,0
Odisha,3,30.7,31.6,1001.0,78.3,8.3,16.2,20.9,85.1,0.702,17.99,3.51,14.27,57.5,26.8,1
Odisha,3,28.6,26.2,1010.3,86.0,16.5,196.6,20.9,85.1,0.497,17.87,3.08,10.2,31.3,2.7,0
Odisha,4,26.2,25.9,1008.9,65.3,17.1,215.8,20.9,85.1,0.797,19.98,5.03,15.52,30.9,4.7,0
Odisha,4,0.0,30.5,1003.4,66.1,15.5,169.3,20.9,85.1,1.292,14.8,2.27,14.84,11.1,11.1,0
Odisha,4,2.6,28.3,1011.0,54.7,8.6,27.4,20.9,85.1,0.882,21.26,3.46,14.03,39.0,36.4,1
Odisha,4,7.0,25.8,1011.4,76.9,15.7,223.3,20.9,85.1,0.987,10.58,3.97,12.15,32.1,25.1,1
Odisha,4,41.6,22.0,1014.8,76.4,12.0,187.2,20.9,85.1,1.202,10.59,4.38,17.14,47.6,6.0,0
Odisha,4,35.9,28.8,1004.1,58.9,17.2,71.3,20.9,85.1,0.619,18.97,3.23,10.26,40.6,4.7,0
Odisha,4,38.1,28.5,1002.7,71.8,18.8,267.1,20.9,85.1,1.212,14.46,4.88,14.63,29.4,8.7,0
Odisha,4,29.4,36.1,1014.0,56.9,13.7,151.0,20.9,85.1,0.578,11.7,4.04,14.36,7.3,22.0,0
Odisha,4,31.2,32.7,1006.9,67.6,16.5,143.9,20.9,85.1,0.59,14.86,3.37,11.28,55.1,23.9,1
Odisha,4,35.7,24.0,1006.9,78.3,10.4,38.2,20.9,85.1,1.201,23.34,4.07,17.61,35.6,0.0,0
Odisha,4,69.0,29.4,1013.7,63.4,16.1,148.1,20.9,85.1,0.738,14.65,3.6,17.18,48.0,21.0,0
Odisha,4,17.7,33.6,1001.8,79.5,8.0,204.0,20.9,85.1,0.895,25.97,3.08,8.66,3.7,14.1,0
Odisha,4,41.0,23.0,1013.9,67.7,13.4,52.0,20.9,85.1,0.764,19.03,2.42,17.91,31.4,9.7,0
Odisha,4,32.2,24.3,1005.3,63.3,28.5,270.6,20.9,85.1,0.76,16.7,2.04,13.37,62.4,30.2,1
Odisha,4,30.3,32.0,1003.5,65.0,14.6,67.5,20.9,85.1,1.004,20.94,4.5,13.41,51.4,21.1,0
Odisha,4,19.6,27.0,1015.2,55.9,5.1,68.8,20.9,85.1,1.001,23.61,3.06,19.3,26.0,6.4,0
Odisha,4,22.2,25.0,1017.8,65.5,6.9,130.1,20.9,85.1,1.003,21.68,5.87,15.7,41.7,19.5,0
Odisha,4,25.2,31.3,1007.8,66.8,14.2,75.5,20.9,85.1,1.025,20.49,4.83,15.78,59.1,33.9,1
Odisha,4,43.2,27.6,1010.3,81.1,8.9,350.6,20.9,85.1,0.769,22.08,3.86,13.71,29.8,13.4,0
Odisha,4,40.6,23.2,1000.8,78.6,22.5,8.7,20.9,85.1,1.125,21.67,3.74,17.87,45.1,4.5,0
Odisha,4,33.6,23.4,1001.9,78.7,16.4,2.3,20.9,85.1,1.306,26.07,4.38,9.49,39.9,6.3,0
Odisha,4,9.3,28.8,1003.3,55.0,2.3,187.3,20.9,85.1,0.464,17.2,4.68,11.69,0.0,9.3,0
Odisha,4,23.0,25.1,1008.9,56.7,13.1,83.2,20.9,85.1,0.922,25.02,4.09,15.37,19.9,3.1,0
Odisha,4,28.3,27.3,1008.1,73.5,11.1,118.3,20.9,85.1,0.827,16.46,4.06,12.77,54.0,25.7,1
Odisha,4,72.5,26.1,1009.5,77.4,12.3,295.5,20.9,85.1,1.272,21.22,4.23,18.21,90.8,18.3,0
Odisha,4,23.4,24.5,1005.5,79.0,17.0,335.6,20.9,85.1,1.277,17.85,5.04,14.52,57.8,34.5,1
Odisha,4,37.8,28.6,1007.1,66.8,10.0,297.7,20.9,85.1,0.986,16.35,3.21,13.59,44.4,6.6,0
Odisha,4,24.4,35.4,1011.3,88.1,11.4,250.8,20.9,85.1,0.847,16.24,6.42,11.56,0.0,24.4,1
Odisha,4,11.5,20.4,1003.2,58.4,13.8,264.7,20.9,85.1,1.163,10.98,3.7,12.89,29.9,18.4,0
Odisha,4,30.6,33.1,1006.2,62.4,15.7,260.1,20.9,85.1,1.089,19.77,4.13,13.75,42.8,12.2,0
Odisha,4,60.9,27.4,1006.2,62.6,15.5,358.6,20.9,85.1,0.897,22.0,3.22,14.42,95.5,34.6,1
Odisha,4,30.2,19.4,1001.0,64.5,9.6,47.8,20.9,85.1,0.865,23.14,2.54,13.24,38.4,8.2,0
Odisha,4,30.4,29.0,995.9,67.8,12.8,330.7,20.9,85.1,1.069,19.44,4.23,17.92,52.8,22.4,0
Odisha,4,29.2,37.0,1004.9,55.1,13.5,103.9,20.9,85.1,0.431,15.87,4.26,13.69,21.0,8.2,0
Odisha,4,25.0,28.9,1011.6,60.6,18.0,302.0,20.9,85.1,0.823,25.28,2.62,11.88,12.6,12.4,0
Odisha,4,9.4,29.0,1011.5,66.8,12.0,123.6,20.9,85.1,0.779,12.3,4.73,16.28,13.5,4.1,0
Odisha,4,32.2,31.9,1008.5,80.9,8.5,229.3,20.9,85.1,0.83,21.07,2.13,18.2,45.0,12.8,0
Odisha,4,55.8,28.2,1005.2,73.6,18.8,111.8,20.9,85.1,0.524,11.17,4.16,18.48,40.9,14.9,0
Odisha,4,19.4,27.0,1017.6,89.6,15.7,212.8,20.9,85.1,1.098,13.36,4.69,10.8,23.6,4.2,0
Odisha,4,44.8,28.7,1013.5,80.0,4.8,355.4,20.9,85.1,1.156,23.29,4.16,15.04,64.1,19.3,0
Odisha,5,42.8,27.0,1012.8,64.0,15.2,49.9,20.9,85.1,0.86,17.67,6.98,12.8,53.7,10.9,0
Odisha,5,37.5,28.0,1011.4,70.8,9.6,240.1,20.9,85.1,0.923,27.6,4.81,13.38,48.4,10.8,0
Odisha,5,10.4,29.3,1006.9,59.2,9.8,359.9,20.9,85.1,1.176,21.01,3.78,13.67,24.8,14.3,0
Odisha,5,15.6,23.9,1007.8,67.1,11.9,250.7,20.9,85.1,0.954,18.76,3.57,16.31,55.8,40.2,1
Odisha,5,51.1,36.0,1005.2,84.2,15.1,68.4,20.9,85.1,1.124,19.27,5.16,16.93,30.4,20.6,0
Odisha,5,24.9,31.7,1009.4,72.2,10.2,56.1,20.9,85.1,1.013,19.83,3.48,18.22,36.3,11.4,0
Odisha,5,31.5,36.5,1010.4,79.5,15.4,341.4,20.9,85.1,0.82,21.61,1.1,16.3,41.3,9.8,0
Odisha,5,23.2,27.9,1001.7,81.4,12.3,254.3,20.9,85.1,1.141,21.08,3.87,14.09,29.9,6.8,0
Odisha,5,51.3,30.1,1007.8,76.0,14.1,147.7,20.9,85.1,1.062,23.0,3.77,12.06,71.7,20.4,0
Odisha,5,54.2,23.9,1008.9,63.0,18.4,102.1,20.9,85.1,1.697,19.43,6.14,20.38,72.6,18.4,0
Odisha,5,27.8,28.6,1008.1,78.8,9.6,7.6,20.9,85.1,0.976,13.74,5.33,18.67,23.8,4.0,0
Odisha,5,45.6,21.9,1008.1,66.2,14.4,276.8,20.9,85.1,1.017,19.09,4.17,19.57,42.8,2.9,0
Odisha,5,67.7,25.7,1009.2,73.2,12.5,251.8,20.9,85.1,1.141,19.82,5.95,12.43,65.8,1.9,0
Odisha,5,37.2,31.5,1009.6,66.2,12.7,24.7,20.9,85.1,1.08,17.15,3.18,20.02,32.6,4.6,0
Odisha,5,32.0,33.7,1010.7,59.9,8.9,175.4,20.9,85.1,0.824,18.43,4.75,14.82,45.8,13.8,0
Odisha,5,0.7,27.4,1011.4,74.3,11.1,296.3,20.9,85.1,1.075,15.39,5.84,15.95,0.0,0.7,0
Odisha,5,8.1,25.7,1000.2,72.4,10.0,328.8,20.9,85.1,1.14,24.5,4.6,18.86,36.4,28.3,1
Odisha,5,31.7,29.5,1005.2,57.6,20.4,290.3,20.9,85.1,1.169,18.28,6.25,14.79,26.3,5.4,0
Odisha,5,16.8,34.5,1002.4,60.0,28.5,30.2,20.9,85.1,0.885,16.31,2.29,15.77,33.3,16.6,0
Odisha,5,54.4,20.7,1001.4,66.3,27.9,243.6,20.9,85.1,1.107,15.74,1.76,15.6,59.5,5.1,0
Odisha,5,22.3,26.7,1004.3,57.7,20.9,252.9,20.9,85.1,0.977,20.48,5.15,12.92,43.3,21.0,0
Odisha,5,16.7,27.6,1016.2,57.8,17.6,300.9,20.9,85.1,1.094,20.17,6.85,15.44,26.4,9.7,0
Odisha,5,21.0,28.9,1012.8,64.7,3.5,336.1,20.9,85.1,0.816,23.61,4.3,18.31,11.3,9.8,0
Odisha,5,17.5,26.9,1000.6,78.6,5.9,204.0,20.9,85.1,1.117,19.84,4.71,16.43,18.0,0.5,0
Odisha,5,32.5,31.2,1003.3,71.0,0.9,298.2,20.9,85.1,1.145,18.97,3.28,15.32,33.2,0.7,0
Odisha,5,9.3,21.7,998.2,74.9,11.9,214.3,20.9,85.1,0.945,22.06,4.15,15.61,16.4,7.1,0
Odisha,5,19.1,23.3,1011.8,83.4,22.3,110.8,20.9,85.1,0.885,18.42,4.09,15.32,8.9,10.1,0
Odisha,5,0.5,28.4,990.3,66.5,9.3,179.3,20.9,85.1,1.242,24.92,3.88,12.07,0.0,0.5,0
Odisha,5,32.3,21.7,1015.0,64.2,16.5,35.9,20.9,85.1,0.847,13.02,5.53,15.0,46.2,13.9,0
Odisha,5,28.2,30.1,1006.3,65.5,13.5,24.0,20.9,85.1,1.118,31.89,6.32,10.14,32.7,4.5,0
Odisha,5,19.8,33.4,1006.4,72.1,2.3,218.8,20.9,85.1,1.45,20.84,3.1,16.21,12.2,7.6,0
Odisha,5,22.0,22.4,1004.1,63.3,19.6,143.9,20.9,85.1,1.16,20.54,5.29,12.86,17.6,4.4,0
Odisha,5,34.4,27.1,1007.9,65.9,20.3,342.5,20.9,85.1,0.907,13.6,3.45,12.79,52.7,18.3,0
Odisha,5,43.7,24.1,1004.2,52.7,14.7,316.4,20.9,85.1,1.19,22.63,5.03,10.85,41.1,2.6,0
Odisha,5,44.2,26.1,999.9,75.6,11.1,166.4,20.9,85.1,1.028,19.53,5.94,11.57,72.5,28.4,1
Odisha,5,15.6,28.9,1008.9,63.2,10.2,58.4,20.9,85.1,0.829,28.49,3.72,18.96,36.5,20.9,0
Odisha,5,33.6,27.7,1009.0,73.2,14.5,257.9,20.9,85.1,0.668,26.68,1.14,16.07,34.0,0.4,0
Odisha,5,30.0,23.7,1009.8,69.6,27.8,93.9,20.9,85.1,1.302,14.65,5.52,16.16,42.0,12.0,0
Odisha,5,32.2,35.1,1009.3,59.7,10.9,336.2,20.9,85.1,1.121,14.52,4.92,12.23,45.7,13.5,0
Odisha,5,12.6,27.1,1005.3,82.7,16.0,87.5,20.9,85.1,1.611,20.83,6.1,13.38,41.7,29.1,1
Odisha,6,15.4,28.0,1010.7,74.9,8.0,204.2,20.9,85.1,1.262,21.33,3.07,16.89,20.9,5.5,0
Odisha,6,33.1,30.2,1010.3,60.3,12.3,76.0,20.9,85.1,1.031,21.22,2.94,17.01,45.2,12.1,0
Odisha,6,0.0,23.8,1000.9,75.9,4.8,316.9,20.9,85.1,1.284,23.55,4.22,18.14,25.4,25.4,1
Odisha,6,28.0,19.1,1013.7,72.0,14.2,350.2,20.9,85.1,1.08,19.3,3.29,16.69,25.3,2.7,0
Odisha,6,21.5,31.1,1009.3,63.0,11.3,220.2,20.9,85.1,1.091,25.14,3.5,21.48,38.0,16.5,0
Odisha,6,0.0,28.4,1013.2,71.9,12.3,272.9,20.9,85.1,1.176,25.88,3.05,15.28,35.1,35.1,1
Odisha,6,30.5,34.2,1022.9,63.1,8.4,108.5,20.9,85.1,1.36,27.76,7.48,16.99,47.0,16.5,0
Odisha,6,17.1,18.1,1007.8,56.5,17.6,82.9,20.9,85.1,0.992,23.87,5.2,16.96,55.0,37.9,1
Odisha,6,58.2,25.4,1016.0,85.6,13.8,270.9,20.9,85.1,1.13,20.22,4.1,21.06,72.4,14.3,0
Odisha,6,19.9,24.4,1004.2,66.4,19.0,76.8,20.9,85.1,1.32,23.59,4.92,20.18,42.3,22.3,0
Odisha,6,4.6,23.8,1006.9,71.6,21.2,277.8,20.9,85.1,1.481,19.97,4.1,16.18,0.0,4.6,0
Odisha,6,50.8,17.0,1005.5,79.5,12.8,300.5,20.9,85.1,1.58,23.12,6.15,24.36,67.1,16.4,0
Odisha,6,29.1,31.7,1013.9,67.6,12.0,117.0,20.9,85.1,1.086,27.57,5.07,22.58,21.1,8.0,0
Odisha,6,14.6,31.5,1002.3,69.2,22.1,165.8,20.9,85.1,1.22,27.65,4.72,14.32,17.4,2.8,0
Odisha,6,14.8,28.4,1006.6,62.9,16.7,81.5,20.9,85.1,1.206,28.17,6.64,15.34,26.8,11.9,0
Odisha,6,22.3,22.2,1009.8,57.5,16.8,269.4,20.9,85.1,1.174,16.52,5.56,15.92,20.9,1.3,0
Odisha,6,50.2,26.8,1008.6,66.0,16.9,195.2,20.9,85.1,1.307,20.93,6.2,14.35,45.3,4.9,0
Odisha,6,27.6,32.3,1002.1,76.9,14.1,18.4,20.9,85.1,1.36,19.59,7.49,16.57,38.3,10.7,0
Odisha,6,57.7,28.8,1013.9,48.5,12.2,9.8,20.9,85.1,1.356,25.88,5.56,20.28,74.0,16.3,0
Odisha,6,0.0,33.9,1003.8,71.1,15.3,1.5,20.9,85.1,0.919,15.05,3.55,19.58,0.0,0.0,0
Odisha,6,14.1,29.8,1002.9,62.6,14.8,195.2,20.9,85.1,0.931,23.36,5.23,13.28,23.3,9.3,0
Odisha,6,17.0,28.6,1011.6,66.2,19.0,261.7,20.9,85.1,1.322,24.41,6.07,18.26,0.0,17.0,0
Odisha,6,15.7,27.3,1007.6,71.6,10.4,216.2,20.9,85.1,1.12,22.77,3.95,14.09,20.2,4.6,0
Odisha,6,30.4,27.8,1016.3,66.7,14.0,285.7,20.9,85.1,1.106,24.96,3.22,13.29,39.1,8.7,0
Odisha,6,25.8,24.9,1008.6,70.1,10.9,57.8,20.9,85.1,1.183,18.72,4.03,18.7,32.4,6.7,0
Odisha,6,21.3,24.5,1002.9,66.7,24.5,55.1,20.9,85.1,0.873,25.63,3.84,17.09,16.5,4.8,0
Odisha,6,66.3,23.6,1009.6,61.1,18.1,285.1,20.9,85.1,1.391,25.67,3.92,25.85,84.2,17.8,0
Odisha,6,20.0,28.9,1011.2,73.9,16.9,171.3,20.9,85.1,1.314,19.41,7.28,23.01,41.6,21.6,0
Odisha,6,30.6,28.3,1006.4,66.1,3.5,42.6,20.9,85.1,1.375,16.09,5.82,17.08,35.5,4.8,0
Odisha,6,38.8,21.1,1007.9,68.8,14.8,338.8,20.9,85.1,1.229,27.04,5.24,16.41,92.2,53.4,1
Odisha,6,13.3,31.2,1009.2,88.1,16.3,146.1,20.9,85.1,1.241,18.57,3.71,16.27,37.1,23.8,1
Odisha,6,34.1,27.3,1014.9,48.2,7.9,41.9,20.9,85.1,1.382,22.41,5.91,16.77,59.9,25.8,1
Odisha,6,27.6,29.7,1009.3,71.4,22.8,76.1,20.9,85.1,1.126,23.59,4.81,15.91,25.3,2.4,0
Odisha,6,57.5,27.8,1020.2,73.3,13.0,297.9,20.9,85.1,1.162,28.17,3.35,11.7,70.6,13.1,0
Odisha,6,45.0,29.2,1011.4,73.3,7.0,275.8,20.9,85.1,1.403,23.49,3.18,16.1,62.9,17.9,0
Odisha,6,62.2,20.3,1009.8,58.7,16.9,291.4,20.9,85.1,1.093,25.33,6.12,16.61,45.9,16.3,0
Odisha,6,55.6,31.4,1010.8,61.1,19.3,311.1,20.9,85.1,1.116,23.18,3.47,14.94,43.9,11.7,0
Odisha,6,32.3,26.7,1009.9,59.1,13.6,72.6,20.9,85.1,1.178,16.27,4.93,16.26,42.4,10.2,0
Odisha,6,0.2,30.7,1006.5,70.2,5.0,22.3,20.9,85.1,1.062,28.3,5.38,17.49,0.0,0.2,0
Odisha,6,10.0,29.2,1011.5,70.1,22.9,126.0,20.9,85.1,1.176,16.03,5.0,21.51,0.0,10.0,0
Odisha,7,47.9,33.7,1004.6,73.2,22.7,152.3,20.9,85.1,1.405,17.86,5.92,20.27,31.5,16.4,0
Odisha,7,15.4,30.4,1006.5,79.6,16.4,46.3,20.9,85.1,1.214,26.13,6.16,20.32,14.8,0.6,0
Odisha,7,55.1,30.6,1009.9,69.4,17.3,306.5,20.9,85.1,1.296,31.52,5.46,18.97,51.7,3.4,0
Odisha,7,41.6,27.2,1014.5,59.9,12.5,114.8,20.9,85.1,1.615,24.2,4.54,12.45,34.3,7.4,0
Odisha,7,42.3,30.0,1004.7,62.5,24.1,309.4,20.9,85.1,1.478,31.2,7.33,25.36,45.5,3.2,0
Odisha,7,17.0,35.3,1003.2,58.2,9.8,281.6,20.9,85.1,0.851,19.23,4.45,15.13,41.9,25.0,1
Odisha,7,32.9,30.3,1010.3,66.4,19.7,280.3,20.9,85.1,1.184,18.22,5.82,14.94,47.1,14.2,0
Odisha,7,34.2,22.5,1009.3,70.4,15.8,15.1,20.9,85.1,1.118,27.33,4.37,15.5,53.5,19.3,0
Odisha,7,49.6,30.4,1007.0,49.1,22.2,260.3,20.9,85.1,1.365,33.4,5.38,19.59,64.9,15.3,0
Odisha,7,36.3,37.4,1003.8,58.8,13.2,268.2,20.9,85.1,1.133,26.68,6.49,21.06,62.2,25.9,1
Odisha,7,58.3,29.2,1005.7,70.0,13.1,216.0,20.9,85.1,1.141,26.89,3.4,19.12,59.8,1.5,0
Odisha,7,44.9,30.8,1015.1,81.9,14.5,205.4,20.9,85.1,1.083,26.17,5.39,19.49,41.4,3.5,0
Odisha,7,58.6,22.1,1005.0,57.7,13.8,115.0,20.9,85.1,1.19,25.37,6.0,17.71,72.9,14.3,0
Odisha,7,37.3,23.4,1005.7,72.0,21.2,22.1,20.9,85.1,1.667,26.9,4.7,18.53,45.1,7.9,0
Odisha,7,25.4,29.5,1010.1,56.8,20.2,308.7,20.9,85.1,1.204,29.56,5.93,17.65,69.5,44.1,1
Odisha,7,24.8,19.9,1010.3,50.7,10.6,20.8,20.9,85.1,1.156,27.28,3.81,21.3,0.1,24.7,1
Odisha,7,56.5,26.0,1015.7,60.1,24.4,114.0,20.9,85.1,0.889,25.13,6.68,21.09,83.6,27.1,1
Odisha,7,47.3,24.7,1011.8,69.4,11.3,275.4,20.9,85.1,1.237,30.62,4.58,17.04,41.7,5.7,0
Odisha,7,66.9,25.4,1014.5,58.2,17.3,170.2,20.9,85.1,1.495,29.31,5.3,17.11,106.3,39.4,1
Odisha,7,21.3,18.9,998.7,52.3,17.8,310.2,20.9,85.1,0.84,21.83,5.31,23.36,11.6,9.7,0
Odisha,7,43.4,26.9,1021.0,69.9,16.6,142.2,20.9,85.1,1.165,28.76,3.81,12.71,47.6,4.2,0
Odisha,7,47.4,25.6,1008.9,56.3,20.1,328.9,20.9,85.1,1.252,25.63,3.53,14.67,52.7,5.2,0
Odisha,7,42.0,30.2,1006.2,76.0,21.9,181.8,20.9,85.1,1.31,24.13,5.05,19.23,81.8,39.7,1
Odisha,7,49.2,31.3,1005.7,59.5,16.7,253.8,20.9,85.1,1.593,15.15,8.14,19.97,75.8,26.6,1
Odisha,7,1.4,27.0,1012.1,56.8,0.4,196.0,20.9,85.1,1.238,30.73,5.01,18.46,21.9,20.5,0
Odisha,7,51.4,25.1,1012.7,63.3,14.9,244.6,20.9,85.1,1.417,26.23,3.9,13.11,56.3,5.0,0
Odisha,7,50.2,29.7,1009.2,68.4,16.3,351.5,20.9,85.1,1.404,28.35,4.77,20.03,26.5,23.7,0
Odisha,7,36.0,27.4,1014.3,66.5,19.1,52.4,20.9,85.1,0.791,24.06,5.44,19.17,43.9,7.9,0
Odisha,7,23.6,26.7,1002.4,48.5,14.3,109.6,20.9,85.1,1.464,16.23,5.55,25.08,29.0,5.4,0
Odisha,7,32.7,29.7,1010.5,64.4,9.8,287.8,20.9,85.1,0.866,28.29,4.73,18.73,28.1,4.6,0
Odisha,7,58.5,28.9,1006.4,65.0,14.1,307.8,20.9,85.1,0.985,29.29,5.88,23.34,76.2,17.7,0
Odisha,7,32.8,32.0,1009.1,76.0,21.9,271.4,20.9,85.1,1.163,22.38,5.74,16.09,33.3,0.4,0
Odisha,7,15.3,30.0,1004.2,55.6,9.2,17.9,20.9,85.1,1.152,25.97,5.01,19.83,30.7,15.3,0
Odisha,7,46.1,20.3,1002.4,74.0,15.9,67.3,20.9,85.1,0.939,23.06,4.84,19.22,52.4,6.3,0
Odisha,7,41.2,27.5,1014.9,85.4,9.2,135.8,20.9,85.1,1.408,27.3,4.71,19.48,20.0,21.2,0
Odisha,7,32.4,22.1,1010.5,57.3,15.6,186.7,20.9,85.1,1.263,22.43,4.95,22.26,32.0,0.4,0
Odisha,7,33.1,25.7,1013.1,69.3,11.0,270.4,20.9,85.1,1.2,30.53,5.15,14.57,49.7,16.5,0
Odisha,7,64.9,32.7,1002.5,65.8,14.6,315.4,20.9,85.1,1.324,23.58,4.1,21.58,51.8,13.1,0
Odisha,7,18.3,23.4,1011.1,69.6,19.2,302.7,20.9,85.1,0.997,23.18,4.98,19.35,0.0,18.3,0
Odisha,7,41.4,24.4,1004.8,80.2,3.9,284.2,20.9,85.1,1.312,21.68,4.66,22.38,86.0,44.6,1
Odisha,8,54.8,35.3,1004.5,53.2,14.9,246.2,20.9,85.1,0.985,23.41,4.67,21.41,65.3,10.5,0
Odisha,8,21.6,28.5,1002.3,64.7,8.9,140.6,20.9,85.1,1.196,29.88,5.62,19.66,64.8,43.1,1
Odisha,8,42.5,26.3,1005.1,57.2,14.9,194.4,20.9,85.1,0.973,21.66,5.03,17.05,49.2,6.7,0
Odisha,8,38.9,27.3,1010.8,63.2,15.0,244.2,20.9,85.1,1.413,27.42,4.21,19.87,46.6,7.7,0
Odisha,8,40.7,29.1,1004.4,76.6,17.8,171.6,20.9,85.1,1.127,24.53,3.88,20.96,71.5,30.8,1
Odisha,8,61.2,23.4,1011.9,69.8,3.2,342.2,20.9,85.1,1.267,31.96,4.6,22.03,66.6,5.4,0
Odisha,8,9.6,25.6,1015.7,67.3,19.7,305.4,20.9,85.1,1.266,21.99,4.27,24.7,20.3,10.7,0
Odisha,8,4.4,31.1,999.1,60.7,15.6,266.5,20.9,85.1,1.519,25.19,5.68,23.1,42.4,38.0,1
Odisha,8,31.1,26.9,1003.8,75.7,20.3,42.7,20.9,85.1,1.277,22.27,5.83,16.63,11.9,19.2,0
Odisha,8,55.8,27.1,1007.7,73.3,20.1,246.1,20.9,85.1,1.277,25.55,6.95,20.14,57.6,1.7,0
Odisha,8,42.6,35.1,1008.4,66.3,24.9,29.7,20.9,85.1,1.593,25.12,4.93,14.84,71.8,29.2,1
Odisha,8,37.0,20.6,1014.0,65.6,14.1,302.1,20.9,85.1,1.454,29.13,5.59,19.09,99.1,62.1,1
Odisha,8,13.9,24.9,1011.5,58.9,9.8,337.9,20.9,85.1,1.477,29.06,5.87,18.26,17.7,3.7,0
Odisha,8,34.2,31.2,1010.1,59.7,19.1,356.1,20.9,85.1,1.292,22.55,4.62,26.12,12.0,22.2,0
Odisha,8,20.8,29.8,1005.6,70.6,22.3,329.7,20.9,85.1,1.262,26.59,6.29,22.24,28.8,8.0,0
Odisha,8,42.1,29.2,1007.5,62.9,18.9,280.0,20.9,85.1,0.94,23.82,5.07,19.74,72.2,30.1,1
Odisha,8,93.2,18.0,1009.5,69.7,14.3,193.1,20.9,85.1,1.386,25.67,5.69,22.01,110.9,17.7,0
Odisha,8,39.0,25.5,1022.1,72.6,19.0,68.5,20.9,85.1,1.394,27.85,3.36,18.19,32.4,6.6,0
Odisha,8,24.8,23.5,1008.2,83.0,15.9,21.9,20.9,85.1,1.15,25.61,3.95,21.25,59.2,34.4,1
Odisha,8,25.2,28.1,1005.9,62.7,16.1,189.7,20.9,85.1,1.194,20.64,5.73,23.54,46.8,21.6,0
Odisha,8,62.5,25.1,1012.3,58.0,18.7,349.0,20.9,85.1,1.456,33.77,4.93,19.94,52.6,9.9,0
Odisha,8,36.2,28.9,1008.1,64.3,12.7,236.5,20.9,85.1,1.324,22.51,3.37,18.55,16.1,20.2,0
Odisha,8,20.6,26.1,1007.3,62.3,26.2,343.7,20.9,85.1,1.598,26.47,4.86,22.1,20.9,0.4,0
Odisha,8,21.1,35.0,997.0,66.6,16.2,159.1,20.9,85.1,1.276,37.76,6.56,13.24,0.0,21.1,0
Odisha,8,39.9,23.2,1010.7,64.5,9.2,332.7,20.9,85.1,1.526,19.03,6.9,23.56,42.3,2.4,0
Odisha,8,10.3,30.0,1005.6,53.8,24.7,171.1,20.9,85.1,1.062,28.26,5.57,24.8,8.9,1.4,0
Odisha,8,28.9,29.1,1009.0,71.3,16.6,94.4,20.9,85.1,1.273,30.45,5.22,22.75,64.8,35.9,1
Odisha,8,23.4,37.4,1004.4,61.9,17.9,238.1,20.9,85.1,1.37,30.39,5.95,26.54,30.5,7.1,0
Odisha,8,20.2,25.6,1010.4,73.9,16.2,254.7,20.9,85.1,1.578,34.87,5.69,25.77,47.3,27.1,1
Odisha,8,75.5,29.7,1008.7,77.4,13.0,57.9,20.9,85.1,1.622,30.4,5.61,20.94,100.7,25.1,1
Odisha,8,48.6,30.8,1009.7,60.8,11.9,37.8,20.9,85.1,1.522,29.93,4.84,19.89,33.9,14.8,0
Odisha,8,10.5,28.1,1014.8,70.0,24.7,99.6,20.9,85.1,1.362,23.16,5.23,16.77,0.0,10.5,0
Odisha,8,14.5,28.1,1004.3,64.0,17.2,218.9,20.9,85.1,1.372,30.51,6.77,21.89,21.7,7.2,0
Odisha,8,24.4,27.5,1016.3,71.7,14.7,158.3,20.9,85.1,1.366,28.02,5.35,19.1,52.8,28.5,1
Odisha,8,0.5,29.7,1005.6,49.9,10.3,272.8,20.9,85.1,1.376,30.08,6.62,15.7,16.4,15.9,0
Odisha,8,48.7,28.7,1010.5,49.7,10.2,170.6,20.9,85.1,1.3,36.01,4.12,25.03,44.1,4.6,0
Odisha,8,51.1,26.6,1008.6,75.0,12.1,202.5,20.9,85.1,1.303,27.83,2.48,19.33,84.6,33.5,1
Odisha,8,48.1,31.3,1008.3,85.8,16.6,115.3,20.9,85.1,1.527,30.81,6.41,19.13,63.0,14.9,0
Odisha,8,60.7,29.7,1000.6,62.7,11.8,290.9,20.9,85.1,0.934,34.68,4.6,17.93,26.8,33.9,1
Odisha,8,51.2,27.4,1006.2,66.0,18.1,325.2,20.9,85.1,0.958,21.95,4.04,21.17,75.9,24.7,1
Odisha,9,64.8,21.1,1011.1,63.3,30.2,295.7,20.9,85.1,1.804,32.49,6.56,20.75,62.5,2.3,0
Odisha,9,24.0,30.1,1015.8,65.9,12.0,85.6,20.9,85.1,1.513,34.2,7.64,26.1,42.2,18.2,0
Odisha,9,40.1,32.8,1002.4,65.1,24.2,307.8,20.9,85.1,1.457,31.81,6.2,25.41,82.3,42.2,1
Odisha,9,47.1,33.2,1003.4,67.9,27.6,160.3,20.9,85.1,1.209,29.23,6.26,23.21,82.3,35.2,1
Odisha,9,71.5,27.8,1013.6,76.0,15.5,44.7,20.9,85.1,1.668,31.7,6.57,19.02,124.6,53.0,1
Odisha,9,41.2,23.1,1001.5,76.3,19.1,70.3,20.9,85.1,1.557,31.95,6.27,19.86,71.6,30.5,1
Odisha,9,53.5,29.9,1003.8,56.2,16.0,116.8,20.9,85.1,1.672,31.62,5.56,19.55,63.2,9.7,0
Odisha,9,38.3,32.1,1005.6,65.5,25.9,38.8,20.9,85.1,1.287,35.16,4.75,20.66,39.0,0.7,0
Odisha,9,37.0,30.1,1008.5,75.6,13.6,56.8,20.9,85.1,1.48,23.73,6.68,22.25,30.2,6.8,0
Odisha,9,30.8,26.0,1006.8,87.1,26.1,129.8,20.9,85.1,1.562,33.1,5.84,24.74,76.5,45.7,1
Odisha,9,13.7,28.2,1017.8,57.1,15.0,59.6,20.9,85.1,1.674,34.04,6.29,22.06,0.0,13.7,0
Odisha,9,64.0,26.2,1007.3,79.2,16.6,177.4,20.9,85.1,1.585,30.1,6.47,18.59,70.3,6.2,0
Odisha,9,57.9,24.1,1004.4,60.7,16.4,40.7,20.9,85.1,1.573,20.57,6.88,20.63,78.6,20.6,0
Odisha,9,35.7,24.2,1007.6,65.1,17.1,215.2,20.9,85.1,1.239,32.21,7.43,23.7,28.9,6.8,0
Odisha,9,25.1,24.9,1012.5,61.2,20.0,58.1,20.9,85.1,1.712,33.53,6.75,17.55,48.8,23.7,0
Odisha,9,40.5,26.2,1014.8,68.0,13.0,85.4,20.9,85.1,1.383,26.96,4.75,19.5,32.7,7.8,0
Odisha,9,49.6,23.6,998.7,72.5,12.4,181.4,20.9,85.1,1.72,29.57,7.91,21.76,82.0,32.4,1
Odisha,9,28.6,28.1,1003.3,61.4,14.5,358.9,20.9,85.1,1.496,28.07,6.38,18.02,53.0,24.4,1
Odisha,9,69.0,33.6,1017.5,69.9,13.8,53.7,20.9,85.1,1.416,22.32,7.08,21.26,45.3,23.7,0
Odisha,9,29.3,26.8,1008.1,69.7,22.4,307.1,20.9,85.1,1.434,25.76,7.61,20.28,30.3,1.1,0
Odisha,9,57.3,32.9,1015.4,53.1,18.0,93.8,20.9,85.1,1.454,29.55,7.64,25.08,85.7,28.4,1
Odisha,9,42.2,36.7,1006.0,53.3,14.3,1.5,20.9,85.1,1.725,27.24,6.69,17.53,76.3,34.1,1
Odisha,9,39.7,26.5,1018.7,80.2,10.4,2.7,20.9,85.1,2.011,37.2,7.21,16.42,81.0,41.3,1
Odisha,9,27.0,32.9,1004.4,74.4,12.4,284.2,20.9,85.1,1.588,24.0,8.95,18.88,12.7,14.3,0
Odisha,9,49.7,32.8,1006.4,58.8,11.0,132.6,20.9,85.1,1.526,29.0,6.61,23.05,76.9,27.3,1
Odisha,9,31.1,24.7,1008.8,69.0,16.9,161.0,20.9,85.1,1.592,24.57,5.57,25.35,15.8,15.3,0
Odisha,9,57.3,22.0,1000.1,54.6,16.2,108.5,20.9,85.1,1.723,34.13,7.14,19.46,49.2,8.1,0
Odisha,9,52.6,33.3,1002.8,82.4,6.0,8.8,20.9,85.1,1.443,28.46,6.14,19.4,71.1,18.5,0
Odisha,9,39.5,31.4,1016.0,70.8,11.5,351.9,20.9,85.1,1.804,35.56,7.16,22.14,68.2,28.7,1
Odisha,9,61.9,25.2,1008.1,58.4,15.0,303.5,20.9,85.1,1.68,29.82,2.87,19.99,74.2,12.3,0
Odisha,9,34.5,27.8,1009.2,64.2,15.6,229.1,20.9,85.1,1.323,36.67,5.53,15.2,81.6,47.1,1
Odisha,9,23.2,31.2,1004.6,75.2,15.4,337.3,20.9,85.1,1.421,26.66,6.41,20.81,0.0,23.2,0
Odisha,9,27.6,39.1,998.9,71.9,14.4,172.9,20.9,85.1,1.242,29.69,6.92,21.42,18.2,9.4,0
Odisha,9,38.0,26.4,1006.4,78.8,17.6,217.6,20.9,85.1,1.53,33.12,7.67,21.1,65.2,27.2,1
Odisha,9,15.1,18.6,1017.1,66.2,16.9,171.2,20.9,85.1,1.21,26.43,6.87,20.41,15.0,0.1,0
Odisha,9,25.0,32.3,1012.3,64.7,19.0,278.5,20.9,85.1,1.396,29.08,6.87,19.28,44.4,19.4,0
Odisha,9,83.4,28.4,1008.2,68.7,18.0,36.3,20.9,85.1,1.804,33.2,5.33,22.05,82.0,1.4,0
Odisha,9,43.8,27.9,1009.1,59.2,13.2,314.7,20.9,85.1,1.357,18.71,5.92,29.19,70.6,26.8,1
Odisha,9,27.9,27.4,1011.4,51.9,11.3,285.6,20.9,85.1,1.783,27.52,7.98,19.7,0.0,27.9,1
Odisha,9,51.8,29.8,1011.7,76.5,16.6,231.5,20.9,85.1,1.42,27.44,5.62,16.53,33.7,18.1,0
Odisha,10,38.3,18.5,998.0,66.7,15.4,61.1,20.9,85.1,1.096,37.65,4.83,21.13,15.1,23.2,0
Odisha,10,64.6,29.2,1005.6,64.6,16.9,82.7,20.9,85.1,1.648,29.25,7.17,25.04,60.5,4.1,0
Odisha,10,4.3,26.5,1000.8,70.8,14.7,249.1,20.9,85.1,1.313,36.19,6.01,30.64,13.0,8.7,0
Odisha,10,47.6,27.7,1009.7,80.9,21.5,123.2,20.9,85.1,1.743,33.43,6.59,28.72,99.4,51.8,1
Odisha,10,57.5,25.3,1002.0,77.5,22.8,256.5,20.9,85.1,1.789,30.42,4.38,24.99,89.7,32.2,1
Odisha,10,34.9,23.3,1016.6,63.3,21.8,129.1,20.9,85.1,1.655,32.99,7.6,28.06,25.7,9.3,0
Odisha,10,50.6,22.0,1001.1,64.2,18.0,179.5,20.9,85.1,1.944,30.02,6.92,26.41,80.3,29.7,1
Odisha,10,38.2,27.8,1007.4,67.9,14.3,322.8,20.9,85.1,1.491,26.9,7.59,25.13,91.4,53.2,1
Odisha,10,47.9,25.8,1004.9,70.5,18.8,282.6,20.9,85.1,1.278,28.48,6.57,25.8,20.5,27.4,1
Odisha,10,46.0,28.4,1005.7,64.1,12.3,230.9,20.9,85.1,1.797,36.23,5.2,23.02,5.1,40.9,1
Odisha,10,43.2,29.9,1015.9,52.1,10.6,93.1,20.9,85.1,1.248,32.13,7.3,19.74,53.8,10.6,0
Odisha,10,19.4,33.0,1009.0,63.6,9.8,233.9,20.9,85.1,1.844,28.35,6.02,21.32,67.2,47.7,1
Odisha,10,6.9,32.6,1006.1,69.3,14.3,95.3,20.9,85.1,1.426,35.67,7.87,20.63,31.2,24.3,1
Odisha,10,34.8,27.7,1015.6,63.3,20.6,148.9,20.9,85.1,1.533,32.91,6.85,20.1,29.7,5.1,0
Odisha,10,22.5,26.4,1014.7,75.8,8.8,191.2,20.9,85.1,1.619,34.42,5.77,19.87,30.8,8.4,0
Odisha,10,51.5,28.4,1003.6,87.5,15.5,274.0,20.9,85.1,1.44,35.87,7.24,24.52,33.0,18.5,0
Odisha,10,61.0,30.5,1013.1,70.4,15.6,274.1,20.9,85.1,2.028,29.27,5.13,22.46,60.6,0.4,0
Odisha,10,63.9,22.1,1005.2,71.9,22.3,245.4,20.9,85.1,1.896,32.82,6.31,26.15,43.1,20.9,0
Odisha,10,10.5,31.4,1009.1,79.6,11.7,81.8,20.9,85.1,1.706,31.32,6.8,24.62,0.5,10.0,0
Odisha,10,34.3,28.8,1005.9,55.3,17.5,157.5,20.9,85.1,1.786,33.57,7.53,26.54,46.9,12.6,0
Odisha,10,3.1,32.1,1003.5,58.7,10.5,358.2,20.9,85.1,1.66,27.27,5.73,23.58,25.9,22.8,0
Odisha,10,46.3,23.8,1009.6,63.9,21.2,48.6,20.9,85.1,1.42,34.2,7.01,22.16,72.0,25.7,1
Odisha,10,52.6,32.3,1011.6,67.9,7.5,228.8,20.9,85.1,1.64,31.64,2.94,25.62,40.9,11.7,0
Odisha,10,53.6,34.3,1006.7,74.4,16.2,107.0,20.9,85.1,1.593,29.37,5.46,28.35,73.5,19.9,0
Odisha,10,56.2,29.1,1012.9,61.0,16.4,145.3,20.9,85.1,1.831,42.13,7.04,21.6,39.0,17.2,0
Odisha,10,25.0,24.4,993.5,63.2,19.6,136.6,20.9,85.1,1.52,24.95,7.81,25.12,33.8,8.8,0
Odisha,10,1.6,25.5,1010.2,69.7,17.0,108.2,20.9,85.1,1.603,34.04,5.54,19.91,22.5,20.9,0
Odisha,10,53.5,29.6,1008.7,66.8,17.1,67.1,20.9,85.1,1.66,41.87,5.45,33.26,33.9,19.7,0
Odisha,10,48.2,22.7,1009.5,79.8,16.2,291.0,20.9,85.1,1.487,23.24,7.3,23.67,45.8,2.4,0
Odisha,10,33.9,29.1,1003.9,73.8,21.9,314.1,20.9,85.1,1.853,32.09,6.86,22.38,34.0,0.1,0
Odisha,10,57.0,26.3,1009.8,60.4,22.9,112.0,20.9,85.1,1.79,28.62,5.64,27.56,52.9,4.0,0
Odisha,10,13.0,23.3,1012.3,77.6,12.2,255.1,20.9,85.1,1.707,36.7,6.47,25.24,43.9,30.8,1
Odisha,10,80.0,22.9,1004.7,64.9,20.1,186.9,20.9,85.1,1.634,31.93,6.55,23.9,114.1,34.1,1
Odisha,10,23.8,26.9,1001.9,72.3,15.0,287.2,20.9,85.1,1.571,29.66,6.25,28.75,0.0,23.8,1
Odisha,10,30.0,27.6,1004.8,74.9,15.7,276.8,20.9,85.1,1.596,31.03,5.0,24.11,0.0,30.0,1
Odisha,10,29.2,29.5,1013.9,93.5,13.9,39.1,20.9,85.1,1.676,38.92,8.39,20.47,35.9,6.7,0
Odisha,10,56.6,31.2,1011.0,65.5,18.9,246.3,20.9,85.1,1.386,36.76,7.74,21.35,86.7,30.1,1
Odisha,10,55.9,30.9,1015.9,69.9,17.7,350.8,20.9,85.1,1.795,35.52,8.18,20.77,89.4,33.5,1
Odisha,10,59.6,24.9,1013.3,74.6,7.5,55.8,20.9,85.1,1.419,24.74,6.99,23.38,101.2,41.6,1
Odisha,10,44.5,30.6,1010.5,80.2,11.6,96.9,20.9,85.1,1.544,34.05,6.86,21.74,45.8,1.3,0
West Bengal,1,44.5,22.1,1011.5,77.9,15.3,130.9,22.9,87.8,0.748,12.74,1.94,9.61,54.7,10.2,0
West Bengal,1,16.9,25.9,1002.0,67.4,5.0,241.0,22.9,87.8,0.074,14.53,3.88,8.64,32.7,15.8,0
West Bengal,1,39.4,30.8,1007.4,62.0,15.2,321.5,22.9,87.8,0.67,13.69,2.22,11.69,41.5,2.1,0
West Bengal,1,17.2,24.9,1006.6,87.1,7.9,324.8,22.9,87.8,0.469,2.34,3.17,6.73,22.7,5.5,0
West Bengal,1,33.4,29.8,1009.6,56.8,15.9,95.2,22.9,87.8,0.16,14.51,3.86,12.84,52.6,19.2,1
West Bengal,1,29.8,30.9,1013.5,56.6,4.0,286.3,22.9,87.8,0.815,8.56,3.06,10.12,36.7,6.9,0
West Bengal,1,0.0,30.2,1005.9,82.5,18.1,193.9,22.9,87.8,0.913,12.57,0.49,8.17,19.2,19.2,1
West Bengal,1,3.0,28.6,1001.2,53.5,8.2,112.6,22.9,87.8,0.436,18.15,2.46,10.76,14.8,11.8,0
West Bengal,1,0.0,25.5,1011.8,59.2,15.9,127.8,22.9,87.8,0.269,9.77,2.26,6.82,0.0,0.0,0
West Bengal,1,8.5,28.8,1008.8,75.0,12.3,125.4,22.9,87.8,0.442,6.39,2.13,9.79,18.4,9.9,0
West Bengal,1,41.3,30.0,1011.8,79.2,8.5,186.5,22.9,87.8,1.114,14.63,3.11,11.08,36.8,4.5,0
West Bengal,1,5.9,24.8,1010.1,61.8,12.9,6.0,22.9,87.8,0.235,14.74,0.39,6.22,0.0,5.9,0
West Bengal,1,2.0,29.7,1014.2,49.9,9.6,122.0,22.9,87.8,0.439,11.49,3.42,2.04,9.3,7.3,0
West Bengal,1,0.5,24.0,1008.3,71.8,11.9,310.9,22.9,87.8,0.54,8.3,3.22,11.63,12.2,11.7,0
West Bengal,1,16.5,33.3,1002.9,83.3,7.3,260.0,22.9,87.8,0.833,8.36,2.64,5.31,41.3,24.9,1
West Bengal,1,47.4,35.0,1008.4,75.3,12.1,202.1,22.9,87.8,0.478,17.54,1.95,7.36,46.4,1.1,0
West Bengal,1,20.0,27.3,1010.4,60.7,16.4,338.9,22.9,87.8,0.576,20.07,3.85,14.81,23.0,2.9,0
West Bengal,1,0.0,26.0,1005.0,56.0,1.4,313.9,22.9,87.8,0.188,14.92,5.12,6.07,4.4,4.4,0
West Bengal,1,10.1,32.2,1002.0,64.2,18.0,131.6,22.9,87.8,0.27,11.0,0.55,12.12,0.8,9.3,0
West Bengal,1,18.1,31.2,1008.6,90.9,16.1,60.1,22.9,87.8,0.681,12.04,2.55,9.13,18.6,0.4,0
West Bengal,1,20.4,26.8,998.5,76.9,9.6,94.2,22.9,87.8,0.408,8.28,1.25,11.24,32.8,12.4,0
West Bengal,1,17.2,26.7,999.5,73.5,9.0,74.5,22.9,87.8,0.566,9.86,0.68,4.26,23.5,6.2,0
West Bengal,1,5.8,30.9,1008.7,76.0,8.2,97.4,22.9,87.8,0.688,8.7,3.85,3.4,2.9,2.9,0
West Bengal,1,0.0,25.9,1007.2,73.8,11.6,236.1,22.9,87.8,0.25,6.34,2.87,11.04,0.0,0.0,0
West Bengal,1,37.1,25.1,1006.0,62.4,20.0,184.1,22.9,87.8,0.2,15.01,4.72,7.65,30.8,6.3,0
West Bengal,1,31.3,36.7,1012.2,49.3,16.2,107.6,22.9,87.8,0.369,16.36,3.03,12.34,24.6,6.7,0
West Bengal,1,23.5,25.3,1009.2,80.3,5.3,267.2,22.9,87.8,0.751,11.14,3.91,5.98,28.4,4.9,0
West Bengal,1,28.4,29.7,999.1,93.7,13.5,82.1,22.9,87.8,0.623,12.92,3.69,11.18,30.3,1.9,0
West Bengal,1,0.0,30.7,999.8,77.7,8.7,78.1,22.9,87.8,0.429,9.23,1.54,10.55,0.0,0.0,0
West Bengal,1,29.7,26.5,1006.8,65.9,13.2,292.5,22.9,87.8,0.701,10.11,3.15,8.35,38.8,9.1,0
West Bengal,1,9.9,25.7,1010.1,60.6,19.7,272.7,22.9,87.8,0.285,8.86,1.3,11.62,18.1,8.2,0
West Bengal,1,15.8,30.0,1007.6,74.1,15.0,205.3,22.9,87.8,0.522,8.67,3.3,13.05,28.2,12.4,0
West Bengal,1,43.4,29.5,1003.2,56.7,19.3,206.6,22.9,87.8,0.861,8.05,4.81,8.19,54.6,11.2,0
West Bengal,1,56.9,27.5,1006.3,58.6,7.4,192.3,22.9,87.8,0.449,6.2,2.25,9.75,52.0,4.8,0
West Bengal,1,14.1,34.5,1000.9,84.8,9.0,324.6,22.9,87.8,0.816,17.54,3.06,6.32,12.4,1.7,0
West Bengal,1,7.1,36.4,1006.1,68.7,7.2,264.8,22.9,87.8,0.565,9.9,2.2,3.96,9.9,2.8,0
West Bengal,1,42.8,25.4,1012.5,30.9,8.4,305.0,22.9,87.8,0.807,14.72,1.26,9.27,57.8,14.9,0
West Bengal,1,39.6,27.2,997.0,56.5,16.2,211.2,22.9,87.8,0.549,8.77,5.38,9.62,32.6,7.0,0
West Bengal,1,14.8,32.8,1007.6,73.4,4.4,353.7,22.9,87.8,0.413,10.07,2.9,10.31,38.0,23.2,1
West Bengal,1,4.4,27.6,1004.4,76.3,18.1,354.5,22.9,87.8,0.973,8.36,3.74,12.76,0.0,4.4,0
West Bengal,2,29.5,17.8,1012.1,55.0,15.6,108.1,22.9,87.8,0.885,16.78,3.02,8.77,34.1,4.6,0
West Bengal,2,1.1,27.9,1006.5,58.1,4.1,169.3,22.9,87.8,0.031,11.98,3.38,1.86,3.6,2.5,0
West Bengal,2,17.8,24.0,1005.8,76.5,7.9,322.3,22.9,87.8,0.73,9.93,4.16,11.12,19.7,1.9,0
West Bengal,2,59.5,32.8,999.6,62.1,25.1,33.3,22.9,87.8,0.674,18.14,3.73,12.3,70.9,11.4,0
West Bengal,2,20.3,25.5,1010.2,62.0,10.4,313.6,22.9,87.8,0.585,20.04,3.26,9.43,5.7,14.5,0
West Bengal,2,55.4,28.7,996.6,75.9,12.5,19.4,22.9,87.8,0.847,3.02,2.09,9.01,69.0,13.5,0
West Bengal,2,57.5,27.7,1010.3,93.5,12.8,159.4,22.9,87.8,0.413,21.05,2.09,10.72,62.3,4.9,0
West Bengal,2,21.3,27.0,1009.2,83.6,24.2,54.9,22.9,87.8,0.571,9.98,6.17,10.3,35.7,14.5,0
West Bengal,2,31.5,37.5,1006.8,54.9,22.1,175.2,22.9,87.8,0.752,19.36,3.57,14.62,38.5,7.0,0
West Bengal,2,35.0,30.8,1006.4,63.9,10.8,237.3,22.9,87.8,0.57,14.96,3.43,10.53,40.6,5.6,0
West Bengal,2,10.3,27.6,999.6,64.8,7.9,12.0,22.9,87.8,0.518,5.01,5.65,9.22,27.8,17.5,0
West Bengal,2,11.0,35.5,1002.2,67.8,7.3,29.9,22.9,87.8,0.611,16.53,3.49,9.84,19.8,8.8,0
West Bengal,2,42.7,31.4,1008.8,71.2,22.4,20.2,22.9,87.8,0.29,8.83,1.72,7.27,36.0,6.7,0
West Bengal,2,19.4,29.7,1009.2,58.7,17.8,145.4,22.9,87.8,0.977,16.6,2.53,13.83,28.0,8.6,0
West Bengal,2,33.2,31.6,1007.4,67.0,12.1,122.1,22.9,87.8,0.232,10.44,3.19,13.17,42.5,9.3,0
West Bengal,2,15.1,26.0,1007.1,56.2,2.2,262.2,22.9,87.8,0.936,20.65,3.85,9.74,6.9,8.2,0
West Bengal,2,17.1,31.1,1012.1,72.9,18.8,263.7,22.9,87.8,0.58,24.44,0.53,7.58,22.6,5.5,0
West Bengal,2,29.0,28.0,1005.5,88.0,10.1,260.6,22.9,87.8,0.999,16.61,4.26,10.5,21.4,7.6,0
West Bengal,2,21.2,22.6,1009.2,72.5,18.2,47.8,22.9,87.8,0.81,9.6,4.11,11.94,18.2,3.1,0
West Bengal,2,28.7,33.1,1008.4,57.8,13.7,111.5,22.9,87.8,0.495,9.19,3.58,12.38,53.0,24.3,1
West Bengal,2,31.0,23.9,1018.2,76.5,2.8,114.6,22.9,87.8,0.562,16.57,0.09,9.55,42.1,11.1,0
West Bengal,2,0.0,31.7,1012.3,57.5,7.0,247.0,22.9,87.8,0.126,11.91,3.21,6.25,10.4,10.4,0
West Bengal,2,21.5,29.7,1006.0,73.4,19.3,151.5,22.9,87.8,0.813,16.3,3.45,14.94,19.2,2.3,0
West Bengal,2,12.7,25.6,1011.6,63.3,9.3,224.3,22.9,87.8,1.023,11.9,1.31,15.5,23.5,10.8,0
West Bengal,2,26.9,29.1,1004.0,61.9,16.2,62.1,22.9,87.8,0.747,13.27,1.68,14.78,37.3,10.4,0
West Bengal,2,25.4,30.9,999.0,61.1,5.2,94.0,22.9,87.8,0.726,13.78,4.36,5.42,21.8,3.6,0
West Bengal,2,26.8,29.8,1001.4,78.0,20.5,101.0,22.9,87.8,0.359,13.85,3.36,9.1,42.3,15.5,0
West Bengal,2,17.9,37.1,1011.9,68.8,17.4,305.7,22.9,87.8,0.841,12.91,2.16,6.55,0.0,17.9,0
West Bengal,2,22.8,27.1,1006.3,76.3,12.2,43.3,22.9,87.8,0.546,9.33,1.44,12.08,37.4,14.7,0
West Bengal,2,9.8,24.4,1015.7,51.5,17.9,327.6,22.9,87.8,0.74,17.52,3.52,9.03,28.1,18.3,0
West Bengal,2,24.7,43.4,999.5,48.8,17.8,90.8,22.9,87.8,0.819,8.82,3.01,11.28,24.2,0.5,0
West Bengal,2,23.7,23.3,1010.0,80.5,6.6,209.2,22.9,87.8,0.899,7.95,3.96,10.08,25.0,1.3,0
West Bengal,2,44.5,32.4,1009.4,44.5,16.4,72.8,22.9,87.8,0.617,13.25,5.23,9.15,34.1,10.4,0
West Bengal,2,44.5,31.6,1011.8,80.9,21.4,62.2,22.9,87.8,0.383,16.59,2.64,9.4,35.7,8.8,0
West Bengal,2,29.6,30.3,1007.2,52.1,18.8,54.4,22.9,87.8,0.884,4.8,3.02,7.76,35.3,5.7,0
West Bengal,2,35.7,30.2,1008.1,66.1,5.0,173.5,22.9,87.8,0.885,11.19,4.32,12.39,49.7,14.0,0
West Bengal,2,25.4,27.0,1007.2,72.4,2.2,108.8,22.9,87.8,0.561,12.87,2.86,9.79,15.8,9.7,0
West Bengal,2,22.4,31.1,997.8,53.0,17.3,26.7,22.9,87.8,0.721,10.49,3.81,6.3,25.3,3.0,0
West Bengal,2,0.0,28.1,1002.8,73.6,15.0,345.1,22.9,87.8,0.879,9.39,2.91,8.07,12.6,12.6,0
West Bengal,2,30.6,33.9,1008.4,36.4,10.6,299.2,22.9,87.8,0.596,5.55,3.49,11.48,27.0,3.6,0
West Bengal,3,18.7,25.2,1010.6,67.1,7.4,226.0,22.9,87.8,0.615,21.08,4.47,11.06,23.3,4.6,0
West Bengal,3,39.9,27.9,1011.8,81.3,10.7,177.2,22.9,87.8,1.033,16.23,2.87,12.13,43.3,3.4,0
West Bengal,3,9.5,30.7,1002.9,63.1,11.6,257.1,22.9,87.8,0.893,14.32,4.96,10.69,10.2,0.7,0
West Bengal,3,7.7,28.7,1008.2,73.9,13.5,220.1,22.9,87.8,0.853,11.28,2.11,13.03,1.1,6.5,0
West Bengal,3,32.8,32.1,1012.6,57.8,17.8,320.9,22.9,87.8,0.64,14.59,3.97,9.41,40.1,7.3,0
West Bengal,3,47.1,32.4,1008.4,68.8,10.5,20.9,22.9,87.8,0.454,16.24,4.22,11.21,39.8,7.3,0
West Bengal,3,24.0,33.9,1012.5,66.2,23.4,134.0,22.9,87.8,0.666,14.25,4.23,8.69,37.7,13.7,0
West Bengal,3,24.6,30.0,1005.1,58.6,3.3,132.9,22.9,87.8,0.95,17.93,3.82,4.51,21.7,2.9,0
West Bengal,3,18.5,24.2,999.5,56.7,13.4,145.3,22.9,87.8,0.655,18.86,5.88,13.48,20.5,1.9,0
West Bengal,3,53.1,22.2,997.6,57.6,17.3,324.2,22.9,87.8,0.536,12.32,1.91,7.7,74.0,20.9,1
West Bengal,3,20.4,35.6,1003.5,71.4,14.3,339.2,22.9,87.8,0.813,19.17,4.07,8.15,33.7,13.2,0
West Bengal,3,21.1,25.4,1011.5,75.7,10.8,327.1,22.9,87.8,0.484,8.01,3.11,13.8,17.5,3.6,0
West Bengal,3,46.8,27.7,1007.0,63.6,18.1,296.3,22.9,87.8,0.736,13.04,2.73,11.53,50.0,3.1,0
West Bengal,3,40.5,28.5,1010.8,68.2,20.2,310.5,22.9,87.8,0.669,14.03,4.29,10.48,50.2,9.7,0
West Bengal,3,62.1,24.6,1015.7,61.6,19.9,209.8,22.9,87.8,0.882,14.63,3.1,9.26,67.5,5.4,0
West Bengal,3,19.8,29.3,1000.9,66.7,19.5,36.8,22.9,87.8,0.766,25.48,2.71,11.16,7.8,12.0,0
West Bengal,3,16.1,35.7,1006.2,51.2,17.6,322.4,22.9,87.8,0.928,14.04,2.19,10.87,28.0,11.9,0
West Bengal,3,21.6,30.1,1005.3,70.8,13.2,336.8,22.9,87.8,0.79,13.69,4.14,14.04,32.1,10.5,0
West Bengal,3,0.0,24.7,1004.8,58.5,10.5,164.3,22.9,87.8,0.901,13.54,4.11,12.41,5.0,5.0,0
West Bengal,3,42.1,25.9,1008.3,56.0,8.2,222.1,22.9,87.8,0.564,15.56,3.04,10.61,42.1,0.0,0
West Bengal,3,52.6,24.0,1001.8,58.0,12.8,288.7,22.9,87.8,0.885,19.01,3.27,10.24,76.6,24.0,1
West Bengal,3,0.0,28.8,1010.2,85.2,4.9,151.8,22.9,87.8,0.49,8.04,3.15,13.92,16.7,16.7,0
West Bengal,3,13.9,31.2,1007.0,72.1,19.0,68.3,22.9,87.8,0.977,10.38,4.19,14.53,30.4,16.5,0
West Bengal,3,2.9,27.7,1009.5,70.9,13.8,40.4,22.9,87.8,0.502,14.27,1.37,13.29,12.3,9.4,0
West Bengal,3,79.1,32.7,1009.7,69.0,11.6,96.9,22.9,87.8,0.817,7.37,3.64,11.73,104.0,24.9,1
West Bengal,3,20.6,25.5,1009.3,67.2,12.5,289.6,22.9,87.8,0.73,12.92,3.14,13.62,17.3,3.3,0
West Bengal,3,19.1,30.7,1006.7,92.6,14.4,196.2,22.9,87.8,0.594,11.47,2.41,13.03,10.1,9.1,0
West Bengal,3,17.3,33.1,1005.4,73.2,4.8,117.7,22.9,87.8,0.584,16.43,2.16,17.63,2.1,15.2,0
West Bengal,3,41.9,32.1,1009.5,67.0,22.5,253.4,22.9,87.8,0.72,15.86,2.74,7.92,51.5,9.6,0
West Bengal,3,27.0,22.1,1010.3,69.3,10.2,350.5,22.9,87.8,0.846,21.67,3.88,13.77,22.6,4.4,0
West Bengal,3,15.9,31.0,1001.2,68.6,15.7,316.4,22.9,87.8,0.825,15.46,2.65,7.89,19.8,3.9,0
West Bengal,3,44.8,32.6,1006.3,62.8,11.0,150.6,22.9,87.8,0.819,19.46,6.12,8.93,57.1,12.4,0
West Bengal,3,32.0,27.2,1002.9,69.3,23.8,320.7,22.9,87.8,0.604,14.6,2.03,11.48,43.4,11.4,0
West Bengal,3,11.2,15.5,1009.4,61.5,9.4,149.3,22.9,87.8,0.842,13.6,4.52,14.28,13.2,2.0,0
West Bengal,3,14.1,29.1,1007.3,49.0,22.8,218.1,22.9,87.8,0.669,7.57,3.18,9.66,17.4,3.3,0
West Bengal,3,0.0,26.7,1005.9,64.6,12.0,95.4,22.9,87.8,1.066,13.17,2.31,6.24,0.6,0.6,0
West Bengal,3,0.0,32.4,1007.5,75.9,20.5,349.4,22.9,87.8,0.692,20.56,3.63,12.99,16.0,16.0,0
West Bengal,3,37.9,30.2,1015.0,65.8,15.8,107.2,22.9,87.8,0.966,12.43,1.38,13.39,32.0,5.9,0
West Bengal,3,4.0,33.6,1012.8,63.1,0.0,70.9,22.9,87.8,0.894,17.3,3.97,10.88,4.7,0.7,0
West Bengal,3,4.3,25.8,1009.6,69.9,17.1,173.8,22.9,87.8,0.43,13.71,2.18,11.98,0.0,4.3,0
West Bengal,4,45.7,25.1,1016.0,72.2,8.3,212.6,22.9,87.8,0.915,17.91,3.77,14.34,58.0,12.3,0
West Bengal,4,11.3,27.5,1008.6,72.8,16.6,196.0,22.9,87.8,0.752,14.84,2.42,14.71,7.9,3.5,0
West Bengal,4,22.7,29.4,1008.0,66.9,9.1,323.4,22.9,87.8,0.8,16.9,5.24,14.45,20.1,2.6,0
West Bengal,4,23.4,34.8,1006.5,67.4,16.9,3.4,22.9,87.8,0.788,14.27,3.84,14.91,45.2,21.8,1
West Bengal,4,1.3,35.5,1006.6,76.2,9.9,134.6,22.9,87.8,0.6,15.92,4.48,13.03,1.6,0.4,0
West Bengal,4,44.7,28.4,1009.4,98.1,13.6,110.1,22.9,87.8,0.959,20.18,4.21,13.41,69.6,24.9,1
West Bengal,4,48.7,27.9,1004.8,71.3,10.4,269.2,22.9,87.8,0.947,27.93,5.62,9.7,47.6,1.0,0
West Bengal,4,0.0,19.8,1008.6,55.1,21.8,221.4,22.9,87.8,0.808,15.93,5.63,18.08,0.0,0.0,0
West Bengal,4,8.0,27.2,1010.2,61.9,15.9,169.2,22.9,87.8,0.581,15.47,2.19,10.43,7.7,0.3,0
West Bengal,4,13.7,30.5,1008.8,70.0,12.1,289.8,22.9,87.8,0.792,16.25,4.35,7.17,22.1,8.5,0
West Bengal,4,11.3,27.0,1000.2,63.4,15.0,23.3,22.9,87.8,0.625,18.88,5.22,11.45,15.0,3.8,0
West Bengal,4,0.0,24.8,1009.4,76.6,10.6,220.9,22.9,87.8,0.925,12.15,5.39,9.18,9.8,9.8,0
West Bengal,4,10.3,23.0,1012.8,64.4,22.2,39.9,22.9,87.8,0.55,15.33,7.32,15.44,20.7,10.5,0
West Bengal,4,35.7,26.5,1021.6,71.6,15.4,198.8,22.9,87.8,0.608,13.73,3.56,15.91,22.6,13.1,0
West Bengal,4,24.7,27.6,1000.1,61.9,16.3,88.3,22.9,87.8,1.145,19.12,4.27,12.96,17.5,7.3,0
West Bengal,4,15.0,29.8,1004.7,68.9,9.1,100.4,22.9,87.8,0.968,10.74,3.93,8.37,0.0,15.0,0
West Bengal,4,15.9,39.6,1011.9,80.9,16.6,278.6,22.9,87.8,1.041,14.69,4.41,16.47,31.2,15.3,0
West Bengal,4,46.8,29.1,1016.5,64.9,24.2,24.4,22.9,87.8,0.786,12.53,2.88,10.06,50.3,3.6,0
West Bengal,4,4.5,33.6,1008.6,67.7,7.8,201.4,22.9,87.8,0.418,23.72,2.15,8.91,25.3,20.8,1
West Bengal,4,32.4,28.9,1009.7,76.5,14.1,350.7,22.9,87.8,1.009,18.94,5.26,9.19,29.0,3.4,0
West Bengal,4,32.5,24.6,996.2,69.0,18.1,197.3,22.9,87.8,0.972,18.86,3.86,13.34,55.7,23.3,1
West Bengal,4,9.7,31.5,1002.1,59.1,19.6,129.2,22.9,87.8,0.814,26.69,5.08,10.72,7.2,2.4,0
West Bengal,4,23.0,33.6,1003.0,56.4,17.2,348.1,22.9,87.8,0.68,16.91,3.81,8.84,31.7,8.7,0
West Bengal,4,35.2,25.8,1016.3,70.4,8.6,175.4,22.9,87.8,0.758,17.96,3.27,14.81,33.5,1.7,0
West Bengal,4,18.8,27.8,1005.5,77.7,7.3,5.8,22.9,87.8,0.88,16.75,5.01,8.42,31.4,12.6,0
West Bengal,4,5.0,26.4,1001.3,63.7,10.7,68.9,22.9,87.8,0.911,19.01,2.52,15.16,31.6,26.7,1
West Bengal,4,40.5,23.2,1005.7,68.1,10.7,266.3,22.9,87.8,0.766,17.07,3.13,13.63,63.0,22.5,1
West Bengal,4,27.8,27.5,1002.6,79.1,12.9,94.1,22.9,87.8,0.395,16.74,3.37,7.46,43.0,15.2,0
West Bengal,4,16.9,36.0,1015.1,59.8,20.4,311.0,22.9,87.8,0.751,13.12,1.26,14.08,8.8,8.1,0
West Bengal,4,32.8,26.1,1004.1,61.4,7.1,155.2,22.9,87.8,0.715,17.19,3.98,9.72,51.3,18.5,0
West Bengal,4,23.2,34.4,1009.2,67.7,11.1,86.9,22.9,87.8,0.869,20.68,5.78,10.76,36.3,13.2,0
West Bengal,4,35.7,30.2,1005.8,62.9,10.7,153.3,22.9,87.8,0.694,16.83,2.94,14.24,40.6,4.9,0
West Bengal,4,28.7,27.3,1008.3,64.5,17.5,277.9,22.9,87.8,0.938,12.02,4.7,11.26,22.5,6.2,0
West Bengal,4,6.7,23.5,1005.6,82.0,10.4,44.7,22.9,87.8,0.935,12.79,4.83,11.67,8.8,2.1,0
West Bengal,4,46.0,30.9,1001.8,56.0,4.7,177.9,22.9,87.8,0.69,21.93,3.21,9.7,50.4,4.4,0
West Bengal,4,20.4,31.6,1012.1,61.1,6.4,36.9,22.9,87.8,0.406,16.15,3.84,9.51,6.5,13.9,0
West Bengal,4,25.6,25.9,1006.9,63.3,14.8,83.7,22.9,87.8,0.811,14.99,3.26,7.29,29.8,4.2,0
West Bengal,4,27.4,27.7,1017.6,68.6,12.8,105.2,22.9,87.8,1.285,18.26,1.18,14.23,23.7,3.7,0
West Bengal,4,0.0,35.2,1015.4,57.9,9.1,6.6,22.9,87.8,0.685,16.71,2.99,11.73,0.0,0.0,0
West Bengal,4,39.8,33.2,1007.5,66.6,16.7,180.1,22.9,87.8,1.208,11.98,4.88,12.59,32.5,7.3,0
West Bengal,5,66.6,37.8,1007.0,71.9,11.6,301.9,22.9,87.8,0.737,14.14,6.51,14.33,71.8,5.2,0
West Bengal,5,15.3,29.0,1000.5,59.8,8.0,216.4,22.9,87.8,0.633,14.55,1.84,11.78,12.4,2.8,0
West Bengal,5,45.3,27.4,1005.9,70.5,11.8,125.8,22.9,87.8,0.845,20.92,5.29,12.59,52.8,7.5,0
West Bengal,5,20.5,29.3,1008.5,66.1,8.2,80.2,22.9,87.8,1.08,12.91,3.8,9.74,38.0,17.5,0
West Bengal,5,28.5,28.3,1003.8,64.3,17.9,176.4,22.9,87.8,1.132,13.06,4.08,15.21,24.7,3.8,0
West Bengal,5,1.0,23.1,1015.5,55.6,14.2,318.2,22.9,87.8,0.932,17.98,5.25,14.55,0.0,1.0,0
West Bengal,5,29.8,23.1,1010.4,60.7,10.9,101.2,22.9,87.8,0.882,17.86,5.7,11.53,42.2,12.5,0
West Bengal,5,44.8,32.9,1018.9,61.1,9.7,76.9,22.9,87.8,1.151,16.1,4.88,22.62,53.3,8.4,0
West Bengal,5,44.4,34.6,1020.5,70.0,20.3,352.5,22.9,87.8,0.968,17.48,2.04,9.64,56.4,12.0,0
West Bengal,5,36.5,24.1,1015.8,56.4,15.3,350.3,22.9,87.8,0.985,22.86,5.21,16.57,50.7,14.3,0
West Bengal,5,7.5,32.8,1002.7,66.4,12.2,145.8,22.9,87.8,0.866,18.63,6.24,10.56,12.7,5.2,0
West Bengal,5,10.2,30.9,1004.4,67.9,7.4,165.1,22.9,87.8,0.978,19.82,5.29,10.69,7.2,3.0,0
West Bengal,5,31.8,21.2,999.7,59.3,8.3,100.8,22.9,87.8,1.068,22.26,6.47,14.38,40.4,8.6,0
West Bengal,5,28.5,29.5,1010.0,76.7,18.6,168.4,22.9,87.8,1.265,19.37,3.57,13.1,34.5,6.1,0
West Bengal,5,10.7,25.8,1002.3,70.9,15.8,79.4,22.9,87.8,0.832,26.56,5.06,15.81,6.1,4.6,0
West Bengal,5,33.7,28.2,1004.0,62.6,11.6,123.7,22.9,87.8,0.698,18.47,3.28,13.55,14.7,19.0,0
West Bengal,5,42.4,36.6,1013.1,78.8,17.1,19.9,22.9,87.8,0.981,15.61,5.13,16.34,41.6,0.8,0
West Bengal,5,37.7,25.5,1004.8,75.3,16.2,10.2,22.9,87.8,0.894,19.96,2.1,12.17,24.8,12.9,0
West Bengal,5,29.1,32.6,1010.4,62.4,10.5,159.1,22.9,87.8,1.363,19.54,4.54,8.11,20.2,8.9,0
West Bengal,5,28.2,26.3,1008.7,68.7,17.0,291.5,22.9,87.8,0.742,18.87,3.52,13.52,34.2,6.0,0
West Bengal,5,16.4,29.0,1010.7,68.2,17.6,311.8,22.9,87.8,0.846,22.83,3.26,11.45,19.6,3.3,0
West Bengal,5,28.6,26.1,1017.2,70.4,9.5,38.5,22.9,87.8,1.044,15.56,6.88,15.73,43.0,14.4,0
West Bengal,5,33.1,32.7,996.0,55.5,19.2,259.6,22.9,87.8,0.716,11.99,4.5,15.9,39.5,6.4,0
West Bengal,5,27.9,20.8,1006.1,65.2,11.3,39.6,22.9,87.8,1.08,22.73,3.35,13.89,27.2,0.7,0
West Bengal,5,20.7,30.2,1010.6,78.2,19.3,234.7,22.9,87.8,1.532,25.46,3.51,14.83,1.2,19.5,1
West Bengal,5,29.4,34.9,1021.9,66.3,15.7,163.8,22.9,87.8,1.359,15.33,7.49,13.5,20.6,8.8,0
West Bengal,5,23.6,25.0,1010.1,51.0,14.7,106.3,22.9,87.8,1.26,21.99,6.01,12.63,36.9,13.3,0
West Bengal,5,0.0,27.8,1009.9,72.3,6.1,145.4,22.9,87.8,0.913,17.55,5.17,13.8,6.9,6.9,0
West Bengal,5,20.7,32.5,1013.7,64.4,28.3,84.9,22.9,87.8,1.165,15.46,5.23,16.53,13.0,7.6,0
West Bengal,5,26.7,35.7,1003.9,71.5,15.7,271.3,22.9,87.8,0.617,22.58,4.31,17.76,33.8,7.1,0
West Bengal,5,30.0,29.7,1003.1,83.1,12.1,195.2,22.9,87.8,1.222,20.25,4.02,15.69,46.4,16.4,0
West Bengal,5,26.9,31.9,1001.6,70.1,18.0,111.0,22.9,87.8,0.515,18.76,2.84,18.31,24.4,2.6,0
West Bengal,5,48.6,23.4,1010.0,67.6,27.8,349.7,22.9,87.8,1.186,27.38,4.64,14.15,52.7,4.0,0
West Bengal,5,34.4,17.2,1008.0,69.8,13.2,73.8,22.9,87.8,0.933,13.13,6.43,13.68,10.2,24.2,1
West Bengal,5,25.4,31.8,1008.9,58.4,10.6,232.5,22.9,87.8,0.875,14.23,4.22,10.45,44.4,19.0,0
West Bengal,5,46.9,24.2,1004.4,63.3,13.8,231.1,22.9,87.8,1.056,21.02,6.16,14.63,34.4,12.5,0
West Bengal,5,1.9,34.8,1010.5,69.6,16.2,1.8,22.9,87.8,1.05,17.77,5.57,12.87,0.0,1.9,0
West Bengal,5,0.5,27.3,1014.3,62.9,7.1,322.5,22.9,87.8,0.833,25.46,5.59,10.64,3.0,2.5,0
West Bengal,5,16.2,23.6,1007.7,75.7,13.6,13.8,22.9,87.8,0.522,16.6,4.96,10.42,37.9,21.7,1
West Bengal,5,19.1,29.0,1006.0,55.7,16.2,17.1,22.9,87.8,0.797,9.76,5.86,14.47,39.9,20.8,1
West Bengal,6,42.3,32.5,1005.2,54.3,18.2,229.5,22.9,87.8,0.971,24.25,5.12,17.88,31.8,10.5,0
West Bengal,6,48.3,28.1,1013.4,77.7,17.8,137.2,22.9,87.8,1.206,25.72,5.48,16.57,66.9,18.6,0
West Bengal,6,23.1,34.2,999.6,68.3,12.4,201.0,22.9,87.8,1.125,16.78,7.33,11.9,14.7,8.4,0
West Bengal,6,14.4,28.9,1013.1,73.3,21.8,65.3,22.9,87.8,1.196,20.07,5.02,19.29,0.0,14.4,0
West Bengal,6,65.4,27.5,1000.0,61.1,14.9,285.6,22.9,87.8,0.654,21.67,3.88,17.91,52.2,13.1,0
West Bengal,6,69.9,30.2,1009.0,74.2,5.3,17.0,22.9,87.8,1.421,20.0,4.67,14.56,101.8,31.9,1
West Bengal,6,27.8,23.1,1020.9,54.2,13.9,307.8,22.9,87.8,0.924,17.04,4.1,18.91,3.0,24.8,1
West Bengal,6,53.1,32.5,1010.5,69.3,15.8,129.4,22.9,87.8,0.715,24.19,3.85,18.44,47.6,5.5,0
West Bengal,6,43.8,21.9,999.5,66.9,21.6,351.5,22.9,87.8,1.17,24.72,4.27,17.79,41.6,2.2,0
West Bengal,6,26.6,27.3,1005.3,67.3,13.1,348.4,22.9,87.8,1.036,21.9,3.43,17.21,25.0,1.7,0
West Bengal,6,35.2,25.4,1013.3,77.6,9.2,293.9,22.9,87.8,1.353,17.49,3.71,18.17,22.5,12.7,0
West Bengal,6,18.9,24.0,1011.7,61.1,13.0,64.4,22.9,87.8,1.294,17.84,3.06,11.62,37.7,18.8,0
West Bengal,6,44.8,33.1,1001.7,65.7,26.5,119.3,22.9,87.8,0.951,21.2,5.39,17.5,40.7,4.1,0
West Bengal,6,22.1,26.9,1004.3,55.7,23.4,60.6,22.9,87.8,0.994,20.0,4.65,17.26,20.6,1.5,0
West Bengal,6,51.1,30.5,1007.0,61.3,19.8,139.3,22.9,87.8,0.815,25.36,3.88,18.57,15.8,35.2,1
West Bengal,6,25.7,32.7,1008.0,74.0,9.9,233.6,22.9,87.8,1.065,22.25,7.2,19.87,44.8,19.0,0
West Bengal,6,45.4,24.5,1005.6,52.7,8.1,149.3,22.9,87.8,1.058,16.38,4.7,15.5,33.7,11.8,0
West Bengal,6,57.5,22.8,1013.6,45.5,13.7,293.5,22.9,87.8,0.933,28.52,4.33,12.65,70.9,13.4,0
West Bengal,6,25.9,28.7,1003.4,59.3,10.5,299.2,22.9,87.8,1.019,17.09,4.94,16.2,41.2,15.3,0
West Bengal,6,23.8,27.8,1010.1,57.9,18.8,91.2,22.9,87.8,0.844,16.85,4.63,14.31,40.9,17.1,0
West Bengal,6,27.1,29.3,1003.8,67.8,21.0,96.4,22.9,87.8,0.953,17.82,4.73,20.19,11.1,16.0,0
West Bengal,6,31.1,21.2,1005.9,70.6,6.5,58.6,22.9,87.8,1.122,21.8,5.16,13.04,42.4,11.4,0
West Bengal,6,21.8,31.0,996.4,65.1,14.9,161.4,22.9,87.8,1.081,22.03,5.2,19.72,22.2,0.4,0
West Bengal,6,8.3,21.7,1011.3,70.2,13.1,145.9,22.9,87.8,1.1,22.12,5.33,12.63,0.0,8.3,0
West Bengal,6,16.6,22.7,1001.0,83.7,3.1,114.7,22.9,87.8,1.245,25.23,5.08,19.92,52.5,35.9,1
West Bengal,6,26.8,29.9,1014.4,59.4,13.2,330.1,22.9,87.8,1.156,13.69,6.47,17.56,43.2,16.4,0
West Bengal,6,0.0,23.9,1015.5,66.2,5.8,52.5,22.9,87.8,1.2,23.41,4.57,19.37,0.0,0.0,0
West Bengal,6,41.0,28.6,1007.3,64.2,12.7,136.3,22.9,87.8,1.005,24.21,4.11,20.66,37.8,3.2,0
West Bengal,6,47.4,32.0,1008.8,68.8,10.8,193.3,22.9,87.8,1.108,21.1,6.17,14.6,47.7,0.4,0
West Bengal,6,4.0,30.7,1010.8,77.8,19.6,30.0,22.9,87.8,1.23,23.72,5.67,10.43,0.0,4.0,0
West Bengal,6,10.7,33.2,1004.1,61.8,14.4,294.1,22.9,87.8,1.14,12.76,3.34,16.56,0.0,10.7,0
West Bengal,6,53.7,28.3,1013.7,71.6,14.3,216.2,22.9,87.8,1.25,23.05,7.25,18.45,54.9,1.2,0
West Bengal,6,36.8,29.8,1013.8,81.2,13.6,33.1,22.9,87.8,0.693,16.72,4.04,20.47,65.2,28.4,1
West Bengal,6,48.1,33.0,1004.5,52.8,9.4,356.0,22.9,87.8,0.841,19.26,4.95,16.37,42.1,6.0,0
West Bengal,6,41.5,25.4,1008.1,56.9,19.8,180.4,22.9,87.8,1.2,16.42,4.96,17.68,16.1,25.4,1
West Bengal,6,51.5,23.1,1009.1,85.9,19.2,342.3,22.9,87.8,1.028,26.21,3.77,14.88,51.5,0.0,0
West Bengal,6,41.5,22.0,1011.1,61.8,14.3,276.2,22.9,87.8,1.184,21.2,6.48,18.93,35.9,5.6,0
West Bengal,6,54.9,29.4,1008.8,76.5,9.2,89.9,22.9,87.8,0.854,21.38,4.02,22.18,47.8,7.1,0
West Bengal,6,32.6,28.9,1014.2,58.1,6.3,87.9,22.9,87.8,1.08,24.52,5.78,19.05,33.0,0.4,0
West Bengal,6,21.0,20.1,1003.0,68.6,10.9,172.0,22.9,87.8,1.074,26.65,4.68,12.56,47.8,26.8,1
West Bengal,7,21.9,33.9,1006.7,69.5,22.6,349.5,22.9,87.8,0.955,21.99,5.03,25.4,12.2,9.8,0
West Bengal,7,13.0,24.2,1009.2,73.4,11.3,91.7,22.9,87.8,1.554,23.44,5.59,23.14,10.2,2.9,0
West Bengal,7,22.1,26.1,1005.4,50.3,15.5,277.2,22.9,87.8,1.128,24.29,5.51,13.52,33.9,11.8,0
West Bengal,7,44.3,21.6,1015.3,56.1,9.1,53.0,22.9,87.8,1.272,26.41,5.87,15.91,53.9,9.5,0
West Bengal,7,29.6,28.6,1008.3,63.5,13.1,32.7,22.9,87.8,1.331,24.49,2.43,19.85,36.7,7.1,0
West Bengal,7,19.2,23.8,1004.6,59.2,10.8,127.4,22.9,87.8,1.239,31.44,5.47,19.21,11.3,8.0,0
West Bengal,7,32.1,27.6,1011.1,68.0,16.6,101.3,22.9,87.8,1.104,21.67,4.4,20.72,33.5,1.3,0
West Bengal,7,40.5,27.3,1013.3,48.6,16.3,113.0,22.9,87.8,1.243,22.71,3.43,18.48,51.8,11.4,0
West Bengal,7,31.1,27.5,1008.8,80.3,13.2,220.2,22.9,87.8,1.157,28.48,4.92,15.47,18.8,12.2,0
West Bengal,7,34.4,24.8,1015.0,59.8,11.3,207.9,22.9,87.8,1.402,26.22,6.47,17.23,41.6,7.3,0
West Bengal,7,68.7,34.7,1011.6,79.6,19.1,31.1,22.9,87.8,1.157,29.28,6.06,17.28,102.0,33.3,1
West Bengal,7,41.1,31.0,1009.9,73.9,17.9,89.1,22.9,87.8,1.451,21.49,5.63,21.29,47.6,6.4,0
West Bengal,7,13.0,24.3,1003.8,63.9,11.1,293.0,22.9,87.8,1.109,28.34,3.84,16.41,21.4,8.5,0
West Bengal,7,48.6,32.5,1005.3,78.4,6.4,255.2,22.9,87.8,0.897,25.08,6.56,20.13,25.3,23.3,1
West Bengal,7,27.4,30.8,1011.4,71.3,3.8,130.6,22.9,87.8,1.44,23.95,5.47,18.98,61.6,34.2,1
West Bengal,7,39.2,27.2,1009.9,68.4,14.8,84.0,22.9,87.8,1.269,27.98,6.42,20.32,45.8,6.7,0
West Bengal,7,37.4,32.7,1012.3,83.4,11.4,22.7,22.9,87.8,1.098,19.52,3.61,18.88,51.0,13.6,0
West Bengal,7,39.1,29.4,1000.7,63.7,13.3,227.6,22.9,87.8,0.873,19.58,4.68,20.65,48.9,9.8,0
West Bengal,7,52.1,27.5,1008.0,73.5,13.9,103.9,22.9,87.8,0.867,20.9,6.2,21.25,43.8,8.3,0
West Bengal,7,5.8,31.7,1008.3,55.0,0.0,166.1,22.9,87.8,1.072,18.69,6.03,15.03,12.5,6.6,0
West Bengal,7,74.8,28.4,1007.4,67.6,18.1,328.3,22.9,87.8,0.964,21.65,4.4,16.62,112.5,37.7,1
West Bengal,7,45.3,27.6,1014.2,70.4,6.6,128.7,22.9,87.8,1.134,14.27,3.28,20.86,24.5,20.9,1
West Bengal,7,57.6,28.3,1011.6,65.9,17.4,277.9,22.9,87.8,1.157,19.03,5.63,12.02,80.8,23.2,1
West Bengal,7,38.3,29.8,994.9,57.2,12.3,69.7,22.9,87.8,0.976,33.49,4.88,14.42,40.8,2.6,0
West Bengal,7,19.0,23.2,1013.1,73.6,17.4,261.6,22.9,87.8,1.262,19.03,6.05,14.09,18.2,0.8,0
West Bengal,7,34.2,27.4,999.0,58.8,14.7,293.4,22.9,87.8,1.39,28.49,3.86,17.65,70.2,36.0,1
West Bengal,7,32.7,26.3,1012.3,65.8,21.2,242.8,22.9,87.8,1.07,26.46,5.32,17.8,5.7,26.9,1
West Bengal,7,29.0,31.4,1004.1,75.5,16.1,188.8,22.9,87.8,1.436,21.94,4.88,16.84,39.0,10.0,0
West Bengal,7,47.8,22.1,1012.3,69.2,17.6,179.4,22.9,87.8,1.062,18.4,5.43,18.53,69.4,21.6,1
West Bengal,7,25.9,24.6,1000.3,54.8,12.7,2.8,22.9,87.8,1.578,16.53,5.6,15.29,39.3,13.4,0
West Bengal,7,25.6,32.1,1013.1,67.4,22.0,347.6,22.9,87.8,1.443,23.12,6.34,15.17,19.1,6.5,0
West Bengal,7,71.6,23.6,1005.8,49.5,10.6,354.5,22.9,87.8,1.031,24.5,5.85,14.45,64.0,7.6,0
West Bengal,7,53.1,34.8,1014.3,52.0,20.7,209.2,22.9,87.8,0.826,27.63,5.47,16.49,60.0,6.8,0
West Bengal,7,42.4,32.6,1013.5,53.4,11.6,359.8,22.9,87.8,1.436,23.67,7.09,9.29,40.3,2.1,0
West Bengal,7,9.3,22.5,1012.9,63.2,3.1,5.6,22.9,87.8,1.572,16.07,5.84,22.18,17.8,8.6,0
West Bengal,7,67.3,25.3,1015.2,80.6,14.6,348.2,22.9,87.8,0.964,13.92,5.91,18.89,74.5,7.2,0
West Bengal,7,32.9,33.4,1009.5,63.0,15.5,72.8,22.9,87.8,1.289,21.74,5.15,18.86,33.3,0.4,0
West Bengal,7,26.4,27.9,1015.6,76.4,12.8,127.2,22.9,87.8,1.167,24.67,5.5,11.14,0.0,26.4,1
West Bengal,7,38.8,24.5,999.8,60.3,19.4,104.3,22.9,87.8,1.319,25.11,4.1,19.8,56.9,18.1,0
West Bengal,7,33.0,28.2,1012.0,61.0,20.2,247.6,22.9,87.8,1.165,29.42,3.65,16.09,28.0,4.9,0
West Bengal,8,44.0,32.5,1003.1,100.0,11.9,236.3,22.9,87.8,1.266,25.5,4.7,22.19,35.4,8.6,0
West Bengal,8,8.2,23.3,1015.2,81.5,5.2,212.5,22.9,87.8,0.869,25.2,4.2,21.66,24.0,15.7,0
West Bengal,8,54.4,26.6,1007.0,54.0,10.0,335.6,22.9,87.8,1.339,25.73,7.16,15.08,76.1,21.7,1
West Bengal,8,18.2,33.7,1010.7,78.6,11.7,129.4,22.9,87.8,1.665,27.03,7.06,18.08,4.1,14.1,0
West Bengal,8,51.3,24.1,1014.6,79.5,16.4,274.8,22.9,87.8,1.463,26.41,5.16,14.44,78.3,27.0,1
West Bengal,8,44.1,38.8,1007.5,72.0,16.8,314.3,22.9,87.8,1.564,21.44,5.56,21.47,47.2,3.1,0
West Bengal,8,51.2,28.2,1010.0,80.5,14.1,75.0,22.9,87.8,1.212,22.01,3.1,18.66,62.3,11.1,0
West Bengal,8,55.1,23.2,1008.4,80.3,12.3,145.1,22.9,87.8,1.585,17.86,5.98,22.47,58.0,2.9,0
West Bengal,8,61.3,30.3,1016.8,74.8,24.5,320.4,22.9,87.8,0.992,22.79,6.87,21.98,61.3,0.1,0
West Bengal,8,68.3,26.4,1010.3,73.3,8.5,55.2,22.9,87.8,1.742,21.62,6.4,15.52,61.0,7.3,0
West Bengal,8,14.2,31.6,1003.6,81.7,12.5,287.2,22.9,87.8,1.348,18.84,5.89,20.03,43.9,29.7,1
West Bengal,8,21.8,24.5,1011.3,83.1,12.2,223.7,22.9,87.8,1.373,20.37,5.27,15.94,37.6,15.8,0
West Bengal,8,19.8,31.7,1009.1,79.0,3.1,349.6,22.9,87.8,1.524,22.43,3.89,18.38,33.6,13.7,0
West Bengal,8,35.3,29.7,1009.7,71.8,21.9,180.6,22.9,87.8,1.257,28.52,6.31,16.28,41.1,5.8,0
West Bengal,8,45.3,25.5,1005.3,55.1,0.8,198.3,22.9,87.8,1.291,20.93,7.3,15.84,70.4,25.1,1
West Bengal,8,45.0,36.5,1010.7,54.5,20.5,220.3,22.9,87.8,0.911,27.87,6.68,18.35,4.5,40.5,1
West Bengal,8,33.0,25.5,1015.6,68.1,13.1,251.1,22.9,87.8,1.331,25.54,4.7,19.78,30.4,2.6,0
West Bengal,8,0.0,30.5,1010.9,71.0,13.0,183.3,22.9,87.8,1.429,22.78,6.68,14.56,11.8,11.8,0
West Bengal,8,38.4,31.8,1003.4,60.9,8.2,200.5,22.9,87.8,1.317,18.12,5.12,20.82,44.3,5.9,0
West Bengal,8,39.2,21.8,1007.5,69.3,14.4,2.2,22.9,87.8,1.204,23.49,4.4,21.91,23.2,16.1,0
West Bengal,8,40.6,35.1,1013.5,74.1,16.4,95.2,22.9,87.8,1.085,24.3,6.34,20.15,62.1,21.5,1
West Bengal,8,58.5,27.2,1009.0,50.0,26.5,308.2,22.9,87.8,1.396,23.65,5.12,18.27,43.2,15.3,0
West Bengal,8,0.0,32.4,1010.7,59.8,17.5,353.9,22.9,87.8,1.127,26.96,6.86,14.67,16.9,16.9,0
West Bengal,8,44.1,35.3,1010.8,64.9,13.7,77.6,22.9,87.8,1.195,27.66,5.36,22.23,72.7,28.6,1
West Bengal,8,37.6,26.2,1005.8,51.7,15.7,230.4,22.9,87.8,1.102,17.97,5.9,19.98,51.7,14.1,0
West Bengal,8,21.3,29.4,1007.1,77.6,10.3,79.3,22.9,87.8,1.568,25.78,6.13,21.34,11.3,10.1,0
West Bengal,8,29.8,28.5,1018.1,57.0,23.4,234.9,22.9,87.8,1.259,30.18,8.08,20.25,59.5,29.7,1
West Bengal,8,22.5,25.7,1001.2,63.8,18.0,145.7,22.9,87.8,1.611,33.53,5.49,16.94,54.2,31.7,1
West Bengal,8,59.2,29.6,1011.5,74.5,10.3,82.4,22.9,87.8,1.255,24.51,5.98,18.59,34.4,24.8,1
West Bengal,8,2.5,30.7,1004.7,66.7,12.4,25.7,22.9,87.8,1.078,29.39,5.36,20.89,23.5,21.1,1
West Bengal,8,43.3,31.0,1008.1,82.6,19.3,154.3,22.9,87.8,1.078,26.36,3.45,23.19,37.9,5.4,0
West Bengal,8,29.8,22.3,1007.8,66.3,24.3,72.6,22.9,87.8,1.163,18.65,2.91,15.91,11.5,18.3,0
West Bengal,8,43.8,27.2,1008.1,59.5,16.0,86.1,22.9,87.8,1.248,28.63,5.21,20.31,13.8,30.0,1
West Bengal,8,3.4,29.1,1013.2,66.6,25.9,67.1,22.9,87.8,1.13,25.87,6.21,17.23,0.0,3.4,0
West Bengal,8,48.4,28.3,1006.3,74.0,14.5,95.6,22.9,87.8,1.23,22.03,4.54,17.41,56.4,8.0,0
West Bengal,8,6.5,31.6,1008.1,58.3,23.3,318.1,22.9,87.8,0.999,31.6,7.28,16.26,6.4,0.1,0
West Bengal,8,30.3,20.2,1009.6,77.5,18.5,90.8,22.9,87.8,1.454,20.77,7.83,16.67,26.5,3.8,0
West Bengal,8,28.3,25.2,1007.0,66.7,15.8,217.0,22.9,87.8,1.299,20.95,6.53,21.14,36.0,7.7,0
West Bengal,8,27.1,29.0,1003.6,69.3,14.4,260.6,22.9,87.8,1.02,14.64,4.88,13.84,19.4,7.7,0
West Bengal,8,16.2,24.2,1002.7,78.6,15.0,33.1,22.9,87.8,1.274,29.03,5.29,23.77,32.8,16.6,0
West Bengal,9,27.9,30.1,1008.1,67.5,16.1,288.9,22.9,87.8,0.943,25.92,6.92,21.24,10.5,17.4,0
West Bengal,9,1.2,34.5,1007.1,84.6,19.6,54.1,22.9,87.8,0.866,25.48,6.06,21.85,0.0,1.2,0
West Bengal,9,44.0,28.4,1012.9,66.4,17.8,329.0,22.9,87.8,1.542,24.05,2.41,19.79,48.5,4.5,0
West Bengal,9,21.5,21.6,1005.1,68.4,16.1,223.2,22.9,87.8,1.016,31.85,5.87,20.49,0.3,21.2,1
West Bengal,9,40.9,26.1,1004.9,54.9,11.3,222.4,22.9,87.8,1.297,30.49,5.86,19.56,35.7,5.3,0
West Bengal,9,63.6,29.1,1004.1,65.6,21.0,223.5,22.9,87.8,1.429,29.48,5.2,20.96,82.5,18.9,0
West Bengal,9,20.3,31.0,1009.5,68.0,16.1,336.8,22.9,87.8,1.83,29.77,7.07,21.08,70.3,50.0,1
West Bengal,9,16.4,20.7,1008.8,76.1,2.7,225.1,22.9,87.8,1.33,30.3,6.61,15.07,2.2,14.2,0
West Bengal,9,27.4,30.6,1009.9,63.3,16.3,89.0,22.9,87.8,1.776,29.63,7.04,24.63,58.9,31.5,1
West Bengal,9,41.5,26.9,1014.4,69.8,11.9,119.7,22.9,87.8,1.179,20.39,7.29,18.3,57.5,16.0,0
West Bengal,9,71.5,22.2,1007.8,84.3,19.0,227.8,22.9,87.8,1.844,26.95,6.58,25.44,102.7,31.2,1
West Bengal,9,63.2,24.1,1014.1,71.2,11.9,273.6,22.9,87.8,1.404,34.8,6.56,18.15,50.9,12.3,0
West Bengal,9,40.2,22.3,1004.4,67.1,13.5,209.8,22.9,87.8,1.219,17.45,4.08,20.44,35.5,4.7,0
West Bengal,9,20.2,35.5,1012.1,68.9,16.8,98.4,22.9,87.8,1.116,31.45,7.12,14.56,31.6,11.3,0
West Bengal,9,46.7,26.4,1018.5,89.4,13.7,330.9,22.9,87.8,1.298,24.88,5.0,22.02,94.6,48.0,1
West Bengal,9,67.0,30.8,996.0,50.9,20.9,265.2,22.9,87.8,1.477,26.11,7.72,22.76,99.2,32.2,1
West Bengal,9,9.8,29.0,1016.9,74.8,20.3,137.4,22.9,87.8,1.388,32.94,5.3,18.19,8.3,1.5,0
West Bengal,9,41.4,21.2,1011.7,67.9,19.9,124.2,22.9,87.8,1.538,32.68,6.63,20.59,68.3,27.0,1
West Bengal,9,62.4,29.7,1011.0,86.1,19.4,72.4,22.9,87.8,1.62,26.83,6.14,20.82,91.9,29.6,1
West Bengal,9,70.4,27.7,1016.7,71.1,22.6,11.7,22.9,87.8,1.268,35.02,5.39,18.53,52.2,18.1,0
West Bengal,9,62.3,33.7,1009.9,59.7,15.6,103.6,22.9,87.8,1.16,25.37,6.71,18.68,75.2,12.9,0
West Bengal,9,11.1,34.4,1006.0,78.2,16.5,333.7,22.9,87.8,1.14,24.29,5.21,20.57,45.2,34.0,1
West Bengal,9,48.3,24.0,1008.4,68.7,13.8,315.3,22.9,87.8,1.519,24.45,5.68,23.44,67.0,18.7,0
West Bengal,9,62.5,33.4,1001.2,72.4,13.1,295.1,22.9,87.8,1.209,26.12,5.75,18.68,69.5,7.0,0
West Bengal,9,82.1,20.7,1013.7,69.3,13.4,174.7,22.9,87.8,1.519,21.56,7.09,25.72,64.9,17.2,0
West Bengal,9,60.6,27.8,997.5,57.5,16.5,336.4,22.9,87.8,1.05,27.45,7.09,23.49,58.5,2.2,0
West Bengal,9,48.4,31.9,1012.3,78.4,16.2,272.1,22.9,87.8,1.421,24.27,7.43,15.9,46.5,1.8,0
West Bengal,9,40.4,29.5,1011.3,84.4,16.0,160.7,22.9,87.8,1.337,26.05,6.72,17.3,44.8,4.4,0
West Bengal,9,68.3,28.4,1002.7,66.1,4.4,95.7,22.9,87.8,1.696,22.58,4.35,18.54,97.3,29.1,1
West Bengal,9,69.6,29.4,1001.6,69.3,24.5,236.2,22.9,87.8,1.394,28.29,4.24,23.49,95.5,25.9,1
West Bengal,9,7.5,22.3,1003.2,77.0,11.8,329.8,22.9,87.8,1.33,27.61,6.7,21.31,15.1,7.6,0
West Bengal,9,46.5,28.5,1007.0,65.2,25.0,99.6,22.9,87.8,1.64,24.59,7.07,25.85,49.4,2.9,0
West Bengal,9,29.8,25.9,1007.9,72.7,15.4,149.0,22.9,87.8,1.757,26.53,5.36,22.99,57.7,27.9,1
West Bengal,9,64.7,35.4,1009.7,66.6,6.1,336.9,22.9,87.8,1.408,22.6,4.2,20.69,89.1,24.4,1
West Bengal,9,36.9,31.2,1011.1,81.0,26.5,133.9,22.9,87.8,1.513,25.49,6.17,25.22,27.6,9.2,0
West Bengal,9,65.3,27.0,1009.1,61.4,9.0,140.5,22.9,87.8,1.627,24.52,8.04,18.78,53.2,12.1,0
West Bengal,9,45.3,30.4,1008.9,71.0,23.6,316.4,22.9,87.8,1.272,22.8,7.63,19.22,46.2,0.9,0
West Bengal,9,58.7,35.9,1009.3,68.1,15.6,294.3,22.9,87.8,1.295,25.93,7.19,20.23,94.3,35.6,1
West Bengal,9,39.0,26.2,1014.4,69.7,15.0,181.5,22.9,87.8,1.66,28.55,7.6,19.79,71.3,32.3,1
West Bengal,9,45.0,31.2,1012.8,60.1,16.0,224.0,22.9,87.8,1.59,32.34,6.23,25.12,41.1,3.9,0
West Bengal,10,18.9,26.4,1014.0,59.1,8.7,213.3,22.9,87.8,1.614,23.55,7.21,21.02,11.6,7.3,0
West Bengal,10,27.2,28.3,1004.2,70.0,18.0,170.2,22.9,87.8,1.654,30.0,5.29,23.41,51.6,24.4,1
West Bengal,10,41.0,26.3,1020.4,57.1,18.5,207.0,22.9,87.8,1.399,28.67,6.07,22.01,69.2,28.2,1
West Bengal,10,40.7,39.9,1005.7,83.8,18.7,323.1,22.9,87.8,1.761,22.94,7.06,19.86,41.7,1.0,0
West Bengal,10,35.9,23.6,999.7,73.9,15.7,289.3,22.9,87.8,1.619,31.15,6.23,31.16,68.0,32.1,1
West Bengal,10,85.1,25.8,1009.2,57.6,14.3,235.2,22.9,87.8,2.066,26.57,6.27,17.65,109.2,24.1,1
West Bengal,10,28.9,31.2,999.1,68.8,6.8,102.7,22.9,87.8,1.41,26.95,5.95,24.92,85.2,56.3,1
West Bengal,10,49.7,24.1,1008.3,66.5,20.4,187.2,22.9,87.8,1.152,33.74,7.71,26.49,45.3,4.5,0
West Bengal,10,49.1,22.8,1007.7,74.0,12.8,200.6,22.9,87.8,1.501,27.54,8.23,21.3,61.0,11.9,0
West Bengal,10,19.4,29.6,1005.6,79.6,9.4,239.8,22.9,87.8,1.031,31.81,6.34,23.21,12.3,7.0,0
West Bengal,10,28.1,25.8,1009.0,75.8,17.5,293.6,22.9,87.8,1.835,30.68,5.8,23.28,44.7,16.6,0
West Bengal,10,41.1,26.3,1012.9,87.3,5.8,353.2,22.9,87.8,1.471,30.29,8.17,14.04,67.8,26.8,1
West Bengal,10,65.6,24.7,1001.0,86.4,7.2,175.6,22.9,87.8,1.672,30.93,7.23,21.21,85.8,20.2,1
West Bengal,10,32.1,25.2,1008.2,54.6,18.9,40.4,22.9,87.8,1.54,31.17,5.6,18.31,32.4,0.3,0
West Bengal,10,54.8,28.9,1002.4,71.1,17.3,143.5,22.9,87.8,1.27,29.97,7.65,23.62,71.4,16.7,0
West Bengal,10,71.6,28.2,1003.8,61.6,16.9,296.8,22.9,87.8,1.405,31.2,7.96,17.38,82.2,10.6,0
West Bengal,10,42.9,27.7,1008.7,69.7,23.0,335.5,22.9,87.8,1.896,29.3,6.06,19.1,42.8,0.1,0
West Bengal,10,56.0,31.0,1011.4,63.4,12.7,215.6,22.9,87.8,1.301,35.01,7.04,19.81,37.8,18.3,0
West Bengal,10,32.4,29.2,1003.5,85.5,15.0,193.4,22.9,87.8,1.591,35.83,6.02,22.33,11.1,21.3,1
West Bengal,10,45.7,32.1,1009.1,93.1,18.6,345.7,22.9,87.8,1.558,23.49,5.59,18.36,55.5,9.7,0
West Bengal,10,43.0,32.3,1007.5,60.0,23.8,308.4,22.9,87.8,1.475,30.21,6.54,23.51,54.3,11.3,0
West Bengal,10,52.4,25.1,1000.7,69.5,10.9,199.3,22.9,87.8,1.699,35.58,7.92,24.88,63.9,11.5,0
West Bengal,10,61.1,28.9,1017.7,60.8,19.4,126.4,22.9,87.8,1.603,22.47,5.09,18.16,76.2,15.2,0
West Bengal,10,50.0,37.3,1007.5,77.7,16.8,294.0,22.9,87.8,1.496,33.74,5.29,14.67,68.1,18.2,0
West Bengal,10,13.7,32.7,1005.3,59.6,29.5,270.8,22.9,87.8,1.425,32.34,7.53,25.43,0.0,13.7,0
West Bengal,10,53.0,26.3,1003.4,70.5,6.9,214.7,22.9,87.8,1.409,27.43,6.38,21.51,86.6,33.6,1
West Bengal,10,25.6,26.0,1006.9,59.3,16.8,109.9,22.9,87.8,1.186,31.45,8.41,22.15,30.5,4.8,0
West Bengal,10,41.9,25.4,1013.9,70.9,5.1,87.2,22.9,87.8,1.658,31.75,3.24,22.0,71.5,29.6,1
West Bengal,10,50.4,28.3,1012.5,71.4,22.0,323.5,22.9,87.8,1.484,32.91,6.07,18.72,59.4,9.0,0
West Bengal,10,53.9,31.2,1012.7,69.3,15.1,284.8,22.9,87.8,1.517,22.78,6.58,30.56,29.9,24.0,1
West Bengal,10,46.7,29.0,1010.5,60.3,18.6,212.0,22.9,87.8,1.703,27.21,4.84,24.86,71.5,24.8,1
West Bengal,10,27.8,25.3,1005.1,53.6,19.8,23.7,22.9,87.8,1.401,29.23,6.69,22.74,6.5,21.3,1
West Bengal,10,52.2,22.8,1011.4,59.4,9.5,136.6,22.9,87.8,1.457,29.76,5.48,22.62,67.5,15.3,0
West Bengal,10,63.6,28.2,1005.0,56.5,8.3,107.6,22.9,87.8,1.626,25.78,6.86,21.49,89.2,25.6,1
West Bengal,10,58.6,18.4,1013.2,72.5,13.3,236.9,22.9,87.8,1.474,27.33,5.43,19.88,44.5,14.1,0
West Bengal,10,66.6,27.7,1019.3,73.7,18.9,215.3,22.9,87.8,1.424,29.63,5.79,20.61,84.4,17.8,0
West Bengal,10,51.4,22.2,1009.4,75.5,13.0,165.8,22.9,87.8,1.555,19.05,6.55,26.91,3.6,47.8,1
West Bengal,10,57.8,29.7,1000.8,75.2,21.0,40.9,22.9,87.8,1.326,29.45,7.72,20.38,64.9,7.0,0
West Bengal,10,32.8,27.6,1013.2,71.1,14.2,270.8,22.9,87.8,1.307,25.37,7.99,26.92,1.3,31.6,1
West Bengal,10,53.8,30.9,1001.9,65.3,13.1,223.4,22.9,87.8,1.798,25.66,4.8,24.33,76.6,22.8,1
Assam,1,38.7,24.6,1011.6,58.2,15.5,225.6,26.2,92.9,0.9,12.19,2.12,8.21,43.3,4.6,0
Assam,1,1.2,36.5,1016.0,63.7,15.9,309.5,26.2,92.9,0.767,9.17,2.39,2.65,11.9,10.6,0
Assam,1,38.6,33.8,1011.5,69.0,7.4,275.9,26.2,92.9,0.394,12.5,1.58,9.36,51.3,12.7,0
Assam,1,25.1,30.2,1012.6,83.2,11.9,239.9,26.2,92.9,0.822,13.08,0.1,5.65,35.9,10.8,0
Assam,1,13.0,34.6,1017.3,59.6,7.2,242.0,26.2,92.9,0.436,16.54,1.26,10.03,26.4,13.4,0
Assam,1,32.0,30.6,1007.2,84.0,11.2,301.2,26.2,92.9,0.488,3.03,2.18,7.33,33.8,1.8,0
Assam,1,8.9,31.4,1011.7,62.4,10.8,203.9,26.2,92.9,0.571,15.91,4.15,6.0,27.9,19.0,0
Assam,1,13.6,24.8,1001.2,54.7,14.1,184.2,26.2,92.9,0.394,7.01,1.2,5.13,23.9,10.3,0
Assam,1,47.4,36.3,1011.4,60.6,9.1,24.5,26.2,92.9,0.471,12.05,4.82,8.45,68.0,20.6,1
Assam,1,1.7,30.6,1009.6,55.7,16.4,71.2,26.2,92.9,0.961,12.05,0.22,9.23,13.2,11.6,0
Assam,1,15.6,29.7,1005.6,64.2,17.5,256.1,26.2,92.9,0.266,8.35,0.59,13.31,24.0,8.4,0
Assam,1,0.0,28.6,1006.6,57.9,17.6,118.9,26.2,92.9,0.574,7.83,1.74,7.93,0.0,0.0,0
Assam,1,19.2,31.1,1000.3,57.9,12.2,345.5,26.2,92.9,0.689,10.39,2.98,7.5,31.7,12.5,0
Assam,1,26.0,34.0,1001.2,57.4,13.8,105.9,26.2,92.9,1.0,3.17,2.46,7.57,33.9,7.9,0
Assam,1,46.3,32.4,1000.0,80.8,19.9,107.9,26.2,92.9,0.196,9.79,3.06,10.79,33.7,12.6,0
Assam,1,7.3,33.2,1015.5,69.8,18.1,262.3,26.2,92.9,0.713,10.98,3.08,4.13,17.2,9.9,0
Assam,1,0.0,31.7,1005.8,69.2,7.6,102.5,26.2,92.9,0.594,13.42,3.81,4.35,0.0,0.0,0
Assam,1,4.0,24.6,1015.8,78.9,7.4,171.6,26.2,92.9,0.776,3.88,1.26,2.82,8.0,4.0,0
Assam,1,19.5,28.9,997.9,51.2,13.7,194.4,26.2,92.9,0.116,5.28,3.73,4.13,20.1,0.6,0
Assam,1,0.0,32.2,997.9,62.5,17.1,20.1,26.2,92.9,0.427,7.61,2.22,3.93,1.8,1.8,0
Assam,1,18.0,27.2,1013.0,54.8,3.9,104.6,26.2,92.9,0.545,9.97,2.32,4.42,13.6,4.4,0
Assam,1,11.6,26.6,1013.5,68.1,9.7,256.7,26.2,92.9,0.609,4.97,0.0,3.82,19.9,8.3,0
Assam,1,33.2,22.2,1011.3,71.7,19.4,257.4,26.2,92.9,0.79,12.35,3.05,6.79,44.3,11.1,0
Assam,1,0.0,28.3,1010.7,79.6,10.0,67.6,26.2,92.9,0.481,14.35,1.54,9.98,2.1,2.1,0
Assam,1,0.8,28.2,1014.6,55.3,5.0,101.3,26.2,92.9,0.184,16.65,4.35,10.91,1.8,1.0,0
Assam,1,45.2,34.2,1005.3,79.9,7.8,150.6,26.2,92.9,0.161,10.98,2.15,6.44,44.9,0.3,0
Assam,1,10.2,29.0,1014.4,54.9,16.7,3.4,26.2,92.9,0.595,10.28,1.64,9.13,17.8,7.6,0
Assam,1,6.8,23.5,1008.4,73.0,17.4,305.9,26.2,92.9,0.594,9.35,2.5,4.07,5.0,1.8,0
Assam,1,18.4,27.8,1008.5,51.8,6.6,122.3,26.2,92.9,0.353,7.7,2.61,5.01,29.2,10.7,0
Assam,1,0.0,28.9,1004.3,67.1,9.9,136.5,26.2,92.9,0.764,7.65,1.67,6.85,16.1,16.1,0
Assam,1,17.9,33.8,1007.1,77.4,14.4,283.8,26.2,92.9,0.233,4.06,3.78,10.97,38.1,20.3,1
Assam,1,0.0,30.8,1002.9,58.1,9.9,50.8,26.2,92.9,0.387,10.53,3.5,11.18,7.7,7.7,0
Assam,1,26.3,28.3,1005.2,70.9,7.1,114.9,26.2,92.9,0.436,6.1,2.45,4.64,25.8,0.5,0
Assam,1,8.7,25.7,1007.6,41.3,3.4,267.8,26.2,92.9,0.549,7.51,3.67,5.88,7.5,1.2,0
Assam,1,7.0,36.5,1009.2,67.5,14.7,176.9,26.2,92.9,0.401,12.22,2.5,14.42,5.3,1.8,0
Assam,1,34.0,32.1,1008.7,68.7,10.9,221.6,26.2,92.9,0.59,12.11,3.2,7.99,45.1,11.1,0
Assam,1,5.7,34.7,1003.1,64.4,15.8,109.4,26.2,92.9,0.67,9.03,2.64,7.26,5.3,0.5,0
Assam,1,54.4,25.5,996.6,57.5,13.1,51.3,26.2,92.9,0.724,14.33,2.12,2.75,48.7,5.7,0
Assam,1,18.7,22.6,1006.2,79.7,14.1,90.9,26.2,92.9,0.312,11.13,2.19,8.52,26.3,7.5,0
Assam,1,33.3,29.4,1010.6,60.4,18.1,349.4,26.2,92.9,0.479,15.35,1.92,3.78,32.9,0.3,0
Assam,2,44.4,19.6,1008.5,59.7,12.0,284.1,26.2,92.9,0.806,12.49,4.16,13.06,49.5,5.1,0
Assam,2,17.1,30.2,1010.9,54.5,14.0,188.1,26.2,92.9,0.53,9.51,2.2,12.97,16.9,0.2,0
Assam,2,40.6,29.2,1002.3,67.9,6.9,41.3,26.2,92.9,0.572,15.69,4.67,4.0,39.7,0.8,0
Assam,2,3.8,37.3,1005.8,52.8,24.0,65.1,26.2,92.9,0.289,7.64,3.12,9.34,0.0,3.8,0
Assam,2,15.1,28.9,1014.6,69.3,10.0,11.3,26.2,92.9,0.768,18.99,1.62,12.55,16.9,1.7,0
Assam,2,0.0,21.4,1014.7,80.5,10.0,49.0,26.2,92.9,0.257,15.32,2.92,4.55,3.4,3.4,0
Assam,2,1.0,30.9,1002.6,69.4,9.5,355.4,26.2,92.9,0.813,16.48,2.32,10.03,9.9,8.9,0
Assam,2,30.1,35.6,1010.1,62.4,14.9,258.1,26.2,92.9,0.4,17.15,3.59,3.62,26.2,3.9,0
Assam,2,34.5,22.4,1004.2,92.6,11.1,354.1,26.2,92.9,0.914,8.64,3.27,15.38,44.2,9.7,0
Assam,2,59.6,26.2,1017.0,66.2,11.2,235.6,26.2,92.9,0.591,11.93,3.53,3.78,55.8,3.8,0
Assam,2,34.0,32.7,1009.8,68.8,14.8,168.9,26.2,92.9,0.328,10.23,2.86,9.79,16.5,17.4,0
Assam,2,3.1,28.6,1013.1,61.8,9.5,100.1,26.2,92.9,0.548,15.8,2.68,5.86,19.5,16.4,0
Assam,2,42.0,24.9,1010.0,62.7,15.9,162.3,26.2,92.9,0.788,17.05,1.81,9.41,57.9,15.9,0
Assam,2,7.1,26.0,1011.3,64.4,4.9,99.6,26.2,92.9,0.963,20.52,2.19,6.46,8.7,1.6,0
Assam,2,50.8,32.1,1015.3,76.0,6.2,25.3,26.2,92.9,0.474,10.18,2.14,7.52,59.6,8.7,0
Assam,2,24.8,33.6,1009.3,59.2,13.7,81.1,26.2,92.9,0.151,14.84,4.17,9.42,22.1,2.7,0
Assam,2,1.8,33.4,1010.5,68.9,12.8,75.2,26.2,92.9,0.391,13.28,2.3,7.93,19.9,18.2,0
Assam,2,22.0,18.9,1005.3,56.0,12.1,301.6,26.2,92.9,0.7,11.09,2.38,9.65,25.5,3.5,0
Assam,2,20.6,27.8,1007.9,69.4,13.9,342.6,26.2,92.9,0.504,13.22,5.89,9.08,23.6,3.0,0
Assam,2,3.0,25.8,1007.5,71.3,16.0,280.1,26.2,92.9,0.774,8.27,3.54,9.24,8.8,5.8,0
Assam,2,17.1,24.9,1001.9,69.2,15.3,321.1,26.2,92.9,0.611,9.39,3.55,9.39,17.4,0.3,0
Assam,2,36.2,31.3,1000.3,66.5,8.0,231.1,26.2,92.9,0.0,13.06,3.8,8.87,25.5,10.7,0
Assam,2,53.2,33.3,1005.3,63.4,2.9,201.4,26.2,92.9,0.34,14.94,4.18,8.99,45.5,7.8,0
Assam,2,42.2,28.7,1008.5,56.7,13.8,184.8,26.2,92.9,0.348,17.63,5.06,12.26,52.3,10.1,0
Assam,2,50.3,24.5,1002.7,61.9,14.3,142.6,26.2,92.9,0.41,12.29,2.84,11.73,53.1,2.9,0
Assam,2,0.0,30.2,1015.9,66.3,17.7,10.4,26.2,92.9,0.727,9.29,2.65,8.49,8.7,8.7,0
Assam,2,9.9,22.8,1010.4,70.3,13.4,78.2,26.2,92.9,0.573,13.4,2.53,8.43,16.4,6.6,0
Assam,2,58.1,31.7,1010.7,73.7,1.1,322.2,26.2,92.9,0.796,12.61,2.9,6.38,58.9,0.8,0
Assam,2,9.7,32.7,1015.5,85.4,8.6,195.6,26.2,92.9,0.464,8.2,1.75,7.66,20.5,10.8,0
Assam,2,11.5,32.9,1014.8,68.9,18.9,346.9,26.2,92.9,0.502,13.03,3.22,13.49,5.3,6.2,0
Assam,2,14.3,28.4,1005.4,55.6,10.4,187.0,26.2,92.9,0.903,8.19,3.93,13.02,15.0,0.7,0
Assam,2,26.8,31.0,1010.1,66.8,9.4,344.5,26.2,92.9,0.539,12.39,3.16,11.77,47.7,21.0,1
Assam,2,11.2,28.9,1000.6,80.8,13.0,220.2,26.2,92.9,0.766,12.48,3.07,7.01,26.7,15.5,0
Assam,2,32.8,31.8,1004.6,58.7,12.2,17.9,26.2,92.9,0.714,9.16,3.75,6.29,31.0,1.8,0
Assam,2,25.2,24.0,1003.2,81.5,19.6,177.5,26.2,92.9,0.704,14.85,2.76,8.15,37.4,12.2,0
Assam,2,44.0,31.8,1003.8,69.9,8.9,18.4,26.2,92.9,0.941,7.47,5.55,10.85,45.3,1.4,0
Assam,2,23.8,26.0,1005.3,66.7,11.2,40.6,26.2,92.9,0.569,7.01,1.42,5.36,42.6,18.8,0
Assam,2,29.0,31.1,1008.1,71.1,18.7,239.0,26.2,92.9,0.942,12.12,3.67,11.32,26.1,2.9,0
Assam,2,23.4,21.3,1007.4,63.2,11.1,10.5,26.2,92.9,0.716,8.73,5.18,10.91,20.3,3.1,0
Assam,2,32.8,32.7,1009.8,55.9,24.0,208.0,26.2,92.9,0.364,13.11,2.69,9.22,24.0,8.8,0
Assam,3,27.0,25.2,1006.3,70.4,10.8,140.7,26.2,92.9,0.871,10.59,2.62,6.84,23.5,3.5,0
Assam,3,28.2,31.1,1004.0,72.6,13.7,354.8,26.2,92.9,0.742,18.92,1.13,16.62,26.2,2.0,0
Assam,3,0.5,29.1,1012.2,63.7,14.8,128.0,26.2,92.9,0.748,26.07,4.92,10.76,8.0,7.6,0
Assam,3,21.2,29.5,1010.8,62.5,6.3,166.1,26.2,92.9,0.902,8.48,3.61,13.69,36.4,15.2,0
Assam,3,15.4,32.5,1008.1,70.4,8.6,132.5,26.2,92.9,0.648,11.4,2.47,12.22,17.1,1.7,0
Assam,3,36.3,33.0,1006.3,62.2,2.3,79.4,26.2,92.9,0.439,16.37,3.02,9.01,32.1,4.2,0
Assam,3,14.0,32.2,1008.5,76.4,2.2,201.0,26.2,92.9,0.61,13.02,5.02,9.44,22.9,8.9,0
Assam,3,10.3,28.7,1000.0,65.9,15.1,30.8,26.2,92.9,0.544,12.03,2.63,9.85,3.3,7.0,0
Assam,3,0.0,24.4,1007.8,65.0,16.0,352.8,26.2,92.9,0.617,7.8,3.88,10.58,1.0,1.0,0
Assam,3,45.2,30.4,1008.6,68.1,17.4,202.4,26.2,92.9,0.531,13.21,1.99,10.47,49.4,4.2,0
Assam,3,25.1,27.1,1016.3,75.9,12.7,183.3,26.2,92.9,0.982,11.81,2.24,11.29,35.4,10.3,0
Assam,3,33.8,31.9,1004.3,52.4,10.3,294.9,26.2,92.9,0.523,6.41,3.57,8.91,18.6,15.2,0
Assam,3,27.3,27.0,1016.4,67.4,16.1,270.5,26.2,92.9,0.588,12.19,4.7,12.85,15.1,12.3,0
Assam,3,6.7,23.8,1013.3,49.2,17.1,282.9,26.2,92.9,0.737,12.25,4.83,10.95,0.0,6.7,0
Assam,3,7.3,22.0,1014.0,80.7,18.6,276.5,26.2,92.9,0.422,9.93,2.21,10.47,24.5,17.2,0
Assam,3,47.8,26.6,996.8,54.8,19.1,96.6,26.2,92.9,0.636,12.44,2.5,7.0,73.6,25.8,1
Assam,3,53.0,25.3,999.2,68.2,12.5,59.3,26.2,92.9,0.878,9.46,4.94,9.55,64.7,11.7,0
Assam,3,22.1,32.2,996.2,73.9,9.0,321.5,26.2,92.9,0.956,10.93,2.25,9.49,23.2,1.1,0
Assam,3,9.8,29.0,1008.8,71.1,9.1,353.2,26.2,92.9,0.683,13.16,3.13,8.49,17.4,7.6,0
Assam,3,11.5,28.1,1006.5,66.2,19.1,131.2,26.2,92.9,0.229,11.77,2.02,1.57,31.4,19.9,0
Assam,3,34.9,31.2,1006.6,70.7,11.1,239.5,26.2,92.9,0.745,14.0,3.45,15.0,41.2,6.2,0
Assam,3,10.1,29.9,1010.4,65.1,12.9,261.5,26.2,92.9,0.727,9.29,3.1,8.6,24.9,14.8,0
Assam,3,50.4,24.0,1008.0,63.4,15.5,188.5,26.2,92.9,0.63,14.52,3.14,15.38,45.7,4.6,0
Assam,3,30.2,30.6,1010.2,63.5,20.0,358.8,26.2,92.9,0.488,16.8,2.34,7.79,28.2,2.0,0
Assam,3,13.9,31.1,1012.5,67.4,18.5,88.5,26.2,92.9,0.722,19.54,4.57,14.92,12.0,1.9,0
Assam,3,40.5,26.8,1011.0,79.6,9.2,309.1,26.2,92.9,1.077,16.1,3.27,10.12,24.7,15.8,0
Assam,3,29.4,26.4,1008.3,66.8,0.0,209.0,26.2,92.9,0.745,15.44,3.18,10.75,35.7,6.3,0
Assam,3,30.5,30.5,1009.4,85.0,9.6,151.4,26.2,92.9,1.046,13.53,4.52,11.01,34.3,3.9,0
Assam,3,41.6,30.6,1000.3,68.2,8.2,207.1,26.2,92.9,1.058,21.64,3.83,9.22,51.3,9.8,0
Assam,3,11.5,37.9,1014.0,69.5,18.2,239.3,26.2,92.9,0.486,5.29,3.5,9.98,19.9,8.4,0
Assam,3,26.4,30.4,1012.1,51.9,17.5,336.0,26.2,92.9,0.811,18.23,4.63,11.0,33.1,6.8,0
Assam,3,40.1,22.5,1003.2,63.7,6.5,54.3,26.2,92.9,0.642,14.49,3.33,13.82,50.0,9.9,0
Assam,3,25.1,27.2,1007.8,66.2,25.8,249.0,26.2,92.9,0.522,9.85,3.72,11.3,22.1,2.9,0
Assam,3,40.2,30.0,1012.7,78.5,2.5,256.3,26.2,92.9,0.449,15.14,3.31,10.52,30.1,10.1,0
Assam,3,42.3,23.4,1011.8,52.2,13.1,133.6,26.2,92.9,1.18,7.67,2.55,9.04,73.3,31.0,1
Assam,3,25.1,32.8,1009.5,54.5,3.9,280.3,26.2,92.9,1.171,15.17,4.67,6.35,28.7,3.6,0
Assam,3,38.3,24.2,1007.7,57.7,17.3,202.6,26.2,92.9,0.844,17.63,3.13,13.62,37.1,1.2,0
Assam,3,35.9,20.7,1004.3,89.7,16.3,238.5,26.2,92.9,0.542,9.77,3.08,10.41,59.5,23.6,1
Assam,3,42.1,29.0,1008.3,74.1,6.6,80.6,26.2,92.9,0.856,14.43,1.83,4.32,56.7,14.6,0
Assam,3,18.0,30.2,1006.7,66.2,10.2,227.1,26.2,92.9,0.823,13.04,3.0,12.43,30.1,12.1,0
Assam,4,11.9,28.3,1005.4,67.1,20.8,6.2,26.2,92.9,1.234,16.89,3.65,11.95,21.0,9.1,0
Assam,4,34.7,24.4,1006.8,59.8,18.7,124.5,26.2,92.9,0.832,9.94,4.37,10.82,17.9,16.8,0
Assam,4,44.3,18.3,1007.8,73.9,20.5,40.8,26.2,92.9,0.698,20.35,5.23,15.85,79.3,35.0,1
Assam,4,21.7,29.9,1006.3,47.2,13.1,266.8,26.2,92.9,0.697,10.14,4.38,9.68,4.4,17.3,0
Assam,4,43.1,26.0,1005.8,57.2,19.3,95.3,26.2,92.9,0.678,8.36,6.86,17.95,64.6,21.4,1
Assam,4,18.7,26.4,1010.0,58.1,8.7,39.7,26.2,92.9,0.79,11.54,4.99,10.29,0.0,18.7,0
Assam,4,11.9,26.3,1009.1,68.7,19.7,7.9,26.2,92.9,0.708,21.0,5.02,11.37,19.7,7.8,0
Assam,4,22.2,23.8,1019.0,61.6,15.1,261.0,26.2,92.9,0.948,11.19,5.86,17.4,34.7,12.5,0
Assam,4,31.4,27.7,1007.8,71.1,14.0,159.4,26.2,92.9,0.617,22.13,3.34,9.77,39.5,8.1,0
Assam,4,36.3,21.5,1005.6,45.3,10.2,331.0,26.2,92.9,0.86,12.86,3.19,15.92,66.3,30.0,1
Assam,4,15.3,32.5,1009.9,49.6,9.6,221.0,26.2,92.9,0.866,11.71,4.01,19.72,39.6,24.3,1
Assam,4,17.7,24.4,1014.5,57.0,18.6,357.5,26.2,92.9,0.936,20.75,5.13,10.34,26.8,9.1,0
Assam,4,14.7,33.6,1002.6,74.0,19.3,327.5,26.2,92.9,0.657,15.34,2.78,12.48,7.6,7.1,0
Assam,4,16.5,30.6,1011.1,64.1,5.4,355.7,26.2,92.9,0.711,24.27,3.69,12.42,15.6,0.9,0
Assam,4,33.4,42.3,1006.3,79.8,14.1,345.4,26.2,92.9,0.414,23.8,4.26,11.21,46.8,13.3,0
Assam,4,31.9,23.8,995.9,85.3,12.5,105.9,26.2,92.9,0.694,21.87,3.26,13.95,32.0,0.1,0
Assam,4,10.1,32.0,1013.5,60.2,13.4,55.7,26.2,92.9,0.89,23.9,3.46,11.02,13.3,3.2,0
Assam,4,14.9,21.5,1008.7,72.3,13.6,48.0,26.2,92.9,0.621,17.03,4.05,13.44,22.6,7.6,0
Assam,4,35.8,33.7,1010.9,71.8,4.9,35.0,26.2,92.9,0.741,16.33,2.32,18.28,10.5,25.3,1
Assam,4,52.9,30.1,998.5,87.4,16.2,125.6,26.2,92.9,0.716,18.15,5.91,10.78,25.4,27.5,1
Assam,4,52.4,30.4,996.8,70.4,15.8,144.6,26.2,92.9,0.635,13.58,3.46,13.08,65.7,13.3,0
Assam,4,0.0,29.4,1010.4,68.7,11.6,305.2,26.2,92.9,1.07,14.55,3.75,14.33,21.8,21.8,1
Assam,4,16.9,24.2,1009.4,55.8,3.9,218.4,26.2,92.9,0.884,22.23,3.0,11.64,24.1,7.2,0
Assam,4,19.5,25.5,1009.7,55.0,9.8,6.2,26.2,92.9,0.865,9.96,3.69,8.14,16.5,3.0,0
Assam,4,41.9,28.1,1016.3,66.3,18.4,195.7,26.2,92.9,0.798,10.75,3.72,10.41,39.9,2.1,0
Assam,4,32.1,22.6,1003.6,56.9,12.3,257.9,26.2,92.9,0.66,16.56,3.32,12.03,22.6,9.4,0
Assam,4,16.7,36.6,1004.5,45.9,15.3,82.3,26.2,92.9,0.85,15.66,4.51,11.71,19.1,2.4,0
Assam,4,47.6,19.5,1001.4,58.7,5.1,256.4,26.2,92.9,0.685,19.91,3.74,11.37,47.1,0.5,0
Assam,4,13.2,32.0,1014.1,54.9,21.7,297.2,26.2,92.9,0.65,17.91,4.52,11.8,13.0,0.3,0
Assam,4,47.9,25.9,1007.7,83.9,6.9,233.0,26.2,92.9,1.006,18.13,4.92,8.04,57.8,9.9,0
Assam,4,25.2,37.5,1012.0,66.8,15.0,92.3,26.2,92.9,0.941,12.59,5.49,8.04,33.3,8.1,0
Assam,4,16.8,28.6,1012.9,49.9,12.8,67.7,26.2,92.9,0.745,10.25,4.04,10.73,30.2,13.4,0
Assam,4,48.8,28.4,1012.5,80.8,9.0,89.2,26.2,92.9,0.793,12.1,4.21,11.8,36.7,12.1,0
Assam,4,12.5,34.9,1009.4,81.8,11.5,65.1,26.2,92.9,0.464,19.89,4.34,10.79,5.7,6.7,0
Assam,4,47.2,27.7,1007.2,61.0,11.6,326.1,26.2,92.9,0.518,16.34,5.0,11.76,63.0,15.8,0
Assam,4,50.6,32.0,1005.3,66.6,15.3,36.2,26.2,92.9,0.7,13.76,6.9,11.2,67.6,17.0,0
Assam,4,16.1,35.2,1006.1,67.5,4.4,67.4,26.2,92.9,1.067,11.27,5.26,8.0,30.1,14.0,0
Assam,4,25.2,33.7,1009.2,76.3,19.8,143.3,26.2,92.9,0.795,11.57,3.49,17.79,39.0,13.8,0
Assam,4,13.3,34.9,1009.9,75.3,16.1,146.8,26.2,92.9,0.401,20.44,1.14,15.06,17.0,3.6,0
Assam,4,42.7,29.0,1013.2,67.2,15.0,243.2,26.2,92.9,1.177,18.42,2.27,10.32,56.9,14.2,0
Assam,5,52.8,25.4,1019.2,69.3,16.1,219.7,26.2,92.9,1.117,16.1,3.4,12.46,78.0,25.3,1
Assam,5,40.4,24.7,1005.3,81.6,12.8,194.7,26.2,92.9,1.055,4.21,5.82,10.86,41.9,1.5,0
Assam,5,57.1,34.0,1010.5,74.8,18.9,176.9,26.2,92.9,1.206,18.32,3.42,12.65,66.1,8.9,0
Assam,5,32.3,24.2,1010.2,51.8,14.4,95.4,26.2,92.9,0.917,21.29,5.16,20.08,30.8,1.4,0
Assam,5,37.5,29.1,1008.8,54.9,8.1,90.1,26.2,92.9,0.579,16.55,3.52,12.52,56.1,18.7,0
Assam,5,16.3,31.7,1005.1,63.0,16.3,248.3,26.2,92.9,0.716,16.41,2.17,14.56,0.0,16.3,0
Assam,5,47.0,30.7,1016.0,89.3,18.7,217.1,26.2,92.9,1.329,13.11,2.02,18.97,63.0,16.0,0
Assam,5,3.8,22.8,1010.8,58.8,10.4,352.4,26.2,92.9,1.324,18.48,4.12,16.12,4.3,0.4,0
Assam,5,0.0,17.2,1007.6,76.3,14.1,353.9,26.2,92.9,1.076,23.43,4.52,14.24,6.0,6.0,0
Assam,5,29.1,22.0,1013.9,63.7,11.8,150.9,26.2,92.9,0.626,17.55,4.92,11.3,46.8,17.7,0
Assam,5,27.4,22.1,1014.9,69.5,18.3,24.9,26.2,92.9,0.705,15.8,5.54,18.92,32.4,5.1,0
Assam,5,23.3,35.0,1004.9,70.8,11.9,99.8,26.2,92.9,0.705,16.39,3.55,15.4,29.7,6.4,0
Assam,5,46.8,24.9,1007.0,73.8,18.3,128.9,26.2,92.9,0.958,14.63,5.39,19.0,17.5,29.3,1
Assam,5,22.9,29.3,1008.0,76.9,14.4,88.4,26.2,92.9,0.69,13.13,3.41,11.72,32.2,9.3,0
Assam,5,30.7,25.6,1003.0,60.5,11.2,148.8,26.2,92.9,1.029,23.36,2.89,16.77,46.1,15.5,0
Assam,5,35.9,34.4,1007.1,71.5,14.6,2.1,26.2,92.9,0.986,18.07,4.86,11.41,33.3,2.6,0
Assam,5,22.6,26.8,1013.1,62.9,17.3,195.7,26.2,92.9,0.806,23.12,5.18,13.42,26.3,3.7,0
Assam,5,34.6,22.1,1003.9,72.1,6.1,64.2,26.2,92.9,0.816,29.5,5.11,16.71,28.7,5.9,0
Assam,5,38.8,21.2,1006.3,72.6,6.9,43.9,26.2,92.9,0.828,19.46,4.87,11.61,32.5,6.2,0
Assam,5,22.0,26.9,1006.4,72.6,11.3,43.3,26.2,92.9,1.213,18.83,3.89,11.82,33.5,11.5,0
Assam,5,40.8,27.4,1006.0,71.0,14.3,333.2,26.2,92.9,0.917,15.47,3.4,13.4,38.6,2.2,0
Assam,5,21.7,32.4,1006.0,85.9,17.1,147.2,26.2,92.9,1.126,15.02,6.67,14.09,35.7,14.0,0
Assam,5,33.6,29.3,1006.9,58.2,15.7,353.7,26.2,92.9,0.656,24.05,5.02,12.11,31.4,2.2,0
Assam,5,62.2,32.0,1013.7,65.0,16.8,154.3,26.2,92.9,0.859,18.33,5.63,18.21,64.0,1.8,0
Assam,5,12.6,34.8,1016.3,71.5,23.0,244.4,26.2,92.9,0.713,12.64,2.71,13.43,10.6,2.0,0
Assam,5,24.1,27.8,1012.3,62.0,10.4,205.1,26.2,92.9,1.079,17.61,4.64,18.08,68.7,44.6,1
Assam,5,43.1,30.4,1002.1,71.2,14.3,37.9,26.2,92.9,0.816,18.69,5.03,19.11,69.0,25.9,1
Assam,5,52.9,31.2,1005.8,74.8,10.1,52.2,26.2,92.9,1.25,20.04,4.57,14.48,59.1,6.2,0
Assam,5,0.0,23.2,1011.1,58.3,13.5,36.5,26.2,92.9,0.751,17.87,5.41,16.79,0.0,0.0,0
Assam,5,37.9,22.5,1008.3,77.0,13.7,302.2,26.2,92.9,1.062,18.85,4.0,11.81,24.7,13.2,0
Assam,5,12.9,32.2,1015.6,56.7,14.3,349.3,26.2,92.9,0.699,18.93,3.68,7.67,40.2,27.3,1
Assam,5,32.3,23.8,1008.6,66.7,16.1,322.9,26.2,92.9,0.957,21.66,2.72,11.34,49.3,17.0,0
Assam,5,24.5,27.9,1005.6,63.4,11.5,73.7,26.2,92.9,0.986,22.14,4.09,16.26,23.8,0.7,0
Assam,5,24.5,29.9,1010.1,66.4,17.4,337.4,26.2,92.9,0.834,21.75,5.45,15.92,43.2,18.7,0
Assam,5,27.3,21.4,1006.7,73.9,18.0,155.0,26.2,92.9,0.701,14.41,3.65,7.72,24.4,2.9,0
Assam,5,33.9,27.9,1006.3,60.6,11.1,327.4,26.2,92.9,1.035,17.88,8.1,12.42,45.9,12.1,0
Assam,5,28.3,26.9,1015.8,77.5,5.2,155.6,26.2,92.9,0.867,15.82,2.49,13.76,8.3,20.0,0
Assam,5,35.1,31.2,1012.4,66.1,21.6,54.0,26.2,92.9,1.064,14.94,6.13,13.41,62.6,27.5,1
Assam,5,54.3,29.3,1010.0,65.7,9.9,248.6,26.2,92.9,1.003,11.41,4.2,16.02,80.0,25.7,1
Assam,5,44.4,22.2,1002.7,64.0,21.0,213.5,26.2,92.9,1.106,15.4,4.94,10.6,48.5,4.0,0
Assam,6,18.9,33.9,1004.5,52.5,6.3,277.5,26.2,92.9,0.896,22.35,4.47,18.32,18.6,0.3,0
Assam,6,52.6,24.3,1000.5,59.8,8.8,314.1,26.2,92.9,1.071,18.7,4.92,16.4,34.0,18.6,0
Assam,6,45.5,23.3,1005.1,49.1,17.7,216.7,26.2,92.9,0.748,15.25,4.6,14.34,62.0,16.5,0
Assam,6,34.9,32.0,1009.9,58.5,11.1,88.9,26.2,92.9,1.233,23.06,5.9,16.22,47.3,12.4,0
Assam,6,37.4,34.9,1005.7,70.4,5.9,123.5,26.2,92.9,1.351,22.23,4.49,15.05,25.3,12.0,0
Assam,6,29.9,22.3,1006.5,74.8,16.7,123.0,26.2,92.9,1.047,9.85,7.09,12.3,38.6,8.7,0
Assam,6,38.2,29.1,1008.2,68.7,7.8,89.2,26.2,92.9,1.118,19.97,6.96,11.6,57.7,19.6,0
Assam,6,27.9,29.7,1010.1,44.6,7.2,40.4,26.2,92.9,0.938,27.77,6.32,14.16,29.0,1.1,0
Assam,6,62.3,36.5,1006.6,83.4,19.6,128.3,26.2,92.9,1.008,17.07,3.48,10.91,96.7,34.4,1
Assam,6,36.7,23.5,1013.0,63.2,11.1,351.8,26.2,92.9,0.722,20.7,4.04,12.57,19.4,17.4,0
Assam,6,37.5,24.6,1011.0,67.5,12.8,64.6,26.2,92.9,1.274,22.7,3.93,10.74,17.2,20.3,1
Assam,6,54.3,31.7,1013.2,66.8,18.4,247.0,26.2,92.9,0.974,18.33,3.58,16.1,68.4,14.1,0
Assam,6,30.2,26.9,1006.9,75.9,7.5,248.2,26.2,92.9,0.771,19.17,5.13,11.61,48.3,18.1,0
Assam,6,59.4,29.8,1013.6,58.8,9.9,57.9,26.2,92.9,0.98,16.19,6.46,15.72,75.7,16.3,0
Assam,6,26.1,34.8,1007.2,78.2,11.5,51.3,26.2,92.9,1.1,27.74,4.22,15.43,41.4,15.4,0
Assam,6,14.5,19.4,1003.0,77.7,23.0,171.7,26.2,92.9,0.745,25.9,4.07,13.7,40.6,26.1,1
Assam,6,56.8,31.8,999.4,55.4,20.0,53.4,26.2,92.9,0.832,18.38,6.08,19.4,61.7,4.9,0
Assam,6,25.9,27.0,1014.7,81.2,15.4,243.0,26.2,92.9,1.205,26.25,3.01,14.12,50.2,24.4,1
Assam,6,37.7,26.1,1008.9,71.7,8.8,271.7,26.2,92.9,1.061,17.8,3.81,13.21,29.7,8.0,0
Assam,6,49.8,24.2,1008.9,64.3,10.9,40.9,26.2,92.9,0.962,17.08,3.83,15.84,67.9,18.0,0
Assam,6,56.4,27.4,1006.9,69.3,15.2,150.8,26.2,92.9,1.28,19.85,5.39,16.09,70.1,13.7,0
Assam,6,20.9,28.1,1019.4,83.9,15.2,62.6,26.2,92.9,0.544,17.77,4.66,13.87,20.5,0.4,0
Assam,6,46.3,24.1,1009.4,66.9,10.0,264.1,26.2,92.9,1.138,16.61,5.37,10.65,43.3,3.0,0
Assam,6,57.3,29.5,1009.4,77.9,17.5,54.3,26.2,92.9,1.175,13.0,3.95,14.53,72.5,15.2,0
Assam,6,31.5,21.0,998.4,67.3,12.0,206.2,26.2,92.9,0.773,20.3,6.31,15.22,55.6,24.1,1
Assam,6,30.7,29.9,1014.8,66.4,14.5,143.6,26.2,92.9,1.107,23.37,5.17,14.13,15.2,15.6,0
Assam,6,35.8,27.3,1009.2,69.2,22.3,312.5,26.2,92.9,0.673,15.19,3.99,18.07,20.6,15.2,0
Assam,6,18.4,29.8,1012.2,52.5,5.5,255.3,26.2,92.9,1.119,20.33,3.85,17.04,27.0,8.6,0
Assam,6,34.9,21.6,1004.1,87.6,12.7,153.9,26.2,92.9,0.912,20.24,5.81,16.68,30.3,4.6,0
Assam,6,56.4,31.4,1005.8,66.7,17.4,63.8,26.2,92.9,0.684,20.04,4.71,13.11,52.0,4.4,0
Assam,6,53.0,30.2,1018.5,62.3,15.1,99.5,26.2,92.9,1.167,25.19,4.86,11.54,49.5,3.5,0
Assam,6,38.8,32.6,1000.8,56.3,18.2,75.2,26.2,92.9,0.763,24.31,4.48,13.93,63.7,24.9,1
Assam,6,20.0,23.0,1016.1,70.3,17.8,57.6,26.2,92.9,0.967,16.94,5.13,17.31,28.7,8.7,0
Assam,6,53.1,30.7,1002.8,66.6,12.2,35.6,26.2,92.9,1.08,20.27,5.97,9.22,50.7,2.5,0
Assam,6,28.5,29.1,1010.8,68.0,7.8,190.2,26.2,92.9,1.014,13.89,4.4,15.94,59.1,30.6,1
Assam,6,19.6,31.3,1002.6,55.3,8.3,300.5,26.2,92.9,1.014,18.5,5.3,14.94,27.3,7.7,0
Assam,6,31.8,24.0,1016.5,82.0,22.4,245.4,26.2,92.9,0.852,18.1,6.04,14.82,28.9,2.9,0
Assam,6,42.3,25.2,1001.2,69.3,11.8,45.3,26.2,92.9,0.451,16.19,4.7,10.27,23.0,19.3,0
Assam,6,37.2,30.9,1003.5,65.4,13.2,82.6,26.2,92.9,1.225,19.03,4.54,15.94,21.4,15.8,0
Assam,6,50.9,32.3,1008.7,72.6,12.8,264.4,26.2,92.9,0.823,19.63,4.78,14.7,71.7,20.8,1
Assam,7,74.2,27.5,1010.4,60.5,20.0,39.8,26.2,92.9,1.711,14.95,7.78,19.2,66.2,7.9,0
Assam,7,76.2,24.2,1006.4,55.5,14.1,48.1,26.2,92.9,1.248,31.39,4.58,7.97,94.2,18.0,0
Assam,7,31.5,35.2,1007.8,60.9,9.7,144.9,26.2,92.9,1.027,27.5,4.95,20.47,15.2,16.2,0
Assam,7,12.9,31.3,1005.7,65.9,9.7,172.6,26.2,92.9,1.209,21.56,3.93,18.6,39.2,26.3,1
Assam,7,38.3,32.0,1003.0,74.3,15.6,78.4,26.2,92.9,1.492,22.56,4.49,16.28,33.2,5.2,0
Assam,7,22.0,26.2,1006.1,60.5,21.1,162.7,26.2,92.9,0.895,16.89,3.66,19.31,31.6,9.6,0
Assam,7,50.8,32.0,1006.3,83.2,11.7,288.0,26.2,92.9,1.156,22.21,5.37,19.27,59.5,8.7,0
Assam,7,44.9,33.4,1009.3,73.4,7.7,134.4,26.2,92.9,0.932,21.16,3.29,14.61,41.3,3.6,0
Assam,7,72.9,25.5,1010.2,62.9,9.6,101.7,26.2,92.9,0.938,22.46,5.95,21.94,58.1,14.9,0
Assam,7,37.7,27.5,1008.0,94.2,13.9,263.1,26.2,92.9,1.042,21.16,4.91,14.07,22.5,15.2,0
Assam,7,73.7,29.2,1007.0,89.8,10.5,165.1,26.2,92.9,0.832,24.64,3.84,17.64,110.4,36.7,1
Assam,7,41.5,19.2,1008.2,73.3,19.3,301.4,26.2,92.9,1.387,21.11,4.41,12.87,41.1,0.4,0
Assam,7,47.5,22.6,1003.4,74.1,11.6,336.9,26.2,92.9,0.919,22.78,4.27,10.52,68.5,21.0,1
Assam,7,29.2,27.0,1004.5,73.9,16.5,327.4,26.2,92.9,0.972,21.43,5.7,20.86,40.0,10.8,0
Assam,7,24.4,29.0,1007.2,48.5,5.6,5.0,26.2,92.9,1.085,20.45,6.26,13.42,8.4,16.0,0
Assam,7,27.2,25.5,1007.7,60.5,4.1,349.8,26.2,92.9,1.106,17.12,2.79,18.1,58.9,31.7,1
Assam,7,38.6,29.0,1009.4,45.4,19.2,70.8,26.2,92.9,1.449,19.88,3.84,20.3,55.4,16.8,0
Assam,7,53.7,25.4,1009.4,58.0,14.8,195.5,26.2,92.9,1.55,23.83,2.62,16.22,69.0,15.3,0
Assam,7,32.6,23.5,1011.3,58.9,17.7,311.3,26.2,92.9,0.975,25.46,5.79,16.32,38.0,5.4,0
Assam,7,41.5,24.8,1000.4,74.2,22.5,209.3,26.2,92.9,1.132,16.8,6.25,17.67,60.6,19.1,0
Assam,7,56.2,34.3,1002.4,55.6,15.5,343.0,26.2,92.9,0.862,26.51,3.99,16.19,34.9,21.3,1
Assam,7,41.0,32.7,1014.1,78.9,14.4,254.0,26.2,92.9,1.168,19.88,5.66,18.88,26.5,14.5,0
Assam,7,23.5,27.4,1001.9,56.1,12.7,71.3,26.2,92.9,1.276,22.92,5.42,22.49,22.4,1.1,0
Assam,7,43.8,25.6,1001.6,80.3,13.3,214.0,26.2,92.9,1.032,26.62,4.0,19.72,64.5,20.7,1
Assam,7,12.0,25.9,1013.1,84.9,18.4,97.4,26.2,92.9,0.888,23.9,4.69,15.07,13.7,1.7,0
Assam,7,53.8,35.2,1013.1,68.6,10.3,291.6,26.2,92.9,1.415,25.65,5.45,14.76,67.9,14.1,0
Assam,7,58.1,28.9,1007.5,61.6,27.7,294.2,26.2,92.9,0.885,22.29,4.96,19.29,80.5,22.5,1
Assam,7,21.1,24.9,1003.6,76.3,16.9,281.0,26.2,92.9,1.125,17.13,4.31,12.32,30.2,9.1,0
Assam,7,42.3,24.0,1010.1,79.1,9.6,240.1,26.2,92.9,1.184,21.61,3.55,14.9,41.7,0.6,0
Assam,7,37.4,27.4,1015.8,66.4,6.2,138.5,26.2,92.9,1.431,20.96,4.67,15.31,55.4,18.1,0
Assam,7,35.2,21.9,1004.6,67.9,17.5,341.8,26.2,92.9,1.022,21.81,4.27,15.95,48.9,13.7,0
Assam,7,21.5,29.2,1002.5,57.8,11.5,310.2,26.2,92.9,0.739,19.78,5.17,19.73,57.6,36.0,1
Assam,7,33.5,30.1,1007.5,67.5,16.2,115.0,26.2,92.9,1.072,23.44,4.17,17.6,11.8,21.6,1
Assam,7,41.5,33.3,1006.9,58.7,7.7,231.7,26.2,92.9,1.267,21.41,4.64,10.43,51.1,9.6,0
Assam,7,29.3,25.4,1016.1,50.5,6.5,231.6,26.2,92.9,1.005,19.56,5.53,16.99,19.5,9.8,0
Assam,7,30.8,28.1,1008.8,73.3,11.9,56.0,26.2,92.9,1.272,21.82,5.08,15.52,28.4,2.4,0
Assam,7,25.4,26.8,1010.3,59.6,14.4,324.8,26.2,92.9,1.437,24.52,6.05,18.98,25.2,0.2,0
Assam,7,61.5,28.6,1007.8,56.4,12.8,126.1,26.2,92.9,1.032,19.33,4.72,12.07,79.1,17.6,0
Assam,7,49.3,34.7,1016.3,70.1,19.9,15.5,26.2,92.9,0.996,20.52,5.97,28.49,74.2,24.9,1
Assam,7,43.9,29.9,1010.4,67.6,18.6,93.4,26.2,92.9,0.879,23.56,5.94,15.79,54.2,10.3,0
Assam,8,58.5,27.6,1005.8,61.9,13.9,224.4,26.2,92.9,1.136,24.94,5.26,16.4,49.8,8.7,0
Assam,8,45.1,25.7,1014.4,67.9,15.0,183.8,26.2,92.9,1.249,29.47,4.4,18.46,24.9,20.2,1
Assam,8,62.6,27.4,1000.5,56.2,19.3,346.5,26.2,92.9,1.231,21.79,5.42,15.61,53.2,9.4,0
Assam,8,35.9,30.1,1006.5,73.2,14.0,268.5,26.2,92.9,1.258,21.34,4.51,20.49,29.1,6.8,0
Assam,8,51.3,27.9,1005.7,73.3,22.0,170.0,26.2,92.9,1.201,29.99,3.64,14.29,50.3,1.0,0
Assam,8,65.6,31.6,999.4,64.6,8.6,90.9,26.2,92.9,1.356,27.41,5.97,16.35,72.1,6.5,0
Assam,8,54.2,37.2,1002.1,84.9,16.4,294.7,26.2,92.9,1.212,29.12,6.05,15.68,69.4,15.2,0
Assam,8,61.1,27.8,997.6,67.9,15.7,136.8,26.2,92.9,1.076,28.8,2.8,17.91,69.4,8.4,0
Assam,8,76.2,27.7,1010.2,70.3,15.7,176.5,26.2,92.9,0.953,20.84,6.56,18.4,76.9,0.7,0
Assam,8,42.4,31.5,1010.4,61.9,16.4,3.5,26.2,92.9,1.269,22.22,4.2,19.65,59.7,17.3,0
Assam,8,65.6,22.5,1007.6,66.7,13.2,269.4,26.2,92.9,0.962,24.59,5.05,15.15,96.6,31.0,1
Assam,8,80.5,27.6,1000.5,73.0,4.8,348.1,26.2,92.9,1.258,17.97,5.29,13.18,89.1,8.5,0
Assam,8,61.0,25.3,1007.9,60.8,11.5,168.5,26.2,92.9,1.332,17.85,5.25,18.86,85.1,24.0,1
Assam,8,50.4,27.5,1005.2,78.3,10.9,118.6,26.2,92.9,1.446,24.95,6.12,19.42,57.4,7.0,0
Assam,8,21.1,28.8,1007.9,60.4,9.8,316.0,26.2,92.9,0.904,22.93,5.33,17.27,33.6,12.5,0
Assam,8,53.2,25.0,1012.3,66.8,24.0,192.5,26.2,92.9,0.853,26.84,6.16,21.23,63.8,10.6,0
Assam,8,80.0,27.0,1013.2,63.7,17.7,114.4,26.2,92.9,1.342,26.61,1.77,17.42,77.9,2.1,0
Assam,8,37.6,26.7,1012.9,71.0,12.7,353.0,26.2,92.9,1.482,20.91,5.49,24.04,35.6,2.0,0
Assam,8,39.2,28.7,1000.0,51.8,12.8,144.0,26.2,92.9,1.202,19.59,6.17,11.16,45.2,6.0,0
Assam,8,49.1,29.1,1007.2,62.4,14.2,207.2,26.2,92.9,1.055,27.42,7.01,12.42,53.2,4.1,0
Assam,8,28.3,21.8,1012.0,73.7,16.5,309.6,26.2,92.9,1.217,18.26,5.74,15.64,54.1,25.8,1
Assam,8,37.8,28.7,1009.2,68.2,15.7,99.1,26.2,92.9,0.996,25.12,6.69,18.82,37.6,0.3,0
Assam,8,46.2,26.3,1007.4,57.1,22.1,260.9,26.2,92.9,1.034,26.65,7.4,14.76,14.4,31.8,1
Assam,8,67.2,27.8,1005.4,69.5,13.4,224.0,26.2,92.9,1.069,24.81,7.2,21.49,92.9,25.7,1
Assam,8,36.9,27.2,997.1,68.3,15.4,196.2,26.2,92.9,1.534,26.35,6.93,17.58,68.7,31.8,1
Assam,8,43.7,32.4,1012.0,72.9,7.5,170.3,26.2,92.9,1.251,26.31,6.03,19.09,74.1,30.4,1
Assam,8,36.1,29.7,1004.1,74.8,16.5,72.6,26.2,92.9,1.194,21.23,5.2,18.69,48.0,11.9,0
Assam,8,13.5,29.3,1006.5,64.9,9.6,271.3,26.2,92.9,1.071,28.6,3.55,14.74,1.8,11.8,0
Assam,8,47.5,32.5,1010.5,58.1,13.1,128.2,26.2,92.9,1.277,21.71,3.95,19.38,77.5,29.9,1
Assam,8,40.7,28.3,1000.5,48.4,6.0,136.9,26.2,92.9,1.114,25.69,5.41,20.59,62.8,22.1,1
Assam,8,38.5,23.8,998.4,83.3,10.5,42.0,26.2,92.9,1.201,17.55,5.8,16.62,62.0,23.5,1
Assam,8,56.6,32.2,1009.0,60.4,10.0,30.5,26.2,92.9,1.574,22.51,5.84,22.18,70.5,13.9,0
Assam,8,31.8,30.7,1005.9,71.9,17.8,354.2,26.2,92.9,1.212,29.9,4.9,21.58,28.7,3.1,0
Assam,8,71.6,24.4,1006.0,84.1,23.0,84.0,26.2,92.9,0.959,23.83,5.65,15.06,89.7,18.0,0
Assam,8,31.4,22.6,999.9,86.1,12.6,38.8,26.2,92.9,0.969,28.98,3.99,14.02,31.5,0.1,0
Assam,8,43.2,30.4,1004.6,84.4,11.9,70.5,26.2,92.9,0.954,20.41,4.25,19.88,31.3,11.9,0
Assam,8,41.4,23.7,1002.1,80.1,23.2,126.4,26.2,92.9,0.881,18.17,8.02,16.87,22.5,18.9,0
Assam,8,60.4,28.1,1010.8,46.6,13.6,213.0,26.2,92.9,1.047,28.44,4.07,17.29,95.7,35.3,1
Assam,8,25.6,28.9,1010.9,69.9,13.9,109.9,26.2,92.9,1.215,23.09,3.93,20.93,16.8,8.8,0
Assam,8,21.5,25.4,1003.5,66.4,9.0,238.7,26.2,92.9,1.451,23.93,3.92,14.89,34.1,12.6,0
Assam,9,16.3,22.7,999.8,70.7,26.4,38.8,26.2,92.9,1.432,23.12,4.52,23.72,66.0,49.7,1
Assam,9,53.4,29.1,1008.3,68.0,17.3,81.5,26.2,92.9,1.601,23.29,6.25,18.77,82.5,29.1,1
Assam,9,84.4,31.9,1012.0,78.6,21.9,125.2,26.2,92.9,0.932,27.77,3.0,21.89,100.5,16.1,0
Assam,9,38.4,17.0,1007.9,71.7,15.3,107.4,26.2,92.9,1.089,25.17,5.14,21.46,43.5,5.0,0
Assam,9,20.1,28.4,1010.1,85.7,20.2,107.4,26.2,92.9,1.554,19.83,6.13,21.29,57.2,37.1,1
Assam,9,76.4,32.7,1007.3,75.3,16.7,113.0,26.2,92.9,1.246,32.57,6.88,25.21,63.3,13.1,0
Assam,9,41.0,29.3,1011.7,68.3,19.6,132.3,26.2,92.9,0.991,28.39,7.39,19.92,11.9,29.1,1
Assam,9,42.7,29.4,1003.7,78.7,19.2,319.5,26.2,92.9,1.272,26.15,6.1,15.18,42.1,0.6,0
Assam,9,48.1,33.3,1011.5,84.2,8.6,56.4,26.2,92.9,1.684,22.4,5.18,18.22,96.6,48.5,1
Assam,9,36.5,29.9,1010.0,50.2,15.5,213.2,26.2,92.9,1.404,32.33,5.69,18.0,92.8,56.3,1
Assam,9,35.9,22.3,1014.9,69.0,17.0,219.1,26.2,92.9,0.988,24.59,4.62,20.04,31.3,4.6,0
Assam,9,28.7,30.6,1008.1,57.0,9.6,249.9,26.2,92.9,0.935,26.29,7.71,21.03,22.4,6.3,0
Assam,9,51.2,22.6,1008.7,66.2,10.4,79.9,26.2,92.9,0.873,20.63,4.82,17.52,81.2,30.0,1
Assam,9,58.7,28.1,1008.3,69.4,22.5,173.5,26.2,92.9,1.423,23.34,6.7,20.56,81.2,22.5,1
Assam,9,71.7,22.2,1013.0,68.9,13.3,270.0,26.2,92.9,1.429,28.18,5.6,21.9,79.4,7.7,0
Assam,9,40.2,25.2,1009.5,63.4,16.4,112.0,26.2,92.9,1.291,33.28,6.12,23.08,66.5,26.3,1
Assam,9,70.8,35.5,999.2,72.2,15.0,47.3,26.2,92.9,1.189,23.2,4.78,19.32,95.7,24.9,1
Assam,9,39.3,26.3,1004.5,59.6,14.4,327.6,26.2,92.9,1.52,20.61,6.06,22.57,26.0,13.3,0
Assam,9,66.7,25.9,1011.6,67.3,17.9,119.0,26.2,92.9,1.245,29.36,6.43,16.67,71.4,4.7,0
Assam,9,43.7,22.0,1010.3,76.1,19.7,351.1,26.2,92.9,1.46,22.96,5.63,21.55,59.9,16.2,0
Assam,9,46.7,24.2,1005.3,75.3,5.8,266.3,26.2,92.9,1.407,23.24,6.66,23.76,35.9,10.8,0
Assam,9,20.9,26.5,1004.6,69.2,18.3,106.5,26.2,92.9,1.278,29.61,6.9,18.49,40.7,19.8,0
Assam,9,22.9,31.9,1008.1,57.5,13.5,304.0,26.2,92.9,1.115,27.02,7.15,19.11,13.1,9.8,0
Assam,9,46.0,22.0,1005.6,58.4,15.4,262.4,26.2,92.9,1.285,29.91,7.53,15.3,41.0,5.0,0
Assam,9,60.3,30.5,1004.9,64.6,16.0,357.2,26.2,92.9,1.374,29.71,5.63,14.77,95.4,35.1,1
Assam,9,50.4,30.5,1001.4,56.3,17.7,255.4,26.2,92.9,1.043,24.97,4.2,16.93,51.8,1.4,0
Assam,9,54.6,19.2,1014.6,67.8,22.1,248.3,26.2,92.9,1.439,33.46,5.16,19.44,44.4,10.2,0
Assam,9,45.4,30.5,1013.6,65.7,9.6,91.5,26.2,92.9,1.098,23.06,6.91,20.49,67.8,22.5,1
Assam,9,41.7,31.7,1008.1,66.7,10.1,38.5,26.2,92.9,0.956,26.24,5.01,14.1,39.5,2.2,0
Assam,9,51.3,29.3,1007.9,68.9,12.9,192.8,26.2,92.9,1.233,25.07,7.35,21.41,55.2,3.9,0
Assam,9,41.9,26.3,997.9,80.5,12.2,166.2,26.2,92.9,1.277,30.94,6.74,21.77,38.3,3.6,0
Assam,9,26.9,28.2,998.4,64.8,9.7,242.6,26.2,92.9,1.388,27.5,5.91,19.99,25.0,2.0,0
Assam,9,84.8,28.9,1005.0,78.3,21.8,342.8,26.2,92.9,0.985,20.49,5.3,18.87,59.7,25.1,1
Assam,9,40.4,26.8,1009.6,75.6,17.6,117.9,26.2,92.9,1.488,26.26,4.94,17.01,22.2,18.3,0
Assam,9,49.4,29.0,1012.5,72.2,20.9,259.3,26.2,92.9,1.063,23.3,6.09,16.91,51.1,1.7,0
Assam,9,51.7,27.2,1008.0,60.1,18.1,105.5,26.2,92.9,1.116,20.2,7.58,24.28,62.8,11.2,0
Assam,9,41.3,31.8,1010.4,67.4,20.4,32.8,26.2,92.9,1.131,26.83,6.24,20.94,70.8,29.5,1
Assam,9,22.8,27.8,1017.5,63.5,12.0,257.0,26.2,92.9,1.289,27.7,6.79,15.92,30.3,7.6,0
Assam,9,50.4,27.9,1002.5,70.3,11.5,263.1,26.2,92.9,1.405,25.94,6.81,17.43,70.8,20.4,1
Assam,9,62.9,34.7,1012.1,73.3,8.7,49.2,26.2,92.9,0.984,22.1,8.45,15.96,24.2,38.7,1
Assam,10,63.1,24.8,1011.8,58.3,13.9,163.3,26.2,92.9,1.098,26.57,6.9,18.28,74.7,11.5,0
Assam,10,50.7,29.6,1017.2,96.8,18.3,228.7,26.2,92.9,1.451,26.32,4.65,20.3,81.5,30.8,1
Assam,10,27.6,23.6,1005.1,73.7,27.9,68.3,26.2,92.9,1.381,27.27,6.19,20.29,26.4,1.2,0
Assam,10,93.2,30.5,1005.7,81.8,17.3,92.3,26.2,92.9,1.326,26.25,5.09,15.42,108.8,15.5,0
Assam,10,47.4,31.0,1003.6,59.0,19.9,14.5,26.2,92.9,1.534,27.38,8.8,22.7,65.0,17.6,0
Assam,10,62.9,26.4,999.8,73.6,25.7,311.3,26.2,92.9,1.456,21.11,6.52,20.67,86.9,24.0,1
Assam,10,53.7,33.0,1013.8,68.0,21.5,234.2,26.2,92.9,1.265,22.43,8.12,19.54,11.8,41.9,1
Assam,10,58.9,25.8,1006.5,67.7,14.3,134.5,26.2,92.9,1.695,30.04,6.84,23.82,74.0,15.1,0
Assam,10,63.2,29.7,1008.6,79.4,13.9,136.4,26.2,92.9,1.167,23.79,3.52,21.81,85.1,21.9,1
Assam,10,67.4,23.1,1010.2,70.0,19.7,329.3,26.2,92.9,1.295,21.03,5.69,20.45,78.7,11.3,0
Assam,10,24.1,25.5,1008.8,84.1,11.8,115.8,26.2,92.9,1.25,25.46,5.5,17.3,21.9,2.2,0
Assam,10,66.8,24.5,1003.4,72.1,16.0,3.0,26.2,92.9,1.413,23.21,5.47,23.39,72.3,5.5,0
Assam,10,59.7,32.4,1012.2,56.3,15.4,134.3,26.2,92.9,1.467,27.98,4.58,18.59,70.0,10.2,0
Assam,10,28.2,30.7,1007.4,50.2,13.2,55.0,26.2,92.9,1.336,32.93,7.24,16.34,5.8,22.4,1
Assam,10,46.3,28.0,1013.0,87.3,24.9,285.7,26.2,92.9,1.549,28.95,5.24,14.77,58.5,12.2,0
Assam,10,27.1,24.1,1004.6,72.2,22.4,1.5,26.2,92.9,1.255,18.97,7.1,20.52,23.4,3.7,0
Assam,10,68.6,22.7,1004.6,67.5,13.2,12.5,26.2,92.9,1.455,31.45,7.15,20.09,70.4,1.8,0
Assam,10,57.5,26.7,1008.2,75.1,16.7,269.9,26.2,92.9,1.186,28.48,5.6,24.49,42.0,15.5,0
Assam,10,57.3,25.6,1013.4,78.8,16.0,35.8,26.2,92.9,1.325,30.77,5.68,21.65,46.2,11.1,0
Assam,10,50.7,27.3,1012.4,63.3,31.4,217.3,26.2,92.9,1.409,28.4,7.2,18.89,64.1,13.4,0
Assam,10,41.6,35.0,1004.8,68.5,12.7,342.3,26.2,92.9,1.082,29.94,5.74,18.04,28.4,13.2,0
Assam,10,55.2,27.6,1008.1,62.4,18.2,287.1,26.2,92.9,1.376,26.69,4.52,26.52,75.2,20.0,0
Assam,10,53.2,28.9,1018.3,81.4,17.7,250.3,26.2,92.9,1.252,20.03,6.11,22.42,73.7,20.5,1
Assam,10,60.0,25.4,1010.8,78.2,4.9,281.4,26.2,92.9,1.779,26.08,3.52,18.0,33.6,26.4,1
Assam,10,40.5,22.6,1012.7,77.8,17.7,241.0,26.2,92.9,1.249,27.54,9.18,22.19,59.9,19.4,0
Assam,10,38.5,25.8,1003.0,86.8,8.2,211.1,26.2,92.9,1.479,20.83,7.92,19.66,20.3,18.1,0
Assam,10,56.1,24.2,1007.0,64.9,11.6,305.5,26.2,92.9,1.522,28.55,6.86,19.34,66.3,10.2,0
Assam,10,39.0,24.5,1016.6,78.8,13.2,349.8,26.2,92.9,1.022,24.71,6.68,20.79,48.1,9.2,0
Assam,10,55.6,23.3,1015.5,68.0,17.5,328.8,26.2,92.9,1.425,35.56,5.36,17.09,46.5,9.1,0
Assam,10,45.2,25.4,1002.8,69.5,23.8,65.1,26.2,92.9,1.343,28.62,7.33,24.56,58.2,13.0,0
Assam,10,50.4,23.5,1011.7,61.6,11.6,57.2,26.2,92.9,1.671,30.15,6.5,17.49,91.5,41.1,1
Assam,10,49.6,26.3,1010.8,65.5,12.2,357.7,26.2,92.9,1.436,24.62,5.76,17.05,32.8,16.7,0
Assam,10,65.6,30.2,1003.9,78.9,17.5,143.5,26.2,92.9,1.117,28.61,8.79,20.48,92.7,27.1,1
Assam,10,47.1,31.2,1007.2,45.9,12.4,4.0,26.2,92.9,1.579,26.63,6.59,18.67,88.5,41.4,1
Assam,10,73.8,24.8,1000.4,51.9,19.0,227.9,26.2,92.9,1.206,28.34,5.07,22.82,73.3,0.6,0
Assam,10,33.6,26.0,1006.0,73.7,21.8,154.4,26.2,92.9,1.394,26.5,5.87,15.13,41.5,8.0,0
Assam,10,37.2,32.4,1007.0,77.5,13.6,58.9,26.2,92.9,1.483,28.36,6.94,20.15,62.2,25.0,1
Assam,10,60.5,18.8,1006.7,80.1,10.9,358.8,26.2,92.9,1.335,29.33,6.0,24.31,106.2,45.7,1
Assam,10,20.4,26.0,996.6,76.6,12.6,70.4,26.2,92.9,1.592,21.93,4.65,13.6,55.9,35.5,1
Assam,10,66.6,26.3,1001.6,78.3,29.8,153.7,26.2,92.9,1.122,32.21,5.19,19.34,19.4,47.2,1
Kerala,1,13.1,23.7,1014.3,55.7,16.3,280.2,10.5,76.2,0.505,11.69,2.44,5.26,10.3,2.8,0
Kerala,1,24.8,21.2,1016.4,66.8,10.7,150.3,10.5,76.2,0.361,8.89,1.14,8.33,26.4,1.6,0
Kerala,1,20.2,34.8,1004.0,64.2,4.1,293.1,10.5,76.2,0.477,9.67,2.31,5.47,41.0,20.8,1
Kerala,1,18.1,30.0,1002.3,74.4,11.8,247.7,10.5,76.2,0.66,9.18,1.69,0.22,19.2,1.2,0
Kerala,1,7.7,24.3,1015.3,75.3,3.3,5.9,10.5,76.2,0.317,11.07,1.54,5.58,16.5,8.8,0
Kerala,1,29.3,34.9,1006.9,50.9,17.0,175.9,10.5,76.2,0.606,6.62,1.22,8.81,26.6,2.7,0
Kerala,1,13.1,40.5,1018.6,73.4,9.1,159.9,10.5,76.2,0.623,15.59,1.89,5.83,17.4,4.4,0
Kerala,1,0.0,23.4,1002.1,71.0,13.8,31.0,10.5,76.2,0.133,3.53,3.05,4.58,0.0,0.0,0
Kerala,1,32.1,26.6,1005.8,63.0,11.5,103.1,10.5,76.2,0.238,8.85,3.89,13.6,23.7,8.3,0
Kerala,1,22.3,28.1,1007.5,57.6,16.2,116.6,10.5,76.2,0.985,4.32,0.4,13.36,27.8,5.5,0
Kerala,1,10.9,29.6,1001.0,69.3,12.0,25.0,10.5,76.2,0.651,13.36,2.73,12.01,19.0,8.1,0
Kerala,1,9.8,25.6,1004.5,71.4,5.7,61.0,10.5,76.2,0.313,4.59,1.19,7.13,17.2,7.4,0
Kerala,1,7.8,20.5,1023.8,76.7,17.1,221.8,10.5,76.2,0.498,9.06,4.13,11.25,15.2,7.4,0
Kerala,1,30.2,23.9,1006.7,82.5,16.4,175.8,10.5,76.2,0.374,15.76,3.05,7.75,34.0,3.8,0
Kerala,1,16.3,26.8,1003.8,75.6,13.6,194.0,10.5,76.2,0.589,15.23,3.05,9.67,21.0,4.7,0
Kerala,1,3.9,27.9,1010.9,72.3,19.7,149.4,10.5,76.2,0.525,9.08,4.45,8.33,9.9,6.0,0
Kerala,1,17.0,27.9,1000.8,52.9,13.3,143.5,10.5,76.2,0.517,13.37,2.61,6.16,18.6,1.6,0
Kerala,1,21.0,27.3,1013.3,65.4,13.7,192.7,10.5,76.2,0.693,15.36,0.86,8.4,24.4,3.4,0
Kerala,1,21.6,30.7,996.8,73.1,18.0,119.7,10.5,76.2,0.291,9.48,1.85,1.45,18.9,2.7,0
Kerala,1,1.9,30.2,999.8,55.7,9.8,128.1,10.5,76.2,1.036,10.81,1.26,5.16,12.8,11.0,0
Kerala,1,0.0,33.2,1009.4,64.2,4.0,160.4,10.5,76.2,0.328,10.21,2.31,2.45,0.3,0.3,0
Kerala,1,0.1,26.2,1010.2,72.5,12.3,37.9,10.5,76.2,0.351,6.94,0.0,7.42,0.0,0.1,0
Kerala,1,18.6,23.0,1002.0,72.2,12.5,129.1,10.5,76.2,0.368,10.65,1.76,6.17,22.6,4.0,0
Kerala,1,18.1,24.9,1008.1,62.6,21.0,13.8,10.5,76.2,0.507,10.64,2.11,5.04,24.5,6.4,0
Kerala,1,24.2,37.2,1011.7,73.1,16.0,222.1,10.5,76.2,0.228,5.59,3.33,11.46,30.9,6.7,0
Kerala,1,15.1,35.6,1005.8,54.0,13.7,353.5,10.5,76.2,0.311,2.78,2.55,9.51,0.0,15.1,0
Kerala,1,31.6,23.4,1011.6,45.5,5.0,334.1,10.5,76.2,0.723,9.56,5.37,4.13,28.5,3.1,0
Kerala,1,13.1,27.5,1009.4,58.1,15.2,66.2,10.5,76.2,0.803,7.64,2.9,9.02,17.9,4.8,0
Kerala,1,14.5,20.6,1008.4,71.5,12.1,201.9,10.5,76.2,0.144,11.41,2.54,11.37,4.9,9.6,0
Kerala,1,10.7,23.6,1013.1,77.9,22.0,164.2,10.5,76.2,0.638,11.34,3.19,7.35,19.0,8.3,0
Kerala,1,48.3,29.7,1008.1,67.5,11.7,49.2,10.5,76.2,0.443,14.18,3.75,13.7,50.8,2.5,0
Kerala,1,21.7,29.8,1009.0,76.8,4.3,278.3,10.5,76.2,0.879,15.05,4.0,9.73,22.6,1.0,0
Kerala,1,6.7,25.9,1002.3,75.0,19.7,110.9,10.5,76.2,0.641,10.77,3.18,0.85,12.8,6.1,0
Kerala,1,11.4,28.7,1009.1,58.3,7.0,204.8,10.5,76.2,0.19,4.98,1.28,2.89,16.3,4.9,0
Kerala,1,4.5,21.4,1006.0,54.4,19.7,236.3,10.5,76.2,0.186,11.87,2.6,6.48,17.0,12.5,0
Kerala,1,3.5,33.0,1006.0,65.3,8.7,300.8,10.5,76.2,0.393,2.0,2.92,7.54,0.0,3.5,0
Kerala,1,27.0,34.7,1004.7,57.7,18.0,32.0,10.5,76.2,0.453,12.86,2.83,11.49,29.6,2.6,0
Kerala,1,23.6,33.2,995.8,76.8,9.9,10.8,10.5,76.2,0.813,8.38,1.95,7.04,18.1,5.6,0
Kerala,1,49.2,28.7,1016.2,62.2,12.6,199.8,10.5,76.2,0.26,9.19,3.59,6.56,47.2,1.9,0
Kerala,1,33.6,34.5,1015.8,58.8,9.5,152.5,10.5,76.2,0.624,4.81,1.13,5.06,30.5,3.0,0
Kerala,2,33.4,32.0,1005.6,64.1,0.1,240.1,10.5,76.2,0.815,9.28,1.64,12.62,28.8,4.6,0
Kerala,2,42.9,40.3,1007.5,78.4,4.5,313.2,10.5,76.2,0.407,14.62,2.95,7.94,34.4,8.5,0
Kerala,2,18.8,26.1,1003.4,55.9,13.8,74.0,10.5,76.2,0.565,4.25,3.55,9.22,20.2,1.4,0
Kerala,2,23.0,32.4,1000.8,66.7,6.3,274.2,10.5,76.2,0.515,11.23,3.97,10.95,35.3,12.3,0
Kerala,2,14.9,31.5,1010.5,62.3,13.4,138.4,10.5,76.2,0.845,14.57,2.55,7.28,28.2,13.2,0
Kerala,2,39.9,30.0,1011.3,79.0,11.9,95.7,10.5,76.2,0.664,9.61,4.99,7.18,44.4,4.5,0
Kerala,2,48.2,21.3,1009.1,59.4,12.8,66.4,10.5,76.2,0.492,11.43,3.24,11.18,31.5,16.8,0
Kerala,2,18.8,28.0,1007.7,66.3,8.6,300.5,10.5,76.2,0.61,7.35,3.43,5.68,28.4,9.5,0
Kerala,2,19.9,28.8,1006.8,61.9,11.6,333.4,10.5,76.2,0.26,8.74,4.22,10.96,32.8,13.0,0
Kerala,2,19.8,23.4,1002.5,63.0,16.6,55.3,10.5,76.2,0.5,12.92,2.98,7.17,14.3,5.5,0
Kerala,2,34.3,32.9,1002.7,62.0,16.1,200.5,10.5,76.2,0.639,10.02,1.49,13.83,35.2,0.9,0
Kerala,2,28.2,24.2,1015.8,85.5,5.3,230.3,10.5,76.2,0.832,9.45,3.44,3.45,26.5,1.7,0
Kerala,2,25.0,26.3,1006.2,50.8,16.1,161.2,10.5,76.2,0.875,8.6,3.91,10.6,21.9,3.1,0
Kerala,2,12.4,26.9,1006.1,53.0,15.5,248.3,10.5,76.2,0.544,15.35,3.64,6.63,24.5,12.1,0
Kerala,2,30.2,25.9,1005.4,76.0,16.7,348.1,10.5,76.2,0.365,14.11,1.54,10.91,48.9,18.6,1
Kerala,2,26.0,25.0,1008.9,76.3,13.3,99.1,10.5,76.2,0.407,8.43,4.04,6.36,6.5,19.5,1
Kerala,2,16.2,30.0,1013.3,82.5,13.2,218.4,10.5,76.2,0.591,12.74,2.73,9.66,13.6,2.7,0
Kerala,2,49.2,19.1,1010.9,69.2,14.7,111.9,10.5,76.2,0.231,13.75,4.56,9.16,57.4,8.2,0
Kerala,2,14.1,30.0,1014.1,62.9,18.7,131.6,10.5,76.2,0.444,13.51,5.23,8.54,7.9,6.1,0
Kerala,2,47.7,28.2,1011.3,62.7,13.5,164.6,10.5,76.2,1.018,16.09,5.07,6.13,38.3,9.4,0
Kerala,2,16.4,38.8,1006.4,76.5,7.7,262.8,10.5,76.2,0.55,19.77,4.27,2.34,25.4,9.0,0
Kerala,2,4.1,26.0,1010.6,80.0,19.5,59.1,10.5,76.2,0.636,16.71,1.06,13.98,1.7,2.4,0
Kerala,2,24.4,26.7,1002.2,70.6,14.0,100.2,10.5,76.2,0.536,17.43,5.58,12.25,30.0,5.6,0
Kerala,2,0.0,31.2,1011.4,73.7,7.1,300.7,10.5,76.2,0.879,7.4,3.77,6.06,4.4,4.4,0
Kerala,2,7.0,27.3,1006.3,70.1,17.3,338.3,10.5,76.2,0.436,12.77,1.63,8.16,10.0,3.0,0
Kerala,2,7.4,30.9,1007.2,67.5,18.9,145.8,10.5,76.2,0.736,17.1,4.61,7.93,3.5,3.8,0
Kerala,2,10.4,22.4,1011.4,73.5,13.4,309.8,10.5,76.2,0.493,16.85,3.68,10.85,41.5,31.1,1
Kerala,2,25.4,20.1,1002.5,69.1,12.9,98.6,10.5,76.2,0.536,8.19,3.4,12.68,43.3,17.9,0
Kerala,2,45.2,24.9,1007.9,62.9,15.8,136.9,10.5,76.2,0.521,17.15,3.07,8.87,51.8,6.6,0
Kerala,2,30.4,31.4,1015.8,53.1,14.4,136.9,10.5,76.2,0.506,14.36,4.51,6.72,47.8,17.4,0
Kerala,2,0.0,31.1,1003.5,59.6,13.1,148.7,10.5,76.2,0.0,13.77,3.89,8.01,0.0,0.0,0
Kerala,2,15.3,21.9,998.9,74.0,18.1,342.2,10.5,76.2,0.642,14.46,3.81,6.14,21.0,5.7,0
Kerala,2,16.4,27.6,1013.7,81.7,1.1,234.5,10.5,76.2,0.505,15.97,1.21,0.0,26.4,10.0,0
Kerala,2,34.5,21.6,1007.4,81.3,7.4,3.5,10.5,76.2,0.668,5.62,2.27,3.42,37.1,2.6,0
Kerala,2,9.3,29.5,1011.2,79.9,24.5,186.9,10.5,76.2,0.503,9.83,1.79,9.84,8.1,1.2,0
Kerala,2,28.1,25.0,1005.7,70.3,12.2,219.5,10.5,76.2,0.563,8.12,4.37,11.41,12.1,16.0,0
Kerala,2,32.2,30.3,1000.6,74.8,6.4,358.3,10.5,76.2,0.437,5.26,5.49,3.86,28.0,4.2,0
Kerala,2,11.9,26.9,1011.5,66.6,17.8,282.9,10.5,76.2,0.232,13.53,3.23,6.62,30.9,19.0,1
Kerala,2,29.4,32.5,1012.9,61.8,16.0,327.7,10.5,76.2,0.455,6.44,2.98,10.26,32.3,2.9,0
Kerala,2,18.0,28.8,1006.6,81.5,14.2,148.8,10.5,76.2,0.205,10.54,2.26,6.65,27.3,9.2,0
Kerala,3,24.9,21.8,1011.1,50.7,16.7,194.4,10.5,76.2,0.67,12.96,3.22,10.42,29.8,4.8,0
Kerala,3,50.7,29.4,1009.2,59.4,15.1,344.1,10.5,76.2,0.883,7.12,2.39,4.9,60.1,9.4,0
Kerala,3,17.7,31.3,1003.1,71.8,16.1,6.4,10.5,76.2,0.659,13.6,2.31,6.57,27.0,9.3,0
Kerala,3,18.5,30.4,1015.8,61.9,10.2,250.0,10.5,76.2,0.661,15.51,3.37,16.03,26.6,8.1,0
Kerala,3,35.0,28.4,1013.1,64.4,10.0,18.3,10.5,76.2,0.641,14.04,4.58,10.21,37.4,2.4,0
Kerala,3,16.1,32.8,1006.3,66.0,14.6,139.7,10.5,76.2,0.856,12.78,5.05,9.05,24.9,8.8,0
Kerala,3,21.2,36.9,1006.2,63.9,13.8,250.9,10.5,76.2,0.716,17.97,3.58,10.34,23.2,2.1,0
Kerala,3,16.5,28.9,1008.0,78.2,8.4,249.6,10.5,76.2,0.623,13.65,2.12,11.48,10.9,5.7,0
Kerala,3,29.2,29.7,1006.4,45.8,24.0,255.0,10.5,76.2,0.707,10.14,4.66,8.65,26.1,3.1,0
Kerala,3,32.4,23.5,1005.9,73.4,20.7,162.5,10.5,76.2,0.53,14.46,1.0,13.86,25.8,6.6,0
Kerala,3,17.5,29.6,1008.3,56.9,21.8,307.6,10.5,76.2,0.428,10.51,2.26,13.45,3.8,13.7,0
Kerala,3,46.2,27.4,1001.2,45.5,12.1,198.5,10.5,76.2,0.7,11.25,4.55,9.36,46.3,0.0,0
Kerala,3,37.8,29.5,1011.9,78.0,11.7,226.3,10.5,76.2,0.822,3.25,3.28,9.12,46.4,8.6,0
Kerala,3,12.3,32.9,1004.3,61.9,9.9,250.5,10.5,76.2,0.236,20.2,5.17,8.1,23.7,11.5,0
Kerala,3,25.7,35.2,1012.8,88.4,5.4,6.3,10.5,76.2,0.308,10.98,6.1,11.2,37.2,11.5,0
Kerala,3,31.2,30.4,1005.4,59.4,10.5,307.0,10.5,76.2,0.636,14.02,2.66,9.4,40.2,9.0,0
Kerala,3,36.5,23.8,1004.0,74.0,16.1,71.0,10.5,76.2,0.913,22.72,3.05,14.53,33.0,3.5,0
Kerala,3,58.3,30.4,1010.7,76.4,6.4,34.5,10.5,76.2,0.676,14.44,5.9,6.94,77.4,19.1,1
Kerala,3,20.0,27.4,1007.2,63.4,15.6,71.9,10.5,76.2,0.371,11.98,3.95,5.59,27.9,7.9,0
Kerala,3,40.8,34.5,1009.7,48.5,16.4,172.0,10.5,76.2,0.513,12.77,3.98,15.15,41.4,0.6,0
Kerala,3,36.6,29.8,1009.0,79.8,9.0,107.2,10.5,76.2,0.658,7.03,4.88,12.28,40.9,4.3,0
Kerala,3,20.0,28.6,1011.5,67.0,9.9,66.1,10.5,76.2,0.65,9.33,3.8,7.41,14.6,5.4,0
Kerala,3,69.8,36.3,1008.7,75.0,18.3,228.0,10.5,76.2,0.709,12.01,4.91,13.6,89.3,19.6,1
Kerala,3,27.6,37.2,1007.6,87.0,10.9,75.5,10.5,76.2,1.058,15.7,4.02,8.71,25.7,1.9,0
Kerala,3,13.0,29.1,1007.2,47.1,21.7,12.2,10.5,76.2,0.9,10.23,3.59,12.71,26.6,13.6,0
Kerala,3,19.9,30.6,1011.4,65.0,7.6,155.9,10.5,76.2,0.577,13.16,5.31,12.51,15.4,4.5,0
Kerala,3,50.2,28.2,1011.4,57.1,10.9,345.4,10.5,76.2,0.477,13.28,3.97,6.72,35.7,14.5,0
Kerala,3,36.9,40.0,1010.3,73.0,8.8,218.7,10.5,76.2,0.577,17.71,4.13,11.69,46.1,9.3,0
Kerala,3,31.9,29.7,1012.8,59.2,12.0,84.6,10.5,76.2,0.687,11.75,4.64,12.3,23.3,8.6,0
Kerala,3,34.3,29.1,1011.6,66.6,15.5,170.7,10.5,76.2,0.474,16.02,6.55,10.89,30.4,3.9,0
Kerala,3,25.7,25.0,1014.2,67.0,18.5,238.0,10.5,76.2,0.881,6.56,3.43,11.41,28.4,2.7,0
Kerala,3,29.0,29.9,1013.2,72.7,15.2,119.8,10.5,76.2,0.382,10.05,1.74,11.44,35.3,6.3,0
Kerala,3,43.7,30.0,1004.8,67.8,3.8,59.7,10.5,76.2,0.183,14.37,3.06,9.4,35.7,8.0,0
Kerala,3,14.2,31.3,1000.8,71.6,9.1,250.0,10.5,76.2,0.898,18.37,2.75,8.14,17.1,2.9,0
Kerala,3,12.1,26.0,1010.3,87.2,11.4,308.2,10.5,76.2,0.723,6.37,3.37,9.34,30.8,18.7,1
Kerala,3,45.5,30.1,1014.1,65.0,18.8,94.2,10.5,76.2,0.872,17.85,4.26,7.57,46.6,1.1,0
Kerala,3,34.6,32.1,1008.8,63.4,14.2,132.8,10.5,76.2,0.468,11.94,3.07,15.67,32.8,1.9,0
Kerala,3,31.1,29.2,1001.9,53.9,12.8,87.0,10.5,76.2,1.019,11.61,2.87,13.46,35.8,4.7,0
Kerala,3,33.2,26.3,1008.2,76.2,8.9,157.0,10.5,76.2,0.169,18.12,2.73,9.54,33.2,0.1,0
Kerala,3,9.8,24.3,1010.6,72.2,8.8,290.2,10.5,76.2,0.764,11.54,1.85,9.68,17.9,8.2,0
Kerala,4,26.1,26.0,1010.3,79.7,9.7,237.9,10.5,76.2,1.288,15.95,2.33,9.66,25.4,0.7,0
Kerala,4,32.4,29.6,1004.8,85.6,14.0,291.0,10.5,76.2,0.495,11.2,2.35,10.52,25.6,6.8,0
Kerala,4,38.2,26.1,1012.2,71.9,16.8,333.6,10.5,76.2,1.138,11.39,4.87,12.28,56.9,18.6,1
Kerala,4,28.5,33.1,1001.5,57.0,10.8,316.9,10.5,76.2,0.748,11.82,2.66,9.12,14.1,14.5,0
Kerala,4,22.8,28.2,1010.2,68.7,22.6,199.7,10.5,76.2,0.887,16.24,4.49,10.43,29.2,6.4,0
Kerala,4,54.6,28.1,1001.3,74.0,18.0,183.8,10.5,76.2,0.364,19.93,4.13,10.16,70.0,15.4,0
Kerala,4,0.0,28.8,1005.3,81.9,14.8,21.2,10.5,76.2,0.967,4.95,4.46,7.3,0.7,0.7,0
Kerala,4,23.5,32.0,1019.0,49.2,15.8,132.1,10.5,76.2,0.625,12.24,4.13,13.57,34.5,11.0,0
Kerala,4,21.8,25.2,1014.6,59.3,4.0,173.6,10.5,76.2,0.624,20.75,2.42,15.65,40.0,18.2,1
Kerala,4,30.2,18.2,1002.1,60.7,22.3,262.2,10.5,76.2,0.585,15.54,2.16,11.01,24.8,5.3,0
Kerala,4,65.7,24.7,1017.6,55.6,14.9,287.6,10.5,76.2,0.768,15.11,4.88,12.34,68.3,2.7,0
Kerala,4,17.2,27.7,1007.1,65.0,14.0,129.7,10.5,76.2,0.534,18.11,1.15,14.68,14.2,3.0,0
Kerala,4,51.0,33.3,1006.4,64.8,21.6,116.6,10.5,76.2,0.934,19.36,2.54,11.7,48.1,2.9,0
Kerala,4,10.9,29.1,1005.9,65.3,11.1,353.5,10.5,76.2,1.079,15.41,2.12,11.63,34.3,23.3,1
Kerala,4,40.8,26.3,1005.5,57.4,9.9,13.5,10.5,76.2,0.446,13.01,4.26,9.85,45.8,5.1,0
Kerala,4,50.3,35.7,1007.7,75.8,12.8,52.3,10.5,76.2,0.516,15.13,5.15,7.26,50.2,0.1,0
Kerala,4,22.1,29.4,1009.3,72.4,23.1,207.2,10.5,76.2,0.554,15.77,5.59,6.7,29.1,7.0,0
Kerala,4,24.1,31.8,1011.1,67.5,16.0,151.9,10.5,76.2,0.899,20.33,3.97,9.86,27.8,3.8,0
Kerala,4,38.3,28.2,1002.0,76.5,8.7,106.6,10.5,76.2,0.366,15.22,3.77,5.19,44.2,5.9,0
Kerala,4,11.1,28.7,1005.9,52.2,8.4,29.6,10.5,76.2,0.936,18.13,6.48,9.55,10.7,0.4,0
Kerala,4,28.9,27.0,1005.1,67.5,17.1,133.6,10.5,76.2,0.625,9.17,3.67,12.39,45.0,16.1,0
Kerala,4,20.7,28.8,999.6,58.4,14.6,213.0,10.5,76.2,0.987,16.88,2.76,6.64,18.6,2.1,0
Kerala,4,14.0,23.5,1001.0,64.7,17.3,249.0,10.5,76.2,0.828,13.47,4.58,8.73,22.1,8.1,0
Kerala,4,28.7,33.8,1010.8,69.6,6.3,233.1,10.5,76.2,0.579,11.5,3.87,11.81,35.3,6.6,0
Kerala,4,45.1,30.3,1001.9,69.0,16.5,117.0,10.5,76.2,0.708,14.21,5.14,11.62,31.6,13.5,0
Kerala,4,0.8,35.8,999.4,65.3,18.0,74.6,10.5,76.2,0.523,9.8,6.01,17.14,0.0,0.8,0
Kerala,4,35.3,29.6,1006.6,50.7,25.1,306.2,10.5,76.2,0.782,12.19,5.06,13.63,29.1,6.2,0
Kerala,4,15.6,22.2,1009.0,74.1,11.4,234.3,10.5,76.2,1.121,18.53,5.47,4.36,28.4,12.8,0
Kerala,4,30.6,23.4,1002.8,64.8,6.9,151.3,10.5,76.2,0.647,17.08,3.0,9.75,45.8,15.2,0
Kerala,4,1.5,29.3,1009.9,71.2,11.1,337.4,10.5,76.2,1.043,11.36,2.51,11.15,0.0,1.5,0
Kerala,4,42.1,27.3,1013.9,71.5,11.7,108.5,10.5,76.2,0.609,13.5,4.48,11.77,38.3,3.8,0
Kerala,4,4.8,28.3,1004.4,67.3,11.5,260.5,10.5,76.2,0.686,14.49,4.68,12.36,32.2,27.3,1
Kerala,4,29.0,25.7,1007.2,72.7,18.6,342.6,10.5,76.2,0.536,19.91,3.79,8.31,29.9,1.0,0
Kerala,4,44.4,30.2,1001.9,55.0,7.4,291.5,10.5,76.2,0.755,10.28,3.34,15.29,66.9,22.5,1
Kerala,4,49.3,21.2,1016.4,67.9,14.0,167.3,10.5,76.2,0.88,7.31,3.12,9.99,39.8,9.5,0
Kerala,4,41.3,34.2,1007.9,70.0,13.5,227.3,10.5,76.2,0.963,7.72,4.43,11.12,39.2,2.1,0
Kerala,4,19.7,35.7,1001.4,65.3,21.7,173.6,10.5,76.2,0.648,14.95,4.35,10.85,13.7,6.0,0
Kerala,4,33.4,28.0,1011.1,76.2,6.2,208.1,10.5,76.2,0.688,18.08,4.44,16.65,37.6,4.2,0
Kerala,4,21.1,26.3,1002.8,75.1,8.1,297.7,10.5,76.2,0.695,7.73,5.64,0.96,24.4,3.3,0
Kerala,4,30.3,19.2,1010.2,60.3,12.4,22.3,10.5,76.2,0.768,13.38,3.65,16.42,39.4,9.1,0
Kerala,5,17.4,26.3,1002.0,63.0,22.0,93.7,10.5,76.2,0.558,18.24,3.83,14.07,17.7,0.3,0
Kerala,5,50.9,24.6,1002.2,76.9,4.0,290.6,10.5,76.2,0.986,7.73,4.38,7.9,34.0,16.9,0
Kerala,5,14.8,27.5,1004.5,78.6,14.4,284.5,10.5,76.2,0.564,17.41,6.77,10.28,10.9,3.9,0
Kerala,5,14.8,33.0,1012.6,63.0,11.0,298.9,10.5,76.2,0.768,20.59,4.35,16.25,10.5,4.3,0
Kerala,5,0.0,38.7,1009.1,75.3,10.1,307.9,10.5,76.2,0.857,8.55,3.98,15.45,10.7,10.7,0
Kerala,5,33.8,35.2,1009.9,48.5,13.3,255.7,10.5,76.2,0.764,23.97,5.53,11.16,25.0,8.8,0
Kerala,5,35.0,33.3,1000.1,68.7,3.8,231.6,10.5,76.2,0.495,18.76,3.47,15.86,31.3,3.7,0
Kerala,5,21.0,21.8,1010.0,72.4,18.7,332.9,10.5,76.2,0.906,18.9,5.14,15.11,7.5,13.5,0
Kerala,5,23.4,21.8,1009.7,83.8,18.5,100.6,10.5,76.2,0.927,17.91,4.58,8.47,45.3,21.8,1
Kerala,5,13.1,26.8,1012.8,63.8,14.4,49.7,10.5,76.2,0.839,16.97,4.56,12.61,7.1,6.1,0
Kerala,5,7.8,32.2,1013.2,70.9,15.6,204.3,10.5,76.2,0.338,15.52,2.02,12.94,26.0,18.2,1
Kerala,5,21.2,26.0,1003.0,67.9,13.8,265.5,10.5,76.2,1.008,27.32,5.73,12.05,25.8,4.5,0
Kerala,5,22.7,26.1,1012.8,77.5,8.2,198.5,10.5,76.2,1.048,15.11,4.05,14.47,38.0,15.3,0
Kerala,5,36.3,29.3,1009.9,64.7,8.4,86.8,10.5,76.2,0.945,16.94,4.85,9.9,43.2,6.9,0
Kerala,5,31.2,33.4,1012.3,60.1,16.5,119.9,10.5,76.2,0.303,23.42,3.85,15.5,24.9,6.4,0
Kerala,5,18.5,26.1,1009.3,69.3,16.5,235.7,10.5,76.2,0.834,13.14,6.06,8.44,13.3,5.2,0
Kerala,5,24.0,37.8,1011.8,59.0,18.1,20.4,10.5,76.2,0.88,19.3,4.37,12.9,10.1,13.9,0
Kerala,5,50.9,26.5,1001.8,62.5,11.7,163.6,10.5,76.2,0.981,20.41,1.95,10.84,51.3,0.4,0
Kerala,5,27.6,35.1,1003.9,83.1,13.3,347.1,10.5,76.2,0.763,14.8,4.27,16.26,34.2,6.5,0
Kerala,5,33.1,30.8,1003.6,70.9,10.9,349.5,10.5,76.2,0.909,19.28,1.85,14.5,36.4,3.3,0
Kerala,5,9.4,28.6,1000.4,73.6,21.2,132.5,10.5,76.2,0.82,15.85,1.91,15.13,22.1,12.7,0
Kerala,5,59.3,30.2,1003.6,72.6,20.4,196.9,10.5,76.2,0.996,7.09,6.07,14.79,33.7,25.5,1
Kerala,5,35.6,20.3,1004.9,74.3,13.3,80.3,10.5,76.2,0.838,16.36,5.62,11.37,40.3,4.7,0
Kerala,5,31.6,28.0,1013.8,60.8,9.8,42.7,10.5,76.2,0.397,22.45,3.22,11.67,53.3,21.7,1
Kerala,5,28.1,30.3,1000.9,81.5,13.4,209.3,10.5,76.2,0.622,23.27,3.6,9.39,26.4,1.6,0
Kerala,5,30.8,28.9,1010.2,69.8,17.2,280.4,10.5,76.2,1.24,14.56,5.92,10.59,20.5,10.2,0
Kerala,5,6.1,29.5,1013.8,56.0,9.6,147.8,10.5,76.2,0.825,14.17,2.76,13.31,19.1,13.0,0
Kerala,5,37.2,28.4,1002.7,70.6,15.2,72.1,10.5,76.2,0.765,17.98,4.21,6.5,33.8,3.3,0
Kerala,5,19.9,30.5,1021.0,68.8,8.0,279.0,10.5,76.2,0.828,19.54,5.79,16.56,31.5,11.6,0
Kerala,5,30.1,34.2,1006.3,68.0,12.8,40.3,10.5,76.2,1.08,19.21,1.46,15.39,32.8,2.7,0
Kerala,5,44.3,28.6,1001.2,67.8,9.5,349.9,10.5,76.2,0.999,18.08,6.1,11.2,38.4,5.9,0
Kerala,5,39.3,24.9,1006.4,72.8,13.4,243.7,10.5,76.2,0.545,20.26,3.86,14.24,48.6,9.3,0
Kerala,5,45.8,27.3,1006.3,56.4,11.3,55.3,10.5,76.2,0.662,17.78,6.06,11.05,33.5,12.3,0
Kerala,5,24.1,22.6,1014.7,68.3,10.4,102.8,10.5,76.2,0.589,20.56,6.5,7.9,40.6,16.5,0
Kerala,5,26.6,33.3,998.8,69.8,12.0,305.5,10.5,76.2,0.838,16.6,4.17,17.07,29.4,2.9,0
Kerala,5,42.5,30.8,1012.4,57.4,17.5,235.2,10.5,76.2,0.588,15.66,7.05,11.21,41.5,1.0,0
Kerala,5,36.6,26.1,1008.7,63.0,16.0,271.4,10.5,76.2,1.216,16.7,4.03,15.47,26.7,9.9,0
Kerala,5,54.5,24.3,1014.0,82.1,11.4,188.3,10.5,76.2,0.804,19.0,3.1,12.06,55.4,0.9,0
Kerala,5,13.5,24.1,1008.6,68.6,10.2,182.7,10.5,76.2,0.696,21.74,4.18,15.68,0.0,13.5,0
Kerala,5,34.7,30.6,1007.3,62.1,13.2,255.3,10.5,76.2,0.583,19.31,4.68,11.6,35.5,0.8,0
Kerala,6,34.1,34.7,1009.7,58.6,12.2,312.8,10.5,76.2,0.534,13.59,4.89,17.5,51.0,16.8,0
Kerala,6,16.6,24.9,1003.3,42.2,13.6,241.6,10.5,76.2,0.862,13.17,3.74,12.69,32.3,15.7,0
Kerala,6,30.6,30.6,1007.6,70.4,9.7,130.0,10.5,76.2,0.661,20.65,4.4,2.89,41.2,10.5,0
Kerala,6,47.3,24.9,1010.4,65.9,3.8,221.8,10.5,76.2,0.871,19.05,4.0,12.79,54.7,7.4,0
Kerala,6,18.2,34.9,1012.2,73.2,13.7,102.5,10.5,76.2,1.118,20.68,4.27,10.43,3.4,14.9,0
Kerala,6,33.7,27.1,1013.9,77.9,14.6,227.9,10.5,76.2,0.682,22.48,4.68,15.5,53.8,20.2,1
Kerala,6,25.1,24.8,1020.3,73.9,13.0,39.1,10.5,76.2,0.85,19.54,4.07,13.63,26.5,1.4,0
Kerala,6,22.4,29.1,1004.8,73.8,12.9,264.1,10.5,76.2,1.036,20.79,7.45,13.73,31.1,8.7,0
Kerala,6,40.1,32.2,1012.8,71.2,14.2,32.2,10.5,76.2,0.897,13.08,2.95,12.8,47.2,7.0,0
Kerala,6,68.8,27.6,1008.2,64.0,17.5,66.0,10.5,76.2,0.784,14.19,4.27,11.15,70.4,1.5,0
Kerala,6,35.3,26.1,1015.3,79.6,13.3,257.7,10.5,76.2,0.906,17.71,4.67,12.49,26.4,8.9,0
Kerala,6,33.8,26.7,1006.7,68.9,14.1,316.5,10.5,76.2,0.833,19.68,3.89,10.42,26.6,7.2,0
Kerala,6,23.5,22.9,999.5,73.0,20.8,104.1,10.5,76.2,0.815,11.37,4.98,8.86,27.2,3.7,0
Kerala,6,21.7,19.0,1015.4,55.4,12.6,321.1,10.5,76.2,0.818,20.1,3.86,14.83,31.0,9.3,0
Kerala,6,13.4,29.0,1002.7,56.3,15.9,114.2,10.5,76.2,0.987,19.77,3.04,15.9,23.2,9.8,0
Kerala,6,24.8,27.6,1011.8,64.8,25.0,356.3,10.5,76.2,0.935,17.33,4.53,11.88,32.1,7.3,0
Kerala,6,43.2,22.7,1011.2,77.3,17.3,182.9,10.5,76.2,1.018,23.44,4.68,13.75,78.4,35.3,1
Kerala,6,37.7,24.1,1012.4,72.0,11.1,24.4,10.5,76.2,0.96,18.0,3.26,13.41,41.4,3.7,0
Kerala,6,32.4,30.1,999.2,56.9,12.0,125.1,10.5,76.2,1.386,18.26,4.8,6.35,53.0,20.7,1
Kerala,6,39.7,29.2,1001.8,87.8,22.0,322.6,10.5,76.2,1.11,18.44,5.74,9.76,15.3,24.4,1
Kerala,6,15.0,24.9,1004.8,72.5,13.1,137.8,10.5,76.2,0.675,13.16,4.8,12.05,19.1,4.1,0
Kerala,6,41.1,34.7,1007.9,86.1,16.4,78.8,10.5,76.2,1.123,21.12,3.79,16.93,42.7,1.6,0
Kerala,6,37.6,28.6,1013.7,71.9,7.5,260.4,10.5,76.2,1.079,16.04,3.39,16.53,30.1,7.5,0
Kerala,6,44.8,32.4,1004.8,60.6,12.0,113.3,10.5,76.2,0.958,19.73,5.62,11.18,62.0,17.2,0
Kerala,6,19.0,31.5,1000.6,83.7,11.8,241.5,10.5,76.2,1.048,13.16,5.75,12.03,21.1,2.1,0
Kerala,6,23.6,34.6,1002.2,72.3,11.3,157.5,10.5,76.2,1.376,15.72,4.92,12.52,46.1,22.5,1
Kerala,6,29.7,31.7,1006.0,90.4,3.4,236.4,10.5,76.2,0.91,18.05,5.09,13.86,38.1,8.5,0
Kerala,6,39.1,35.1,994.2,86.5,27.2,269.4,10.5,76.2,0.922,23.73,5.85,18.71,49.7,10.6,0
Kerala,6,4.0,33.3,1011.2,82.7,6.7,356.6,10.5,76.2,0.915,23.57,6.68,11.5,3.9,0.1,0
Kerala,6,74.6,25.9,1011.4,63.5,16.8,294.3,10.5,76.2,0.744,16.76,4.1,12.77,86.3,11.7,0
Kerala,6,60.5,25.7,1003.1,68.1,10.1,41.4,10.5,76.2,1.125,18.56,4.96,7.9,59.2,1.3,0
Kerala,6,12.9,28.0,1008.7,69.3,11.1,259.3,10.5,76.2,0.873,19.67,4.05,10.87,5.9,7.0,0
Kerala,6,23.8,26.3,1002.5,63.5,20.6,7.4,10.5,76.2,0.664,9.21,6.95,17.1,31.6,7.9,0
Kerala,6,50.0,30.2,1007.6,55.6,23.9,291.2,10.5,76.2,0.836,18.39,4.82,15.4,61.3,11.3,0
Kerala,6,24.9,28.2,1010.7,61.4,21.6,180.3,10.5,76.2,1.232,12.67,5.54,11.01,23.7,1.3,0
Kerala,6,46.3,27.2,1021.0,73.2,10.9,101.0,10.5,76.2,0.865,21.57,4.39,14.9,54.2,7.9,0
Kerala,6,34.4,32.3,999.0,69.0,10.9,86.2,10.5,76.2,0.744,15.76,4.47,14.69,46.3,11.9,0
Kerala,6,27.4,34.4,1006.1,48.5,12.7,1.2,10.5,76.2,0.257,23.07,4.63,10.22,15.8,11.6,0
Kerala,6,44.2,31.6,1004.8,54.4,15.1,98.8,10.5,76.2,1.025,15.99,4.6,13.74,63.6,19.4,1
Kerala,6,52.4,34.5,1014.5,86.1,19.5,190.6,10.5,76.2,1.219,12.73,7.59,10.75,71.8,19.5,1
Kerala,7,57.2,29.8,997.7,59.0,16.6,329.6,10.5,76.2,0.963,20.27,3.44,20.3,57.3,0.1,0
Kerala,7,47.8,33.6,1002.2,69.8,16.2,328.4,10.5,76.2,1.184,17.3,5.27,13.86,89.7,41.9,1
Kerala,7,26.9,30.9,1017.0,59.3,15.3,22.8,10.5,76.2,0.596,16.83,4.52,13.44,25.9,0.9,0
Kerala,7,36.5,23.2,1009.8,80.6,21.5,56.1,10.5,76.2,1.177,17.24,4.79,16.17,38.5,2.1,0
Kerala,7,18.2,31.3,1003.9,63.3,20.1,196.7,10.5,76.2,1.034,14.09,3.8,16.17,33.8,15.6,0
Kerala,7,40.0,26.1,1005.5,70.7,8.5,280.1,10.5,76.2,0.721,15.76,5.41,16.73,49.5,9.4,0
Kerala,7,20.4,20.5,1008.0,49.5,19.5,112.0,10.5,76.2,1.445,16.12,5.76,12.77,26.5,6.2,0
Kerala,7,39.0,31.4,1013.1,75.8,20.0,117.9,10.5,76.2,1.128,18.6,6.38,15.32,55.1,16.1,0
Kerala,7,40.6,31.0,1004.0,52.8,19.7,353.2,10.5,76.2,0.975,23.21,3.24,13.11,47.7,7.1,0
Kerala,7,11.4,21.8,1008.8,62.4,13.1,7.2,10.5,76.2,0.742,19.1,5.18,13.23,8.4,3.1,0
Kerala,7,33.5,31.2,1007.5,49.2,8.8,287.7,10.5,76.2,0.861,19.61,7.51,16.87,6.5,27.0,1
Kerala,7,57.2,28.5,1009.8,71.5,19.4,273.8,10.5,76.2,0.702,21.26,3.54,20.43,56.0,1.2,0
Kerala,7,35.7,25.2,1009.7,73.0,11.4,14.2,10.5,76.2,1.012,19.58,4.3,21.92,59.4,23.8,1
Kerala,7,46.9,32.5,1009.5,65.0,1.6,68.9,10.5,76.2,1.431,24.61,5.44,10.24,65.0,18.1,1
Kerala,7,32.4,30.7,1002.4,63.6,19.2,266.8,10.5,76.2,0.867,15.97,6.43,11.2,19.8,12.6,0
Kerala,7,40.2,36.3,1003.8,64.8,15.4,244.0,10.5,76.2,0.645,23.18,5.42,16.08,42.0,1.7,0
Kerala,7,58.2,25.9,1002.6,85.1,3.8,3.8,10.5,76.2,0.983,19.51,3.34,11.42,78.4,20.2,1
Kerala,7,56.3,26.3,1003.3,50.7,19.5,42.8,10.5,76.2,0.436,10.27,5.36,15.77,51.8,4.5,0
Kerala,7,35.9,27.0,1008.1,59.5,14.7,331.9,10.5,76.2,0.847,12.5,4.99,17.38,36.1,0.2,0
Kerala,7,31.3,33.0,1013.1,85.8,26.1,319.6,10.5,76.2,0.767,17.88,5.89,19.3,20.2,11.1,0
Kerala,7,40.1,24.8,1007.3,66.9,16.7,222.8,10.5,76.2,1.093,18.25,4.49,14.4,33.6,6.5,0
Kerala,7,38.4,18.3,1006.9,67.2,9.0,61.0,10.5,76.2,1.222,24.74,4.56,16.55,23.3,15.1,0
Kerala,7,32.1,28.9,1015.6,80.4,15.8,25.0,10.5,76.2,1.27,18.61,5.74,14.61,69.6,37.5,1
Kerala,7,27.6,31.6,1007.6,74.2,22.9,165.7,10.5,76.2,0.985,16.39,5.73,17.05,26.5,1.1,0
Kerala,7,28.9,28.8,1001.6,71.8,10.7,339.9,10.5,76.2,0.735,17.7,4.3,14.08,53.9,25.0,1
Kerala,7,48.6,26.0,1005.6,77.4,9.0,225.7,10.5,76.2,0.877,19.28,6.17,12.97,68.4,19.9,1
Kerala,7,68.1,30.4,1007.6,80.1,9.3,166.1,10.5,76.2,0.848,28.64,4.34,16.96,49.8,18.3,1
Kerala,7,33.3,23.6,1000.8,80.6,8.7,197.8,10.5,76.2,0.828,24.53,6.42,18.79,26.5,6.8,0
Kerala,7,55.8,24.8,1004.2,61.5,11.5,92.5,10.5,76.2,0.831,20.89,2.07,15.66,44.5,11.3,0
Kerala,7,26.8,25.4,1012.7,73.5,14.0,175.6,10.5,76.2,1.155,27.15,5.17,10.18,23.2,3.6,0
Kerala,7,44.5,26.2,1003.7,59.5,15.3,42.1,10.5,76.2,0.991,20.32,4.66,11.85,65.7,21.2,1
Kerala,7,17.2,28.6,1011.6,70.1,21.0,259.6,10.5,76.2,0.84,18.12,9.15,16.5,32.7,15.4,0
Kerala,7,45.8,28.3,1013.2,49.8,16.2,185.6,10.5,76.2,1.202,15.35,3.9,11.92,60.8,15.0,0
Kerala,7,44.1,24.2,1017.6,71.4,15.4,321.1,10.5,76.2,1.184,21.53,7.47,11.33,28.1,16.0,0
Kerala,7,25.7,30.2,1005.9,81.2,12.8,81.7,10.5,76.2,0.832,24.7,6.84,13.28,38.1,12.3,0
Kerala,7,40.3,30.0,1014.4,78.2,17.4,148.6,10.5,76.2,0.745,19.8,3.88,14.92,61.4,21.2,1
Kerala,7,36.3,17.9,1002.8,74.3,12.1,340.3,10.5,76.2,0.757,21.49,5.72,17.35,31.0,5.3,0
Kerala,7,47.6,34.0,996.6,69.0,5.8,159.8,10.5,76.2,0.843,19.7,5.65,17.69,56.6,9.0,0
Kerala,7,46.1,23.6,1013.3,35.5,22.4,109.7,10.5,76.2,1.148,28.88,3.04,17.31,55.0,8.9,0
Kerala,7,39.9,23.3,1010.0,72.0,11.4,181.8,10.5,76.2,0.735,18.39,6.35,17.92,55.8,15.9,0
Kerala,8,53.4,31.7,1004.8,72.4,20.6,88.8,10.5,76.2,0.966,16.18,3.99,11.95,30.1,23.3,1
Kerala,8,24.4,25.7,1015.6,64.6,7.6,10.3,10.5,76.2,1.047,18.57,4.94,19.47,7.8,16.7,0
Kerala,8,15.6,29.7,1004.9,84.5,14.4,140.7,10.5,76.2,1.242,15.01,6.06,15.18,39.7,24.2,1
Kerala,8,30.2,28.5,1006.2,73.1,13.9,144.6,10.5,76.2,1.435,20.55,6.13,23.13,45.2,15.0,0
Kerala,8,4.5,25.1,1002.0,78.2,14.7,249.1,10.5,76.2,1.207,24.12,4.18,17.79,34.0,29.5,1
Kerala,8,18.7,26.5,1009.8,70.0,22.4,24.4,10.5,76.2,1.166,24.97,6.57,16.4,19.9,1.2,0
Kerala,8,53.8,24.8,1007.6,57.4,18.9,298.0,10.5,76.2,0.898,21.08,5.07,19.5,82.3,28.4,1
Kerala,8,32.7,15.4,1013.8,69.5,15.4,266.0,10.5,76.2,1.012,19.17,5.22,17.74,53.0,20.4,1
Kerala,8,63.1,29.4,1007.3,77.9,10.3,351.9,10.5,76.2,1.127,20.78,4.49,18.15,65.3,2.2,0
Kerala,8,38.2,21.1,1005.8,63.3,17.3,188.2,10.5,76.2,0.555,20.04,3.9,13.14,57.9,19.7,1
Kerala,8,15.2,29.0,1005.5,62.0,10.3,96.0,10.5,76.2,1.171,14.8,7.03,12.71,28.6,13.4,0
Kerala,8,22.5,26.0,1001.6,63.7,14.2,68.3,10.5,76.2,1.148,23.48,8.9,19.06,48.6,26.0,1
Kerala,8,14.1,20.0,1006.5,86.9,27.6,71.0,10.5,76.2,0.968,23.87,5.41,15.76,30.2,16.1,0
Kerala,8,78.7,33.0,1017.3,50.6,20.6,254.4,10.5,76.2,1.42,27.13,6.37,14.04,79.3,0.6,0
Kerala,8,33.7,30.8,1010.0,83.2,23.3,158.6,10.5,76.2,1.18,23.55,5.54,19.1,48.8,15.1,0
Kerala,8,31.3,27.2,1006.3,61.7,14.8,65.9,10.5,76.2,1.18,27.31,5.71,19.11,40.9,9.6,0
Kerala,8,24.8,35.8,995.9,69.1,11.4,298.3,10.5,76.2,1.128,31.92,5.69,13.99,3.8,21.1,1
Kerala,8,55.5,24.5,1005.9,81.3,20.5,302.1,10.5,76.2,0.994,14.67,3.18,18.56,75.7,20.2,1
Kerala,8,44.7,28.5,1004.5,83.7,6.3,214.2,10.5,76.2,1.117,21.69,5.65,14.71,60.2,15.5,0
Kerala,8,22.0,27.2,1010.2,65.7,15.2,273.8,10.5,76.2,0.733,15.03,5.81,14.45,17.5,4.5,0
Kerala,8,47.7,23.8,995.9,85.6,21.2,89.0,10.5,76.2,0.861,21.39,4.13,16.09,47.2,0.5,0
Kerala,8,24.0,29.8,1006.7,86.2,15.6,222.0,10.5,76.2,0.722,30.08,5.22,16.99,28.5,4.5,0
Kerala,8,59.9,20.2,1014.6,81.6,15.2,163.1,10.5,76.2,1.011,14.95,6.35,17.01,70.4,10.4,0
Kerala,8,46.5,25.4,1015.5,69.1,17.9,284.9,10.5,76.2,1.295,22.11,5.55,19.89,26.2,20.3,1
Kerala,8,35.5,25.3,1009.9,72.2,15.1,61.5,10.5,76.2,1.08,22.99,5.44,19.59,52.0,16.4,0
Kerala,8,39.8,18.4,1006.9,75.3,13.8,330.8,10.5,76.2,1.04,22.63,7.33,18.63,25.0,14.8,0
Kerala,8,15.7,29.6,1013.8,52.4,14.2,269.3,10.5,76.2,1.031,31.8,4.66,14.33,10.4,5.3,0
Kerala,8,21.1,21.0,1006.9,70.4,11.6,12.0,10.5,76.2,1.374,25.58,5.34,17.56,2.7,18.4,1
Kerala,8,43.4,27.6,1006.1,69.3,14.6,224.5,10.5,76.2,1.421,25.5,5.18,10.99,12.0,31.4,1
Kerala,8,68.4,27.1,1011.8,59.5,13.7,334.2,10.5,76.2,1.133,22.06,4.54,13.47,73.9,5.5,0
Kerala,8,14.3,24.5,1007.2,73.0,22.7,235.3,10.5,76.2,1.092,14.23,6.05,13.54,15.8,1.5,0
Kerala,8,46.4,29.9,1000.7,77.0,15.0,168.6,10.5,76.2,1.377,28.12,3.94,17.48,29.0,17.4,0
Kerala,8,58.3,33.6,1012.9,64.8,17.9,100.8,10.5,76.2,1.088,21.33,3.25,13.84,101.8,43.5,1
Kerala,8,38.3,28.4,1008.0,64.9,15.4,190.0,10.5,76.2,0.628,24.84,7.59,12.78,35.4,2.9,0
Kerala,8,61.1,24.7,1009.9,100.0,18.4,181.2,10.5,76.2,1.261,24.8,4.86,11.06,78.4,17.2,0
Kerala,8,50.3,26.6,1016.2,83.4,19.1,196.0,10.5,76.2,0.667,21.0,3.45,9.2,64.8,14.5,0
Kerala,8,56.4,20.0,1006.7,68.8,13.7,359.1,10.5,76.2,1.351,16.29,3.31,12.15,72.4,15.9,0
Kerala,8,35.7,24.7,1010.6,72.3,3.7,297.3,10.5,76.2,1.321,21.2,5.37,21.95,32.1,3.6,0
Kerala,8,37.2,29.1,1008.2,66.3,15.6,171.9,10.5,76.2,1.246,21.4,4.61,14.08,60.1,22.9,1
Kerala,8,16.6,37.4,1007.8,55.2,16.1,349.3,10.5,76.2,1.001,15.65,5.36,9.9,12.9,3.8,0
Kerala,9,30.8,25.6,1004.2,69.8,20.0,193.3,10.5,76.2,1.431,21.43,6.49,18.66,59.6,28.8,1
Kerala,9,32.2,30.8,1003.7,63.8,13.8,324.2,10.5,76.2,0.954,19.63,5.33,17.71,21.5,10.7,0
Kerala,9,46.5,26.2,1011.3,70.1,24.4,317.3,10.5,76.2,0.928,22.57,6.13,14.84,78.7,32.2,1
Kerala,9,38.2,25.1,1008.9,60.4,20.4,246.8,10.5,76.2,1.197,25.79,5.5,13.06,39.7,1.5,0
Kerala,9,35.5,19.5,1002.7,57.2,10.3,68.5,10.5,76.2,1.274,27.28,6.71,20.82,43.6,8.1,0
Kerala,9,64.5,22.7,1007.7,59.3,21.8,55.2,10.5,76.2,1.409,17.81,5.38,12.22,79.3,14.8,0
Kerala,9,36.5,30.7,1008.2,48.2,7.3,227.2,10.5,76.2,1.264,14.56,6.0,14.52,24.6,11.9,0
Kerala,9,33.3,28.1,1004.5,49.6,16.2,191.9,10.5,76.2,0.984,22.19,5.68,17.7,34.8,1.5,0
Kerala,9,45.1,27.5,1012.1,85.3,15.5,343.3,10.5,76.2,0.884,26.01,5.02,24.61,99.2,54.1,1
Kerala,9,39.6,21.0,1011.3,90.5,9.0,358.7,10.5,76.2,0.801,17.61,6.47,20.62,43.3,3.6,0
Kerala,9,49.2,32.1,1014.1,63.3,11.3,300.6,10.5,76.2,1.262,25.78,5.31,19.48,37.5,11.7,0
Kerala,9,46.3,28.1,1008.6,77.3,10.5,290.8,10.5,76.2,1.175,20.26,4.51,23.23,52.1,5.8,0
Kerala,9,37.6,23.1,1013.4,79.6,19.7,273.4,10.5,76.2,1.321,20.13,6.36,17.41,50.2,12.6,0
Kerala,9,16.6,35.1,1016.1,58.0,18.5,163.1,10.5,76.2,1.188,14.64,5.75,16.1,44.0,27.4,1
Kerala,9,66.7,34.4,1013.8,70.3,17.5,235.4,10.5,76.2,0.935,28.01,6.93,19.78,32.3,34.5,1
Kerala,9,49.2,31.7,1007.9,64.5,8.8,217.0,10.5,76.2,1.202,22.48,5.8,22.15,34.4,14.9,0
Kerala,9,37.7,34.4,1006.4,70.2,14.7,153.5,10.5,76.2,0.76,22.61,6.17,14.57,48.3,10.6,0
Kerala,9,54.0,29.5,1016.9,65.2,18.1,68.8,10.5,76.2,1.124,27.96,6.45,13.96,74.0,19.9,1
Kerala,9,35.5,26.4,1006.8,76.9,21.0,274.9,10.5,76.2,1.128,15.24,5.25,14.73,47.7,12.2,0
Kerala,9,41.2,24.0,1008.8,68.8,2.9,296.9,10.5,76.2,1.373,22.47,6.52,16.59,21.2,19.9,1
Kerala,9,73.9,30.6,1012.7,66.7,21.2,29.9,10.5,76.2,1.122,26.38,5.35,20.3,85.9,12.1,0
Kerala,9,45.7,24.8,1010.0,88.8,16.5,151.4,10.5,76.2,1.312,18.85,5.94,17.08,16.3,29.5,1
Kerala,9,54.1,23.9,1011.4,61.9,25.8,99.1,10.5,76.2,1.555,22.73,6.04,22.27,47.3,6.8,0
Kerala,9,43.4,29.8,1010.0,69.9,15.1,341.6,10.5,76.2,1.207,27.29,6.57,19.52,70.6,27.2,1
Kerala,9,38.2,32.1,1007.2,55.5,14.0,326.5,10.5,76.2,1.246,22.28,6.25,20.61,71.8,33.6,1
Kerala,9,46.9,32.0,1007.1,53.9,9.7,140.3,10.5,76.2,1.33,22.65,7.52,23.06,39.3,7.6,0
Kerala,9,73.3,21.1,1017.2,69.2,14.4,45.2,10.5,76.2,1.011,29.43,5.27,15.87,55.1,18.2,1
Kerala,9,32.2,24.8,1004.2,67.7,10.0,39.9,10.5,76.2,1.141,24.92,7.13,23.64,55.0,22.8,1
Kerala,9,39.1,23.4,1009.7,80.1,16.3,52.8,10.5,76.2,1.214,15.94,6.28,19.76,45.6,6.5,0
Kerala,9,58.9,32.3,1005.5,73.9,15.8,122.7,10.5,76.2,1.134,19.3,6.26,19.62,61.9,3.0,0
Kerala,9,29.7,28.6,1020.2,47.8,16.8,64.2,10.5,76.2,1.086,23.01,5.69,19.37,32.0,2.3,0
Kerala,9,11.6,32.8,1013.6,63.4,15.8,208.8,10.5,76.2,1.378,28.85,6.55,19.88,44.6,33.0,1
Kerala,9,37.8,29.4,997.3,53.7,18.1,247.6,10.5,76.2,1.094,21.0,5.67,18.14,3.7,34.1,1
Kerala,9,49.4,27.8,1009.2,68.3,8.7,255.3,10.5,76.2,1.476,20.85,7.07,14.32,58.0,8.6,0
Kerala,9,36.4,26.5,1006.3,83.9,25.2,142.3,10.5,76.2,1.089,18.11,4.42,21.92,17.1,19.3,1
Kerala,9,36.4,28.3,995.0,57.0,8.9,241.4,10.5,76.2,1.223,27.54,5.3,16.18,41.6,5.2,0
Kerala,9,31.1,29.3,1010.2,42.3,18.8,273.4,10.5,76.2,1.223,28.14,3.96,13.8,37.2,6.1,0
Kerala,9,9.3,26.8,1012.2,73.5,16.0,89.0,10.5,76.2,1.28,22.49,5.59,16.11,21.0,11.7,0
Kerala,9,20.4,33.5,1004.3,75.1,16.0,351.0,10.5,76.2,1.43,27.75,4.22,17.35,32.6,12.2,0
Kerala,9,12.9,19.2,1003.8,56.4,10.4,132.2,10.5,76.2,1.147,19.85,7.44,18.11,33.7,20.8,1
Kerala,10,21.5,25.0,1008.7,74.5,12.8,151.3,10.5,76.2,1.179,23.96,9.15,19.8,29.4,7.8,0
Kerala,10,27.7,22.6,1006.9,81.3,15.0,228.6,10.5,76.2,1.109,18.19,7.07,18.1,42.8,15.1,0
Kerala,10,48.1,23.6,1009.1,57.1,17.1,316.6,10.5,76.2,1.566,21.68,4.96,17.62,69.0,20.9,1
Kerala,10,5.6,31.0,1007.0,58.6,14.2,115.6,10.5,76.2,1.013,17.4,7.43,17.19,4.3,1.3,0
Kerala,10,58.0,27.7,1000.2,76.7,23.4,51.8,10.5,76.2,1.085,19.26,5.47,19.17,91.4,33.4,1
Kerala,10,34.9,24.9,1013.1,65.7,24.6,182.3,10.5,76.2,1.491,26.68,7.4,18.33,41.8,6.8,0
Kerala,10,51.9,30.7,1010.6,52.3,17.3,339.0,10.5,76.2,1.148,26.98,8.59,18.17,96.0,44.1,1
Kerala,10,30.1,32.4,1010.2,72.1,22.9,110.1,10.5,76.2,1.513,24.32,5.78,14.88,69.0,39.0,1
Kerala,10,62.3,25.6,1010.7,71.3,14.2,332.3,10.5,76.2,1.133,16.39,6.86,19.06,57.9,4.4,0
Kerala,10,33.0,21.3,1006.2,61.2,20.8,338.2,10.5,76.2,1.161,27.24,6.42,18.06,38.9,5.9,0
Kerala,10,71.4,30.1,1006.5,78.9,20.3,97.6,10.5,76.2,1.192,23.57,5.26,19.41,67.0,4.4,0
Kerala,10,39.6,30.0,1016.4,73.7,15.5,316.7,10.5,76.2,1.485,26.7,6.78,19.66,21.5,18.0,0
Kerala,10,51.5,24.0,1010.0,62.6,19.0,183.0,10.5,76.2,1.029,23.99,9.2,12.04,60.8,9.3,0
Kerala,10,31.3,33.0,1012.1,71.9,20.6,229.6,10.5,76.2,1.259,22.76,6.12,17.47,39.0,7.7,0
Kerala,10,18.6,31.6,1017.7,65.7,21.9,49.3,10.5,76.2,1.137,23.62,6.65,16.7,36.9,18.3,1
Kerala,10,38.4,23.2,1007.9,63.1,14.4,230.3,10.5,76.2,0.99,30.99,7.53,16.97,43.9,5.6,0
Kerala,10,55.0,28.3,1017.4,67.6,21.9,22.0,10.5,76.2,1.021,31.89,6.03,15.36,60.2,5.2,0
Kerala,10,64.1,24.4,1007.8,51.5,13.7,349.5,10.5,76.2,1.101,20.06,5.62,17.03,85.1,21.0,1
Kerala,10,51.3,29.8,1008.1,63.8,12.1,145.0,10.5,76.2,1.575,21.39,5.33,15.46,76.5,25.1,1
Kerala,10,45.2,29.7,1005.5,76.2,14.6,131.0,10.5,76.2,1.442,25.01,6.18,19.71,26.7,18.6,1
Kerala,10,52.1,25.1,1007.2,81.4,19.2,3.3,10.5,76.2,1.237,14.91,5.56,19.37,45.1,7.0,0
Kerala,10,26.7,29.4,1014.5,62.8,20.4,114.1,10.5,76.2,1.062,22.24,8.71,15.51,21.6,5.1,0
Kerala,10,74.2,25.2,1014.8,59.8,16.7,359.3,10.5,76.2,1.164,25.55,7.44,16.16,123.4,49.2,1
Kerala,10,60.8,26.1,1006.8,89.1,14.2,281.1,10.5,76.2,1.487,19.55,6.46,19.12,56.4,4.4,0
Kerala,10,23.3,27.8,1011.4,63.2,10.1,297.8,10.5,76.2,1.363,23.7,7.66,19.59,65.2,41.9,1
Kerala,10,55.4,21.9,1004.7,63.9,17.5,245.2,10.5,76.2,1.032,27.51,7.75,18.56,65.6,10.1,0
Kerala,10,31.9,25.4,1005.6,75.6,17.3,283.0,10.5,76.2,1.184,17.28,8.48,12.61,47.0,15.1,0
Kerala,10,46.4,26.4,1008.0,63.4,19.3,37.0,10.5,76.2,1.323,22.44,6.04,17.66,51.2,4.8,0
Kerala,10,53.1,27.4,1012.7,80.4,17.5,261.4,10.5,76.2,1.663,19.5,7.84,23.5,71.2,18.2,1
Kerala,10,73.3,34.6,1006.3,67.4,18.7,161.9,10.5,76.2,1.8,28.31,6.61,14.63,88.8,15.6,0
Kerala,10,28.8,30.5,995.5,83.8,13.9,40.2,10.5,76.2,1.254,25.22,6.47,23.0,43.5,14.7,0
Kerala,10,57.3,26.5,1010.1,56.9,17.3,296.1,10.5,76.2,1.522,25.45,7.35,19.65,100.5,43.2,1
Kerala,10,23.4,27.0,1003.2,49.5,10.9,125.6,10.5,76.2,1.252,24.27,7.48,19.21,42.5,19.1,1
Kerala,10,50.5,29.7,1005.8,80.5,9.9,98.8,10.5,76.2,1.477,24.54,6.03,25.73,86.1,35.6,1
Kerala,10,47.9,23.6,997.8,77.1,22.3,11.3,10.5,76.2,0.915,25.79,5.97,19.35,90.0,42.2,1
Kerala,10,57.2,29.8,1007.8,74.1,12.4,58.8,10.5,76.2,1.219,21.86,7.53,12.17,54.3,3.0,0
Kerala,10,54.7,32.4,1010.4,63.3,15.7,124.9,10.5,76.2,1.57,28.83,7.66,19.06,43.9,10.8,0
Kerala,10,25.6,26.3,1011.5,65.0,18.9,133.9,10.5,76.2,1.13,30.78,7.47,17.94,16.7,8.9,0
Kerala,10,59.5,31.0,1011.2,68.2,10.5,180.9,10.5,76.2,1.539,21.52,6.61,23.77,63.0,3.5,0
Kerala,10,44.0,22.1,1011.1,62.6,8.2,210.2,10.5,76.2,1.299,18.83,4.89,20.54,50.4,6.4,0
Tamil Nadu,1,0.0,27.6,1016.7,78.3,11.9,104.9,11.1,78.7,0.504,2.5,0.16,4.47,0.0,0.0,0
Tamil Nadu,1,14.4,26.7,1010.1,69.9,15.9,61.4,11.1,78.7,0.583,5.78,3.35,10.87,23.1,8.7,0
Tamil Nadu,1,8.0,31.1,1000.3,47.9,14.7,25.6,11.1,78.7,0.234,9.66,3.03,5.36,6.9,1.0,0
Tamil Nadu,1,19.3,29.3,1008.6,55.7,12.2,103.2,11.1,78.7,0.411,7.43,2.47,4.6,21.9,2.6,0
Tamil Nadu,1,5.2,25.1,998.3,75.0,16.1,234.9,11.1,78.7,0.616,5.5,2.13,5.61,6.9,1.7,0
Tamil Nadu,1,19.8,27.2,1006.3,72.9,12.7,243.0,11.1,78.7,0.528,13.57,3.77,3.23,13.8,6.0,0
Tamil Nadu,1,24.9,27.7,997.0,58.2,10.2,281.0,11.1,78.7,0.633,5.88,3.62,8.06,19.4,5.5,0
Tamil Nadu,1,5.9,30.8,1008.2,69.3,9.5,278.1,11.1,78.7,0.4,19.78,0.92,15.29,1.5,4.4,0
Tamil Nadu,1,28.8,32.2,1003.5,71.5,9.9,97.1,11.1,78.7,0.51,8.2,1.98,8.22,25.4,3.5,0
Tamil Nadu,1,0.0,32.7,1010.1,52.4,7.4,254.8,11.1,78.7,0.662,12.35,1.19,9.15,18.3,18.3,0
Tamil Nadu,1,0.0,26.4,1000.2,75.0,11.9,286.0,11.1,78.7,0.525,7.37,2.02,8.02,0.0,0.0,0
Tamil Nadu,1,3.7,28.2,1008.5,71.5,15.3,259.2,11.1,78.7,0.762,9.84,2.1,4.49,22.6,18.9,1
Tamil Nadu,1,44.5,36.3,1008.6,68.9,19.9,8.3,11.1,78.7,0.588,10.51,4.8,11.51,47.0,2.5,0
Tamil Nadu,1,32.5,28.8,1005.3,62.6,13.1,294.7,11.1,78.7,0.376,3.83,1.51,7.9,42.2,9.8,0
Tamil Nadu,1,23.7,30.6,1000.4,56.9,11.4,253.6,11.1,78.7,0.369,4.72,4.24,5.0,17.8,5.9,0
Tamil Nadu,1,13.8,28.6,1005.5,65.5,7.8,332.6,11.1,78.7,0.473,1.46,3.65,3.08,9.9,3.9,0
Tamil Nadu,1,24.9,31.1,1008.4,48.4,9.4,8.1,11.1,78.7,0.451,14.17,4.89,9.04,23.8,1.1,0
Tamil Nadu,1,28.0,26.5,994.9,53.0,0.5,236.0,11.1,78.7,0.444,3.23,1.48,2.92,29.7,1.8,0
Tamil Nadu,1,0.0,32.9,1008.8,81.5,10.1,87.7,11.1,78.7,0.481,7.49,5.39,1.71,0.0,0.0,0
Tamil Nadu,1,0.0,21.5,997.7,71.7,5.8,333.1,11.1,78.7,0.658,11.45,3.0,10.84,15.5,15.5,0
Tamil Nadu,1,0.0,30.8,1006.6,64.0,4.8,258.0,11.1,78.7,0.395,15.32,1.11,0.04,2.3,2.3,0
Tamil Nadu,1,0.0,28.3,1011.3,64.5,10.2,147.8,11.1,78.7,0.649,4.98,3.37,4.19,8.2,8.2,0
Tamil Nadu,1,0.0,31.0,1007.5,66.5,17.2,130.6,11.1,78.7,0.475,10.81,2.14,9.35,5.2,5.2,0
Tamil Nadu,1,2.1,33.9,1010.8,57.1,8.1,149.4,11.1,78.7,0.569,0.75,1.54,5.47,0.0,2.1,0
Tamil Nadu,1,0.0,29.4,1005.6,61.4,5.5,94.9,11.1,78.7,0.179,15.44,4.59,5.78,0.0,0.0,0
Tamil Nadu,1,22.8,31.2,1017.4,86.9,2.3,263.7,11.1,78.7,0.435,11.8,3.43,9.41,32.6,9.8,0
Tamil Nadu,1,2.4,25.0,1013.9,56.8,21.7,69.8,11.1,78.7,0.404,8.84,0.65,2.59,11.4,9.0,0
Tamil Nadu,1,0.0,38.9,1007.5,55.2,14.5,131.3,11.1,78.7,0.413,8.78,0.98,5.3,13.5,13.5,0
Tamil Nadu,1,13.1,30.4,1004.1,52.3,11.2,224.4,11.1,78.7,0.261,4.59,0.05,9.15,13.8,0.6,0
Tamil Nadu,1,1.6,31.5,999.8,52.1,18.0,125.0,11.1,78.7,0.617,11.49,1.8,5.52,6.9,5.3,0
Tamil Nadu,1,30.3,30.6,1012.8,56.3,15.5,43.1,11.1,78.7,0.508,12.06,1.86,4.15,35.9,5.7,0
Tamil Nadu,1,8.6,29.4,1011.3,78.6,15.7,113.5,11.1,78.7,0.38,8.21,3.05,6.11,14.1,5.5,0
Tamil Nadu,1,0.0,36.6,1009.0,66.8,10.0,264.5,11.1,78.7,0.229,6.79,3.52,7.92,0.0,0.0,0
Tamil Nadu,1,2.6,27.7,1008.5,81.0,15.4,307.8,11.1,78.7,0.393,11.66,0.63,7.75,5.8,3.2,0
Tamil Nadu,1,36.7,35.1,1006.7,57.3,8.5,200.1,11.1,78.7,0.74,11.26,3.12,9.63,34.0,2.7,0
Tamil Nadu,1,0.3,30.9,1004.1,50.2,7.0,162.3,11.1,78.7,0.405,10.5,1.26,8.34,0.8,0.5,0
Tamil Nadu,1,16.9,26.9,1010.5,60.2,12.0,54.1,11.1,78.7,0.485,10.72,1.91,6.84,21.2,4.3,0
Tamil Nadu,1,17.8,28.5,1003.6,66.4,15.8,122.6,11.1,78.7,0.216,6.95,2.27,0.61,23.2,5.4,0
Tamil Nadu,1,7.9,19.4,1002.4,62.5,3.5,65.0,11.1,78.7,0.517,12.31,1.27,8.43,6.2,1.7,0
Tamil Nadu,1,7.7,30.3,1007.6,73.6,13.1,290.3,11.1,78.7,0.649,13.81,2.61,11.21,9.9,2.2,0
Tamil Nadu,2,10.5,28.7,1007.4,62.9,9.2,160.4,11.1,78.7,0.589,16.12,3.93,9.66,24.7,14.1,0
Tamil Nadu,2,12.7,24.7,1006.3,65.4,10.2,204.2,11.1,78.7,0.754,4.4,2.78,0.0,16.4,3.7,0
Tamil Nadu,2,10.9,35.8,1015.4,75.3,8.0,350.4,11.1,78.7,0.347,17.43,1.86,7.34,5.3,5.6,0
Tamil Nadu,2,0.0,30.0,1008.8,43.8,6.3,8.5,11.1,78.7,0.552,9.72,3.68,4.17,0.0,0.0,0
Tamil Nadu,2,19.8,26.1,1009.6,54.5,8.7,43.3,11.1,78.7,0.155,9.42,3.49,8.15,30.6,10.8,0
Tamil Nadu,2,6.7,20.2,1009.7,55.2,13.4,176.8,11.1,78.7,0.511,14.14,3.65,7.74,9.4,2.6,0
Tamil Nadu,2,5.2,27.5,1011.1,58.5,9.5,298.1,11.1,78.7,0.696,10.05,1.43,10.96,8.5,3.3,0
Tamil Nadu,2,0.9,32.1,1006.0,49.8,17.3,352.2,11.1,78.7,1.16,9.33,0.47,13.6,6.9,6.0,0
Tamil Nadu,2,15.3,30.0,1000.9,43.8,22.3,215.9,11.1,78.7,0.883,13.22,3.1,6.93,39.7,24.5,1
Tamil Nadu,2,1.6,25.8,1011.1,58.7,7.5,137.6,11.1,78.7,0.693,18.63,5.39,2.96,14.2,12.6,0
Tamil Nadu,2,0.0,24.8,1005.0,59.4,7.2,314.7,11.1,78.7,0.845,14.72,2.87,5.44,15.1,15.1,0
Tamil Nadu,2,10.7,26.2,999.5,70.9,10.9,148.3,11.1,78.7,0.59,13.67,3.15,7.43,18.6,7.8,0
Tamil Nadu,2,25.4,34.7,1002.1,76.6,4.6,287.6,11.1,78.7,0.438,14.49,4.68,9.03,27.6,2.2,0
Tamil Nadu,2,11.0,26.8,1013.6,64.9,1.9,345.4,11.1,78.7,0.733,11.5,2.0,5.02,8.7,2.3,0
Tamil Nadu,2,15.3,21.3,1010.1,66.7,19.2,234.1,11.1,78.7,0.422,4.56,1.96,12.64,20.3,5.0,0
Tamil Nadu,2,21.0,26.2,1010.4,50.8,17.5,252.9,11.1,78.7,0.172,20.38,3.11,8.82,6.1,14.9,0
Tamil Nadu,2,21.4,32.2,1007.0,74.9,18.7,103.8,11.1,78.7,0.133,6.72,4.97,8.74,22.9,1.5,0
Tamil Nadu,2,0.4,26.2,1014.0,81.0,16.8,13.6,11.1,78.7,0.692,11.05,1.51,4.24,15.7,15.3,0
Tamil Nadu,2,11.9,30.6,1009.1,68.6,14.5,356.9,11.1,78.7,0.413,16.06,2.06,9.21,4.3,7.6,0
Tamil Nadu,2,10.0,26.1,1008.1,73.4,13.2,224.0,11.1,78.7,0.726,10.41,2.85,9.63,20.3,10.3,0
Tamil Nadu,2,0.0,31.2,1002.0,71.4,18.3,280.7,11.1,78.7,0.101,4.2,3.63,1.13,5.8,5.8,0
Tamil Nadu,2,26.6,33.2,1006.8,70.4,13.8,304.7,11.1,78.7,0.715,16.89,3.78,6.99,37.2,10.6,0
Tamil Nadu,2,31.1,33.4,1013.1,50.1,14.8,34.0,11.1,78.7,0.774,13.39,4.81,3.01,40.5,9.4,0
Tamil Nadu,2,19.3,32.3,1015.7,57.1,20.3,31.2,11.1,78.7,0.529,7.69,3.19,9.35,25.4,6.1,0
Tamil Nadu,2,3.4,31.1,1006.0,78.2,21.4,335.8,11.1,78.7,0.578,15.22,3.28,4.44,14.2,10.8,0
Tamil Nadu,2,3.7,29.5,1003.0,73.9,10.7,72.7,11.1,78.7,0.523,9.4,3.44,5.27,22.1,18.4,0
Tamil Nadu,2,15.1,26.4,1006.0,66.2,17.8,105.5,11.1,78.7,0.493,11.13,4.8,11.49,31.5,16.5,0
Tamil Nadu,2,12.8,34.4,1014.3,73.0,16.7,245.1,11.1,78.7,0.932,10.35,3.62,10.53,6.8,6.1,0
Tamil Nadu,2,11.7,29.5,1007.4,65.6,20.3,29.1,11.1,78.7,0.313,8.98,3.84,11.02,18.7,7.0,0
Tamil Nadu,2,25.5,29.7,1005.4,56.5,6.5,11.0,11.1,78.7,0.724,12.28,2.98,5.33,51.8,26.3,1
Tamil Nadu,2,0.5,29.2,1013.0,66.4,8.8,110.9,11.1,78.7,0.298,18.3,3.29,7.74,0.0,0.5,0
Tamil Nadu,2,0.0,28.5,1017.5,68.3,14.5,15.4,11.1,78.7,1.039,9.56,4.83,7.3,0.3,0.3,0
Tamil Nadu,2,11.2,28.4,1010.8,42.8,13.5,15.3,11.1,78.7,0.422,6.14,2.51,6.95,10.1,1.1,0
Tamil Nadu,2,0.0,29.1,1004.0,49.6,10.1,244.9,11.1,78.7,0.575,9.08,1.21,5.83,0.0,0.0,0
Tamil Nadu,2,28.8,33.9,1015.1,60.1,19.3,235.1,11.1,78.7,0.402,8.81,2.74,8.8,34.3,5.5,0
Tamil Nadu,2,12.4,27.3,1014.8,64.9,11.9,281.1,11.1,78.7,0.544,5.88,1.75,15.83,1.6,10.8,0
Tamil Nadu,2,16.3,30.1,1013.1,69.7,22.3,96.9,11.1,78.7,0.836,15.49,4.8,8.57,24.7,8.4,0
Tamil Nadu,2,7.1,29.3,1009.1,45.2,12.1,15.1,11.1,78.7,0.296,7.38,4.34,12.53,3.6,3.5,0
Tamil Nadu,2,14.9,28.4,1013.9,60.7,10.9,248.8,11.1,78.7,0.366,9.34,3.11,13.07,7.0,7.9,0
Tamil Nadu,2,2.2,31.1,1011.7,68.1,12.2,184.2,11.1,78.7,0.265,11.73,4.73,4.54,0.0,2.2,0
Tamil Nadu,3,8.6,27.2,1017.2,57.2,7.5,344.3,11.1,78.7,0.523,16.21,3.16,11.17,0.0,8.6,0
Tamil Nadu,3,20.8,29.4,1006.7,54.2,14.3,173.6,11.1,78.7,0.547,11.01,4.35,14.92,33.3,12.5,0
Tamil Nadu,3,17.6,27.6,1007.9,53.2,12.4,204.9,11.1,78.7,0.661,10.55,2.54,9.7,9.5,8.1,0
Tamil Nadu,3,1.2,34.7,1002.8,58.5,14.7,242.5,11.1,78.7,0.671,16.51,1.54,12.05,0.0,1.2,0
Tamil Nadu,3,10.2,36.2,1001.0,72.4,18.8,294.2,11.1,78.7,0.519,11.58,2.57,9.99,22.0,11.9,0
Tamil Nadu,3,9.0,32.3,1015.0,70.8,15.8,298.5,11.1,78.7,0.128,15.4,4.36,10.52,18.7,9.7,0
Tamil Nadu,3,6.4,30.6,1015.4,73.2,19.9,352.5,11.1,78.7,0.409,15.93,2.64,6.47,6.0,0.3,0
Tamil Nadu,3,39.5,26.4,999.2,52.1,15.6,160.9,11.1,78.7,0.244,7.44,3.6,12.13,36.6,2.9,0
Tamil Nadu,3,23.6,32.2,1004.1,65.3,10.2,332.5,11.1,78.7,0.53,8.2,3.46,13.12,31.8,8.2,0
Tamil Nadu,3,28.8,32.2,1008.2,60.5,8.9,177.8,11.1,78.7,0.891,11.73,1.35,13.49,35.0,6.3,0
Tamil Nadu,3,28.2,27.5,1004.0,71.0,15.8,189.2,11.1,78.7,0.916,16.84,4.08,6.46,21.5,6.8,0
Tamil Nadu,3,31.5,19.8,1007.5,68.0,10.8,181.1,11.1,78.7,0.737,10.71,4.46,11.54,34.2,2.7,0
Tamil Nadu,3,2.4,28.2,1018.6,58.9,20.9,121.9,11.1,78.7,0.481,10.89,4.54,9.96,18.1,15.7,0
Tamil Nadu,3,9.5,28.3,1006.4,86.8,7.6,285.0,11.1,78.7,0.457,15.35,2.03,15.26,13.0,3.5,0
Tamil Nadu,3,20.2,30.4,1007.9,67.7,13.6,27.7,11.1,78.7,0.488,9.09,4.39,9.79,3.5,16.7,0
Tamil Nadu,3,7.4,34.7,1007.2,61.2,5.7,80.8,11.1,78.7,0.42,14.77,3.46,8.7,2.5,4.9,0
Tamil Nadu,3,36.3,25.7,1004.5,64.1,12.7,39.5,11.1,78.7,0.839,16.48,6.32,4.71,43.6,7.3,0
Tamil Nadu,3,6.8,36.6,1008.9,46.2,15.4,241.0,11.1,78.7,0.804,10.16,3.79,8.98,5.0,1.7,0
Tamil Nadu,3,19.2,29.2,1013.3,66.8,16.2,302.2,11.1,78.7,0.932,9.95,4.48,10.58,26.1,6.9,0
Tamil Nadu,3,25.2,20.0,1005.1,74.0,22.8,46.1,11.1,78.7,0.165,11.79,3.33,13.12,26.7,1.5,0
Tamil Nadu,3,0.0,32.4,1010.8,59.5,16.8,287.9,11.1,78.7,0.593,10.94,3.03,12.51,0.0,0.0,0
Tamil Nadu,3,30.2,29.3,1006.0,66.7,8.7,350.1,11.1,78.7,0.477,5.47,1.78,4.92,45.0,14.8,0
Tamil Nadu,3,0.0,28.4,1013.6,75.0,11.7,322.5,11.1,78.7,0.689,21.5,3.9,11.8,26.3,26.3,1
Tamil Nadu,3,18.3,33.1,1010.4,71.1,8.4,19.9,11.1,78.7,0.55,16.58,4.4,13.79,21.5,3.2,0
Tamil Nadu,3,22.0,30.7,1007.5,63.3,5.8,52.5,11.1,78.7,0.632,17.59,4.88,10.23,46.0,24.0,1
Tamil Nadu,3,17.0,32.7,1007.5,55.1,11.1,111.1,11.1,78.7,0.6,11.19,3.4,8.62,32.3,15.3,0
Tamil Nadu,3,41.4,28.6,1010.7,76.2,13.7,113.7,11.1,78.7,0.571,14.7,3.87,4.42,40.6,0.8,0
Tamil Nadu,3,3.7,32.1,1004.5,61.9,10.7,22.2,11.1,78.7,0.847,15.03,4.73,13.5,0.0,3.7,0
Tamil Nadu,3,22.8,27.1,1001.7,63.3,16.9,77.5,11.1,78.7,0.384,15.53,5.76,15.28,0.0,22.8,1
Tamil Nadu,3,45.7,32.4,996.5,58.8,19.5,12.8,11.1,78.7,0.538,13.32,4.06,8.05,47.6,2.0,0
Tamil Nadu,3,27.2,25.7,1001.2,60.1,8.8,151.8,11.1,78.7,0.307,14.0,4.44,7.36,22.7,4.5,0
Tamil Nadu,3,11.6,24.9,1012.9,57.6,10.6,33.2,11.1,78.7,0.854,12.13,5.79,10.85,28.1,16.5,0
Tamil Nadu,3,9.6,24.8,1007.8,59.7,3.2,208.7,11.1,78.7,0.659,10.25,3.85,9.93,27.4,17.8,0
Tamil Nadu,3,20.5,27.9,1011.5,66.1,14.1,336.8,11.1,78.7,0.419,9.6,2.9,8.97,34.4,13.8,0
Tamil Nadu,3,0.0,28.4,1005.2,83.5,17.6,105.1,11.1,78.7,0.847,7.78,5.83,7.27,17.4,17.4,0
Tamil Nadu,3,22.2,29.6,1014.1,76.5,13.7,101.6,11.1,78.7,0.677,12.64,3.82,12.85,30.9,8.7,0
Tamil Nadu,3,16.9,25.9,1009.6,49.5,9.2,75.0,11.1,78.7,0.83,12.97,3.64,10.9,28.6,11.7,0
Tamil Nadu,3,11.4,24.6,1009.9,86.1,8.6,93.4,11.1,78.7,0.576,22.71,2.25,9.31,11.3,0.1,0
Tamil Nadu,3,0.0,23.3,1010.8,73.6,10.4,355.4,11.1,78.7,0.203,8.02,2.41,9.77,0.0,0.0,0
Tamil Nadu,3,11.4,30.5,1015.3,74.5,13.5,95.7,11.1,78.7,0.873,20.59,4.17,8.32,19.2,7.8,0
Tamil Nadu,4,24.5,26.2,1012.3,69.6,19.4,255.6,11.1,78.7,0.391,13.21,3.88,5.69,20.1,4.4,0
Tamil Nadu,4,34.7,30.5,1008.7,56.4,19.9,143.8,11.1,78.7,0.758,16.41,4.06,15.56,45.6,10.9,0
Tamil Nadu,4,21.0,28.1,1010.2,64.9,14.5,18.4,11.1,78.7,0.639,11.12,3.52,10.08,45.2,24.1,1
Tamil Nadu,4,30.5,27.9,1005.9,73.2,23.3,209.1,11.1,78.7,0.395,18.24,5.1,17.69,30.1,0.4,0
Tamil Nadu,4,18.2,30.2,1004.2,58.5,15.6,134.1,11.1,78.7,0.476,18.05,4.45,14.84,26.2,8.0,0
Tamil Nadu,4,16.3,33.6,1005.9,63.7,13.3,64.9,11.1,78.7,0.726,8.84,3.53,10.99,21.9,5.6,0
Tamil Nadu,4,9.7,30.4,999.9,71.2,22.6,59.7,11.1,78.7,0.751,13.8,3.57,8.0,36.3,26.6,1
Tamil Nadu,4,21.7,25.7,1004.1,67.6,2.8,261.8,11.1,78.7,0.636,16.34,4.37,13.98,31.0,9.3,0
Tamil Nadu,4,26.9,32.5,1006.3,88.5,15.4,315.7,11.1,78.7,0.571,13.96,4.33,11.37,50.6,23.7,1
Tamil Nadu,4,10.6,31.1,1002.4,88.8,7.6,213.4,11.1,78.7,0.712,5.85,5.47,11.33,9.8,0.8,0
Tamil Nadu,4,25.4,31.1,1010.1,78.4,14.9,191.9,11.1,78.7,0.635,17.85,3.23,7.71,26.9,1.5,0
Tamil Nadu,4,12.2,32.1,1000.7,77.9,10.5,355.2,11.1,78.7,0.498,13.55,4.38,10.69,1.8,10.4,0
Tamil Nadu,4,5.0,23.6,1009.3,66.1,16.7,36.8,11.1,78.7,0.632,22.9,4.62,10.2,0.0,5.0,0
Tamil Nadu,4,32.1,34.5,1002.3,56.5,15.0,214.4,11.1,78.7,0.836,22.16,2.68,11.21,45.1,13.0,0
Tamil Nadu,4,26.4,25.8,1005.0,62.4,22.1,158.4,11.1,78.7,0.674,17.89,2.54,11.86,9.4,17.0,0
Tamil Nadu,4,18.9,28.6,1008.8,58.3,14.7,278.2,11.1,78.7,0.601,19.98,4.62,6.74,13.3,5.6,0
Tamil Nadu,4,7.3,29.1,1007.2,65.3,27.7,238.7,11.1,78.7,1.017,14.19,1.24,11.66,25.8,18.5,1
Tamil Nadu,4,25.3,29.4,1008.1,62.1,18.1,21.5,11.1,78.7,0.611,16.43,3.49,14.93,34.1,8.8,0
Tamil Nadu,4,5.0,23.8,1005.1,90.4,12.4,35.8,11.1,78.7,0.478,10.45,3.62,16.19,0.0,5.0,0
Tamil Nadu,4,7.1,32.0,1016.0,71.4,17.0,73.4,11.1,78.7,0.475,10.2,2.8,11.76,0.0,7.1,0
Tamil Nadu,4,19.8,27.1,1005.2,75.9,8.8,350.4,11.1,78.7,0.905,10.82,5.29,7.76,39.5,19.8,1
Tamil Nadu,4,21.0,22.1,1001.5,63.0,17.9,260.7,11.1,78.7,0.855,14.0,3.9,5.1,35.2,14.3,0
Tamil Nadu,4,35.5,31.6,1005.9,58.1,8.2,247.3,11.1,78.7,1.192,14.47,4.94,13.64,44.2,8.7,0
Tamil Nadu,4,2.8,30.5,1002.6,73.0,8.4,352.0,11.1,78.7,0.652,20.38,0.93,18.08,0.0,2.8,0
Tamil Nadu,4,14.4,30.1,1009.6,75.4,16.7,221.7,11.1,78.7,0.886,14.31,3.19,9.35,34.0,19.7,1
Tamil Nadu,4,41.4,32.4,992.2,44.5,13.6,326.9,11.1,78.7,0.743,19.79,5.29,11.61,29.0,12.4,0
Tamil Nadu,4,0.0,28.7,1010.1,54.8,16.9,222.7,11.1,78.7,0.207,11.28,5.5,15.65,0.0,0.0,0
Tamil Nadu,4,0.0,31.4,1005.8,80.7,17.3,72.6,11.1,78.7,0.575,16.56,6.27,11.51,2.9,2.9,0
Tamil Nadu,4,9.9,22.0,1002.5,58.1,5.4,216.2,11.1,78.7,0.25,11.65,4.66,10.14,7.9,2.0,0
Tamil Nadu,4,27.2,35.2,1019.4,68.4,12.2,292.3,11.1,78.7,0.857,14.16,3.67,10.83,21.9,5.3,0
Tamil Nadu,4,0.0,25.7,1015.3,81.1,18.3,15.3,11.1,78.7,0.581,21.28,2.55,11.21,22.2,22.2,1
Tamil Nadu,4,18.0,27.2,1013.8,67.7,14.6,267.0,11.1,78.7,0.23,16.22,2.93,10.47,20.6,2.6,0
Tamil Nadu,4,6.4,29.3,1009.9,69.0,14.2,50.9,11.1,78.7,0.72,15.1,2.72,14.9,9.8,3.3,0
Tamil Nadu,4,10.4,30.0,1007.4,79.4,18.1,137.8,11.1,78.7,0.927,15.73,2.47,13.76,0.0,10.4,0
Tamil Nadu,4,0.0,31.2,1010.2,70.8,20.5,136.2,11.1,78.7,0.664,17.97,2.99,10.37,6.8,6.8,0
Tamil Nadu,4,21.0,27.1,1005.5,55.8,9.7,79.0,11.1,78.7,0.686,15.54,2.06,18.78,15.5,5.4,0
Tamil Nadu,4,0.0,28.2,1003.5,70.6,6.0,216.3,11.1,78.7,0.927,14.31,1.86,8.65,6.3,6.3,0
Tamil Nadu,4,0.0,24.2,1013.2,68.5,14.2,148.9,11.1,78.7,0.706,14.55,4.4,13.51,9.8,9.8,0
Tamil Nadu,4,37.2,28.5,1001.3,77.9,12.4,69.3,11.1,78.7,0.882,16.27,2.32,13.1,63.3,26.1,1
Tamil Nadu,4,20.8,27.4,999.7,87.5,11.0,304.6,11.1,78.7,0.761,18.82,5.33,9.07,24.3,3.5,0
Tamil Nadu,5,18.1,32.2,1011.0,70.2,18.6,299.7,11.1,78.7,0.91,17.4,4.24,11.63,25.2,7.1,0
Tamil Nadu,5,9.8,39.2,1014.8,78.4,11.4,113.8,11.1,78.7,0.783,16.97,2.56,13.82,27.9,18.1,0
Tamil Nadu,5,0.0,24.6,1014.1,71.2,9.7,159.4,11.1,78.7,0.707,15.57,2.93,12.43,16.8,16.8,0
Tamil Nadu,5,11.2,30.8,1007.8,78.3,11.7,263.7,11.1,78.7,0.962,17.49,4.64,10.99,10.4,0.8,0
Tamil Nadu,5,21.8,23.5,1005.0,58.1,16.9,61.5,11.1,78.7,1.079,15.17,3.33,7.98,31.7,9.8,0
Tamil Nadu,5,38.2,28.0,1008.1,67.4,15.3,33.6,11.1,78.7,1.209,18.51,4.98,11.67,44.1,5.9,0
Tamil Nadu,5,16.3,26.8,1008.6,73.7,14.3,11.8,11.1,78.7,0.851,12.67,5.26,11.14,7.1,9.2,0
Tamil Nadu,5,24.7,30.3,1003.7,73.7,17.2,216.1,11.1,78.7,0.779,16.29,3.57,13.87,29.3,4.6,0
Tamil Nadu,5,32.3,26.5,1010.4,65.1,4.8,55.1,11.1,78.7,0.476,15.87,4.13,12.36,35.7,3.4,0
Tamil Nadu,5,18.6,29.7,1007.5,93.7,12.3,307.1,11.1,78.7,0.544,19.15,2.39,8.75,5.1,13.5,0
Tamil Nadu,5,24.6,33.6,1003.3,71.7,0.8,299.4,11.1,78.7,0.946,15.26,5.49,5.68,21.2,3.4,0
Tamil Nadu,5,24.6,30.0,1010.6,69.6,8.3,146.8,11.1,78.7,1.289,11.47,2.6,14.42,19.2,5.4,0
Tamil Nadu,5,43.9,39.2,1006.8,70.6,4.9,38.1,11.1,78.7,0.378,11.15,4.44,14.03,27.8,16.1,0
Tamil Nadu,5,10.2,21.6,1006.4,59.5,10.8,158.4,11.1,78.7,0.882,18.76,4.14,14.53,15.1,4.9,0
Tamil Nadu,5,11.0,30.5,1005.9,64.2,19.3,303.7,11.1,78.7,0.766,20.0,2.77,11.51,6.3,4.7,0
Tamil Nadu,5,18.0,31.2,1010.8,71.7,14.7,142.0,11.1,78.7,1.066,10.33,3.5,13.62,43.4,25.3,1
Tamil Nadu,5,13.1,27.2,1001.6,62.1,17.5,171.2,11.1,78.7,0.767,13.32,4.38,7.54,33.0,19.9,1
Tamil Nadu,5,0.3,29.5,1009.5,73.8,15.3,135.2,11.1,78.7,0.911,19.85,6.46,9.08,0.0,0.3,0
Tamil Nadu,5,0.0,21.0,1002.0,54.2,11.9,303.5,11.1,78.7,0.951,14.02,3.66,18.42,13.1,13.1,0
Tamil Nadu,5,20.5,28.7,1006.6,87.5,13.1,155.0,11.1,78.7,0.496,13.97,3.64,13.84,13.9,6.6,0
Tamil Nadu,5,18.8,25.8,1002.5,56.1,13.1,47.8,11.1,78.7,0.787,13.18,4.13,11.42,10.6,8.2,0
Tamil Nadu,5,19.3,35.5,1007.3,52.9,21.3,216.2,11.1,78.7,1.112,16.34,3.36,9.7,40.1,20.8,1
Tamil Nadu,5,41.2,24.6,995.4,67.3,9.5,18.6,11.1,78.7,0.778,18.15,3.36,12.79,44.3,3.1,0
Tamil Nadu,5,0.0,30.4,1005.7,54.9,10.4,233.6,11.1,78.7,0.835,19.09,4.82,8.87,0.0,0.0,0
Tamil Nadu,5,19.8,30.8,1007.0,74.1,9.0,8.4,11.1,78.7,0.641,19.3,3.21,18.56,17.4,2.4,0
Tamil Nadu,5,29.6,26.3,1014.7,80.5,12.4,185.6,11.1,78.7,1.08,17.73,3.2,12.59,26.8,2.8,0
Tamil Nadu,5,20.2,25.1,1009.9,49.6,8.4,123.5,11.1,78.7,0.794,10.46,3.24,14.72,36.1,15.9,0
Tamil Nadu,5,0.0,25.9,1014.4,71.4,16.0,37.6,11.1,78.7,0.634,17.37,4.87,12.71,0.0,0.0,0
Tamil Nadu,5,17.4,23.7,1011.1,53.1,9.9,75.1,11.1,78.7,0.884,14.58,2.25,12.25,14.9,2.5,0
Tamil Nadu,5,25.0,26.2,999.2,53.7,11.9,95.0,11.1,78.7,0.593,13.48,5.25,15.71,32.0,7.0,0
Tamil Nadu,5,14.0,25.8,1010.7,64.3,18.6,34.9,11.1,78.7,0.908,14.52,3.8,7.45,18.7,4.8,0
Tamil Nadu,5,16.9,22.7,1019.8,73.1,9.8,217.3,11.1,78.7,0.726,19.83,4.41,11.0,17.0,0.2,0
Tamil Nadu,5,38.7,31.8,1007.4,47.0,15.5,288.8,11.1,78.7,0.933,13.66,3.57,10.47,57.0,18.2,0
Tamil Nadu,5,0.0,31.2,1009.7,66.8,11.8,247.8,11.1,78.7,0.738,14.72,4.38,17.54,0.0,0.0,0
Tamil Nadu,5,25.3,27.7,1006.9,52.2,5.2,17.0,11.1,78.7,0.572,20.58,3.08,14.04,21.6,3.7,0
Tamil Nadu,5,9.1,24.6,1010.2,74.7,12.4,144.1,11.1,78.7,0.828,11.18,4.75,11.48,0.0,9.1,0
Tamil Nadu,5,12.4,21.5,1001.8,65.0,13.6,208.9,11.1,78.7,0.931,16.05,3.79,12.51,32.9,20.5,1
Tamil Nadu,5,0.0,33.4,1004.9,59.7,12.0,307.4,11.1,78.7,0.618,19.9,4.49,6.63,12.1,12.1,0
Tamil Nadu,5,25.7,22.3,1008.9,73.7,6.0,277.9,11.1,78.7,0.691,18.68,3.18,15.51,26.8,1.1,0
Tamil Nadu,5,9.2,25.4,1012.4,60.3,19.3,278.6,11.1,78.7,0.548,16.62,4.36,8.13,12.6,3.4,0
Tamil Nadu,6,27.8,32.6,1013.4,91.9,14.4,39.4,11.1,78.7,0.791,25.78,3.68,19.2,55.9,28.2,1
Tamil Nadu,6,8.6,32.2,1010.3,63.9,13.7,252.3,11.1,78.7,0.984,24.22,5.44,11.37,24.7,16.1,0
Tamil Nadu,6,0.0,26.6,1006.5,74.6,23.3,149.2,11.1,78.7,0.84,15.45,5.75,13.1,0.0,0.0,0
Tamil Nadu,6,33.6,32.8,1003.2,53.0,13.9,357.4,11.1,78.7,0.657,14.08,6.01,15.63,71.2,37.6,1
Tamil Nadu,6,10.7,33.4,1010.5,62.4,13.7,287.0,11.1,78.7,0.964,22.19,4.31,16.23,33.9,23.2,1
Tamil Nadu,6,41.5,23.4,1007.8,75.1,9.0,269.0,11.1,78.7,0.907,16.59,4.54,12.27,76.5,35.0,1
Tamil Nadu,6,13.3,30.4,1010.6,51.1,21.7,177.6,11.1,78.7,0.943,22.47,4.69,16.33,0.0,13.3,0
Tamil Nadu,6,31.7,28.8,1009.0,59.6,13.3,141.8,11.1,78.7,0.684,19.67,6.64,9.42,42.5,10.8,0
Tamil Nadu,6,13.9,26.0,1008.4,68.9,15.3,341.4,11.1,78.7,1.13,18.56,5.46,17.32,0.0,13.9,0
Tamil Nadu,6,29.0,27.4,1013.1,60.0,19.1,264.9,11.1,78.7,0.992,19.38,4.56,10.58,29.9,0.9,0
Tamil Nadu,6,33.2,34.1,1017.8,73.3,15.7,266.4,11.1,78.7,1.298,20.32,4.85,12.85,38.8,5.6,0
Tamil Nadu,6,25.5,25.1,1004.9,67.4,12.1,28.1,11.1,78.7,1.047,19.29,5.34,14.03,0.0,25.5,1
Tamil Nadu,6,7.3,30.9,1003.8,76.6,19.0,144.4,11.1,78.7,0.794,18.28,4.7,15.56,0.0,7.3,0
Tamil Nadu,6,9.4,24.1,995.4,63.1,6.9,172.6,11.1,78.7,0.814,20.05,4.45,8.61,19.0,9.6,0
Tamil Nadu,6,54.8,32.4,1011.4,66.0,11.9,238.7,11.1,78.7,0.96,13.7,5.01,11.69,37.1,17.7,0
Tamil Nadu,6,10.2,33.1,1008.7,32.5,11.0,44.2,11.1,78.7,0.852,20.34,4.28,14.23,15.8,5.6,0
Tamil Nadu,6,10.6,30.4,1015.7,71.8,14.9,210.3,11.1,78.7,1.1,16.2,5.42,15.97,30.8,20.1,1
Tamil Nadu,6,34.4,32.0,1001.7,59.4,7.5,164.3,11.1,78.7,1.217,14.3,3.4,13.51,31.5,2.9,0
Tamil Nadu,6,52.5,27.0,1010.2,60.2,6.1,28.8,11.1,78.7,0.768,15.34,2.83,14.09,52.5,0.0,0
Tamil Nadu,6,0.0,28.5,1011.8,80.0,2.3,289.6,11.1,78.7,0.638,15.63,6.42,11.5,0.0,0.0,0
Tamil Nadu,6,8.0,34.6,996.5,62.4,10.1,131.1,11.1,78.7,1.132,11.03,4.2,13.44,4.5,3.5,0
Tamil Nadu,6,0.0,27.4,1004.2,76.1,17.0,89.4,11.1,78.7,0.934,20.6,4.32,18.82,5.7,5.7,0
Tamil Nadu,6,18.5,30.3,1004.8,63.0,17.1,255.9,11.1,78.7,1.031,17.92,5.07,16.56,9.7,8.8,0
Tamil Nadu,6,20.0,16.5,1011.7,60.2,10.6,10.8,11.1,78.7,1.036,27.81,2.89,11.13,29.3,9.3,0
Tamil Nadu,6,9.5,31.4,1007.2,76.9,13.2,250.9,11.1,78.7,0.721,25.99,2.71,11.56,0.0,9.5,0
Tamil Nadu,6,31.5,30.3,1001.9,78.0,10.9,280.3,11.1,78.7,1.036,17.26,5.84,13.25,42.3,10.9,0
Tamil Nadu,6,16.0,20.6,1007.4,59.3,21.4,179.2,11.1,78.7,1.157,17.52,5.24,9.54,18.7,2.7,0
Tamil Nadu,6,10.4,36.5,1004.6,79.5,20.2,89.1,11.1,78.7,0.793,25.46,7.16,14.78,8.8,1.6,0
Tamil Nadu,6,7.6,30.0,1008.3,69.8,7.7,45.7,11.1,78.7,1.141,21.5,4.25,13.35,0.0,7.6,0
Tamil Nadu,6,10.4,26.7,1011.2,60.9,9.2,239.8,11.1,78.7,0.827,14.88,5.72,15.06,12.5,2.1,0
Tamil Nadu,6,14.9,29.6,1010.7,70.1,15.0,206.8,11.1,78.7,0.803,17.55,3.6,10.45,18.5,3.6,0
Tamil Nadu,6,34.2,19.8,1006.0,70.7,19.8,347.5,11.1,78.7,0.86,26.13,5.3,16.12,24.8,9.4,0
Tamil Nadu,6,26.5,31.7,1004.6,41.9,15.1,321.4,11.1,78.7,1.181,16.09,3.9,10.17,24.9,1.5,0
Tamil Nadu,6,58.4,21.8,1001.3,67.5,24.3,25.7,11.1,78.7,1.222,16.7,3.08,12.33,64.0,5.6,0
Tamil Nadu,6,20.1,27.2,1011.0,60.9,9.8,250.0,11.1,78.7,0.953,18.66,6.06,18.32,9.3,10.8,0
Tamil Nadu,6,20.3,27.3,1000.3,62.7,22.2,109.3,11.1,78.7,0.752,18.03,5.84,12.77,26.5,6.3,0
Tamil Nadu,6,0.0,30.4,1009.1,76.8,5.1,185.6,11.1,78.7,1.105,16.01,4.81,12.45,1.4,1.4,0
Tamil Nadu,6,36.8,22.4,1007.7,70.5,19.1,272.2,11.1,78.7,1.106,18.02,4.89,13.92,52.4,15.6,0
Tamil Nadu,6,27.8,23.6,1009.1,73.4,21.7,124.5,11.1,78.7,1.02,16.85,4.98,10.46,33.7,5.9,0
Tamil Nadu,6,24.5,24.2,1015.2,52.6,17.1,304.7,11.1,78.7,0.861,20.16,5.61,13.36,26.4,1.9,0
Tamil Nadu,7,30.0,31.8,1014.9,55.6,13.8,133.9,11.1,78.7,0.725,17.15,6.24,13.53,30.0,0.0,0
Tamil Nadu,7,26.2,25.3,998.0,61.0,14.2,294.1,11.1,78.7,0.957,21.78,6.31,18.34,34.5,8.3,0
Tamil Nadu,7,5.5,23.0,1002.2,57.8,15.3,125.7,11.1,78.7,1.041,19.63,6.35,12.49,27.3,21.9,1
Tamil Nadu,7,35.8,28.2,1018.5,79.7,15.0,319.1,11.1,78.7,0.912,19.45,5.08,14.02,38.0,2.3,0
Tamil Nadu,7,4.7,25.7,1000.0,72.6,15.2,186.5,11.1,78.7,1.176,16.51,4.35,10.53,27.0,22.4,1
Tamil Nadu,7,30.6,33.3,1015.9,64.3,11.2,133.4,11.1,78.7,0.779,18.67,2.73,11.74,34.0,3.4,0
Tamil Nadu,7,34.7,25.1,1008.6,87.1,5.8,176.3,11.1,78.7,1.075,25.03,6.36,12.99,41.2,6.5,0
Tamil Nadu,7,0.8,25.9,1008.1,71.5,18.7,263.1,11.1,78.7,0.911,24.55,5.52,11.05,4.0,3.2,0
Tamil Nadu,7,23.5,24.6,1002.8,57.8,12.1,114.2,11.1,78.7,1.244,10.16,5.33,16.56,16.6,7.0,0
Tamil Nadu,7,18.5,26.6,1007.6,75.1,17.7,13.6,11.1,78.7,0.698,20.63,4.41,13.39,26.0,7.5,0
Tamil Nadu,7,15.6,29.2,1020.6,75.4,21.5,324.0,11.1,78.7,1.014,22.07,5.77,17.56,22.5,7.0,0
Tamil Nadu,7,3.0,22.1,1010.3,57.2,18.2,76.0,11.1,78.7,0.954,24.81,5.51,15.05,9.8,6.8,0
Tamil Nadu,7,9.9,24.1,999.8,61.2,25.5,132.3,11.1,78.7,0.763,16.75,4.29,15.78,5.3,4.6,0
Tamil Nadu,7,19.0,24.6,1005.6,67.9,14.1,306.2,11.1,78.7,0.993,19.13,2.2,15.7,0.0,19.0,1
Tamil Nadu,7,29.8,28.5,1012.0,62.2,14.9,162.2,11.1,78.7,0.812,22.41,5.88,14.57,58.3,28.5,1
Tamil Nadu,7,29.3,21.3,1012.9,61.9,18.8,233.2,11.1,78.7,0.47,22.39,4.93,13.6,25.8,3.5,0
Tamil Nadu,7,33.2,24.3,1013.6,53.3,16.3,291.2,11.1,78.7,1.148,20.7,4.95,13.33,21.8,11.4,0
Tamil Nadu,7,12.0,24.1,1002.4,86.5,6.2,177.1,11.1,78.7,0.751,15.88,3.95,11.64,30.3,18.3,0
Tamil Nadu,7,30.3,27.0,1021.5,68.3,15.1,152.6,11.1,78.7,0.837,17.84,6.22,16.69,54.7,24.4,1
Tamil Nadu,7,11.5,30.3,1009.5,72.8,10.5,214.2,11.1,78.7,1.106,23.46,4.46,16.8,36.1,24.6,1
Tamil Nadu,7,16.6,22.2,1001.4,61.7,12.6,270.8,11.1,78.7,0.995,18.88,6.02,12.69,41.5,24.9,1
Tamil Nadu,7,35.4,31.4,1004.7,67.3,18.4,96.0,11.1,78.7,0.859,17.01,4.37,11.49,83.5,48.1,1
Tamil Nadu,7,0.0,24.0,1011.0,61.7,13.0,201.8,11.1,78.7,1.205,18.87,6.31,9.88,0.0,0.0,0
Tamil Nadu,7,29.0,35.8,1003.2,57.1,16.5,136.1,11.1,78.7,0.855,15.1,4.58,16.54,29.1,0.1,0
Tamil Nadu,7,38.7,27.4,1011.0,71.3,12.8,122.1,11.1,78.7,0.755,17.75,4.7,16.12,52.7,14.0,0
Tamil Nadu,7,10.1,24.1,1008.4,53.1,19.8,56.7,11.1,78.7,0.764,15.21,5.58,15.83,3.2,6.9,0
Tamil Nadu,7,20.2,23.4,1006.7,83.3,25.5,184.6,11.1,78.7,1.085,21.54,3.13,11.53,0.0,20.2,1
Tamil Nadu,7,28.3,35.7,1013.3,68.9,14.3,330.6,11.1,78.7,1.21,20.83,5.27,11.67,44.6,16.3,0
Tamil Nadu,7,19.7,29.5,1013.0,52.2,13.3,23.5,11.1,78.7,0.893,15.5,4.33,11.68,37.4,17.7,0
Tamil Nadu,7,27.3,29.2,998.4,88.0,12.8,313.3,11.1,78.7,1.148,19.04,7.65,16.68,30.7,3.5,0
Tamil Nadu,7,16.2,32.1,1005.3,64.7,11.8,128.5,11.1,78.7,0.86,27.06,6.41,15.68,13.2,3.0,0
Tamil Nadu,7,13.9,26.5,1016.9,71.4,18.5,53.6,11.1,78.7,0.821,20.38,3.91,18.56,7.6,6.3,0
Tamil Nadu,7,13.6,31.2,1004.5,66.3,1.6,142.6,11.1,78.7,1.117,17.46,5.87,14.93,36.6,23.0,1
Tamil Nadu,7,11.3,27.0,1000.7,67.6,12.7,70.3,11.1,78.7,0.873,18.27,4.39,15.06,46.3,35.0,1
Tamil Nadu,7,0.0,27.8,1013.9,63.4,17.4,129.3,11.1,78.7,0.943,17.36,6.32,16.46,4.7,4.7,0
Tamil Nadu,7,30.6,31.8,1007.7,71.6,17.4,58.2,11.1,78.7,1.236,15.84,5.04,17.28,22.2,8.4,0
Tamil Nadu,7,34.4,28.7,1014.6,74.6,14.0,186.6,11.1,78.7,1.052,28.06,5.3,14.56,37.8,3.4,0
Tamil Nadu,7,24.6,23.4,1006.1,58.4,10.4,58.0,11.1,78.7,1.004,17.0,5.02,14.24,31.4,6.8,0
Tamil Nadu,7,0.1,23.6,1000.8,59.5,11.2,167.5,11.1,78.7,1.151,27.33,6.19,13.28,10.2,10.1,0
Tamil Nadu,7,20.9,25.5,1014.6,88.6,7.4,34.5,11.1,78.7,0.88,18.92,5.54,19.62,30.4,9.5,0
Tamil Nadu,8,29.7,31.2,1013.1,74.1,20.3,84.9,11.1,78.7,0.738,29.0,4.4,14.67,28.7,1.0,0
Tamil Nadu,8,16.5,24.9,1010.3,73.7,18.3,260.2,11.1,78.7,1.001,20.02,6.99,14.71,13.7,2.8,0
Tamil Nadu,8,37.1,27.7,1005.5,64.0,20.8,176.7,11.1,78.7,1.132,17.03,5.94,15.63,29.1,8.1,0
Tamil Nadu,8,15.1,30.6,1014.2,58.4,10.5,335.7,11.1,78.7,1.003,23.91,5.14,18.0,0.0,15.1,0
Tamil Nadu,8,31.6,19.4,1012.6,68.7,17.4,31.8,11.1,78.7,0.744,27.16,6.05,18.54,23.1,8.5,0
Tamil Nadu,8,27.2,22.6,1008.7,59.6,40.2,200.1,11.1,78.7,1.351,20.7,6.13,18.99,17.8,9.4,0
Tamil Nadu,8,14.0,31.7,1006.9,61.5,12.0,34.3,11.1,78.7,0.693,14.91,5.7,18.29,59.2,45.1,1
Tamil Nadu,8,23.1,22.7,1007.9,76.0,20.4,62.3,11.1,78.7,1.199,22.08,6.53,12.72,0.0,23.1,1
Tamil Nadu,8,53.9,27.6,1010.7,41.0,22.9,214.3,11.1,78.7,0.772,20.43,5.97,12.48,66.5,12.6,0
Tamil Nadu,8,38.8,29.1,1000.2,58.6,14.6,326.9,11.1,78.7,1.039,20.64,3.49,18.69,55.2,16.4,0
Tamil Nadu,8,31.3,29.5,1006.6,62.9,10.1,31.7,11.1,78.7,1.081,15.05,5.61,10.02,41.8,10.5,0
Tamil Nadu,8,25.8,25.6,1003.3,74.6,14.8,177.9,11.1,78.7,1.326,17.94,4.07,20.35,51.0,25.2,1
Tamil Nadu,8,17.7,22.8,1003.5,64.6,21.3,353.5,11.1,78.7,1.118,24.3,5.4,13.65,0.0,17.7,0
Tamil Nadu,8,28.4,31.4,1005.4,80.9,13.3,93.2,11.1,78.7,1.041,26.64,6.24,16.1,35.9,7.5,0
Tamil Nadu,8,6.6,18.9,1005.3,67.1,17.9,187.4,11.1,78.7,0.991,9.91,6.28,16.91,25.8,19.2,1
Tamil Nadu,8,24.1,32.4,1005.2,68.6,16.4,18.1,11.1,78.7,1.168,23.61,5.97,15.69,45.8,21.7,1
Tamil Nadu,8,0.0,25.3,1016.0,62.3,14.8,299.8,11.1,78.7,1.06,18.36,7.09,15.4,2.8,2.8,0
Tamil Nadu,8,0.0,27.3,1011.4,64.7,8.8,115.6,11.1,78.7,0.962,20.68,5.03,21.27,10.7,10.7,0
Tamil Nadu,8,0.0,28.1,1007.8,80.9,14.4,290.4,11.1,78.7,1.457,17.42,6.61,16.46,0.6,0.6,0
Tamil Nadu,8,14.4,33.2,1010.3,75.0,19.6,140.9,11.1,78.7,0.873,15.41,7.5,16.9,20.9,6.5,0
Tamil Nadu,8,49.7,23.5,995.4,50.9,12.5,138.9,11.1,78.7,1.363,25.07,2.58,24.67,51.2,1.5,0
Tamil Nadu,8,41.4,30.0,1008.0,66.6,9.6,105.9,11.1,78.7,1.052,16.14,7.63,16.56,81.8,40.4,1
Tamil Nadu,8,17.5,25.4,1011.0,66.4,20.1,356.5,11.1,78.7,1.197,27.45,6.97,20.37,37.9,20.5,1
Tamil Nadu,8,15.8,32.4,1011.5,62.8,12.7,182.3,11.1,78.7,1.307,22.16,5.64,15.79,17.9,2.1,0
Tamil Nadu,8,7.0,31.0,1002.9,69.7,13.2,200.4,11.1,78.7,1.016,17.67,6.84,13.79,15.6,8.6,0
Tamil Nadu,8,42.1,24.9,1007.5,64.7,15.9,93.8,11.1,78.7,1.269,19.21,7.18,21.09,53.9,11.8,0
Tamil Nadu,8,12.4,27.6,1007.4,86.7,14.7,176.1,11.1,78.7,1.107,21.88,5.22,15.49,33.5,21.1,1
Tamil Nadu,8,13.2,31.6,1015.2,63.1,21.2,37.5,11.1,78.7,1.259,19.15,5.51,15.91,54.8,41.6,1
Tamil Nadu,8,23.6,27.1,1002.3,59.3,11.8,198.4,11.1,78.7,0.8,19.03,3.42,20.48,30.1,6.5,0
Tamil Nadu,8,28.2,23.4,1013.8,84.0,15.5,196.2,11.1,78.7,1.195,24.64,6.69,18.26,51.1,22.9,1
Tamil Nadu,8,13.8,31.4,1005.7,43.9,12.9,23.4,11.1,78.7,1.133,25.05,5.88,22.3,12.0,1.7,0
Tamil Nadu,8,0.0,28.9,1005.3,58.1,13.7,254.6,11.1,78.7,0.948,27.79,5.8,15.48,31.7,31.7,1
Tamil Nadu,8,19.5,22.9,1001.4,68.2,7.0,218.8,11.1,78.7,1.009,26.22,7.2,18.25,25.5,6.0,0
Tamil Nadu,8,15.5,29.4,1016.9,70.4,12.9,275.4,11.1,78.7,1.031,23.89,4.73,17.49,31.0,15.4,0
Tamil Nadu,8,28.7,23.5,1007.3,63.7,14.8,241.9,11.1,78.7,1.333,22.44,3.71,12.28,56.3,27.6,1
Tamil Nadu,8,21.1,26.2,1013.6,67.5,9.2,76.8,11.1,78.7,1.21,29.81,6.66,15.13,24.7,3.6,0
Tamil Nadu,8,24.4,19.7,1008.1,74.8,24.1,260.9,11.1,78.7,1.471,28.42,7.32,16.35,38.9,14.4,0
Tamil Nadu,8,0.0,28.3,1010.8,66.2,7.5,69.9,11.1,78.7,1.166,28.58,6.54,20.38,25.9,25.9,1
Tamil Nadu,8,13.9,25.8,1005.9,59.3,24.0,48.6,11.1,78.7,1.177,16.37,6.63,15.04,41.5,27.6,1
Tamil Nadu,8,13.9,33.1,1012.7,64.3,22.3,344.3,11.1,78.7,1.183,17.72,6.61,16.47,21.8,7.9,0
Tamil Nadu,9,26.7,27.5,1003.7,54.3,7.0,165.8,11.1,78.7,0.686,26.33,6.71,16.66,48.8,22.2,1
Tamil Nadu,9,21.9,29.3,998.2,47.1,14.4,293.4,11.1,78.7,1.361,22.71,6.4,19.93,27.8,5.9,0
Tamil Nadu,9,34.1,23.1,999.7,64.2,19.5,56.9,11.1,78.7,1.301,19.32,5.4,18.29,30.2,3.9,0
Tamil Nadu,9,18.4,17.2,1012.2,68.3,10.9,350.7,11.1,78.7,1.013,21.36,4.95,20.88,49.7,31.3,1
Tamil Nadu,9,44.8,32.9,1005.0,86.2,14.6,35.5,11.1,78.7,1.086,24.73,5.33,18.01,60.8,15.9,0
Tamil Nadu,9,31.5,30.3,1007.1,62.2,8.2,47.6,11.1,78.7,1.064,22.95,3.62,13.01,46.9,15.3,0
Tamil Nadu,9,2.1,26.9,1003.8,60.6,16.0,135.9,11.1,78.7,1.28,19.02,5.04,20.94,5.8,3.7,0
Tamil Nadu,9,30.9,25.7,1010.3,44.6,21.4,196.0,11.1,78.7,0.921,19.17,5.78,17.24,38.9,8.0,0
Tamil Nadu,9,8.4,31.1,1005.4,63.8,14.5,286.4,11.1,78.7,1.164,21.25,5.71,21.23,34.0,25.5,1
Tamil Nadu,9,30.9,28.2,1019.6,74.1,16.5,3.3,11.1,78.7,1.243,11.24,7.33,13.75,25.7,5.2,0
Tamil Nadu,9,5.5,24.7,1006.3,78.4,22.0,33.7,11.1,78.7,1.192,22.55,7.04,15.01,0.0,5.5,0
Tamil Nadu,9,20.3,27.5,997.7,80.2,16.8,345.5,11.1,78.7,0.857,20.76,5.24,16.96,24.9,4.6,0
Tamil Nadu,9,38.1,28.0,1004.3,91.4,14.3,208.4,11.1,78.7,0.794,23.79,6.93,14.15,53.9,15.7,0
Tamil Nadu,9,26.8,20.6,1011.1,66.8,10.0,341.1,11.1,78.7,1.359,18.83,6.45,18.18,33.8,7.0,0
Tamil Nadu,9,18.2,27.1,1012.7,73.6,6.0,120.6,11.1,78.7,0.8,17.99,5.19,16.21,21.8,3.6,0
Tamil Nadu,9,25.1,27.5,1013.7,52.7,17.3,22.9,11.1,78.7,0.919,25.56,6.55,17.44,0.0,25.1,1
Tamil Nadu,9,39.5,28.6,1010.0,35.6,12.9,172.9,11.1,78.7,1.43,19.0,7.88,20.43,52.0,12.5,0
Tamil Nadu,9,42.0,23.9,1004.2,78.7,10.9,86.0,11.1,78.7,1.107,19.9,8.34,19.89,38.5,3.5,0
Tamil Nadu,9,11.2,29.0,1013.9,72.4,10.8,172.3,11.1,78.7,1.096,24.69,5.54,20.59,27.0,15.8,0
Tamil Nadu,9,29.0,29.7,1001.1,64.5,10.4,10.2,11.1,78.7,0.966,23.75,5.9,19.37,13.8,15.2,0
Tamil Nadu,9,32.1,23.4,1003.2,68.1,21.6,336.8,11.1,78.7,0.816,19.64,5.64,23.18,43.8,11.7,0
Tamil Nadu,9,14.8,27.1,1015.9,67.1,14.5,242.4,11.1,78.7,1.31,21.32,7.15,20.76,33.4,18.6,1
Tamil Nadu,9,22.4,22.1,1006.9,62.8,11.7,190.0,11.1,78.7,1.267,20.93,4.45,14.69,59.7,37.3,1
Tamil Nadu,9,33.5,23.8,1014.4,67.1,27.0,232.7,11.1,78.7,1.284,26.77,7.88,16.25,65.8,32.3,1
Tamil Nadu,9,16.6,26.2,1008.0,78.7,13.9,307.3,11.1,78.7,1.436,23.58,4.94,20.57,0.0,16.6,0
Tamil Nadu,9,36.3,24.4,1014.3,55.6,12.3,33.7,11.1,78.7,1.292,20.92,5.7,20.43,61.7,25.4,1
Tamil Nadu,9,20.6,25.2,1001.2,72.0,19.7,189.9,11.1,78.7,0.986,30.57,3.58,20.2,30.3,9.7,0
Tamil Nadu,9,32.4,24.5,1007.2,72.4,15.2,296.2,11.1,78.7,1.514,26.02,6.14,17.87,71.0,38.7,1
Tamil Nadu,9,14.9,23.8,1012.3,74.1,10.6,27.9,11.1,78.7,1.23,19.83,6.69,18.59,20.8,5.8,0
Tamil Nadu,9,31.2,30.2,1012.6,70.6,14.2,94.3,11.1,78.7,1.409,25.94,5.71,17.73,68.9,37.7,1
Tamil Nadu,9,36.4,28.3,1013.7,64.1,17.2,356.3,11.1,78.7,1.302,29.91,6.0,16.14,64.6,28.2,1
Tamil Nadu,9,0.0,28.4,1013.2,75.1,5.1,203.0,11.1,78.7,1.148,25.32,6.72,17.55,19.7,19.7,1
Tamil Nadu,9,31.9,27.1,1010.7,63.0,18.8,35.0,11.1,78.7,1.269,25.28,5.74,19.47,66.6,34.7,1
Tamil Nadu,9,10.9,31.5,1013.4,67.4,19.6,339.7,11.1,78.7,1.422,12.47,7.83,14.23,21.0,10.1,0
Tamil Nadu,9,13.9,33.6,1006.9,64.1,21.2,342.0,11.1,78.7,1.104,19.46,4.75,21.39,27.9,14.0,0
Tamil Nadu,9,28.1,29.6,998.3,66.3,14.1,28.9,11.1,78.7,0.877,27.64,8.25,12.41,33.7,5.6,0
Tamil Nadu,9,32.8,31.1,997.2,72.9,14.5,329.1,11.1,78.7,1.585,22.56,6.64,17.21,46.6,13.7,0
Tamil Nadu,9,33.6,31.2,1004.1,71.0,16.5,35.4,11.1,78.7,0.98,26.99,5.55,25.4,56.4,22.8,1
Tamil Nadu,9,32.1,33.7,1011.9,71.3,8.5,199.8,11.1,78.7,1.451,21.05,3.91,14.36,71.7,39.6,1
Tamil Nadu,9,26.8,33.5,1008.1,64.5,26.3,326.0,11.1,78.7,1.121,25.27,5.75,19.9,41.3,14.6,0
Tamil Nadu,10,34.5,25.0,999.7,61.7,12.3,319.7,11.1,78.7,1.095,19.29,5.17,20.03,54.0,19.5,1
Tamil Nadu,10,20.2,25.9,1011.1,71.7,21.9,230.5,11.1,78.7,1.091,29.5,6.18,16.5,43.6,23.4,1
Tamil Nadu,10,48.4,28.2,1003.0,85.3,17.9,187.4,11.1,78.7,1.177,29.67,5.22,15.25,91.2,42.8,1
Tamil Nadu,10,15.1,31.3,1014.9,72.1,11.6,351.2,11.1,78.7,1.536,26.52,5.65,19.78,0.0,15.1,0
Tamil Nadu,10,13.5,26.5,1008.3,58.0,17.2,150.4,11.1,78.7,1.215,16.52,6.68,24.31,29.4,15.9,0
Tamil Nadu,10,27.7,26.0,1010.9,72.1,19.5,75.0,11.1,78.7,1.282,23.31,7.0,13.03,28.0,0.3,0
Tamil Nadu,10,35.3,30.3,1007.8,48.4,19.2,221.9,11.1,78.7,1.09,23.45,7.52,21.36,62.6,27.2,1
Tamil Nadu,10,42.1,21.4,1005.6,76.3,15.6,323.9,11.1,78.7,1.232,23.41,6.26,15.5,35.9,6.3,0
Tamil Nadu,10,26.5,27.3,1010.8,67.1,24.4,214.2,11.1,78.7,1.157,25.94,8.01,16.94,19.4,7.2,0
Tamil Nadu,10,46.2,30.3,1013.4,73.2,14.7,173.6,11.1,78.7,1.285,30.08,8.04,22.08,68.8,22.6,1
Tamil Nadu,10,59.3,21.3,1009.2,60.6,23.8,261.9,11.1,78.7,1.459,23.35,7.05,18.54,67.8,8.5,0
Tamil Nadu,10,32.3,31.2,1007.5,78.9,21.2,101.0,11.1,78.7,1.635,28.13,6.03,20.71,61.7,29.4,1
Tamil Nadu,10,36.0,28.3,990.7,60.3,19.4,300.4,11.1,78.7,1.36,28.69,6.41,13.57,30.3,5.7,0
Tamil Nadu,10,37.4,32.5,997.6,70.8,8.7,317.6,11.1,78.7,1.226,34.59,5.9,22.01,63.8,26.4,1
Tamil Nadu,10,24.7,28.0,1008.0,62.6,11.8,214.8,11.1,78.7,1.03,23.15,6.32,19.35,39.3,14.5,0
Tamil Nadu,10,24.7,24.4,1010.1,77.9,13.6,66.7,11.1,78.7,1.168,24.43,7.92,20.95,31.6,6.9,0
Tamil Nadu,10,54.9,27.4,1015.1,82.2,21.8,322.4,11.1,78.7,1.281,25.17,7.57,16.5,57.6,2.7,0
Tamil Nadu,10,51.5,30.0,1012.8,57.8,13.8,324.4,11.1,78.7,1.249,20.25,7.46,22.1,53.6,2.1,0
Tamil Nadu,10,39.0,35.6,1015.6,67.6,10.5,188.6,11.1,78.7,1.727,30.5,6.54,23.55,71.4,32.4,1
Tamil Nadu,10,0.2,31.7,1008.6,61.3,16.5,70.7,11.1,78.7,1.099,24.67,6.15,21.25,1.1,0.9,0
Tamil Nadu,10,3.0,25.7,1003.3,57.1,21.9,105.5,11.1,78.7,1.064,20.07,6.43,14.89,4.8,1.8,0
Tamil Nadu,10,28.5,28.7,1009.7,62.2,16.4,129.6,11.1,78.7,0.838,26.45,5.14,23.08,49.0,20.4,1
Tamil Nadu,10,38.8,24.1,1009.3,73.8,4.1,145.4,11.1,78.7,1.38,19.5,7.27,19.16,73.2,34.3,1
Tamil Nadu,10,21.6,28.2,1009.7,41.9,14.2,48.4,11.1,78.7,0.786,27.85,6.65,19.1,39.9,18.3,0
Tamil Nadu,10,21.6,27.7,1012.3,70.6,6.8,139.8,11.1,78.7,1.27,28.75,6.14,15.93,10.8,10.8,0
Tamil Nadu,10,48.3,28.7,1015.0,85.4,12.3,212.4,11.1,78.7,1.232,27.61,4.87,20.23,63.3,15.0,0
Tamil Nadu,10,11.3,23.1,1010.2,90.7,14.5,9.4,11.1,78.7,1.137,26.1,5.8,18.09,64.3,53.0,1
Tamil Nadu,10,29.1,21.2,1011.2,81.3,19.4,95.5,11.1,78.7,1.074,21.58,6.32,17.76,25.0,4.1,0
Tamil Nadu,10,45.0,31.2,1014.3,62.1,11.4,272.0,11.1,78.7,1.341,25.44,6.97,23.62,48.9,3.9,0
Tamil Nadu,10,39.1,29.6,1008.5,77.6,12.2,291.2,11.1,78.7,1.344,18.6,7.16,15.48,75.8,36.7,1
Tamil Nadu,10,21.8,33.3,1006.9,67.5,20.3,273.6,11.1,78.7,1.244,23.54,6.08,25.94,0.0,21.8,1
Tamil Nadu,10,10.2,32.2,1013.5,60.8,7.2,245.3,11.1,78.7,1.048,23.19,6.67,15.65,33.9,23.7,1
Tamil Nadu,10,27.8,24.0,1004.0,83.0,14.6,325.1,11.1,78.7,1.256,18.13,7.45,22.09,70.1,42.3,1
Tamil Nadu,10,0.1,14.9,1011.2,64.0,8.8,183.6,11.1,78.7,1.168,20.05,6.45,20.56,10.4,10.3,0
Tamil Nadu,10,30.1,29.3,999.5,69.5,17.2,304.9,11.1,78.7,1.092,22.17,6.2,21.61,65.5,35.4,1
Tamil Nadu,10,46.6,21.3,1003.3,76.6,22.5,263.9,11.1,78.7,1.294,20.62,6.88,16.93,57.8,11.2,0
Tamil Nadu,10,10.1,21.0,1023.5,70.7,26.7,221.8,11.1,78.7,0.93,26.6,5.0,17.98,0.0,10.1,0
Tamil Nadu,10,4.8,24.1,1005.3,70.4,10.8,228.0,11.1,78.7,1.485,26.25,6.47,19.89,0.0,4.8,0
Tamil Nadu,10,41.2,22.7,1015.8,77.7,18.8,284.4,11.1,78.7,1.257,22.01,5.42,24.12,50.7,9.5,0
Tamil Nadu,10,11.5,29.6,1009.7,66.7,11.5,328.5,11.1,78.7,1.447,26.44,6.64,16.52,29.2,17.7,0
Karnataka,1,2.8,23.8,1013.6,55.2,2.9,26.9,15.3,75.7,0.091,7.24,1.19,4.43,18.0,15.2,0
Karnataka,1,9.9,30.3,1012.0,59.0,17.8,51.8,15.3,75.7,0.591,5.9,3.03,6.57,20.9,11.0,0
Karnataka,1,4.1,37.0,1009.7,64.2,11.2,180.3,15.3,75.7,0.314,11.47,2.49,12.43,3.1,1.0,0
Karnataka,1,9.6,27.1,1017.3,51.0,12.9,279.0,15.3,75.7,0.214,19.37,1.38,6.7,22.0,12.4,0
Karnataka,1,6.2,29.4,1006.3,65.0,17.8,98.1,15.3,75.7,0.0,8.67,2.58,7.19,5.0,1.2,0
Karnataka,1,0.0,27.9,1016.8,65.1,15.7,342.4,15.3,75.7,0.382,4.8,4.05,1.93,4.7,4.7,0
Karnataka,1,15.7,30.0,996.3,45.3,13.0,34.5,15.3,75.7,0.311,7.1,1.24,2.92,17.6,1.9,0
Karnataka,1,0.0,26.8,1004.7,65.3,24.3,202.9,15.3,75.7,0.521,9.68,3.17,5.96,12.6,12.6,0
Karnataka,1,20.2,31.7,1000.9,66.5,9.9,21.3,15.3,75.7,0.315,8.58,3.05,9.54,28.3,8.1,0
Karnataka,1,15.1,29.1,1006.4,63.0,8.5,59.1,15.3,75.7,0.511,14.96,2.32,4.18,24.5,9.5,0
Karnataka,1,0.0,33.0,1000.8,72.1,10.0,151.0,15.3,75.7,0.857,5.45,1.3,6.83,15.2,15.2,0
Karnataka,1,13.6,29.0,1008.8,55.5,13.3,53.0,15.3,75.7,0.704,11.99,0.91,5.75,21.3,7.7,0
Karnataka,1,0.0,24.5,1005.7,68.9,17.6,146.1,15.3,75.7,0.932,6.09,3.39,3.27,16.2,16.2,1
Karnataka,1,29.1,31.7,999.3,72.5,8.3,120.9,15.3,75.7,0.149,9.88,2.08,4.27,33.9,4.8,0
Karnataka,1,10.5,28.0,1011.7,84.5,13.8,114.5,15.3,75.7,0.128,9.08,3.73,7.0,14.7,4.1,0
Karnataka,1,10.4,32.7,1011.1,55.3,14.6,36.5,15.3,75.7,0.53,7.67,2.69,7.57,15.5,5.0,0
Karnataka,1,29.9,29.0,1008.9,78.8,21.9,316.1,15.3,75.7,0.338,6.95,3.04,5.99,20.4,9.5,0
Karnataka,1,26.0,32.1,1013.7,78.9,13.4,58.0,15.3,75.7,0.641,3.94,2.08,6.42,36.0,9.9,0
Karnataka,1,4.1,26.0,1005.8,70.2,12.1,344.4,15.3,75.7,0.189,9.35,2.7,6.68,2.1,2.0,0
Karnataka,1,21.6,30.3,1009.7,69.2,20.4,171.8,15.3,75.7,0.356,7.45,4.01,5.48,18.5,3.1,0
Karnataka,1,9.8,29.3,1014.0,61.7,9.0,153.1,15.3,75.7,0.371,19.05,2.96,8.39,12.0,2.2,0
Karnataka,1,13.0,32.0,1010.8,69.0,12.5,231.7,15.3,75.7,0.525,9.13,5.06,9.75,11.7,1.3,0
Karnataka,1,0.0,27.3,1002.6,60.9,7.6,56.1,15.3,75.7,0.377,9.39,2.25,3.89,10.3,10.3,0
Karnataka,1,16.5,26.7,1003.6,50.8,4.7,212.6,15.3,75.7,0.628,6.46,4.14,8.45,21.6,5.1,0
Karnataka,1,22.6,31.3,1008.8,63.1,11.9,356.1,15.3,75.7,0.28,16.0,1.51,1.05,30.2,7.6,0
Karnataka,1,14.5,30.1,1007.2,74.6,20.0,216.3,15.3,75.7,0.567,13.27,1.81,11.13,25.2,10.8,0
Karnataka,1,0.0,35.2,1002.1,58.6,15.8,132.2,15.3,75.7,0.46,6.28,2.19,5.46,8.3,8.3,0
Karnataka,1,5.8,26.2,1000.6,59.6,11.8,108.2,15.3,75.7,0.091,12.72,1.3,2.67,16.7,10.9,0
Karnataka,1,22.4,33.0,1010.5,78.6,16.8,253.2,15.3,75.7,0.227,3.67,2.33,3.3,18.5,3.9,0
Karnataka,1,9.2,34.4,1000.4,65.8,6.1,194.3,15.3,75.7,0.626,5.41,2.18,7.02,17.6,8.4,0
Karnataka,1,4.0,33.9,1005.8,70.3,11.5,336.9,15.3,75.7,0.846,7.69,2.48,5.3,5.2,1.2,0
Karnataka,1,2.0,28.8,1004.1,58.0,0.0,309.4,15.3,75.7,0.769,11.4,1.45,2.81,0.0,2.0,0
Karnataka,1,19.6,33.9,1008.8,74.1,14.6,162.2,15.3,75.7,0.642,12.58,1.31,9.02,22.5,2.9,0
Karnataka,1,7.8,30.4,1009.8,74.4,8.2,111.9,15.3,75.7,0.208,8.08,2.37,9.51,9.1,1.3,0
Karnataka,1,7.7,34.6,1005.9,60.8,3.0,34.1,15.3,75.7,0.212,5.04,2.2,7.32,1.9,5.9,0
Karnataka,1,0.3,22.5,1005.5,56.1,23.1,346.4,15.3,75.7,0.708,3.62,2.29,2.99,16.7,16.4,1
Karnataka,1,22.2,24.6,1009.8,50.7,11.7,186.7,15.3,75.7,0.588,12.75,2.52,5.93,4.3,17.8,1
Karnataka,1,31.8,26.2,1008.5,88.1,6.4,227.1,15.3,75.7,0.539,13.17,2.5,10.13,32.3,0.5,0
Karnataka,1,18.4,30.5,1007.5,68.7,8.0,192.3,15.3,75.7,0.183,7.03,3.87,7.86,21.5,3.1,0
Karnataka,1,0.0,30.1,1007.7,70.9,19.3,151.3,15.3,75.7,0.377,12.47,1.78,6.86,0.0,0.0,0
Karnataka,2,9.1,33.9,1009.7,75.0,17.6,341.4,15.3,75.7,0.45,14.15,5.65,7.71,1.6,7.6,0
Karnataka,2,5.4,30.6,999.7,58.4,11.2,142.8,15.3,75.7,0.879,13.14,1.61,19.39,10.5,5.1,0
Karnataka,2,0.0,24.5,1002.8,52.5,15.4,178.0,15.3,75.7,0.716,13.64,2.4,10.54,0.0,0.0,0
Karnataka,2,2.1,30.9,1007.0,59.7,12.2,166.7,15.3,75.7,0.775,12.09,2.52,9.35,0.0,2.1,0
Karnataka,2,28.6,32.5,1017.7,58.0,8.2,15.2,15.3,75.7,0.464,14.38,4.53,12.9,31.9,3.2,0
Karnataka,2,24.8,26.6,1009.1,65.5,12.3,354.4,15.3,75.7,0.251,10.36,3.01,9.72,17.8,7.0,0
Karnataka,2,9.3,26.3,996.7,77.6,5.5,259.6,15.3,75.7,0.709,9.04,2.59,6.94,21.9,12.6,0
Karnataka,2,5.9,31.1,1002.3,69.3,17.3,82.1,15.3,75.7,0.209,9.2,4.87,10.55,5.6,0.3,0
Karnataka,2,13.3,29.9,1006.1,71.5,15.3,167.4,15.3,75.7,0.421,8.57,2.64,8.6,17.2,3.9,0
Karnataka,2,3.7,34.1,1008.0,80.6,20.0,206.3,15.3,75.7,0.421,8.71,3.33,9.97,7.4,3.7,0
Karnataka,2,5.9,35.3,1005.8,73.4,12.6,319.8,15.3,75.7,0.654,16.56,3.32,6.32,21.4,15.5,0
Karnataka,2,19.7,29.4,1013.1,69.2,25.1,315.1,15.3,75.7,0.749,12.15,3.48,6.7,21.4,1.7,0
Karnataka,2,19.8,25.2,1005.1,66.2,19.0,183.4,15.3,75.7,0.532,6.15,4.98,11.11,32.5,12.7,0
Karnataka,2,0.0,30.1,1003.3,73.7,14.4,13.4,15.3,75.7,0.376,6.22,2.18,8.71,0.4,0.4,0
Karnataka,2,16.6,24.6,1008.0,80.0,14.5,13.7,15.3,75.7,0.6,8.34,4.91,8.86,21.5,5.0,0
Karnataka,2,22.3,32.5,1001.8,66.6,24.0,268.7,15.3,75.7,0.498,13.3,2.56,8.85,21.7,0.6,0
Karnataka,2,6.9,26.3,1016.4,61.2,18.5,65.7,15.3,75.7,0.41,11.94,1.39,9.78,8.3,1.4,0
Karnataka,2,5.9,25.6,1017.9,65.7,12.4,169.5,15.3,75.7,0.351,14.92,2.91,3.64,3.9,2.0,0
Karnataka,2,0.0,29.0,1004.0,57.0,14.3,46.1,15.3,75.7,0.761,15.04,3.02,9.29,0.0,0.0,0
Karnataka,2,22.4,30.3,1012.8,62.9,11.3,6.1,15.3,75.7,0.806,11.52,1.15,9.72,23.6,1.2,0
Karnataka,2,27.5,30.9,1014.2,76.4,17.5,122.1,15.3,75.7,0.682,7.61,1.58,5.3,37.3,9.8,0
Karnataka,2,0.0,28.6,1006.7,78.2,12.2,58.9,15.3,75.7,0.782,10.02,2.65,6.32,6.9,6.9,0
Karnataka,2,8.8,27.4,1015.3,66.5,10.6,211.1,15.3,75.7,0.559,8.15,2.51,5.23,13.7,4.9,0
Karnataka,2,0.0,30.3,1005.3,73.2,15.2,58.9,15.3,75.7,0.688,16.61,4.47,3.86,0.0,0.0,0
Karnataka,2,6.8,31.3,1005.4,60.4,9.1,340.4,15.3,75.7,0.646,5.54,2.33,2.1,0.0,6.8,0
Karnataka,2,19.6,30.0,1008.9,81.9,4.4,262.3,15.3,75.7,0.295,1.91,2.21,9.54,23.7,4.1,0
Karnataka,2,26.8,30.2,1006.0,60.7,15.0,252.0,15.3,75.7,0.0,11.94,3.23,12.5,32.2,5.4,0
Karnataka,2,17.3,27.5,1003.9,63.2,17.6,106.7,15.3,75.7,0.706,10.81,1.87,11.27,29.9,12.6,0
Karnataka,2,15.7,30.9,1010.5,61.3,11.5,254.6,15.3,75.7,0.466,14.51,3.96,9.46,25.9,10.3,0
Karnataka,2,8.4,24.0,1007.2,65.2,16.2,257.8,15.3,75.7,0.721,2.32,1.99,7.51,16.5,8.1,0
Karnataka,2,40.9,24.8,1004.5,61.8,9.1,68.4,15.3,75.7,0.528,14.32,3.09,5.21,42.5,1.6,0
Karnataka,2,0.0,32.6,1015.4,50.0,13.9,70.6,15.3,75.7,0.532,10.04,1.34,11.41,2.0,2.0,0
Karnataka,2,7.0,29.2,1003.6,64.2,3.6,83.8,15.3,75.7,0.325,8.25,0.84,6.3,4.8,2.2,0
Karnataka,2,12.4,31.2,1016.6,70.3,7.9,244.4,15.3,75.7,0.799,5.9,1.67,3.52,12.8,0.4,0
Karnataka,2,18.1,34.6,1012.5,69.9,13.0,242.6,15.3,75.7,0.609,15.6,2.92,8.57,18.6,0.5,0
Karnataka,2,14.7,27.7,1002.1,74.7,20.2,270.9,15.3,75.7,0.586,13.83,2.78,8.36,16.5,1.8,0
Karnataka,2,6.0,30.8,1010.6,75.2,12.8,258.2,15.3,75.7,0.741,7.45,2.05,6.19,0.0,6.0,0
Karnataka,2,10.3,31.2,1005.8,79.4,19.2,126.3,15.3,75.7,0.132,16.12,2.67,12.82,6.4,3.9,0
Karnataka,2,11.4,29.1,1003.3,49.8,0.8,86.2,15.3,75.7,0.185,3.76,3.64,3.52,0.0,11.4,0
Karnataka,2,0.0,29.9,1002.6,72.4,12.4,137.3,15.3,75.7,0.429,9.28,1.88,5.39,0.0,0.0,0
Karnataka,3,35.2,27.0,996.7,69.1,9.2,139.3,15.3,75.7,0.544,17.93,2.94,11.42,44.9,9.6,0
Karnataka,3,0.0,29.3,1004.2,54.4,7.2,333.7,15.3,75.7,1.127,8.75,3.66,9.91,2.0,2.0,0
Karnataka,3,33.8,37.3,1005.0,83.8,10.5,17.9,15.3,75.7,0.571,15.44,3.27,11.19,39.3,5.5,0
Karnataka,3,33.1,30.7,1015.7,57.9,12.2,180.1,15.3,75.7,0.428,7.94,3.86,10.97,36.7,3.6,0
Karnataka,3,29.2,24.1,1006.0,54.7,13.9,236.7,15.3,75.7,0.867,7.26,3.85,13.28,25.4,3.8,0
Karnataka,3,0.0,22.7,1011.1,59.2,15.6,49.4,15.3,75.7,0.959,15.12,2.44,8.07,12.8,12.8,0
Karnataka,3,1.1,33.3,1006.7,74.6,12.2,288.7,15.3,75.7,0.461,18.9,3.05,18.22,5.3,4.1,0
Karnataka,3,4.0,22.2,1014.2,64.6,17.3,220.0,15.3,75.7,0.732,13.32,4.87,11.39,0.0,4.0,0
Karnataka,3,32.8,28.4,1015.7,71.6,19.2,360.0,15.3,75.7,0.493,11.07,1.58,10.67,44.5,11.7,0
Karnataka,3,7.9,27.7,996.9,64.9,6.9,351.8,15.3,75.7,0.665,12.03,4.99,9.7,13.6,5.7,0
Karnataka,3,19.5,26.2,1013.0,57.3,15.3,222.0,15.3,75.7,0.393,6.6,2.15,14.43,16.4,3.1,0
Karnataka,3,0.0,30.0,994.4,57.0,20.3,18.3,15.3,75.7,0.546,13.14,3.75,7.38,8.2,8.2,0
Karnataka,3,34.3,24.3,1005.6,65.4,16.7,226.0,15.3,75.7,0.573,5.77,2.04,9.55,33.1,1.2,0
Karnataka,3,10.7,28.3,1019.7,61.5,20.1,125.5,15.3,75.7,0.759,8.58,3.56,7.8,33.4,22.6,1
Karnataka,3,20.7,27.7,1016.9,63.0,16.0,330.2,15.3,75.7,0.668,11.54,4.41,7.09,34.7,14.0,0
Karnataka,3,11.5,33.9,1013.2,72.0,12.7,212.9,15.3,75.7,0.713,0.0,2.42,9.48,18.3,6.8,0
Karnataka,3,24.6,34.7,1010.9,45.7,14.2,262.3,15.3,75.7,0.621,12.78,2.81,11.82,25.1,0.6,0
Karnataka,3,23.1,30.3,1008.3,71.3,14.2,36.0,15.3,75.7,0.734,16.13,2.48,6.5,28.0,5.0,0
Karnataka,3,25.1,30.7,1004.2,74.3,10.1,155.8,15.3,75.7,0.656,11.07,2.76,9.38,29.8,4.7,0
Karnataka,3,1.4,31.0,1013.8,75.1,14.8,291.6,15.3,75.7,0.624,11.44,3.55,11.79,4.2,2.8,0
Karnataka,3,0.0,31.7,1010.0,68.0,7.3,217.9,15.3,75.7,0.455,9.63,2.81,5.43,22.0,22.0,1
Karnataka,3,35.1,29.7,1007.8,84.8,21.3,110.5,15.3,75.7,0.648,11.24,3.08,8.48,38.2,3.1,0
Karnataka,3,18.0,29.4,1015.2,58.4,18.0,345.4,15.3,75.7,0.646,16.14,4.08,8.03,24.4,6.4,0
Karnataka,3,37.0,26.2,1010.8,76.2,11.3,349.6,15.3,75.7,1.013,16.34,4.72,3.79,31.3,5.8,0
Karnataka,3,14.1,25.9,1011.1,38.0,16.3,233.5,15.3,75.7,0.49,19.59,3.03,4.13,21.2,7.0,0
Karnataka,3,20.3,27.9,1019.8,68.6,18.3,53.6,15.3,75.7,0.853,10.64,2.12,11.27,28.1,7.8,0
Karnataka,3,25.7,26.1,1010.4,50.6,10.8,203.0,15.3,75.7,0.698,10.03,1.75,7.27,35.3,9.6,0
Karnataka,3,17.0,25.6,1012.2,82.2,17.7,348.7,15.3,75.7,0.646,11.4,0.96,5.1,28.0,11.0,0
Karnataka,3,17.7,28.9,1004.7,77.3,7.1,340.5,15.3,75.7,0.535,5.87,2.34,12.16,13.3,4.4,0
Karnataka,3,25.5,31.1,1007.2,52.3,13.5,355.4,15.3,75.7,0.493,12.94,4.44,8.52,23.0,2.5,0
Karnataka,3,6.2,26.7,1011.1,70.0,13.1,99.2,15.3,75.7,0.599,6.63,2.07,10.78,0.0,6.2,0
Karnataka,3,10.2,28.1,1002.8,49.8,7.3,299.2,15.3,75.7,0.721,13.56,2.49,4.87,25.0,14.8,0
Karnataka,3,21.0,26.1,1013.9,67.9,14.8,196.4,15.3,75.7,0.295,5.69,5.9,6.49,23.4,2.4,0
Karnataka,3,21.3,28.5,1007.2,64.7,15.6,222.4,15.3,75.7,0.51,2.75,1.16,5.08,32.0,10.7,0
Karnataka,3,11.6,31.3,1009.9,69.1,8.5,2.2,15.3,75.7,0.649,20.77,2.98,11.17,14.4,2.8,0
Karnataka,3,6.0,32.0,1017.5,69.1,9.8,198.2,15.3,75.7,0.654,20.83,4.29,6.18,21.3,15.4,0
Karnataka,3,25.5,32.3,1010.2,76.6,15.4,194.2,15.3,75.7,0.625,11.5,3.81,9.21,26.4,0.9,0
Karnataka,3,12.8,28.5,999.1,76.7,14.9,331.4,15.3,75.7,0.717,9.94,2.79,10.1,30.0,17.1,1
Karnataka,3,18.9,25.4,1006.2,75.0,15.2,215.2,15.3,75.7,0.677,15.05,5.82,4.92,44.6,25.7,1
Karnataka,3,27.6,39.0,1003.1,70.3,14.0,23.4,15.3,75.7,0.692,13.4,4.33,8.66,27.1,0.5,0
Karnataka,4,23.2,26.3,1007.4,52.6,13.9,300.1,15.3,75.7,0.671,9.21,3.83,12.86,21.2,2.0,0
Karnataka,4,4.9,31.5,1012.6,71.2,11.3,191.7,15.3,75.7,0.611,13.32,1.78,7.21,21.3,16.4,1
Karnataka,4,20.0,33.3,1013.1,63.9,12.1,246.6,15.3,75.7,0.829,17.5,3.83,10.59,22.4,2.4,0
Karnataka,4,16.5,25.7,1007.6,65.4,11.3,210.8,15.3,75.7,0.396,14.9,2.74,7.62,11.2,5.4,0
Karnataka,4,23.5,19.4,1008.8,67.5,8.7,321.8,15.3,75.7,0.435,13.38,2.35,16.32,34.8,11.4,0
Karnataka,4,20.5,24.6,1006.6,64.7,14.8,149.7,15.3,75.7,0.723,14.92,3.65,11.19,18.4,2.1,0
Karnataka,4,3.2,35.8,1010.1,85.1,12.2,179.1,15.3,75.7,0.694,18.14,3.89,10.66,6.2,3.0,0
Karnataka,4,10.7,32.3,1008.0,75.3,18.1,357.0,15.3,75.7,0.762,7.51,3.47,10.09,15.4,4.7,0
Karnataka,4,34.7,32.9,1007.3,91.3,11.9,185.9,15.3,75.7,0.459,7.32,2.43,13.2,44.9,10.3,0
Karnataka,4,5.6,28.8,1012.0,46.7,22.5,124.1,15.3,75.7,0.84,18.36,1.4,9.51,23.4,17.8,1
Karnataka,4,17.2,31.4,1015.2,74.0,12.3,343.5,15.3,75.7,0.343,15.51,4.75,10.62,31.0,13.9,0
Karnataka,4,20.9,29.0,1017.2,57.4,20.6,305.8,15.3,75.7,0.847,11.93,4.26,7.75,20.3,0.6,0
Karnataka,4,19.0,24.9,1006.8,56.0,16.9,76.1,15.3,75.7,1.117,9.42,2.82,10.01,34.0,15.1,0
Karnataka,4,16.0,32.7,1011.2,50.5,14.4,355.2,15.3,75.7,0.587,12.36,4.88,10.42,16.0,0.1,0
Karnataka,4,46.4,25.3,1010.0,74.8,15.0,76.9,15.3,75.7,0.51,16.48,5.24,10.34,37.2,9.2,0
Karnataka,4,18.8,34.9,1003.5,64.9,14.4,75.0,15.3,75.7,0.594,15.93,5.65,6.05,10.2,8.6,0
Karnataka,4,17.5,32.8,1010.2,78.8,5.6,191.7,15.3,75.7,0.13,19.3,5.41,9.51,0.0,17.5,1
Karnataka,4,15.9,33.3,1010.6,86.6,12.7,174.7,15.3,75.7,0.295,10.95,2.43,12.7,6.5,9.4,0
Karnataka,4,32.0,31.6,1009.4,67.0,8.9,343.5,15.3,75.7,0.597,17.03,5.77,9.54,50.0,18.0,1
Karnataka,4,21.1,31.2,1001.9,61.2,10.6,66.5,15.3,75.7,0.628,16.47,3.88,9.4,10.9,10.2,0
Karnataka,4,0.0,27.5,1007.1,59.2,14.8,213.7,15.3,75.7,0.997,13.89,3.99,12.27,9.1,9.1,0
Karnataka,4,26.5,29.7,1008.8,61.1,15.6,129.1,15.3,75.7,0.74,5.47,4.23,7.37,44.4,17.9,1
Karnataka,4,19.0,28.6,1010.3,58.8,19.4,163.9,15.3,75.7,0.577,9.51,3.4,9.84,11.5,7.6,0
Karnataka,4,11.2,26.0,1007.0,65.1,16.0,90.9,15.3,75.7,0.758,14.55,3.62,12.22,0.0,11.2,0
Karnataka,4,12.5,26.1,1008.6,60.7,16.3,209.2,15.3,75.7,0.401,14.45,2.31,11.6,10.2,2.3,0
Karnataka,4,6.6,21.6,1007.5,55.4,6.2,139.3,15.3,75.7,0.871,15.13,2.13,9.75,18.8,12.1,0
Karnataka,4,15.4,29.7,1005.8,63.2,10.3,13.3,15.3,75.7,0.813,11.33,4.76,5.88,18.6,3.1,0
Karnataka,4,0.0,23.9,1001.2,60.4,16.7,92.5,15.3,75.7,0.561,12.86,1.38,11.88,0.0,0.0,0
Karnataka,4,7.9,28.1,1010.2,69.4,13.4,80.7,15.3,75.7,1.081,13.58,3.73,9.68,8.2,0.3,0
Karnataka,4,22.2,33.5,995.5,65.3,21.0,8.3,15.3,75.7,0.76,7.15,4.69,13.19,28.8,6.6,0
Karnataka,4,8.6,30.2,1002.8,55.3,17.6,241.8,15.3,75.7,0.529,8.89,2.8,10.76,0.0,8.6,0
Karnataka,4,34.2,26.5,1009.8,59.6,16.5,150.3,15.3,75.7,0.342,10.83,3.66,8.59,45.1,10.9,0
Karnataka,4,9.4,31.3,1010.4,65.9,17.4,294.8,15.3,75.7,0.665,10.46,3.72,8.76,14.0,4.6,0
Karnataka,4,17.4,29.0,1008.9,72.7,7.3,125.4,15.3,75.7,0.375,2.37,6.22,7.35,15.1,2.3,0
Karnataka,4,0.0,26.6,1009.0,69.4,7.6,324.6,15.3,75.7,0.751,14.51,4.0,12.45,3.4,3.4,0
Karnataka,4,35.6,27.2,1011.5,74.3,5.4,13.2,15.3,75.7,0.55,9.52,3.34,10.65,23.0,12.6,0
Karnataka,4,17.6,27.5,1013.2,60.7,19.5,280.3,15.3,75.7,0.671,18.65,6.16,9.53,14.1,3.5,0
Karnataka,4,22.9,22.7,1001.5,80.1,16.5,251.3,15.3,75.7,1.305,8.02,4.59,7.77,48.8,25.9,1
Karnataka,4,10.2,27.3,999.0,87.8,10.5,329.1,15.3,75.7,0.679,11.35,1.18,9.48,11.5,1.3,0
Karnataka,4,21.5,37.0,1011.2,75.6,12.1,30.4,15.3,75.7,0.622,10.61,3.79,8.68,8.1,13.3,0
Karnataka,5,36.0,27.7,1006.3,56.5,11.6,61.8,15.3,75.7,0.518,15.79,3.74,13.6,35.0,1.0,0
Karnataka,5,20.8,28.6,1009.9,59.1,18.5,342.3,15.3,75.7,0.765,10.32,4.16,14.02,31.7,10.9,0
Karnataka,5,33.2,27.0,1012.5,60.6,11.7,49.8,15.3,75.7,0.927,12.95,5.13,12.05,42.6,9.4,0
Karnataka,5,8.0,26.7,1007.5,70.9,10.0,205.3,15.3,75.7,0.33,18.12,5.43,5.32,10.8,2.8,0
Karnataka,5,14.3,33.1,1006.9,73.0,11.9,291.2,15.3,75.7,0.91,19.45,2.78,14.78,8.7,5.6,0
Karnataka,5,0.0,28.3,1010.5,52.3,4.1,14.9,15.3,75.7,0.631,20.61,4.31,13.56,6.2,6.2,0
Karnataka,5,40.0,24.7,1007.6,51.8,18.1,336.3,15.3,75.7,0.931,14.64,2.51,11.09,37.9,2.1,0
Karnataka,5,31.4,26.5,1005.8,89.2,18.0,206.3,15.3,75.7,0.654,10.73,5.58,15.83,20.8,10.7,0
Karnataka,5,12.4,24.6,1010.4,78.4,12.2,108.9,15.3,75.7,0.365,11.32,6.11,12.83,25.1,12.7,0
Karnataka,5,14.4,27.2,1008.1,70.7,20.9,299.9,15.3,75.7,0.729,11.96,1.94,14.11,38.7,24.2,1
Karnataka,5,29.4,29.2,1017.3,72.1,18.0,321.5,15.3,75.7,0.816,14.6,5.3,8.08,39.0,9.7,0
Karnataka,5,8.0,30.3,1020.0,74.5,19.9,163.2,15.3,75.7,0.292,14.61,4.84,5.09,6.5,1.5,0
Karnataka,5,18.2,23.3,1003.2,80.9,0.0,94.9,15.3,75.7,0.99,15.03,5.99,10.07,13.9,4.3,0
Karnataka,5,19.1,26.7,1005.1,65.7,10.0,106.4,15.3,75.7,0.532,16.8,3.1,7.63,10.1,9.0,0
Karnataka,5,22.0,30.9,1011.8,69.6,16.7,136.1,15.3,75.7,0.848,16.9,3.42,8.13,42.4,20.4,1
Karnataka,5,20.9,32.5,1002.5,63.4,7.1,203.2,15.3,75.7,0.634,12.92,6.65,13.35,32.1,11.2,0
Karnataka,5,3.4,20.8,1012.9,45.1,11.5,196.2,15.3,75.7,0.572,13.37,3.03,7.7,9.7,6.3,0
Karnataka,5,33.3,21.3,1009.0,72.9,16.2,183.8,15.3,75.7,0.637,18.17,4.7,5.67,34.7,1.3,0
Karnataka,5,20.0,23.9,1006.8,72.4,9.9,146.8,15.3,75.7,0.559,10.19,5.04,14.87,9.9,10.1,0
Karnataka,5,31.8,28.2,996.9,53.2,17.0,335.0,15.3,75.7,0.633,14.81,4.84,11.91,53.4,21.6,1
Karnataka,5,8.5,28.6,1010.3,74.6,19.3,12.8,15.3,75.7,0.887,11.43,4.21,12.86,24.9,16.4,1
Karnataka,5,26.8,28.6,1007.6,73.0,24.9,22.4,15.3,75.7,0.833,9.66,3.29,10.38,42.1,15.3,0
Karnataka,5,6.9,30.8,1008.6,71.0,12.9,342.0,15.3,75.7,0.562,17.58,4.21,8.12,12.8,5.9,0
Karnataka,5,64.5,27.4,1016.3,41.6,12.6,339.3,15.3,75.7,0.76,12.57,4.27,14.31,93.3,28.9,1
Karnataka,5,33.3,26.2,1006.8,65.2,9.7,326.6,15.3,75.7,0.702,10.33,5.31,12.61,30.3,3.1,0
Karnataka,5,21.2,24.4,1005.2,74.4,16.4,78.6,15.3,75.7,0.819,14.84,3.1,10.85,31.0,9.8,0
Karnataka,5,23.3,21.5,1008.8,67.8,4.5,58.4,15.3,75.7,0.855,20.68,2.33,14.29,7.1,16.2,1
Karnataka,5,37.7,27.3,1004.4,71.0,9.2,250.3,15.3,75.7,0.732,0.0,3.33,11.93,54.2,16.5,1
Karnataka,5,23.6,32.5,1003.5,74.8,17.7,223.5,15.3,75.7,0.977,16.45,3.96,10.46,17.7,5.9,0
Karnataka,5,27.6,29.5,1010.9,68.3,15.0,192.6,15.3,75.7,0.972,17.56,4.51,10.95,13.4,14.2,0
Karnataka,5,0.0,26.8,1014.3,60.5,10.7,311.3,15.3,75.7,0.499,11.48,4.63,9.88,0.0,0.0,0
Karnataka,5,11.0,29.2,1010.0,48.8,10.2,2.8,15.3,75.7,0.845,15.65,5.29,7.12,20.8,9.8,0
Karnataka,5,46.3,28.4,1008.4,72.7,11.3,63.4,15.3,75.7,0.768,8.52,4.78,13.05,32.7,13.6,0
Karnataka,5,21.4,27.4,1015.4,80.6,18.2,34.0,15.3,75.7,0.684,16.18,4.0,8.36,26.5,5.0,0
Karnataka,5,18.2,27.4,1007.7,68.1,18.4,147.8,15.3,75.7,0.501,17.85,5.33,12.43,8.2,9.9,0
Karnataka,5,17.5,29.4,1002.7,59.9,13.3,163.5,15.3,75.7,0.802,12.85,4.06,9.35,17.7,0.1,0
Karnataka,5,28.8,20.6,1014.6,89.4,14.8,27.8,15.3,75.7,0.989,16.25,3.67,8.44,30.1,1.3,0
Karnataka,5,21.8,31.8,1009.4,72.0,12.3,209.9,15.3,75.7,0.715,22.49,3.52,12.54,51.0,29.1,1
Karnataka,5,33.0,31.2,1009.5,68.0,13.1,212.8,15.3,75.7,0.45,17.7,2.45,13.31,32.2,0.8,0
Karnataka,5,6.7,33.9,1000.8,60.8,11.1,50.0,15.3,75.7,0.634,20.98,2.65,23.61,0.0,6.7,0
Karnataka,6,60.3,32.5,1007.4,70.3,12.5,128.2,15.3,75.7,0.689,19.56,4.97,9.57,69.8,9.5,0
Karnataka,6,26.1,25.2,1005.9,73.1,19.9,229.0,15.3,75.7,1.022,21.39,6.31,13.79,20.9,5.2,0
Karnataka,6,33.0,27.3,1010.5,61.7,11.4,294.9,15.3,75.7,0.571,14.37,3.51,14.24,23.1,9.9,0
Karnataka,6,12.4,28.1,1017.1,61.1,7.5,131.3,15.3,75.7,0.664,14.09,7.52,15.44,12.5,0.0,0
Karnataka,6,45.7,25.6,1005.9,63.3,19.5,96.5,15.3,75.7,1.137,18.46,5.84,7.09,31.3,14.5,0
Karnataka,6,0.0,26.4,1000.3,80.4,13.4,246.2,15.3,75.7,0.738,20.02,2.39,12.39,10.7,10.7,0
Karnataka,6,29.0,26.8,999.4,78.1,12.4,188.8,15.3,75.7,1.28,17.11,4.13,10.8,44.8,15.8,1
Karnataka,6,10.4,30.1,1013.5,67.1,19.3,47.5,15.3,75.7,0.699,10.06,5.08,13.43,26.9,16.5,1
Karnataka,6,33.0,36.4,1005.1,71.6,11.0,345.6,15.3,75.7,0.651,20.37,3.87,14.84,52.0,19.0,1
Karnataka,6,0.8,22.7,1009.2,69.3,12.9,59.9,15.3,75.7,0.665,18.04,3.59,13.64,0.0,0.8,0
Karnataka,6,15.7,33.0,1012.8,58.0,10.0,32.2,15.3,75.7,0.549,22.54,4.91,10.81,19.1,3.4,0
Karnataka,6,39.2,19.6,1013.1,79.9,12.8,136.7,15.3,75.7,0.863,19.65,3.87,12.5,43.2,3.9,0
Karnataka,6,30.2,38.8,1004.3,68.8,10.6,114.2,15.3,75.7,0.621,10.6,6.17,13.61,35.1,4.9,0
Karnataka,6,9.7,27.8,1002.2,67.7,16.1,334.5,15.3,75.7,0.685,14.75,5.73,13.14,0.0,9.7,0
Karnataka,6,30.8,30.3,1008.9,84.5,14.5,321.9,15.3,75.7,0.93,20.23,4.48,10.61,48.6,17.8,1
Karnataka,6,33.4,33.2,1010.1,51.5,15.2,270.6,15.3,75.7,1.082,20.95,5.49,6.32,29.6,3.9,0
Karnataka,6,16.5,26.7,1008.8,82.8,18.3,121.5,15.3,75.7,0.67,13.04,4.61,14.96,32.6,16.1,1
Karnataka,6,16.3,28.0,1016.4,53.2,17.6,13.5,15.3,75.7,0.777,16.65,5.25,11.66,13.0,3.3,0
Karnataka,6,11.9,35.5,1005.8,70.0,18.3,97.0,15.3,75.7,0.843,18.73,3.73,7.93,7.8,4.1,0
Karnataka,6,44.1,25.8,1008.7,54.7,21.1,110.1,15.3,75.7,0.745,16.19,7.77,13.86,46.6,2.5,0
Karnataka,6,0.0,33.5,1004.5,59.5,10.6,211.6,15.3,75.7,0.828,10.63,4.51,10.05,9.5,9.5,0
Karnataka,6,16.2,21.8,1007.6,67.4,8.1,262.3,15.3,75.7,0.893,15.6,4.49,14.78,0.0,16.2,1
Karnataka,6,22.1,30.8,1007.1,53.8,11.1,255.7,15.3,75.7,0.52,18.21,4.75,10.61,37.6,15.5,0
Karnataka,6,14.4,34.0,1006.7,58.5,9.8,136.8,15.3,75.7,0.622,17.3,4.27,11.27,17.6,3.2,0
Karnataka,6,34.5,25.9,1008.9,72.4,8.4,67.9,15.3,75.7,0.803,18.81,5.73,15.44,25.5,9.1,0
Karnataka,6,7.6,27.9,1007.4,68.2,12.6,48.5,15.3,75.7,0.325,19.35,6.52,10.88,12.1,4.5,0
Karnataka,6,43.5,28.2,1009.5,86.4,24.6,63.9,15.3,75.7,0.754,20.29,5.35,14.66,15.1,28.4,1
Karnataka,6,0.0,35.2,1011.9,71.5,8.2,12.2,15.3,75.7,0.95,11.19,3.9,13.67,13.1,13.1,0
Karnataka,6,14.4,32.0,1012.7,50.1,22.6,239.4,15.3,75.7,0.877,16.17,5.7,14.14,16.2,1.9,0
Karnataka,6,42.5,19.7,1004.7,72.5,14.1,245.2,15.3,75.7,0.557,15.7,6.13,8.06,42.8,0.3,0
Karnataka,6,14.3,29.6,1010.0,69.0,13.0,47.0,15.3,75.7,0.803,16.59,6.5,8.93,23.4,9.1,0
Karnataka,6,8.8,35.9,1008.4,55.3,13.2,349.5,15.3,75.7,0.709,19.18,6.38,15.78,11.8,2.9,0
Karnataka,6,28.8,31.3,1019.2,62.0,21.9,128.6,15.3,75.7,1.072,14.24,3.93,11.69,25.5,3.3,0
Karnataka,6,26.9,33.0,997.4,66.3,9.0,254.8,15.3,75.7,1.12,16.02,3.91,7.69,58.1,31.2,1
Karnataka,6,38.7,20.2,1011.3,56.9,11.9,176.9,15.3,75.7,0.436,16.54,7.02,9.76,52.5,13.8,0
Karnataka,6,35.1,31.0,1018.0,77.6,23.4,210.2,15.3,75.7,0.985,22.76,3.82,2.08,25.1,10.0,0
Karnataka,6,11.7,30.3,1005.2,68.0,11.4,8.1,15.3,75.7,0.823,14.19,5.74,16.68,2.2,9.5,0
Karnataka,6,24.1,22.4,999.2,78.4,24.4,197.1,15.3,75.7,1.203,14.13,4.47,17.54,19.9,4.2,0
Karnataka,6,33.4,26.7,1004.4,62.9,3.6,203.5,15.3,75.7,0.881,16.13,3.92,13.48,49.7,16.4,1
Karnataka,6,17.7,32.0,1009.4,67.1,19.0,326.3,15.3,75.7,0.586,16.51,4.79,11.87,36.1,18.4,1
Karnataka,7,29.9,27.5,1008.0,69.3,17.4,181.3,15.3,75.7,0.884,12.97,4.35,14.56,37.8,7.9,0
Karnataka,7,3.7,25.7,1003.4,82.1,16.1,196.0,15.3,75.7,0.902,15.8,4.67,15.21,5.5,1.8,0
Karnataka,7,29.9,28.5,1009.5,72.0,12.2,22.7,15.3,75.7,1.097,25.61,6.3,5.36,26.1,3.8,0
Karnataka,7,24.8,23.6,1002.3,64.3,16.5,201.3,15.3,75.7,0.842,16.53,4.19,15.25,35.9,11.1,0
Karnataka,7,35.3,28.5,1001.4,65.0,19.1,35.5,15.3,75.7,0.898,19.44,7.6,11.92,39.0,3.7,0
Karnataka,7,45.6,25.6,1013.4,72.4,13.7,18.2,15.3,75.7,0.886,27.34,2.72,12.88,47.4,1.8,0
Karnataka,7,21.5,32.3,1005.8,73.4,16.0,67.1,15.3,75.7,0.888,19.59,5.05,10.77,48.8,27.3,1
Karnataka,7,13.2,26.0,1003.7,72.5,12.4,202.5,15.3,75.7,1.022,17.2,4.11,13.4,26.5,13.3,0
Karnataka,7,22.7,27.4,1002.9,90.9,13.8,207.5,15.3,75.7,0.7,16.93,7.53,13.22,21.7,0.9,0
Karnataka,7,34.4,31.6,1011.3,70.5,9.3,150.5,15.3,75.7,0.597,17.41,4.69,12.14,41.9,7.4,0
Karnataka,7,14.6,26.6,1005.6,68.2,16.6,31.7,15.3,75.7,1.006,19.36,5.7,14.13,25.6,11.0,0
Karnataka,7,17.8,29.7,1013.7,63.5,12.5,193.2,15.3,75.7,0.804,15.43,5.71,12.44,39.4,21.6,1
Karnataka,7,17.1,24.7,1008.0,72.9,16.4,74.4,15.3,75.7,0.805,22.85,3.21,11.39,22.5,5.4,0
Karnataka,7,14.1,26.7,1003.1,66.4,17.1,15.8,15.3,75.7,0.739,16.46,6.52,17.01,12.0,2.1,0
Karnataka,7,30.0,27.9,1014.4,70.4,13.8,258.2,15.3,75.7,0.73,19.58,6.84,15.73,23.9,6.1,0
Karnataka,7,12.5,22.3,1015.4,57.2,18.4,21.9,15.3,75.7,1.427,12.89,5.25,17.36,11.4,1.1,0
Karnataka,7,30.7,26.8,1009.9,79.3,12.7,350.4,15.3,75.7,0.986,26.1,4.2,11.8,33.5,2.7,0
Karnataka,7,7.3,31.7,1007.6,57.0,10.7,119.6,15.3,75.7,1.1,20.13,5.04,12.63,10.6,3.3,0
Karnataka,7,46.8,27.0,1012.3,65.2,23.2,162.2,15.3,75.7,1.077,15.27,7.86,15.82,29.9,16.9,1
Karnataka,7,11.0,30.7,1011.3,74.3,15.6,188.4,15.3,75.7,1.133,14.85,5.26,11.87,8.2,2.8,0
Karnataka,7,17.2,25.0,1010.7,53.7,17.0,59.8,15.3,75.7,0.921,17.64,4.6,17.37,17.7,0.4,0
Karnataka,7,32.6,30.8,1006.6,55.9,10.4,128.3,15.3,75.7,1.014,18.86,4.52,18.92,26.7,5.8,0
Karnataka,7,25.1,30.0,1001.5,60.9,12.5,286.8,15.3,75.7,0.828,12.56,3.36,11.43,9.6,15.5,0
Karnataka,7,33.4,31.2,1008.0,65.9,18.5,297.3,15.3,75.7,0.718,14.91,6.05,14.54,46.1,12.7,0
Karnataka,7,11.5,24.9,1010.3,61.7,7.2,162.2,15.3,75.7,0.874,25.11,4.19,13.54,44.8,33.3,1
Karnataka,7,8.9,30.6,1004.4,72.5,26.5,201.0,15.3,75.7,0.946,14.5,4.99,12.03,0.0,8.9,0
Karnataka,7,0.0,24.6,1007.8,79.7,11.1,321.0,15.3,75.7,0.575,15.1,2.26,20.43,6.2,6.2,0
Karnataka,7,25.5,30.1,1020.7,64.1,9.9,122.9,15.3,75.7,0.669,23.5,5.11,15.03,9.8,15.7,0
Karnataka,7,57.5,26.4,1004.5,74.0,11.6,289.9,15.3,75.7,0.663,18.89,4.48,11.38,48.6,8.9,0
Karnataka,7,35.0,26.5,1007.1,72.8,20.5,111.4,15.3,75.7,0.959,14.67,4.95,16.92,8.5,26.5,1
Karnataka,7,11.1,27.0,1009.9,80.7,6.3,215.7,15.3,75.7,1.019,17.34,3.44,12.01,31.3,20.2,1
Karnataka,7,23.6,27.2,1003.1,75.8,14.1,82.2,15.3,75.7,0.741,17.92,4.43,11.28,7.2,16.4,1
Karnataka,7,15.1,20.7,1010.4,61.8,12.8,226.1,15.3,75.7,0.755,13.6,5.47,19.4,32.1,17.0,1
Karnataka,7,40.2,22.8,1007.0,66.5,21.9,118.6,15.3,75.7,0.882,9.15,3.81,15.63,41.1,0.9,0
Karnataka,7,21.8,30.4,1013.7,60.7,17.8,131.7,15.3,75.7,1.201,16.18,5.55,15.98,29.3,7.5,0
Karnataka,7,20.0,21.0,1003.7,61.5,8.5,95.5,15.3,75.7,1.089,16.63,2.56,13.37,30.3,10.3,0
Karnataka,7,26.0,25.1,1002.0,77.4,16.6,342.4,15.3,75.7,0.615,19.19,4.12,14.88,31.9,5.9,0
Karnataka,7,50.7,27.6,1018.0,69.3,11.5,297.2,15.3,75.7,0.74,20.02,5.35,8.21,69.2,18.4,1
Karnataka,7,42.8,20.6,1013.1,85.3,5.8,223.3,15.3,75.7,1.103,16.43,4.18,16.65,43.7,0.9,0
Karnataka,7,17.3,29.6,1015.8,67.9,12.4,12.4,15.3,75.7,1.047,12.98,5.18,10.91,7.1,10.2,0
Karnataka,8,0.0,25.7,1013.4,49.2,17.9,112.1,15.3,75.7,0.782,21.26,7.22,19.41,8.9,8.9,0
Karnataka,8,24.4,29.4,1020.4,66.1,20.9,241.5,15.3,75.7,0.828,26.96,5.65,15.59,37.5,13.1,0
Karnataka,8,13.5,26.0,1004.8,72.3,17.0,195.0,15.3,75.7,1.4,19.78,5.77,18.95,8.9,4.7,0
Karnataka,8,18.4,28.9,1000.6,66.6,25.5,311.4,15.3,75.7,1.174,24.62,6.24,13.62,50.0,31.6,1
Karnataka,8,12.8,31.7,1005.5,64.5,17.9,213.2,15.3,75.7,1.28,21.24,5.73,17.26,40.8,28.0,1
Karnataka,8,2.1,27.3,1002.7,66.8,8.9,348.5,15.3,75.7,0.731,17.67,6.35,12.47,0.0,2.1,0
Karnataka,8,30.5,28.9,1016.5,78.3,10.1,175.3,15.3,75.7,1.144,16.34,5.26,9.78,17.9,12.6,0
Karnataka,8,41.9,28.5,1004.9,64.1,23.8,254.0,15.3,75.7,1.089,23.37,7.38,12.36,27.6,14.3,0
Karnataka,8,10.7,30.7,1018.0,76.7,11.9,81.9,15.3,75.7,0.901,16.56,5.25,13.17,5.7,5.1,0
Karnataka,8,41.4,25.7,1000.1,74.9,10.4,42.4,15.3,75.7,1.135,16.99,5.11,15.04,44.0,2.5,0
Karnataka,8,19.6,18.4,1007.1,85.1,18.3,7.9,15.3,75.7,1.088,22.4,4.64,18.69,28.6,9.0,0
Karnataka,8,21.2,34.2,997.7,57.2,18.4,67.0,15.3,75.7,1.324,10.86,6.68,11.18,35.4,14.2,0
Karnataka,8,24.5,31.2,1006.8,79.1,11.1,271.8,15.3,75.7,1.033,26.59,6.65,15.53,40.2,15.7,0
Karnataka,8,39.6,29.3,1002.9,75.3,15.1,187.1,15.3,75.7,0.837,22.21,6.26,12.05,28.2,11.5,0
Karnataka,8,50.3,31.2,1008.4,75.1,12.9,229.3,15.3,75.7,0.999,23.75,3.95,11.86,38.0,12.3,0
Karnataka,8,36.6,27.4,1003.4,66.8,12.0,173.9,15.3,75.7,1.246,19.29,7.19,10.57,51.6,15.0,0
Karnataka,8,6.3,37.6,999.4,87.0,15.1,182.9,15.3,75.7,1.112,16.14,6.59,17.49,13.1,6.9,0
Karnataka,8,28.6,35.5,1011.3,61.2,19.0,303.4,15.3,75.7,0.848,21.94,4.44,15.06,43.8,15.1,0
Karnataka,8,50.5,30.4,1000.7,55.9,23.8,14.9,15.3,75.7,0.691,15.87,6.6,15.25,64.3,13.8,0
Karnataka,8,24.9,23.4,999.1,60.7,15.8,89.2,15.3,75.7,1.063,15.15,6.83,11.92,6.6,18.3,1
Karnataka,8,25.3,30.8,1015.5,52.9,22.3,233.2,15.3,75.7,0.87,22.61,7.28,9.88,24.1,1.2,0
Karnataka,8,18.1,30.3,1015.3,69.7,13.7,67.2,15.3,75.7,0.948,11.21,6.27,17.87,39.8,21.7,1
Karnataka,8,10.1,30.2,1015.7,94.3,17.6,349.0,15.3,75.7,0.796,15.39,6.83,8.81,17.1,7.1,0
Karnataka,8,44.2,30.7,1011.5,68.5,13.2,166.4,15.3,75.7,1.241,23.27,5.68,13.16,67.7,23.6,1
Karnataka,8,21.3,28.1,1011.1,71.1,22.9,262.5,15.3,75.7,1.008,28.44,6.73,14.32,39.2,18.0,1
Karnataka,8,24.7,33.7,1012.1,60.3,16.4,293.7,15.3,75.7,1.088,21.16,6.33,16.17,20.5,4.2,0
Karnataka,8,19.3,26.8,1008.5,66.5,20.7,43.1,15.3,75.7,0.647,27.76,4.67,18.22,32.2,13.0,0
Karnataka,8,15.0,27.3,1006.6,72.6,11.4,342.8,15.3,75.7,0.987,24.3,5.16,11.99,12.8,2.2,0
Karnataka,8,30.2,20.7,1014.0,69.2,17.4,188.5,15.3,75.7,0.861,15.56,4.81,10.4,40.5,10.4,0
Karnataka,8,23.2,21.7,1004.9,75.5,21.7,341.7,15.3,75.7,1.427,16.05,3.6,20.19,16.2,7.0,0
Karnataka,8,45.4,25.1,1006.5,55.9,21.6,117.4,15.3,75.7,0.862,19.59,6.44,13.5,70.9,25.5,1
Karnataka,8,23.9,25.7,1000.1,56.1,18.1,95.4,15.3,75.7,1.158,17.64,3.68,13.43,61.3,37.3,1
Karnataka,8,12.6,27.7,995.9,63.8,13.1,14.3,15.3,75.7,0.931,13.81,4.85,14.3,3.3,9.3,0
Karnataka,8,14.1,31.8,1004.9,73.4,14.3,337.5,15.3,75.7,0.928,21.05,7.73,12.6,18.4,4.3,0
Karnataka,8,37.3,32.8,1004.8,67.4,20.8,104.9,15.3,75.7,1.201,24.57,6.31,15.35,34.5,2.8,0
Karnataka,8,22.1,27.1,1014.0,70.8,16.1,210.9,15.3,75.7,1.235,16.82,5.31,18.84,42.7,20.6,1
Karnataka,8,14.1,23.5,1007.0,63.2,7.9,300.7,15.3,75.7,0.445,23.5,6.66,19.15,22.0,7.9,0
Karnataka,8,19.4,31.9,1004.5,55.7,14.5,231.2,15.3,75.7,0.832,15.7,5.15,16.15,22.2,2.8,0
Karnataka,8,60.1,27.3,1011.8,54.5,18.1,232.8,15.3,75.7,0.993,26.64,5.2,10.99,48.9,11.2,0
Karnataka,8,27.6,28.3,1008.4,56.1,25.3,178.7,15.3,75.7,1.02,13.8,7.55,18.33,35.3,7.7,0
Karnataka,9,43.2,25.7,1003.2,71.1,7.8,312.5,15.3,75.7,1.182,22.43,4.44,14.88,28.7,14.5,0
Karnataka,9,20.9,25.3,1013.0,67.9,14.4,156.4,15.3,75.7,0.729,21.08,6.68,16.8,36.4,15.5,0
Karnataka,9,37.1,36.4,1002.4,71.8,17.3,195.4,15.3,75.7,0.947,23.47,6.58,12.94,13.8,23.3,1
Karnataka,9,20.8,25.0,1011.0,60.3,14.7,221.8,15.3,75.7,0.763,18.39,5.8,13.64,27.7,6.9,0
Karnataka,9,4.9,26.8,1007.0,55.0,16.7,125.7,15.3,75.7,0.937,24.62,3.43,18.12,0.0,4.9,0
Karnataka,9,19.5,33.3,1004.9,85.6,14.1,185.9,15.3,75.7,1.242,23.65,6.28,14.71,2.0,17.5,1
Karnataka,9,7.5,32.9,1016.5,70.8,6.7,294.0,15.3,75.7,0.909,19.25,5.04,17.67,16.9,9.4,0
Karnataka,9,48.2,26.1,1009.0,76.9,20.7,168.3,15.3,75.7,1.155,22.06,6.46,16.28,82.7,34.5,1
Karnataka,9,15.6,23.8,1003.9,66.6,17.1,18.6,15.3,75.7,1.275,21.46,5.98,12.11,52.5,37.0,1
Karnataka,9,26.7,34.2,1004.9,77.8,12.8,268.8,15.3,75.7,1.298,24.87,5.23,21.82,67.3,40.6,1
Karnataka,9,22.3,28.3,1012.6,49.8,21.3,122.3,15.3,75.7,0.961,12.7,6.5,12.7,2.5,19.8,1
Karnataka,9,32.2,32.9,1006.9,81.4,18.9,69.1,15.3,75.7,0.963,25.79,5.43,18.56,31.4,0.8,0
Karnataka,9,36.8,29.4,1006.8,76.4,4.8,201.5,15.3,75.7,0.981,26.16,4.36,16.0,47.8,11.0,0
Karnataka,9,30.6,27.3,1004.9,67.0,20.5,109.6,15.3,75.7,0.642,23.34,7.9,12.95,56.4,25.8,1
Karnataka,9,34.2,23.0,1004.5,62.0,16.4,321.9,15.3,75.7,1.295,24.87,4.25,11.85,51.9,17.7,1
Karnataka,9,20.5,27.0,1010.7,78.1,9.4,173.0,15.3,75.7,1.051,18.05,6.18,15.84,11.1,9.4,0
Karnataka,9,54.9,27.7,1005.1,70.5,18.2,329.1,15.3,75.7,1.538,15.38,4.36,11.31,64.2,9.3,0
Karnataka,9,33.6,26.3,1010.3,74.1,13.8,116.1,15.3,75.7,1.034,19.84,5.5,16.8,59.4,25.8,1
Karnataka,9,11.4,25.7,1008.8,87.1,17.8,247.7,15.3,75.7,0.889,25.41,5.72,12.41,33.1,21.7,1
Karnataka,9,31.4,22.9,1001.3,47.8,12.5,320.5,15.3,75.7,1.266,23.17,4.53,15.25,62.0,30.6,1
Karnataka,9,20.6,30.7,1011.2,77.1,17.8,107.0,15.3,75.7,0.777,27.53,3.93,17.04,24.5,3.9,0
Karnataka,9,19.1,23.7,1010.7,77.5,15.1,146.6,15.3,75.7,1.33,19.79,6.05,15.49,66.8,47.8,1
Karnataka,9,16.2,31.0,999.5,59.9,14.1,319.6,15.3,75.7,1.019,21.07,5.27,19.97,6.2,10.0,0
Karnataka,9,37.2,30.4,1003.3,65.8,15.6,313.7,15.3,75.7,1.0,35.97,7.02,17.13,57.4,20.2,1
Karnataka,9,4.6,32.3,1001.4,78.2,12.6,223.1,15.3,75.7,1.428,21.07,4.26,19.03,0.0,4.6,0
Karnataka,9,45.3,27.6,1001.6,77.7,18.2,307.5,15.3,75.7,1.061,22.67,6.39,15.55,63.7,18.4,1
Karnataka,9,34.8,27.8,1006.8,71.0,12.6,296.3,15.3,75.7,0.849,21.07,5.07,15.63,61.4,26.5,1
Karnataka,9,24.6,28.2,1006.9,82.6,23.9,198.1,15.3,75.7,1.219,29.84,4.71,19.04,3.9,20.7,1
Karnataka,9,27.7,27.1,999.5,80.4,16.3,28.0,15.3,75.7,1.139,25.09,3.98,6.66,33.9,6.2,0
Karnataka,9,17.2,33.0,1006.1,72.6,14.7,86.6,15.3,75.7,1.08,16.17,4.45,12.81,4.6,12.6,0
Karnataka,9,24.5,26.1,1009.4,53.8,14.3,108.8,15.3,75.7,1.114,22.47,6.29,13.13,31.6,7.1,0
Karnataka,9,20.6,32.9,1008.6,70.3,9.2,291.7,15.3,75.7,1.125,21.16,5.99,10.84,14.2,6.4,0
Karnataka,9,23.7,32.5,998.5,59.1,6.1,278.1,15.3,75.7,1.311,22.91,6.79,13.01,37.5,13.8,0
Karnataka,9,17.1,27.9,1010.5,66.6,19.7,96.4,15.3,75.7,1.128,29.04,6.7,13.86,16.2,1.0,0
Karnataka,9,38.9,31.8,1007.8,54.2,10.8,6.8,15.3,75.7,1.19,25.49,3.66,18.72,69.0,30.1,1
Karnataka,9,0.0,27.6,1011.8,55.4,13.1,153.7,15.3,75.7,0.969,20.02,6.36,12.59,0.0,0.0,0
Karnataka,9,33.5,31.4,1010.0,83.1,17.7,311.8,15.3,75.7,1.087,22.48,6.58,14.22,27.5,6.0,0
Karnataka,9,15.4,25.4,1018.4,87.7,14.0,186.5,15.3,75.7,0.644,17.49,5.13,14.78,10.1,5.3,0
Karnataka,9,30.2,30.7,1004.4,83.9,17.3,25.0,15.3,75.7,0.986,23.66,6.64,20.51,46.6,16.4,1
Karnataka,9,38.6,25.5,1014.0,56.7,12.7,63.1,15.3,75.7,0.843,17.78,4.99,17.24,41.1,2.5,0
Karnataka,10,42.1,35.0,1009.4,64.9,17.8,89.3,15.3,75.7,1.14,32.91,6.31,18.2,46.1,4.0,0
Karnataka,10,23.9,29.4,1001.6,68.3,9.2,301.4,15.3,75.7,1.35,19.98,4.32,18.76,31.3,7.3,0
Karnataka,10,59.0,33.1,1011.2,64.7,14.7,186.6,15.3,75.7,1.224,20.23,4.91,23.08,66.9,7.9,0
Karnataka,10,34.9,24.1,1014.8,80.4,16.3,50.5,15.3,75.7,1.21,23.45,7.22,18.42,39.2,4.2,0
Karnataka,10,13.9,27.4,1011.8,76.7,22.6,311.2,15.3,75.7,1.293,23.81,6.96,15.57,35.5,21.6,1
Karnataka,10,46.8,31.7,1010.8,67.6,14.2,184.2,15.3,75.7,1.007,24.15,3.19,15.68,54.0,7.2,0
Karnataka,10,62.4,27.5,1008.2,61.7,24.6,289.1,15.3,75.7,1.559,20.1,7.68,17.12,62.0,0.4,0
Karnataka,10,42.7,32.8,1007.1,69.8,13.9,9.6,15.3,75.7,0.934,12.28,4.31,16.63,29.8,12.9,0
Karnataka,10,27.8,25.5,1004.5,63.5,20.8,7.2,15.3,75.7,1.466,23.47,4.26,14.16,38.6,10.8,0
Karnataka,10,32.5,25.2,1004.0,63.9,15.3,138.8,15.3,75.7,0.933,24.04,6.83,16.96,26.2,6.3,0
Karnataka,10,38.2,32.8,1005.8,63.7,18.3,39.9,15.3,75.7,0.897,20.46,6.92,14.65,43.3,5.1,0
Karnataka,10,2.8,30.0,1015.2,60.9,18.2,324.8,15.3,75.7,1.174,22.07,6.19,14.79,0.0,2.8,0
Karnataka,10,43.9,20.8,1007.9,69.4,15.8,64.5,15.3,75.7,1.079,25.67,8.93,16.84,15.2,28.7,1
Karnataka,10,27.5,26.5,1010.0,50.1,17.6,61.2,15.3,75.7,1.313,20.98,7.59,12.76,35.6,8.2,0
Karnataka,10,16.5,25.5,1021.6,60.5,14.1,43.2,15.3,75.7,1.091,22.46,5.67,22.02,43.0,26.5,1
Karnataka,10,16.8,30.8,1005.6,57.7,12.4,86.1,15.3,75.7,1.341,19.55,8.1,17.71,17.9,1.1,0
Karnataka,10,22.7,34.5,1008.1,65.0,20.3,283.5,15.3,75.7,0.955,23.08,4.38,17.19,33.9,11.2,0
Karnataka,10,35.3,23.5,1004.3,72.5,22.3,274.0,15.3,75.7,1.041,26.94,6.7,17.83,55.3,20.0,1
Karnataka,10,28.1,23.8,1007.2,81.1,25.5,345.7,15.3,75.7,1.48,21.59,6.57,22.39,29.9,1.8,0
Karnataka,10,25.7,24.9,1008.2,73.1,12.6,126.4,15.3,75.7,1.003,25.05,6.58,21.02,17.8,7.9,0
Karnataka,10,36.9,37.2,1000.8,61.0,26.4,144.3,15.3,75.7,1.176,21.73,8.54,12.45,65.3,28.4,1
Karnataka,10,9.8,21.2,1002.6,68.7,12.4,130.8,15.3,75.7,0.967,19.41,5.43,18.0,4.6,5.2,0
Karnataka,10,0.0,27.4,1011.7,67.2,9.7,102.1,15.3,75.7,0.878,21.77,6.52,20.53,15.3,15.3,0
Karnataka,10,32.5,31.2,1002.2,85.8,0.7,305.1,15.3,75.7,0.985,24.58,8.29,18.97,44.8,12.3,0
Karnataka,10,40.8,21.6,1001.4,72.7,15.0,141.5,15.3,75.7,1.4,27.66,5.45,18.62,22.1,18.6,1
Karnataka,10,8.4,23.9,1007.7,63.5,18.3,180.7,15.3,75.7,1.376,25.24,5.3,19.99,1.7,6.7,0
Karnataka,10,34.8,25.5,1014.6,77.3,12.5,9.7,15.3,75.7,1.807,18.01,5.69,15.28,25.6,9.2,0
Karnataka,10,15.4,27.1,1010.4,54.1,13.5,16.4,15.3,75.7,0.919,27.04,5.63,13.18,36.2,20.7,1
Karnataka,10,45.9,28.5,1003.3,67.2,12.7,47.4,15.3,75.7,1.296,22.96,6.55,15.75,65.1,19.3,1
Karnataka,10,34.2,20.1,999.1,66.7,20.9,21.6,15.3,75.7,1.305,22.45,8.31,15.12,36.1,1.9,0
Karnataka,10,10.6,26.1,1003.7,85.4,22.7,49.1,15.3,75.7,1.246,20.64,3.51,15.0,31.0,20.4,1
Karnataka,10,35.1,25.9,1011.7,65.3,10.3,268.1,15.3,75.7,1.03,27.16,4.15,15.58,51.6,16.5,1
Karnataka,10,35.9,26.6,1009.4,71.4,8.6,331.6,15.3,75.7,1.198,25.08,6.47,15.64,20.0,15.9,1
Karnataka,10,39.3,30.1,1012.9,59.2,16.6,106.2,15.3,75.7,1.162,34.68,7.63,15.03,41.9,2.6,0
Karnataka,10,24.6,28.0,1000.4,73.2,5.4,313.5,15.3,75.7,1.553,21.61,8.26,14.86,0.0,24.6,1
Karnataka,10,15.5,38.3,1000.9,87.8,17.7,91.8,15.3,75.7,1.003,19.45,7.23,21.25,24.9,9.4,0
Karnataka,10,39.1,25.8,1018.9,72.4,26.2,173.6,15.3,75.7,1.144,27.34,6.72,18.85,29.1,10.0,0
Karnataka,10,24.0,24.0,1007.6,68.1,13.4,291.9,15.3,75.7,0.94,14.46,5.86,23.75,38.4,14.5,0
Karnataka,10,18.2,29.3,1007.3,73.9,20.4,231.7,15.3,75.7,1.177,29.0,7.2,17.88,26.0,7.8,0
Karnataka,10,21.9,22.5,1011.4,82.8,18.1,116.7,15.3,75.7,0.975,20.67,5.01,16.54,44.7,22.9,1
Delhi,1,0.0,28.6,1011.5,77.6,4.2,155.3,28.7,77.1,0.212,3.69,2.04,0.0,0.0,0.0,0
Delhi,1,6.7,24.7,1005.6,65.7,13.0,349.8,28.7,77.1,0.5,10.1,1.61,10.43,12.1,5.5,0
Delhi,1,9.7,31.6,1002.8,62.0,15.5,17.7,28.7,77.1,0.29,9.6,2.87,5.46,11.7,2.1,0
Delhi,1,4.4,32.3,1018.5,68.4,18.8,340.5,28.7,77.1,0.224,4.05,1.4,4.52,10.5,6.1,0
Delhi,1,17.1,26.8,1006.4,65.5,13.6,336.2,28.7,77.1,0.28,6.4,4.13,4.56,15.7,1.4,0
Delhi,1,5.4,29.2,1000.3,61.1,14.5,128.6,28.7,77.1,0.254,10.26,2.72,8.88,3.6,1.8,0
Delhi,1,18.2,34.5,1015.2,79.8,13.4,153.7,28.7,77.1,0.276,0.0,2.81,4.92,25.1,6.9,0
Delhi,1,15.6,24.6,1019.7,69.4,6.0,28.7,28.7,77.1,0.0,10.25,1.87,2.88,12.1,3.5,0
Delhi,1,3.1,31.2,999.8,54.8,14.7,161.9,28.7,77.1,0.476,5.21,4.39,6.03,12.5,9.5,0
Delhi,1,11.9,31.2,1004.2,77.2,13.5,160.9,28.7,77.1,0.0,7.76,4.31,2.68,6.8,5.1,0
Delhi,1,2.9,33.3,998.8,59.0,7.4,105.0,28.7,77.1,0.331,5.81,2.28,7.75,10.9,8.0,0
Delhi,1,17.4,31.2,1014.9,56.2,14.3,88.8,28.7,77.1,0.0,5.06,1.26,6.27,25.1,7.8,0
Delhi,1,12.1,28.0,1010.7,62.6,13.4,237.7,28.7,77.1,0.711,9.0,2.76,11.51,5.8,6.3,0
Delhi,1,5.3,25.9,1006.8,71.5,17.3,233.0,28.7,77.1,0.494,3.61,0.96,5.61,7.1,1.8,0
Delhi,1,22.4,37.4,1005.0,47.4,5.6,167.2,28.7,77.1,0.401,6.16,0.99,10.76,28.4,6.0,0
Delhi,1,25.3,21.6,1014.4,64.0,10.4,180.6,28.7,77.1,0.22,6.63,3.64,0.0,34.7,9.4,0
Delhi,1,10.5,28.4,1012.7,69.1,10.0,291.5,28.7,77.1,0.66,1.28,2.26,1.17,17.1,6.6,0
Delhi,1,5.3,23.9,1003.7,65.9,13.8,222.4,28.7,77.1,0.219,7.84,3.95,7.92,4.1,1.1,0
Delhi,1,17.1,27.6,992.4,79.9,14.7,321.9,28.7,77.1,0.362,8.41,2.51,4.53,15.7,1.4,0
Delhi,1,7.1,25.3,1002.3,68.2,17.3,247.5,28.7,77.1,0.236,0.42,0.92,1.56,13.8,6.7,0
Delhi,1,0.0,30.7,1006.7,71.6,18.2,180.7,28.7,77.1,0.587,13.4,4.12,3.38,0.0,0.0,0
Delhi,1,5.0,29.6,998.2,66.1,0.0,44.6,28.7,77.1,0.4,13.38,3.07,2.95,8.0,3.1,0
Delhi,1,9.0,30.8,1008.3,74.9,6.1,49.1,28.7,77.1,0.717,5.79,2.79,2.41,25.0,16.0,1
Delhi,1,9.4,23.8,1013.5,54.8,15.8,246.1,28.7,77.1,0.765,8.1,2.56,0.0,11.5,2.1,0
Delhi,1,0.0,28.1,1005.4,73.4,9.6,188.8,28.7,77.1,0.337,4.71,1.64,6.1,9.4,9.4,0
Delhi,1,0.0,29.0,1010.4,65.3,3.6,58.4,28.7,77.1,0.059,1.23,0.93,4.91,0.0,0.0,0
Delhi,1,0.0,30.4,1007.9,73.1,8.8,183.5,28.7,77.1,0.52,1.95,1.71,8.38,3.2,3.2,0
Delhi,1,4.7,28.7,1014.1,65.3,12.6,1.0,28.7,77.1,0.037,9.21,1.51,1.61,0.0,4.7,0
Delhi,1,0.0,19.8,1002.9,61.2,17.7,318.1,28.7,77.1,0.411,12.32,0.0,6.57,4.2,4.2,0
Delhi,1,15.2,21.7,1005.1,56.2,6.0,314.4,28.7,77.1,0.368,16.45,1.82,8.18,21.2,6.0,0
Delhi,1,0.0,26.7,1008.3,69.5,14.1,39.3,28.7,77.1,0.542,9.83,3.66,9.46,0.0,0.0,0
Delhi,1,0.0,26.4,1001.1,55.7,12.9,324.9,28.7,77.1,0.49,8.41,2.94,1.61,0.0,0.0,0
Delhi,1,0.0,31.1,1017.6,67.3,13.7,117.4,28.7,77.1,0.317,12.3,2.61,7.32,8.9,8.9,0
Delhi,1,18.2,29.0,1008.5,61.6,14.9,320.8,28.7,77.1,0.43,11.35,0.48,0.0,20.5,2.3,0
Delhi,1,13.5,30.0,1001.9,74.5,21.9,108.7,28.7,77.1,0.215,7.3,2.35,9.01,16.3,2.8,0
Delhi,1,3.2,26.5,1000.4,79.2,15.5,320.2,28.7,77.1,0.382,6.77,0.38,1.14,4.3,1.2,0
Delhi,1,3.9,28.8,1016.5,62.6,8.6,143.3,28.7,77.1,0.081,7.82,1.63,6.08,3.4,0.5,0
Delhi,1,4.8,31.4,1011.7,85.8,15.9,61.7,28.7,77.1,0.233,8.59,4.25,7.97,2.3,2.4,0
Delhi,1,11.2,29.7,1013.2,68.5,13.7,208.9,28.7,77.1,0.518,1.64,2.61,3.75,11.0,0.2,0
Delhi,1,12.6,28.8,996.0,63.5,10.5,209.3,28.7,77.1,0.112,14.87,3.53,4.57,11.0,1.6,0
Delhi,2,0.5,30.0,1004.1,64.8,7.4,111.7,28.7,77.1,0.459,6.62,2.66,4.29,5.3,4.7,0
Delhi,2,0.0,32.3,1008.9,61.5,15.7,7.7,28.7,77.1,0.216,13.73,0.0,9.64,0.3,0.3,0
Delhi,2,18.1,34.5,1005.9,62.2,14.4,265.9,28.7,77.1,0.358,6.83,1.53,4.96,25.1,6.9,0
Delhi,2,14.8,28.0,1008.3,63.0,4.0,197.7,28.7,77.1,0.617,13.28,1.92,9.73,10.8,4.0,0
Delhi,2,1.8,28.2,1006.6,59.1,13.4,114.9,28.7,77.1,0.134,9.0,4.11,5.13,0.0,1.8,0
Delhi,2,0.0,36.7,1015.5,63.1,18.7,221.7,28.7,77.1,0.394,4.26,0.74,4.63,0.0,0.0,0
Delhi,2,12.0,31.3,1007.4,56.1,9.5,165.3,28.7,77.1,0.551,14.19,5.08,4.4,20.6,8.5,0
Delhi,2,0.0,32.8,1012.1,44.9,14.8,118.6,28.7,77.1,0.357,5.86,4.04,4.32,0.0,0.0,0
Delhi,2,0.0,27.8,1010.1,78.0,15.4,242.3,28.7,77.1,0.572,11.77,4.19,13.89,8.5,8.5,0
Delhi,2,10.5,26.8,1009.5,77.5,6.7,80.3,28.7,77.1,0.339,7.57,3.58,4.79,15.5,5.0,0
Delhi,2,0.0,32.2,1009.0,66.0,14.2,135.8,28.7,77.1,0.513,7.67,2.6,1.07,11.8,11.8,0
Delhi,2,0.0,35.2,1006.8,78.2,18.0,29.0,28.7,77.1,0.434,3.72,2.73,5.43,2.0,2.0,0
Delhi,2,0.0,27.6,993.4,63.0,13.4,15.0,28.7,77.1,0.371,9.15,4.17,9.54,4.2,4.2,0
Delhi,2,7.1,30.1,1017.0,71.0,14.1,337.4,28.7,77.1,0.434,5.08,3.5,6.88,8.3,1.2,0
Delhi,2,13.3,21.4,1005.3,57.2,8.9,281.2,28.7,77.1,0.243,15.2,3.49,3.99,3.7,9.6,0
Delhi,2,1.1,27.4,1004.8,91.4,4.5,182.3,28.7,77.1,0.399,7.5,0.62,6.24,4.7,3.5,0
Delhi,2,15.1,30.6,1014.1,45.5,11.6,38.4,28.7,77.1,0.637,2.68,3.06,3.23,16.2,1.1,0
Delhi,2,29.0,32.5,1000.4,58.3,12.8,72.2,28.7,77.1,0.487,5.4,2.51,4.01,29.6,0.6,0
Delhi,2,15.0,29.9,1004.5,77.3,18.1,225.0,28.7,77.1,0.373,15.55,4.88,1.83,24.9,9.8,0
Delhi,2,26.1,31.3,1005.7,62.5,21.4,65.1,28.7,77.1,0.534,17.83,1.74,6.1,30.5,4.4,0
Delhi,2,5.1,21.3,1013.0,58.5,9.0,146.1,28.7,77.1,0.379,8.01,4.11,9.88,5.8,0.6,0
Delhi,2,1.0,28.2,1003.5,65.7,8.1,178.7,28.7,77.1,0.45,6.34,3.8,2.68,0.0,1.0,0
Delhi,2,12.0,29.2,1013.2,38.7,16.9,104.5,28.7,77.1,0.191,1.6,2.28,11.14,19.3,7.3,0
Delhi,2,25.1,28.2,1008.5,50.2,4.9,318.6,28.7,77.1,0.15,5.07,3.0,10.19,26.0,1.0,0
Delhi,2,0.0,21.4,1008.6,59.7,13.4,52.9,28.7,77.1,0.411,13.3,4.21,7.48,0.0,0.0,0
Delhi,2,1.5,31.8,1014.5,53.3,20.4,153.7,28.7,77.1,0.559,19.7,1.04,7.89,2.8,1.4,0
Delhi,2,12.3,26.2,995.6,58.5,14.5,307.1,28.7,77.1,0.506,14.39,2.36,4.65,17.5,5.2,0
Delhi,2,3.4,33.2,1001.0,74.6,18.8,62.4,28.7,77.1,0.607,5.9,1.95,7.43,2.4,1.0,0
Delhi,2,10.7,29.9,1007.7,68.8,16.0,5.7,28.7,77.1,0.329,11.79,3.28,7.73,16.4,5.7,0
Delhi,2,9.0,27.3,1004.9,65.1,15.2,330.3,28.7,77.1,0.454,9.9,1.62,4.98,16.0,7.0,0
Delhi,2,0.0,29.3,1008.3,64.9,16.2,321.7,28.7,77.1,0.185,10.56,2.34,2.28,5.8,5.8,0
Delhi,2,0.0,27.3,1009.5,65.3,9.7,291.2,28.7,77.1,0.273,4.19,2.8,4.74,0.0,0.0,0
Delhi,2,4.3,26.1,1009.3,69.6,19.5,11.8,28.7,77.1,0.207,0.0,1.13,4.86,0.0,4.3,0
Delhi,2,0.8,28.8,1005.2,68.8,9.8,110.8,28.7,77.1,0.766,8.36,3.08,8.9,11.0,10.2,0
Delhi,2,3.5,32.9,1005.8,76.2,6.6,62.4,28.7,77.1,0.469,9.94,1.94,1.43,9.2,5.7,0
Delhi,2,5.2,27.1,1016.3,63.1,10.2,301.5,28.7,77.1,0.208,12.0,2.08,8.26,0.0,5.2,0
Delhi,2,0.0,25.1,1010.4,63.9,7.2,75.4,28.7,77.1,0.524,9.86,3.3,3.81,11.2,11.2,0
Delhi,2,6.3,29.8,1009.9,56.6,22.3,317.2,28.7,77.1,0.431,6.85,4.33,9.95,9.9,3.6,0
Delhi,2,0.0,28.0,1007.7,61.5,7.9,27.0,28.7,77.1,0.719,11.46,2.99,4.42,6.6,6.6,0
Delhi,2,9.6,27.1,1009.9,71.1,16.2,115.7,28.7,77.1,0.511,13.21,3.31,13.0,11.6,1.9,0
Delhi,3,0.0,25.2,1004.7,72.1,17.4,139.5,28.7,77.1,0.548,17.45,2.4,7.13,0.0,0.0,0
Delhi,3,0.0,20.5,1014.5,58.9,11.9,86.8,28.7,77.1,0.252,6.45,3.37,6.03,0.0,0.0,0
Delhi,3,15.1,26.7,1008.7,67.1,18.0,18.4,28.7,77.1,0.317,14.44,2.83,4.9,10.0,5.2,0
Delhi,3,0.0,26.1,1010.0,52.9,21.7,310.1,28.7,77.1,0.333,3.84,4.5,9.3,0.0,0.0,0
Delhi,3,0.0,23.8,1009.2,59.7,10.4,47.9,28.7,77.1,0.407,2.79,1.8,3.42,0.0,0.0,0
Delhi,3,9.5,28.7,1013.9,52.4,14.7,27.1,28.7,77.1,0.885,9.37,2.73,8.17,16.3,6.8,0
Delhi,3,4.5,30.9,1015.6,75.7,12.5,169.2,28.7,77.1,0.586,5.4,3.47,6.69,4.0,0.5,0
Delhi,3,12.0,21.0,1016.0,72.6,4.0,109.1,28.7,77.1,0.578,15.65,5.47,13.02,13.4,1.4,0
Delhi,3,14.4,26.6,1012.9,44.9,6.8,60.7,28.7,77.1,0.478,10.45,4.93,5.39,7.8,6.6,0
Delhi,3,4.4,26.1,1010.8,81.8,20.4,213.2,28.7,77.1,0.376,9.15,3.91,5.03,1.7,2.7,0
Delhi,3,12.6,23.1,1013.5,62.5,15.9,3.7,28.7,77.1,0.74,1.28,4.91,11.06,19.1,6.5,0
Delhi,3,14.2,30.9,1003.5,67.0,17.7,269.3,28.7,77.1,0.584,10.14,4.15,3.53,12.2,2.0,0
Delhi,3,0.0,22.9,1012.2,60.6,9.9,155.0,28.7,77.1,0.421,13.65,2.14,6.31,0.0,0.0,0
Delhi,3,14.5,27.7,1011.7,68.0,3.5,326.8,28.7,77.1,0.183,11.18,4.07,9.32,14.7,0.2,0
Delhi,3,0.0,29.4,1010.0,64.7,13.6,257.8,28.7,77.1,0.503,9.36,1.94,8.93,0.0,0.0,0
Delhi,3,11.0,30.5,1009.6,53.1,11.3,249.5,28.7,77.1,0.769,13.13,3.73,4.38,14.5,3.4,0
Delhi,3,4.0,28.2,1000.8,76.0,0.0,298.6,28.7,77.1,0.665,19.1,3.1,5.78,8.9,4.9,0
Delhi,3,14.6,28.2,1002.1,72.1,13.2,337.1,28.7,77.1,0.165,19.67,4.4,9.02,14.8,0.1,0
Delhi,3,16.0,24.3,1009.0,68.9,8.1,273.8,28.7,77.1,0.407,6.74,2.75,2.22,26.3,10.2,0
Delhi,3,25.4,24.8,1013.5,66.2,13.1,284.9,28.7,77.1,0.378,11.92,2.23,5.12,24.0,1.5,0
Delhi,3,0.0,29.9,1011.2,70.1,17.9,300.9,28.7,77.1,0.852,6.41,3.13,6.37,6.5,6.5,0
Delhi,3,6.0,28.1,1004.6,62.1,2.0,250.3,28.7,77.1,0.285,7.83,2.13,9.05,3.7,2.3,0
Delhi,3,0.0,29.7,1004.3,66.3,17.4,17.0,28.7,77.1,0.479,6.71,4.58,7.58,2.7,2.7,0
Delhi,3,0.0,31.6,1012.4,58.8,14.0,74.7,28.7,77.1,0.933,11.36,3.4,6.88,4.9,4.9,0
Delhi,3,16.9,25.0,1012.7,51.1,16.5,128.3,28.7,77.1,0.651,10.87,3.87,6.14,12.5,4.4,0
Delhi,3,11.3,28.8,1012.6,65.1,14.0,274.0,28.7,77.1,0.604,13.59,2.26,9.45,13.6,2.3,0
Delhi,3,15.5,34.5,997.5,78.6,12.6,57.2,28.7,77.1,0.402,5.67,4.01,4.24,26.8,11.3,0
Delhi,3,16.0,29.5,997.8,53.3,12.8,135.8,28.7,77.1,0.678,0.0,2.49,9.86,17.6,1.6,0
Delhi,3,3.5,22.1,1013.3,61.7,18.7,128.2,28.7,77.1,0.753,9.66,2.82,5.69,22.5,19.0,1
Delhi,3,6.3,32.8,1010.4,62.4,11.9,266.2,28.7,77.1,0.496,7.98,2.43,8.3,5.5,0.8,0
Delhi,3,15.0,38.7,1010.6,84.5,9.6,306.9,28.7,77.1,0.741,15.31,4.94,7.39,26.0,11.0,0
Delhi,3,0.0,35.0,1003.2,79.0,18.4,340.5,28.7,77.1,0.903,14.0,1.81,9.11,0.0,0.0,0
Delhi,3,7.6,26.9,1011.2,58.3,9.2,194.6,28.7,77.1,0.725,9.8,6.19,6.31,16.9,9.3,0
Delhi,3,12.3,27.2,1014.6,57.6,2.8,278.0,28.7,77.1,0.438,14.04,1.9,8.92,17.8,5.6,0
Delhi,3,12.1,32.7,1007.9,67.0,15.5,94.2,28.7,77.1,0.219,8.15,3.09,5.66,11.0,1.0,0
Delhi,3,10.5,27.5,1012.3,75.2,1.3,314.9,28.7,77.1,0.323,4.06,0.51,6.52,10.0,0.5,0
Delhi,3,10.2,31.9,1007.8,60.5,13.2,330.1,28.7,77.1,0.194,13.62,3.91,11.69,2.3,7.9,0
Delhi,3,0.0,24.8,1010.0,75.1,14.6,97.2,28.7,77.1,0.661,7.95,4.67,13.3,0.0,0.0,0
Delhi,3,5.8,23.0,1003.2,70.4,4.8,223.6,28.7,77.1,0.7,10.69,4.32,3.46,10.5,4.7,0
Delhi,3,28.9,25.9,1005.6,72.3,8.7,341.2,28.7,77.1,0.13,0.09,3.78,4.4,25.6,3.4,0
Delhi,4,19.2,30.9,1001.9,72.2,12.1,103.1,28.7,77.1,0.55,5.07,2.99,1.08,24.0,4.8,0
Delhi,4,14.0,25.6,1007.4,57.3,19.9,168.1,28.7,77.1,0.492,5.89,4.13,11.43,0.0,14.0,1
Delhi,4,16.8,34.9,1008.6,60.3,13.4,204.7,28.7,77.1,0.947,14.43,4.93,14.78,33.6,16.9,1
Delhi,4,8.4,28.5,1019.8,59.6,12.7,208.9,28.7,77.1,0.191,7.57,2.82,6.44,14.6,6.2,0
Delhi,4,9.6,32.4,1008.8,68.8,12.1,303.8,28.7,77.1,0.47,14.75,2.43,7.59,29.1,19.5,1
Delhi,4,17.1,22.8,1002.8,83.0,14.0,191.9,28.7,77.1,0.399,9.82,5.55,6.22,14.5,2.6,0
Delhi,4,16.2,24.2,1003.3,67.1,13.8,169.4,28.7,77.1,0.649,11.96,1.48,10.66,15.3,0.8,0
Delhi,4,18.4,36.7,1007.7,60.6,20.5,159.4,28.7,77.1,0.933,9.23,3.1,15.41,27.0,8.6,0
Delhi,4,27.2,28.3,1007.5,37.7,18.7,209.7,28.7,77.1,0.532,13.46,3.9,5.49,33.4,6.2,0
Delhi,4,7.6,31.4,1006.6,62.3,10.9,124.2,28.7,77.1,0.45,12.82,2.95,4.79,16.9,9.3,0
Delhi,4,8.2,31.5,1006.9,61.3,4.9,305.9,28.7,77.1,0.38,12.21,3.72,5.24,0.0,8.2,0
Delhi,4,14.7,31.9,1012.8,57.4,18.7,292.2,28.7,77.1,0.667,8.65,3.69,13.81,32.6,17.9,1
Delhi,4,9.2,29.2,997.0,79.0,17.3,54.9,28.7,77.1,0.434,11.35,5.61,9.4,33.7,24.5,1
Delhi,4,18.5,24.7,1005.9,59.9,17.9,342.5,28.7,77.1,0.898,9.76,4.41,12.16,36.7,18.3,1
Delhi,4,0.0,30.9,1002.0,61.0,7.1,207.4,28.7,77.1,0.264,6.36,2.76,9.23,1.9,1.9,0
Delhi,4,0.0,39.4,1005.6,53.7,16.5,90.3,28.7,77.1,0.392,12.65,3.04,7.43,14.5,14.5,1
Delhi,4,11.0,30.9,1005.4,68.5,9.7,211.8,28.7,77.1,0.472,8.31,5.1,10.05,0.0,11.0,0
Delhi,4,28.3,31.0,1013.7,65.3,6.1,176.7,28.7,77.1,0.896,4.58,2.12,7.02,22.2,6.1,0
Delhi,4,15.5,30.8,1010.1,60.9,15.0,87.2,28.7,77.1,0.268,15.55,4.82,8.0,18.4,3.0,0
Delhi,4,13.6,24.5,999.8,76.1,7.4,152.4,28.7,77.1,0.451,12.23,3.25,6.14,24.2,10.6,0
Delhi,4,6.1,25.2,1010.0,67.6,13.7,153.5,28.7,77.1,0.527,14.47,2.14,12.04,1.7,4.4,0
Delhi,4,0.0,25.2,1006.3,59.7,8.8,205.8,28.7,77.1,0.38,2.06,3.43,14.45,0.0,0.0,0
Delhi,4,0.0,26.8,1015.7,63.4,8.5,150.8,28.7,77.1,0.612,13.03,2.58,6.62,13.0,13.0,0
Delhi,4,14.1,31.6,1007.7,77.6,15.1,160.6,28.7,77.1,0.703,7.59,5.7,11.34,15.9,1.8,0
Delhi,4,7.7,28.9,1007.1,80.2,10.9,352.6,28.7,77.1,0.503,14.1,5.07,8.66,5.4,2.3,0
Delhi,4,9.2,25.8,996.5,58.5,16.2,16.5,28.7,77.1,0.493,15.52,2.69,5.72,14.9,5.7,0
Delhi,4,2.0,25.5,1015.7,56.3,9.9,241.8,28.7,77.1,0.545,5.59,5.99,5.93,3.2,1.2,0
Delhi,4,14.4,37.0,1006.0,57.8,16.1,308.5,28.7,77.1,0.582,9.95,4.32,2.09,12.8,1.6,0
Delhi,4,0.0,27.0,1005.4,40.6,14.5,23.4,28.7,77.1,0.516,4.97,5.37,14.01,6.4,6.4,0
Delhi,4,5.9,27.0,1010.2,67.9,15.8,325.3,28.7,77.1,0.407,7.8,3.51,9.72,0.0,5.9,0
Delhi,4,7.2,28.3,1005.6,81.0,19.8,16.4,28.7,77.1,0.908,14.6,4.01,6.89,9.4,2.2,0
Delhi,4,13.8,26.9,1000.4,63.2,18.7,215.9,28.7,77.1,0.835,13.38,3.57,9.18,26.8,13.0,0
Delhi,4,10.1,32.2,1012.3,68.8,8.0,185.9,28.7,77.1,0.146,12.87,3.35,6.47,16.4,6.3,0
Delhi,4,0.0,28.8,1006.3,65.2,15.0,134.3,28.7,77.1,0.634,16.52,5.52,10.63,0.0,0.0,0
Delhi,4,7.1,24.0,1022.3,57.0,6.1,359.2,28.7,77.1,0.347,11.58,5.15,5.11,18.9,11.8,0
Delhi,4,9.0,26.5,1008.9,81.2,13.9,65.0,28.7,77.1,0.639,12.72,3.62,11.38,0.0,9.0,0
Delhi,4,13.6,31.5,1000.8,52.2,18.6,160.6,28.7,77.1,0.826,8.32,4.09,9.32,4.3,9.2,0
Delhi,4,11.4,29.0,1011.7,61.3,19.9,320.9,28.7,77.1,0.896,14.07,4.18,4.77,5.8,5.6,0
Delhi,4,27.0,31.9,1006.6,62.8,14.7,159.3,28.7,77.1,0.461,13.54,4.75,7.21,43.1,16.1,1
Delhi,4,21.0,25.3,1001.6,72.9,11.3,286.0,28.7,77.1,0.599,13.97,4.8,8.48,5.5,15.5,1
Delhi,5,21.1,25.0,1009.5,66.3,25.2,37.1,28.7,77.1,0.527,7.01,2.78,10.1,19.3,1.8,0
Delhi,5,0.0,26.2,1010.3,66.7,11.6,164.2,28.7,77.1,0.587,13.27,4.64,4.34,5.1,5.1,0
Delhi,5,6.9,24.2,1006.1,79.1,18.0,1.6,28.7,77.1,0.44,6.95,3.17,9.32,9.9,2.9,0
Delhi,5,3.8,31.8,1009.9,41.0,14.5,151.6,28.7,77.1,0.66,14.71,3.98,9.09,7.3,3.5,0
Delhi,5,12.8,25.9,1013.5,81.7,11.3,212.1,28.7,77.1,0.35,14.0,5.01,10.52,19.5,6.7,0
Delhi,5,4.7,20.3,1005.5,84.0,15.3,10.3,28.7,77.1,0.8,9.02,4.57,10.82,0.8,3.9,0
Delhi,5,14.8,33.4,1006.0,50.3,14.9,341.1,28.7,77.1,0.655,9.02,4.37,12.97,18.4,3.7,0
Delhi,5,0.0,29.8,1008.1,69.6,18.9,98.6,28.7,77.1,0.562,8.27,4.53,9.79,1.0,1.0,0
Delhi,5,18.9,24.1,1008.6,73.5,11.3,31.5,28.7,77.1,0.28,13.01,6.33,7.46,24.8,5.9,0
Delhi,5,0.0,29.7,1002.6,63.6,14.4,262.9,28.7,77.1,1.248,9.96,5.03,13.77,10.2,10.2,0
Delhi,5,0.0,28.7,998.8,64.2,22.4,22.2,28.7,77.1,0.454,19.8,4.09,6.61,6.3,6.3,0
Delhi,5,5.8,17.4,1001.2,88.1,15.6,210.1,28.7,77.1,0.413,12.16,4.1,7.65,10.2,4.4,0
Delhi,5,0.0,33.1,1010.3,65.8,14.7,186.4,28.7,77.1,0.274,8.42,4.08,8.23,7.7,7.7,0
Delhi,5,16.9,26.0,1003.2,75.0,14.9,235.2,28.7,77.1,0.391,9.68,4.77,14.35,17.3,0.4,0
Delhi,5,1.8,36.9,1006.1,59.6,12.0,64.3,28.7,77.1,0.873,5.69,5.01,9.26,1.9,0.1,0
Delhi,5,7.2,27.2,1008.4,63.0,13.7,291.9,28.7,77.1,1.056,16.42,4.89,7.96,21.2,14.0,1
Delhi,5,14.1,28.7,1005.3,70.2,22.4,47.7,28.7,77.1,0.566,12.78,4.35,7.65,10.6,3.5,0
Delhi,5,19.4,33.1,1019.3,72.1,14.6,346.4,28.7,77.1,0.438,14.95,5.55,12.36,37.5,18.1,1
Delhi,5,4.4,26.3,1006.9,56.3,16.7,292.4,28.7,77.1,0.732,12.98,5.51,11.01,3.2,1.2,0
Delhi,5,0.0,26.9,1008.2,68.0,13.1,292.0,28.7,77.1,0.45,8.25,4.82,12.55,0.0,0.0,0
Delhi,5,10.2,31.4,1007.1,74.7,19.4,253.1,28.7,77.1,0.52,17.64,3.98,8.49,18.1,7.9,0
Delhi,5,7.6,27.4,1006.1,65.7,15.0,299.3,28.7,77.1,0.6,5.32,3.81,10.3,8.1,0.6,0
Delhi,5,18.4,29.6,997.2,79.5,15.2,71.6,28.7,77.1,0.525,4.05,4.56,11.24,15.3,3.2,0
Delhi,5,1.1,28.8,1014.0,78.4,18.1,85.4,28.7,77.1,0.804,17.01,4.4,8.25,16.4,15.4,1
Delhi,5,0.2,29.9,1005.0,70.9,15.3,124.1,28.7,77.1,0.71,12.31,4.94,11.37,0.0,0.2,0
Delhi,5,10.3,26.6,1009.0,63.3,20.4,9.1,28.7,77.1,0.817,8.58,3.96,7.44,18.9,8.6,0
Delhi,5,0.0,21.4,1004.9,73.1,10.0,275.0,28.7,77.1,0.49,5.37,5.32,11.24,2.6,2.6,0
Delhi,5,11.3,27.4,1002.8,80.6,13.5,209.6,28.7,77.1,0.519,14.16,5.67,9.79,17.8,6.5,0
Delhi,5,20.3,31.1,1013.2,70.7,15.6,327.3,28.7,77.1,0.792,10.66,4.94,16.18,28.4,8.1,0
Delhi,5,0.0,27.1,1011.1,60.8,9.1,75.4,28.7,77.1,0.578,18.83,3.66,11.92,0.9,0.9,0
Delhi,5,6.7,30.3,1000.3,84.2,16.7,246.8,28.7,77.1,0.568,14.37,5.42,9.02,1.9,4.7,0
Delhi,5,0.7,26.6,1009.1,65.9,11.6,103.4,28.7,77.1,0.527,9.99,5.43,10.94,0.0,0.7,0
Delhi,5,0.0,23.8,1007.8,79.3,21.2,88.8,28.7,77.1,1.002,13.19,5.63,7.57,0.0,0.0,0
Delhi,5,7.5,27.7,1020.9,67.5,8.9,76.9,28.7,77.1,0.467,12.96,5.35,6.49,24.4,16.9,1
Delhi,5,23.0,29.7,1016.8,63.7,18.0,210.7,28.7,77.1,0.492,9.95,6.74,12.47,34.2,11.2,0
Delhi,5,4.1,31.1,1006.2,84.5,20.1,61.8,28.7,77.1,0.783,12.03,4.88,13.91,13.1,9.0,0
Delhi,5,1.8,33.3,1004.6,67.2,11.6,219.4,28.7,77.1,0.654,21.08,4.68,18.18,4.3,2.5,0
Delhi,5,13.2,27.8,1008.3,71.2,21.6,27.6,28.7,77.1,0.621,14.85,5.84,2.81,4.0,9.3,0
Delhi,5,11.3,32.7,1005.6,74.2,23.9,315.4,28.7,77.1,0.574,14.27,4.52,10.05,13.0,1.8,0
Delhi,5,8.1,24.2,1011.1,57.1,9.9,293.5,28.7,77.1,0.554,12.49,2.98,8.49,12.9,4.8,0
Delhi,6,0.0,25.1,1017.0,60.9,17.9,277.7,28.7,77.1,0.724,10.49,2.47,8.94,8.9,8.9,0
Delhi,6,19.3,28.7,1004.1,77.2,10.8,332.0,28.7,77.1,0.488,11.99,4.4,11.14,8.3,11.0,0
Delhi,6,7.0,24.9,1010.1,71.0,9.3,286.9,28.7,77.1,0.674,16.85,3.97,12.03,19.9,12.9,0
Delhi,6,12.7,36.5,1010.5,85.6,27.0,177.7,28.7,77.1,0.914,15.75,5.04,8.28,9.1,3.7,0
Delhi,6,0.6,37.0,1010.4,54.4,9.1,120.1,28.7,77.1,0.922,13.86,5.36,10.27,15.9,15.3,1
Delhi,6,7.7,29.3,1009.4,56.4,10.8,22.7,28.7,77.1,0.748,19.23,4.89,10.0,15.4,7.7,0
Delhi,6,10.3,28.0,1015.6,65.8,15.7,287.5,28.7,77.1,0.936,10.03,4.66,13.21,7.0,3.3,0
Delhi,6,21.3,19.9,1002.5,67.1,26.4,230.5,28.7,77.1,0.717,18.27,3.45,1.16,43.4,22.1,1
Delhi,6,18.5,26.3,1008.3,78.5,13.8,237.8,28.7,77.1,1.091,8.71,5.37,6.59,41.1,22.6,1
Delhi,6,15.1,25.4,1000.5,64.5,15.3,219.1,28.7,77.1,0.465,10.38,4.15,7.93,12.6,2.5,0
Delhi,6,1.8,29.8,1005.6,68.1,15.9,298.9,28.7,77.1,0.803,14.52,5.0,9.86,3.8,2.1,0
Delhi,6,12.6,28.5,1002.1,83.8,10.9,320.7,28.7,77.1,0.917,12.31,5.03,3.69,0.0,12.6,0
Delhi,6,11.7,28.9,1013.5,76.0,6.4,43.4,28.7,77.1,0.446,17.13,4.21,18.41,8.3,3.4,0
Delhi,6,11.2,28.7,1006.8,58.0,25.4,215.6,28.7,77.1,0.555,13.24,4.98,8.21,24.3,13.1,0
Delhi,6,13.6,28.2,1010.8,59.5,11.5,90.9,28.7,77.1,0.87,12.7,4.37,3.93,11.7,1.9,0
Delhi,6,0.0,22.5,1009.8,100.0,15.4,332.3,28.7,77.1,0.532,9.49,7.22,7.84,0.0,0.0,0
Delhi,6,14.6,26.4,1011.0,83.7,16.2,187.7,28.7,77.1,0.816,24.5,7.48,9.31,29.3,14.6,1
Delhi,6,31.3,30.9,1007.7,63.0,14.9,220.7,28.7,77.1,0.863,19.24,4.27,8.91,25.6,5.7,0
Delhi,6,17.0,28.1,1000.8,97.1,5.5,76.7,28.7,77.1,0.872,16.31,3.89,7.92,26.9,9.9,0
Delhi,6,16.1,25.3,1013.0,73.7,21.1,92.1,28.7,77.1,0.846,12.77,5.4,11.33,29.8,13.8,0
Delhi,6,17.6,20.5,1004.9,68.8,16.7,237.5,28.7,77.1,0.794,10.86,5.85,7.83,35.3,17.7,1
Delhi,6,26.3,28.1,1004.8,61.0,8.9,36.9,28.7,77.1,0.648,11.44,2.82,8.81,31.2,4.8,0
Delhi,6,8.3,24.5,996.0,79.5,14.2,321.8,28.7,77.1,0.72,15.67,5.04,10.56,20.5,12.2,0
Delhi,6,22.5,33.6,1003.8,70.5,6.4,108.0,28.7,77.1,0.645,16.64,4.61,12.28,22.9,0.3,0
Delhi,6,5.7,24.9,1011.5,64.2,2.3,248.9,28.7,77.1,0.498,14.45,3.4,10.3,0.0,5.7,0
Delhi,6,11.6,24.6,1001.7,75.6,13.8,229.5,28.7,77.1,0.539,17.26,4.23,14.72,27.5,15.9,1
Delhi,6,27.4,32.0,1005.0,68.5,13.4,65.8,28.7,77.1,0.682,12.71,6.74,9.28,25.0,2.3,0
Delhi,6,7.6,32.4,1008.9,72.6,15.6,268.9,28.7,77.1,0.47,12.56,5.13,7.31,0.0,7.6,0
Delhi,6,8.6,33.4,997.2,41.5,23.1,166.6,28.7,77.1,0.603,7.68,4.39,9.85,28.7,20.1,1
Delhi,6,19.8,23.0,998.5,73.0,11.8,178.4,28.7,77.1,0.921,6.65,4.31,12.15,13.2,6.6,0
Delhi,6,26.0,24.1,1007.6,61.1,0.7,333.9,28.7,77.1,0.842,9.54,4.0,8.71,36.5,10.6,0
Delhi,6,8.1,28.2,1008.2,62.8,22.8,246.0,28.7,77.1,0.825,18.78,4.58,10.44,18.5,10.4,0
Delhi,6,8.0,20.5,1006.8,84.5,17.2,227.8,28.7,77.1,0.835,13.1,4.79,8.97,17.9,9.9,0
Delhi,6,6.2,26.8,1012.4,66.1,17.2,245.7,28.7,77.1,0.669,12.28,3.17,6.97,16.4,10.3,0
Delhi,6,18.3,24.1,1010.0,70.2,19.1,356.9,28.7,77.1,0.799,10.92,5.64,7.13,45.9,27.6,1
Delhi,6,0.0,29.9,1008.0,63.9,12.0,37.1,28.7,77.1,0.797,13.07,6.83,9.9,12.3,12.3,0
Delhi,6,0.0,23.0,1011.5,71.1,25.1,65.9,28.7,77.1,0.819,12.7,5.77,12.57,4.6,4.6,0
Delhi,6,4.0,26.7,1002.4,71.6,0.4,281.3,28.7,77.1,0.865,17.2,2.82,12.01,0.0,4.0,0
Delhi,6,7.9,31.2,1003.1,82.3,15.7,142.5,28.7,77.1,0.899,17.24,5.71,8.29,1.9,6.0,0
Delhi,6,8.9,30.0,1001.6,73.8,16.3,188.8,28.7,77.1,0.696,13.94,5.28,12.5,42.6,33.6,1
Delhi,7,14.9,25.4,998.5,54.4,11.0,174.6,28.7,77.1,0.67,16.6,4.32,12.6,28.7,13.8,0
Delhi,7,8.8,29.7,1005.8,56.2,17.6,63.8,28.7,77.1,0.867,18.8,4.9,10.71,10.8,2.0,0
Delhi,7,16.8,27.4,1008.6,61.3,9.7,291.8,28.7,77.1,0.832,14.8,4.61,13.22,38.2,21.4,1
Delhi,7,7.8,23.6,1012.7,68.7,13.9,35.0,28.7,77.1,0.696,16.56,5.39,20.97,10.4,2.7,0
Delhi,7,23.2,26.9,1010.3,66.5,18.8,140.0,28.7,77.1,0.85,11.95,4.24,5.59,32.4,9.2,0
Delhi,7,6.1,36.7,1005.6,81.0,20.5,103.6,28.7,77.1,0.601,14.44,6.56,18.09,0.0,6.1,0
Delhi,7,13.3,25.5,1006.2,85.6,11.0,128.0,28.7,77.1,0.789,16.49,4.69,9.19,19.8,6.5,0
Delhi,7,0.0,29.6,1006.3,82.4,16.4,6.3,28.7,77.1,0.703,7.24,5.05,10.62,4.8,4.8,0
Delhi,7,11.0,33.7,1006.7,60.1,6.5,291.4,28.7,77.1,0.539,9.78,4.83,14.65,24.8,13.7,0
Delhi,7,0.0,28.1,1010.1,74.3,22.8,167.8,28.7,77.1,0.572,12.33,5.64,3.07,0.9,0.9,0
Delhi,7,0.0,27.9,1018.4,77.5,8.7,12.6,28.7,77.1,0.571,20.15,2.56,9.91,0.0,0.0,0
Delhi,7,0.4,34.6,1000.2,56.6,22.8,231.4,28.7,77.1,0.714,12.47,5.2,9.94,0.0,0.4,0
Delhi,7,0.0,28.1,1005.0,63.8,18.1,18.2,28.7,77.1,0.727,21.67,5.66,9.61,0.0,0.0,0
Delhi,7,11.7,31.1,1005.0,68.1,11.7,157.5,28.7,77.1,0.493,15.82,5.3,15.47,15.1,3.4,0
Delhi,7,4.7,33.5,1009.5,69.7,14.4,317.4,28.7,77.1,0.562,14.36,4.85,12.09,19.8,15.1,1
Delhi,7,22.8,29.7,999.0,63.4,5.3,127.1,28.7,77.1,0.71,14.1,4.29,14.81,27.4,4.6,0
Delhi,7,11.1,28.2,1008.7,66.4,20.8,170.7,28.7,77.1,0.753,11.58,5.51,9.23,30.9,19.8,1
Delhi,7,29.3,30.5,1001.8,63.1,13.4,33.5,28.7,77.1,0.674,15.63,5.75,14.89,32.3,3.0,0
Delhi,7,9.1,22.5,1009.4,63.3,13.4,14.0,28.7,77.1,0.628,17.58,5.05,15.72,0.0,9.1,0
Delhi,7,25.9,25.7,1007.4,72.8,19.6,21.4,28.7,77.1,0.945,13.88,7.29,12.88,0.0,25.9,1
Delhi,7,13.0,26.3,1006.2,74.5,16.1,146.9,28.7,77.1,1.041,9.68,3.53,7.85,23.8,10.8,0
Delhi,7,16.6,24.5,1004.8,68.1,9.3,203.0,28.7,77.1,1.054,14.11,5.57,11.44,37.9,21.2,1
Delhi,7,33.6,26.4,1008.0,76.7,16.3,333.5,28.7,77.1,0.379,12.43,5.55,9.93,23.6,10.0,0
Delhi,7,6.4,35.1,1002.2,65.0,12.0,219.8,28.7,77.1,0.446,11.68,5.23,11.62,21.3,14.8,1
Delhi,7,23.7,25.0,1009.4,66.4,12.3,82.7,28.7,77.1,0.792,21.2,5.73,13.9,0.0,23.7,1
Delhi,7,13.7,29.5,1010.4,83.6,17.7,39.1,28.7,77.1,0.85,18.19,4.43,9.9,27.3,13.6,0
Delhi,7,12.8,32.2,1008.8,46.4,15.0,147.0,28.7,77.1,0.867,16.56,4.04,11.75,23.7,10.9,0
Delhi,7,17.6,31.8,1002.8,66.7,3.5,34.8,28.7,77.1,0.768,14.53,5.05,12.67,33.9,16.3,1
Delhi,7,10.0,29.6,1010.0,46.5,11.3,192.3,28.7,77.1,0.996,20.41,3.73,14.23,27.5,17.6,1
Delhi,7,17.6,19.9,1005.3,69.6,13.6,167.8,28.7,77.1,0.697,11.25,5.91,12.67,27.6,10.1,0
Delhi,7,9.1,28.0,1007.6,77.6,12.1,251.8,28.7,77.1,0.941,18.26,5.76,15.97,38.2,29.1,1
Delhi,7,26.4,25.0,1012.2,69.6,12.0,162.4,28.7,77.1,0.803,18.24,6.86,13.25,37.7,11.3,0
Delhi,7,10.9,28.8,1000.5,74.2,17.0,176.5,28.7,77.1,0.741,19.74,4.63,16.32,31.6,20.7,1
Delhi,7,25.3,28.2,1006.9,64.8,9.9,56.7,28.7,77.1,0.699,16.51,5.4,8.01,41.4,16.1,1
Delhi,7,14.1,31.4,1002.2,60.9,12.8,236.3,28.7,77.1,0.728,20.43,6.44,9.04,51.6,37.5,1
Delhi,7,12.2,33.1,1006.6,74.7,19.5,88.9,28.7,77.1,1.098,11.85,4.78,9.42,12.4,0.2,0
Delhi,7,7.5,23.2,1011.8,69.7,14.1,178.8,28.7,77.1,0.903,19.04,7.32,6.55,31.1,23.7,1
Delhi,7,12.9,22.5,1010.1,67.3,19.1,48.7,28.7,77.1,0.82,13.24,3.97,13.46,11.9,1.0,0
Delhi,7,17.4,33.9,1007.2,75.5,14.6,245.7,28.7,77.1,0.436,14.82,5.0,8.62,0.0,17.4,1
Delhi,7,0.0,35.1,1008.2,54.1,11.8,45.5,28.7,77.1,0.839,14.04,7.63,17.44,9.3,9.3,0
Delhi,8,10.3,29.3,1001.4,79.0,16.1,28.0,28.7,77.1,0.697,18.57,3.65,9.52,8.8,1.5,0
Delhi,8,24.8,34.7,1009.9,37.4,9.6,88.0,28.7,77.1,0.893,16.9,2.52,19.32,13.8,10.9,0
Delhi,8,20.4,23.2,1019.0,54.8,12.3,342.6,28.7,77.1,0.703,18.22,6.65,12.74,11.1,9.3,0
Delhi,8,5.7,26.3,1010.9,77.1,16.2,134.3,28.7,77.1,0.721,9.91,6.01,12.01,16.1,10.4,0
Delhi,8,22.4,23.6,1007.5,82.3,16.7,291.0,28.7,77.1,0.641,11.4,6.3,8.03,24.0,1.7,0
Delhi,8,8.9,29.4,1005.0,65.7,10.6,5.2,28.7,77.1,0.857,14.88,5.27,12.7,26.3,17.4,1
Delhi,8,22.3,22.6,1011.8,82.7,18.7,306.5,28.7,77.1,0.867,21.81,5.11,20.9,0.9,21.4,1
Delhi,8,15.8,30.7,1008.9,70.5,10.0,60.1,28.7,77.1,0.928,7.82,6.74,11.86,28.1,12.3,0
Delhi,8,23.4,42.7,1015.0,57.0,26.0,38.8,28.7,77.1,0.725,16.97,5.26,13.05,25.7,2.3,0
Delhi,8,28.1,25.9,1007.4,86.7,20.0,185.5,28.7,77.1,0.908,23.76,3.99,8.94,26.5,1.6,0
Delhi,8,16.6,31.7,1004.2,59.6,8.6,172.0,28.7,77.1,0.682,7.62,4.98,9.06,18.7,2.1,0
Delhi,8,32.6,21.4,1013.1,85.7,20.0,155.3,28.7,77.1,1.076,18.8,6.98,12.56,26.1,6.5,0
Delhi,8,26.8,38.2,1006.3,69.2,15.8,84.8,28.7,77.1,0.644,17.49,5.54,12.25,31.0,4.2,0
Delhi,8,13.0,24.7,1010.2,72.3,10.8,173.3,28.7,77.1,0.689,18.88,5.6,13.39,19.3,6.3,0
Delhi,8,13.6,29.1,1012.2,70.2,15.7,286.0,28.7,77.1,0.45,16.41,4.13,10.51,5.8,7.9,0
Delhi,8,6.5,25.2,1010.4,72.3,15.8,344.7,28.7,77.1,1.425,18.3,6.74,13.05,22.9,16.5,1
Delhi,8,0.0,17.0,997.4,62.8,22.0,96.4,28.7,77.1,0.735,18.55,6.07,8.14,10.1,10.1,0
Delhi,8,23.2,36.2,1007.6,85.9,13.2,214.0,28.7,77.1,0.695,18.84,5.99,16.67,43.9,20.7,1
Delhi,8,3.0,26.5,1018.6,70.0,19.3,67.1,28.7,77.1,0.764,13.44,6.76,14.42,22.5,19.5,1
Delhi,8,2.5,30.0,1008.1,44.6,17.5,175.3,28.7,77.1,1.128,16.13,6.65,13.84,0.0,2.5,0
Delhi,8,4.6,27.6,1006.8,69.9,13.1,277.5,28.7,77.1,0.6,22.37,3.47,11.96,5.7,1.1,0
Delhi,8,12.8,24.4,1000.4,71.4,14.2,254.6,28.7,77.1,0.484,23.14,5.55,3.08,18.0,5.2,0
Delhi,8,9.1,23.3,1014.2,78.3,16.9,272.8,28.7,77.1,0.915,9.96,5.88,15.92,27.3,18.2,1
Delhi,8,2.9,28.5,1002.4,70.6,11.4,200.7,28.7,77.1,0.885,13.37,4.7,13.26,0.0,2.9,0
Delhi,8,10.8,21.7,1001.2,80.7,13.1,337.4,28.7,77.1,0.984,22.74,5.95,15.27,9.9,0.8,0
Delhi,8,14.8,27.8,1009.6,78.6,7.9,121.5,28.7,77.1,0.717,12.39,5.93,12.86,19.8,5.0,0
Delhi,8,9.9,33.2,1009.1,67.5,15.5,218.8,28.7,77.1,0.856,12.82,7.77,13.59,1.0,8.9,0
Delhi,8,0.0,30.6,1014.5,73.5,18.3,202.2,28.7,77.1,0.815,9.55,4.81,14.59,12.0,12.0,0
Delhi,8,12.1,25.6,1008.9,65.6,14.8,139.8,28.7,77.1,0.658,19.47,5.45,13.67,16.8,4.7,0
Delhi,8,30.9,30.0,1010.0,72.7,25.6,271.9,28.7,77.1,0.846,16.69,3.29,12.48,48.4,17.5,1
Delhi,8,19.8,33.8,1011.9,74.0,19.6,12.2,28.7,77.1,0.757,15.76,2.79,16.99,21.9,2.1,0
Delhi,8,3.0,26.3,1016.8,69.7,16.5,212.0,28.7,77.1,0.981,15.12,3.61,14.12,0.6,2.4,0
Delhi,8,21.4,27.6,1010.0,78.0,6.6,277.5,28.7,77.1,0.81,17.42,6.26,12.66,18.3,3.0,0
Delhi,8,2.0,21.4,1008.6,74.3,13.5,287.4,28.7,77.1,0.791,15.93,3.92,10.87,18.0,16.0,1
Delhi,8,29.3,27.0,1012.3,83.1,10.5,308.1,28.7,77.1,0.852,20.57,4.65,13.15,31.3,2.0,0
Delhi,8,18.8,32.7,1015.4,81.3,10.2,158.9,28.7,77.1,1.015,18.69,5.33,9.45,0.0,18.8,1
Delhi,8,0.0,26.6,1006.5,73.1,18.2,354.3,28.7,77.1,0.66,8.47,4.54,17.23,4.1,4.1,0
Delhi,8,25.2,25.5,1005.5,51.9,13.5,270.5,28.7,77.1,0.987,18.52,8.03,11.74,34.1,8.9,0
Delhi,8,14.1,25.0,1010.0,66.2,23.5,21.0,28.7,77.1,0.746,11.3,6.06,8.22,18.4,4.4,0
Delhi,8,1.6,23.9,1004.2,76.3,14.7,154.3,28.7,77.1,0.926,13.63,3.29,8.91,3.7,2.1,0
Delhi,9,14.8,29.9,1007.3,79.7,17.4,296.4,28.7,77.1,0.369,13.54,6.27,14.29,15.7,0.8,0
Delhi,9,16.7,32.9,1008.1,73.0,23.6,260.1,28.7,77.1,1.22,7.33,5.11,11.5,2.5,14.2,1
Delhi,9,13.6,27.4,1011.7,76.6,16.5,290.5,28.7,77.1,1.007,16.27,6.24,11.27,3.5,10.1,0
Delhi,9,20.0,21.7,1007.1,46.5,16.0,149.0,28.7,77.1,0.992,16.68,5.95,13.33,17.9,2.1,0
Delhi,9,9.3,25.4,1007.4,63.9,17.9,224.3,28.7,77.1,0.579,25.12,5.58,10.13,12.4,3.1,0
Delhi,9,23.7,30.2,1004.3,64.4,13.9,9.0,28.7,77.1,0.887,13.9,5.49,12.38,48.5,24.9,1
Delhi,9,13.5,40.9,1006.7,52.7,17.4,23.5,28.7,77.1,0.973,18.35,5.64,12.32,0.0,13.5,0
Delhi,9,24.6,26.1,1013.7,64.2,15.3,349.7,28.7,77.1,1.146,20.93,3.85,9.34,40.8,16.1,1
Delhi,9,7.8,27.9,1009.0,72.1,10.3,175.1,28.7,77.1,0.774,19.93,5.85,18.94,31.6,23.7,1
Delhi,9,38.4,34.3,1007.3,64.2,9.9,140.8,28.7,77.1,0.883,17.4,5.11,14.26,38.7,0.3,0
Delhi,9,10.2,28.3,1007.6,55.2,11.7,338.5,28.7,77.1,0.869,9.8,6.94,13.03,1.4,8.8,0
Delhi,9,8.1,28.3,997.0,73.7,20.5,284.2,28.7,77.1,1.109,14.45,7.34,13.99,3.8,4.4,0
Delhi,9,20.4,29.4,1015.7,81.5,12.1,141.5,28.7,77.1,0.944,18.57,5.73,18.44,17.9,2.5,0
Delhi,9,33.4,22.0,1006.1,77.1,10.3,259.4,28.7,77.1,0.985,10.65,7.43,17.61,59.3,26.0,1
Delhi,9,18.9,25.9,1006.2,72.4,16.2,197.5,28.7,77.1,1.195,16.58,7.82,13.48,26.6,7.7,0
Delhi,9,21.0,29.7,1007.3,75.1,19.0,313.9,28.7,77.1,0.893,14.44,5.29,20.28,1.6,19.4,1
Delhi,9,2.5,27.8,1004.9,77.7,19.3,144.6,28.7,77.1,1.179,13.15,5.22,17.89,0.0,2.5,0
Delhi,9,19.1,33.9,995.0,66.1,20.3,235.5,28.7,77.1,0.89,18.32,6.48,10.76,34.6,15.4,1
Delhi,9,18.1,23.1,1005.7,55.4,16.7,282.0,28.7,77.1,0.921,19.77,6.26,15.46,22.0,3.8,0
Delhi,9,23.0,22.5,1001.0,70.4,19.0,187.2,28.7,77.1,1.006,18.81,3.64,20.15,12.4,10.5,0
Delhi,9,5.2,32.2,1008.1,61.8,13.3,72.2,28.7,77.1,0.718,20.73,5.5,9.97,0.0,5.2,0
Delhi,9,13.7,24.7,1006.5,73.0,13.2,178.8,28.7,77.1,0.739,23.14,8.71,13.31,27.7,14.0,1
Delhi,9,5.2,25.3,1010.2,45.9,19.5,194.9,28.7,77.1,0.663,19.12,7.83,12.24,13.0,7.8,0
Delhi,9,20.3,28.6,1003.0,71.7,16.5,264.0,28.7,77.1,1.05,11.55,6.25,17.73,23.4,3.1,0
Delhi,9,4.1,29.9,1015.0,58.4,3.8,264.1,28.7,77.1,1.049,19.11,3.94,14.97,24.0,19.9,1
Delhi,9,38.7,26.5,1008.8,48.0,20.4,75.0,28.7,77.1,0.959,22.32,5.16,12.52,42.1,3.4,0
Delhi,9,27.2,32.1,1009.6,72.2,18.4,51.7,28.7,77.1,1.151,15.76,6.62,11.39,46.6,19.4,1
Delhi,9,14.3,35.9,1007.4,78.9,12.4,28.4,28.7,77.1,0.87,18.97,5.2,11.46,20.7,6.4,0
Delhi,9,19.7,27.5,1007.1,56.2,18.1,39.8,28.7,77.1,1.071,18.17,5.38,12.21,28.1,8.5,0
Delhi,9,15.2,24.3,999.6,63.9,14.2,149.7,28.7,77.1,0.796,16.56,6.23,17.88,17.8,2.6,0
Delhi,9,0.0,24.9,1017.0,83.8,20.3,294.8,28.7,77.1,1.021,16.61,7.14,15.89,17.3,17.3,1
Delhi,9,8.9,26.4,1004.8,79.5,17.1,327.4,28.7,77.1,0.994,11.92,7.16,11.55,8.9,0.0,0
Delhi,9,6.3,28.0,1007.7,55.6,6.7,196.6,28.7,77.1,1.041,20.44,7.3,12.58,7.9,1.6,0
Delhi,9,14.2,30.9,1016.1,64.9,14.3,90.8,28.7,77.1,0.825,15.25,5.95,10.8,28.7,14.5,1
Delhi,9,31.3,26.5,1016.3,68.4,12.1,197.9,28.7,77.1,0.694,20.06,6.4,11.96,28.7,2.6,0
Delhi,9,5.9,31.8,1006.9,72.6,15.5,66.8,28.7,77.1,0.944,19.62,6.27,12.61,0.0,5.9,0
Delhi,9,8.9,26.4,1008.1,52.1,18.7,7.7,28.7,77.1,0.762,13.9,5.28,9.2,9.0,0.1,0
Delhi,9,13.4,31.3,1010.4,82.0,16.2,72.7,28.7,77.1,1.227,16.29,4.25,13.84,0.0,13.4,0
Delhi,9,14.5,25.7,1010.6,79.0,14.0,233.8,28.7,77.1,1.03,14.5,6.18,14.8,10.2,4.2,0
Delhi,9,12.1,28.1,1014.7,57.4,14.9,69.9,28.7,77.1,1.073,16.47,6.01,14.55,24.9,12.8,0
Delhi,10,31.4,32.0,1001.1,54.0,13.3,87.3,28.7,77.1,1.206,12.88,6.19,11.53,16.2,15.2,1
Delhi,10,29.3,25.2,1017.5,84.1,16.0,269.2,28.7,77.1,0.875,28.01,7.06,13.65,25.9,3.4,0
Delhi,10,26.1,29.0,1009.4,81.4,21.4,141.5,28.7,77.1,0.626,14.93,5.81,14.04,51.1,25.0,1
Delhi,10,38.7,29.1,1010.8,54.9,13.9,16.1,28.7,77.1,0.816,21.18,6.01,8.46,55.5,16.8,1
Delhi,10,29.5,28.7,1007.2,61.0,11.8,357.3,28.7,77.1,0.794,26.91,7.69,15.17,72.7,43.2,1
Delhi,10,30.3,25.8,1002.9,65.8,15.5,313.6,28.7,77.1,0.718,19.81,7.62,19.72,35.7,5.4,0
Delhi,10,23.0,20.1,1012.3,59.9,17.5,3.1,28.7,77.1,0.895,12.93,5.64,11.28,20.0,3.0,0
Delhi,10,29.3,26.1,1004.6,76.5,17.6,355.9,28.7,77.1,1.145,10.91,7.52,16.21,59.6,30.4,1
Delhi,10,14.4,31.9,1006.2,72.9,10.7,172.1,28.7,77.1,1.117,18.88,5.01,16.59,0.0,14.4,1
Delhi,10,7.8,20.9,1014.0,65.7,16.4,100.4,28.7,77.1,1.105,21.65,7.51,13.35,26.5,18.7,1
Delhi,10,9.4,25.9,1000.3,86.8,11.0,354.2,28.7,77.1,1.051,19.66,6.99,10.95,38.4,29.0,1
Delhi,10,12.6,31.6,1005.3,55.7,25.9,347.9,28.7,77.1,1.036,6.75,6.46,15.96,20.8,8.2,0
Delhi,10,15.4,26.7,1012.4,57.1,14.8,313.8,28.7,77.1,0.647,18.44,5.23,15.05,19.8,4.3,0
Delhi,10,6.3,27.6,1008.3,63.9,13.9,116.4,28.7,77.1,0.487,22.57,7.98,8.9,26.3,20.0,1
Delhi,10,20.8,23.1,1007.0,62.9,20.6,221.8,28.7,77.1,1.368,23.5,5.08,19.06,39.4,18.5,1
Delhi,10,14.9,30.2,1012.6,62.4,20.2,337.1,28.7,77.1,1.106,18.32,5.34,16.04,16.2,1.3,0
Delhi,10,18.2,29.1,1015.3,65.6,11.8,76.5,28.7,77.1,0.944,16.68,6.98,13.12,20.0,1.9,0
Delhi,10,44.3,23.5,1000.8,82.3,14.1,234.5,28.7,77.1,1.071,11.86,7.92,12.46,77.6,33.3,1
Delhi,10,7.9,33.8,1016.7,65.1,15.0,229.9,28.7,77.1,1.247,19.58,7.19,13.72,22.1,14.2,1
Delhi,10,22.3,25.1,1016.9,68.0,21.1,207.0,28.7,77.1,1.08,23.12,6.87,17.38,18.8,3.5,0
Delhi,10,21.6,21.4,1008.7,62.1,15.7,78.5,28.7,77.1,1.291,13.73,8.04,18.35,33.9,12.3,0
Delhi,10,31.2,25.8,1005.4,64.9,19.6,2.5,28.7,77.1,0.8,16.19,6.55,11.6,45.4,14.3,1
Delhi,10,29.4,31.4,1022.6,74.1,24.5,146.6,28.7,77.1,0.888,19.34,6.75,13.78,19.4,10.0,0
Delhi,10,5.9,32.0,1012.2,87.8,14.0,128.6,28.7,77.1,0.713,23.09,5.48,14.06,14.6,8.7,0
Delhi,10,0.0,30.6,1013.1,72.8,15.6,225.8,28.7,77.1,1.223,19.08,6.53,12.09,0.0,0.0,0
Delhi,10,28.3,27.5,1003.6,91.1,18.2,67.7,28.7,77.1,1.147,20.34,6.97,12.32,45.1,16.7,1
Delhi,10,26.7,25.1,998.5,79.5,19.1,109.1,28.7,77.1,0.952,22.71,5.77,13.59,17.6,9.1,0
Delhi,10,29.0,27.3,1009.2,74.3,14.8,169.5,28.7,77.1,1.275,22.78,4.48,14.48,38.9,9.8,0
Delhi,10,29.9,25.3,1002.8,78.4,15.9,108.9,28.7,77.1,0.891,13.22,6.75,13.24,42.8,12.9,0
Delhi,10,14.3,27.6,1005.7,67.5,10.4,74.5,28.7,77.1,0.935,10.91,4.65,17.26,19.3,5.0,0
Delhi,10,16.3,27.5,1010.4,85.3,18.2,241.8,28.7,77.1,0.829,12.69,7.12,15.81,36.8,20.5,1
Delhi,10,35.0,22.9,1004.9,76.7,16.0,343.3,28.7,77.1,0.904,26.87,6.62,19.03,6.4,28.6,1
Delhi,10,21.8,27.6,997.5,69.8,9.8,112.3,28.7,77.1,1.004,18.37,6.98,14.62,61.1,39.3,1
Delhi,10,19.3,28.0,1010.1,69.7,8.1,352.8,28.7,77.1,1.201,25.08,7.38,13.34,30.2,10.9,0
Delhi,10,35.8,26.6,1002.0,92.1,10.9,311.4,28.7,77.1,1.007,20.5,7.1,16.78,39.6,3.8,0
Delhi,10,14.9,25.2,1008.7,75.4,20.5,175.9,28.7,77.1,0.694,22.4,5.92,11.19,0.0,14.9,1
Delhi,10,31.7,28.6,1010.7,74.4,17.1,316.0,28.7,77.1,0.929,14.96,4.43,20.88,37.8,6.1,0
Delhi,10,11.8,24.3,1013.2,71.4,11.7,95.4,28.7,77.1,1.005,17.32,7.53,20.52,11.8,0.1,0
Delhi,10,13.4,24.2,1007.2,50.4,21.5,344.1,28.7,77.1,0.782,19.2,8.2,11.59,15.5,2.1,0
Delhi,10,19.7,24.8,1007.4,54.1,13.4,35.7,28.7,77.1,1.106,17.09,5.33,13.51,5.6,14.1,1
Bihar,1,8.7,27.2,1005.8,64.1,15.1,166.4,25.9,85.1,0.672,14.1,5.14,8.09,23.4,14.6,0
Bihar,1,25.6,29.6,1001.9,74.5,13.6,355.4,25.9,85.1,0.628,13.82,1.81,7.93,15.5,10.1,0
Bihar,1,19.5,33.7,1015.0,62.0,3.3,9.5,25.9,85.1,0.464,11.24,0.06,6.89,14.9,4.7,0
Bihar,1,32.4,19.5,1013.1,63.9,2.2,85.9,25.9,85.1,0.75,14.6,2.61,5.19,37.3,5.0,0
Bihar,1,19.4,26.7,1003.7,70.4,13.4,347.6,25.9,85.1,0.785,13.03,1.12,7.16,26.9,7.5,0
Bihar,1,23.2,32.3,1007.7,60.6,17.4,9.1,25.9,85.1,0.536,6.78,5.02,7.95,25.8,2.6,0
Bihar,1,15.1,28.3,1001.6,68.5,5.1,227.5,25.9,85.1,0.161,0.98,3.24,3.89,19.2,4.1,0
Bihar,1,14.0,29.4,1004.9,64.2,9.1,160.9,25.9,85.1,0.383,8.61,3.39,5.34,3.4,10.6,0
Bihar,1,0.0,33.1,1008.4,68.4,13.9,262.5,25.9,85.1,0.065,9.09,2.54,7.14,6.1,6.1,0
Bihar,1,23.4,28.0,999.6,90.6,12.4,227.9,25.9,85.1,0.732,8.03,4.05,6.28,41.0,17.6,1
Bihar,1,18.1,26.1,1018.9,71.5,9.4,121.0,25.9,85.1,0.62,15.14,2.96,8.19,33.0,14.9,0
Bihar,1,20.2,26.2,1004.9,71.1,14.9,344.1,25.9,85.1,0.554,12.32,2.92,10.09,28.9,8.7,0
Bihar,1,7.8,28.1,1009.6,66.6,19.0,95.3,25.9,85.1,0.195,4.87,2.21,9.37,3.8,4.0,0
Bihar,1,20.9,25.8,1008.8,69.6,6.7,55.9,25.9,85.1,0.803,8.81,2.59,7.96,26.4,5.5,0
Bihar,1,11.9,28.6,1000.2,70.0,7.0,325.0,25.9,85.1,0.62,11.23,1.44,8.15,14.1,2.2,0
Bihar,1,3.1,37.1,1003.5,70.4,20.0,194.0,25.9,85.1,0.357,7.39,0.82,7.48,6.1,3.1,0
Bihar,1,7.9,34.5,1007.8,50.0,20.0,66.4,25.9,85.1,0.59,12.31,2.45,10.13,12.3,4.4,0
Bihar,1,7.0,20.7,999.6,93.5,16.3,253.9,25.9,85.1,0.992,8.34,2.39,2.4,11.2,4.2,0
Bihar,1,7.7,27.5,1013.5,73.1,17.2,116.4,25.9,85.1,0.496,11.17,4.8,7.7,9.8,2.1,0
Bihar,1,27.9,28.0,1010.6,70.4,10.0,22.8,25.9,85.1,0.474,7.87,0.7,9.36,34.8,6.9,0
Bihar,1,0.9,25.5,1010.4,83.0,17.5,352.8,25.9,85.1,0.419,11.26,2.34,5.02,4.8,3.9,0
Bihar,1,0.0,25.9,1005.8,62.1,12.3,268.6,25.9,85.1,0.294,15.88,2.49,8.88,4.8,4.8,0
Bihar,1,10.0,25.3,1005.3,85.1,9.7,301.3,25.9,85.1,0.397,8.32,2.59,6.67,5.6,4.4,0
Bihar,1,11.3,23.0,1009.8,67.7,16.0,280.3,25.9,85.1,0.628,11.32,2.65,13.13,18.5,7.2,0
Bihar,1,4.9,35.0,1010.6,83.3,3.1,57.5,25.9,85.1,0.42,2.05,2.7,6.08,0.0,4.9,0
Bihar,1,0.5,34.4,1012.5,58.4,8.7,297.1,25.9,85.1,0.087,11.97,0.3,12.13,5.8,5.3,0
Bihar,1,0.0,27.3,1009.6,45.6,12.2,31.5,25.9,85.1,0.066,12.58,2.35,9.95,0.0,0.0,0
Bihar,1,0.0,24.2,1006.4,63.6,17.7,239.4,25.9,85.1,0.168,7.77,0.67,8.25,5.2,5.2,0
Bihar,1,22.4,27.6,1004.5,60.4,11.9,8.3,25.9,85.1,0.802,8.14,2.38,4.95,21.9,0.4,0
Bihar,1,0.0,24.7,1017.4,70.9,10.7,70.1,25.9,85.1,0.727,6.26,0.46,8.63,0.0,0.0,0
Bihar,1,0.0,24.5,1010.1,64.5,7.5,146.2,25.9,85.1,0.314,3.06,0.93,7.27,0.0,0.0,0
Bihar,1,13.1,33.3,1004.8,92.2,13.8,8.6,25.9,85.1,0.213,8.21,2.2,9.48,10.1,3.0,0
Bihar,1,17.8,29.0,1012.9,76.0,14.1,88.4,25.9,85.1,0.705,11.75,2.83,8.43,33.6,15.8,0
Bihar,1,13.2,31.8,1004.6,80.5,14.6,94.3,25.9,85.1,0.466,8.73,2.51,7.83,14.6,1.4,0
Bihar,1,0.0,35.9,1009.3,68.2,12.2,294.0,25.9,85.1,0.49,8.36,2.2,10.95,4.4,4.4,0
Bihar,1,11.0,27.1,1006.4,76.3,7.8,253.9,25.9,85.1,0.621,10.46,2.27,2.75,19.6,8.5,0
Bihar,1,0.0,29.5,1008.3,73.2,7.9,69.6,25.9,85.1,0.587,8.92,0.08,7.18,16.5,16.5,0
Bihar,1,19.5,24.1,1010.3,75.3,3.8,283.3,25.9,85.1,0.74,3.5,2.16,6.55,20.9,1.4,0
Bihar,1,31.4,33.7,1006.5,55.3,18.8,196.9,25.9,85.1,0.477,12.22,3.28,4.58,29.9,1.4,0
Bihar,1,11.6,21.1,1006.3,57.6,13.3,43.9,25.9,85.1,0.566,10.49,2.38,8.61,19.3,7.7,0
Bihar,2,10.2,28.8,1004.6,59.1,20.7,96.3,25.9,85.1,0.564,11.02,3.4,6.86,9.8,0.4,0
Bihar,2,27.1,22.8,1008.9,57.8,2.8,226.5,25.9,85.1,0.336,5.99,6.06,10.12,33.9,6.8,0
Bihar,2,12.9,23.9,1007.2,62.4,3.2,86.6,25.9,85.1,0.549,8.0,3.1,4.36,8.2,4.7,0
Bihar,2,35.8,26.6,1007.9,67.0,11.9,325.2,25.9,85.1,1.02,8.36,1.88,9.97,31.0,4.8,0
Bihar,2,28.3,27.9,1008.6,69.0,11.1,119.4,25.9,85.1,0.696,13.39,1.13,7.45,31.6,3.2,0
Bihar,2,38.7,23.0,1004.8,76.8,8.1,27.2,25.9,85.1,0.901,12.79,3.98,10.66,45.1,6.4,0
Bihar,2,14.9,32.2,1003.8,83.3,10.1,22.8,25.9,85.1,0.668,9.14,3.53,8.88,4.0,11.0,0
Bihar,2,12.4,23.7,1010.5,64.6,17.2,355.6,25.9,85.1,0.307,7.02,5.37,17.58,31.2,18.8,1
Bihar,2,0.0,23.2,1002.7,73.7,23.3,252.4,25.9,85.1,0.604,7.63,2.61,8.76,11.1,11.1,0
Bihar,2,6.4,30.3,1009.4,67.0,10.8,93.0,25.9,85.1,0.547,8.2,4.01,13.22,11.2,4.7,0
Bihar,2,13.0,31.7,1008.9,77.4,13.3,124.7,25.9,85.1,0.913,16.4,2.76,11.74,9.4,3.6,0
Bihar,2,10.7,32.0,1015.6,58.5,12.7,180.2,25.9,85.1,0.548,6.46,3.55,4.67,23.7,13.0,0
Bihar,2,33.1,26.1,1001.7,65.7,10.2,233.5,25.9,85.1,0.585,7.61,4.94,6.57,44.5,11.5,0
Bihar,2,0.8,28.9,1010.3,67.4,11.5,56.1,25.9,85.1,0.485,8.63,3.35,13.99,6.8,6.0,0
Bihar,2,22.2,33.0,1005.7,48.0,12.8,257.7,25.9,85.1,0.968,7.41,4.27,9.28,24.7,2.5,0
Bihar,2,0.0,26.4,1010.9,78.2,0.0,309.4,25.9,85.1,0.452,9.41,3.45,14.26,0.0,0.0,0
Bihar,2,12.3,22.4,1010.2,59.1,20.7,329.7,25.9,85.1,0.51,10.22,3.39,10.57,5.4,6.9,0
Bihar,2,11.5,28.7,1009.1,79.1,5.7,341.8,25.9,85.1,0.639,9.34,3.92,7.35,0.0,11.5,0
Bihar,2,0.0,23.8,1005.3,67.7,15.8,49.7,25.9,85.1,0.284,9.81,2.69,13.71,6.4,6.4,0
Bihar,2,0.0,27.4,1011.5,66.2,4.7,62.6,25.9,85.1,0.639,10.7,1.98,11.54,0.0,0.0,0
Bihar,2,0.0,25.8,1009.5,52.4,10.1,284.7,25.9,85.1,0.635,10.22,2.62,6.38,13.1,13.1,0
Bihar,2,23.1,31.2,1004.1,60.9,15.2,151.8,25.9,85.1,0.381,12.48,1.38,7.87,33.0,9.9,0
Bihar,2,15.7,24.5,1010.4,60.0,17.0,12.0,25.9,85.1,0.497,8.33,1.93,16.27,0.0,15.7,0
Bihar,2,0.0,33.1,1012.4,69.6,2.8,71.1,25.9,85.1,0.37,10.93,3.44,10.02,0.0,0.0,0
Bihar,2,32.1,32.0,1003.2,61.2,9.0,316.8,25.9,85.1,0.692,3.93,0.57,6.0,47.8,15.6,0
Bihar,2,17.0,35.0,1007.2,57.6,4.4,337.5,25.9,85.1,0.442,1.63,1.94,5.95,19.9,2.8,0
Bihar,2,13.0,30.0,999.9,54.6,17.4,233.3,25.9,85.1,0.736,10.76,3.17,10.08,12.7,0.3,0
Bihar,2,4.0,26.0,1007.6,71.7,10.8,211.9,25.9,85.1,0.916,7.81,4.38,8.44,12.8,8.7,0
Bihar,2,11.7,33.6,1009.7,62.5,10.7,157.6,25.9,85.1,0.452,16.21,4.25,6.58,5.1,6.6,0
Bihar,2,27.3,30.4,998.1,94.8,12.9,89.5,25.9,85.1,0.645,18.13,3.16,5.37,32.9,5.5,0
Bihar,2,0.0,28.2,1002.6,64.0,14.0,10.3,25.9,85.1,0.274,8.75,0.58,10.36,3.4,3.4,0
Bihar,2,0.0,34.3,1010.3,64.9,10.4,63.3,25.9,85.1,0.409,16.02,3.28,5.35,13.5,13.5,0
Bihar,2,12.3,25.0,1017.9,55.1,8.7,135.0,25.9,85.1,0.631,8.32,0.3,8.59,7.2,5.1,0
Bihar,2,8.5,25.5,1002.6,63.3,9.6,28.3,25.9,85.1,0.76,7.35,2.65,8.38,0.0,8.5,0
Bihar,2,0.0,28.5,1007.6,58.1,12.7,141.4,25.9,85.1,0.684,13.99,4.4,8.82,0.0,0.0,0
Bihar,2,9.4,23.6,1012.2,79.7,12.8,162.5,25.9,85.1,0.785,12.54,3.58,11.34,2.2,7.1,0
Bihar,2,17.2,30.9,1000.8,85.1,18.3,81.6,25.9,85.1,0.648,7.53,1.43,8.2,27.0,9.8,0
Bihar,2,21.4,35.5,1006.4,62.4,12.8,67.9,25.9,85.1,0.867,10.33,3.25,10.94,20.2,1.2,0
Bihar,2,17.6,28.7,1012.9,66.1,0.0,64.3,25.9,85.1,0.266,19.04,4.65,2.04,10.6,7.0,0
Bihar,2,0.0,29.6,1003.2,63.3,5.9,148.2,25.9,85.1,0.231,21.34,4.76,15.94,6.5,6.5,0
Bihar,3,38.1,32.1,1003.0,62.8,15.3,44.6,25.9,85.1,0.651,15.27,3.0,8.55,27.6,10.5,0
Bihar,3,22.1,26.6,1001.6,60.6,14.6,57.4,25.9,85.1,0.616,17.33,5.19,8.93,35.3,13.2,0
Bihar,3,6.1,23.3,1003.3,57.9,11.0,123.9,25.9,85.1,0.548,11.55,3.58,5.83,10.8,4.7,0
Bihar,3,25.2,34.5,1014.6,70.1,12.1,93.8,25.9,85.1,0.734,12.87,3.29,6.99,36.1,11.0,0
Bihar,3,20.0,25.5,1015.4,68.6,6.1,211.7,25.9,85.1,0.518,11.42,3.18,12.38,22.5,2.5,0
Bihar,3,24.6,22.3,1002.5,66.8,9.6,50.7,25.9,85.1,0.802,9.84,2.52,10.12,8.6,16.0,0
Bihar,3,30.2,29.1,1008.5,61.1,16.6,49.9,25.9,85.1,0.898,6.21,3.48,9.92,38.7,8.4,0
Bihar,3,35.9,23.1,1001.0,63.0,3.7,179.7,25.9,85.1,0.839,15.13,4.34,13.61,34.9,1.0,0
Bihar,3,10.5,29.9,1005.5,57.2,10.6,60.7,25.9,85.1,0.835,7.97,3.17,9.63,1.9,8.6,0
Bihar,3,22.2,28.1,1003.3,61.7,15.9,292.3,25.9,85.1,0.721,20.68,4.74,11.45,19.6,2.6,0
Bihar,3,32.0,25.5,1011.7,42.1,10.7,222.8,25.9,85.1,0.596,6.9,3.43,11.19,29.2,2.8,0
Bihar,3,11.1,29.4,1007.8,80.0,9.8,341.8,25.9,85.1,0.705,6.7,3.5,9.53,10.5,0.6,0
Bihar,3,41.3,33.7,1004.2,72.9,16.9,49.3,25.9,85.1,0.433,9.25,4.03,11.31,41.1,0.2,0
Bihar,3,34.7,34.5,1015.4,81.4,13.1,201.0,25.9,85.1,0.588,12.6,2.64,8.65,26.9,7.8,0
Bihar,3,26.0,35.1,1019.9,69.0,12.3,226.4,25.9,85.1,0.925,18.43,3.11,13.4,33.1,7.1,0
Bihar,3,5.1,27.9,1016.5,73.7,10.7,117.0,25.9,85.1,0.796,11.82,2.5,6.46,0.0,5.1,0
Bihar,3,6.3,27.8,1014.3,74.7,14.2,310.7,25.9,85.1,0.712,6.47,4.45,12.5,11.1,4.8,0
Bihar,3,27.5,32.6,1008.5,65.1,6.6,18.3,25.9,85.1,0.453,9.03,2.52,3.91,39.8,12.3,0
Bihar,3,18.9,33.2,1012.0,71.5,17.2,49.0,25.9,85.1,0.914,11.02,3.38,8.95,44.1,25.2,1
Bihar,3,6.6,33.7,1001.2,67.5,12.3,264.5,25.9,85.1,0.52,15.07,3.0,6.9,18.5,11.9,0
Bihar,3,15.4,29.9,1013.5,82.0,1.8,49.1,25.9,85.1,0.317,23.96,3.58,12.71,11.2,4.2,0
Bihar,3,10.6,32.9,1010.6,83.3,9.0,276.0,25.9,85.1,0.755,15.72,3.9,5.82,5.9,4.7,0
Bihar,3,20.6,22.4,1003.6,66.9,9.3,240.0,25.9,85.1,0.635,9.9,2.48,13.63,28.2,7.6,0
Bihar,3,19.3,28.8,1003.5,60.9,1.2,101.8,25.9,85.1,0.529,15.25,2.68,12.15,19.9,0.6,0
Bihar,3,17.8,28.4,1011.5,78.6,8.3,311.6,25.9,85.1,0.481,12.32,2.77,14.32,10.3,7.5,0
Bihar,3,26.0,19.7,1012.1,64.6,11.3,101.9,25.9,85.1,0.639,11.64,1.61,7.44,37.7,11.7,0
Bihar,3,9.9,25.4,1008.2,71.4,16.5,163.7,25.9,85.1,0.895,13.25,3.12,12.41,8.3,1.6,0
Bihar,3,9.9,22.2,1017.1,87.4,12.3,239.3,25.9,85.1,0.793,13.81,4.86,6.0,12.8,2.9,0
Bihar,3,0.0,24.5,999.9,48.1,10.7,161.0,25.9,85.1,0.52,10.88,2.52,10.21,0.0,0.0,0
Bihar,3,1.2,32.3,1003.6,53.8,16.9,307.7,25.9,85.1,0.899,8.95,3.5,6.81,6.7,5.5,0
Bihar,3,8.2,24.6,1000.0,61.1,15.6,202.9,25.9,85.1,0.509,10.19,3.19,9.8,11.2,3.0,0
Bihar,3,9.5,27.1,1006.6,42.3,11.2,40.3,25.9,85.1,0.931,17.76,3.51,6.23,9.7,0.2,0
Bihar,3,4.7,22.9,1003.3,59.2,6.2,27.8,25.9,85.1,0.775,12.86,3.86,10.71,2.2,2.5,0
Bihar,3,41.6,25.5,999.7,68.1,16.0,278.0,25.9,85.1,0.902,13.78,2.42,8.01,48.5,6.9,0
Bihar,3,16.9,33.4,1012.2,50.8,12.4,203.6,25.9,85.1,0.945,9.16,3.64,7.7,3.2,13.7,0
Bihar,3,0.0,27.6,1010.8,71.8,6.5,6.8,25.9,85.1,0.843,15.11,2.97,9.94,6.5,6.5,0
Bihar,3,35.8,35.4,1011.2,67.0,13.0,47.1,25.9,85.1,0.694,10.99,5.76,7.42,52.7,16.8,1
Bihar,3,0.0,27.4,1006.3,68.8,11.4,253.2,25.9,85.1,0.604,8.94,2.24,8.37,10.7,10.7,0
Bihar,3,28.7,23.7,1004.0,55.8,11.8,126.6,25.9,85.1,0.687,15.26,4.3,8.03,20.3,8.4,0
Bihar,3,7.2,31.8,1011.0,67.3,17.9,138.0,25.9,85.1,0.586,6.78,4.93,9.5,6.3,0.9,0
Bihar,4,16.3,34.4,1013.0,63.4,15.9,120.0,25.9,85.1,0.809,15.27,1.34,14.83,9.8,6.5,0
Bihar,4,0.0,21.2,1003.7,71.9,19.4,237.2,25.9,85.1,1.086,13.17,3.57,5.49,0.1,0.1,0
Bihar,4,0.0,23.0,1011.2,50.1,5.7,124.4,25.9,85.1,0.894,21.34,3.76,13.92,0.0,0.0,0
Bihar,4,35.5,25.5,1011.3,66.7,4.0,106.5,25.9,85.1,0.773,7.39,4.21,6.84,46.1,10.6,0
Bihar,4,0.0,30.2,1012.1,65.3,13.2,175.4,25.9,85.1,0.583,12.65,4.62,12.35,0.8,0.8,0
Bihar,4,0.3,32.3,1001.8,89.8,7.6,108.9,25.9,85.1,0.808,16.98,2.68,16.17,8.8,8.5,0
Bihar,4,14.2,29.9,1014.1,83.1,14.6,345.9,25.9,85.1,0.488,9.12,3.08,11.2,19.5,5.3,0
Bihar,4,34.0,20.1,1007.9,71.6,0.0,287.5,25.9,85.1,1.285,17.88,4.22,10.27,44.3,10.3,0
Bihar,4,39.9,27.0,1014.0,71.6,21.7,256.0,25.9,85.1,0.777,15.28,3.47,14.02,38.0,1.9,0
Bihar,4,19.4,27.6,1001.3,69.2,6.0,338.6,25.9,85.1,0.873,15.46,4.03,8.49,36.3,16.9,1
Bihar,4,5.0,31.2,1014.5,51.7,11.6,99.0,25.9,85.1,0.794,11.01,2.45,10.93,3.6,1.5,0
Bihar,4,15.7,32.0,999.9,65.9,10.6,0.7,25.9,85.1,0.622,10.06,4.32,19.4,18.3,2.6,0
Bihar,4,7.3,25.5,1012.7,58.2,20.1,209.5,25.9,85.1,0.778,17.44,4.76,13.16,14.9,7.6,0
Bihar,4,34.4,24.4,1004.8,63.0,21.0,58.8,25.9,85.1,0.876,14.07,4.83,6.43,35.1,0.7,0
Bihar,4,14.7,26.5,1006.4,72.5,14.8,302.4,25.9,85.1,0.322,20.74,3.07,15.04,12.0,2.7,0
Bihar,4,23.1,24.1,1001.9,72.8,0.3,204.9,25.9,85.1,0.893,13.13,2.79,15.66,49.2,26.1,1
Bihar,4,17.8,33.5,1015.6,66.8,11.0,275.9,25.9,85.1,0.448,17.06,3.45,11.26,20.9,3.2,0
Bihar,4,5.6,28.3,1001.2,62.2,8.0,67.4,25.9,85.1,0.288,13.07,4.43,11.62,19.3,13.7,0
Bihar,4,4.1,26.5,1012.6,66.1,14.5,294.3,25.9,85.1,0.688,12.85,2.66,10.22,19.5,15.5,0
Bihar,4,26.0,34.1,1009.8,44.6,16.7,139.8,25.9,85.1,0.74,19.66,3.52,12.83,18.5,7.5,0
Bihar,4,0.0,26.0,1006.4,72.5,8.1,260.0,25.9,85.1,0.546,14.43,3.86,11.99,8.3,8.3,0
Bihar,4,50.4,26.0,1009.6,66.2,18.5,152.9,25.9,85.1,0.783,8.81,3.31,8.16,50.1,0.3,0
Bihar,4,5.9,26.3,1005.9,63.1,12.1,193.0,25.9,85.1,0.747,11.18,3.13,10.94,0.0,5.9,0
Bihar,4,53.7,30.5,1009.6,61.8,14.1,313.5,25.9,85.1,0.837,8.05,2.33,8.96,75.4,21.8,1
Bihar,4,1.9,29.7,997.7,67.2,22.3,298.8,25.9,85.1,0.325,14.96,3.29,14.77,2.8,0.8,0
Bihar,4,0.0,27.9,1004.5,45.4,12.7,315.1,25.9,85.1,0.815,18.85,3.51,6.58,0.0,0.0,0
Bihar,4,17.5,33.3,1008.0,65.7,12.4,135.5,25.9,85.1,1.121,14.45,3.53,11.2,16.7,0.8,0
Bihar,4,0.0,21.4,1004.4,78.8,19.4,256.4,25.9,85.1,0.708,15.31,2.98,15.01,12.7,12.7,0
Bihar,4,23.0,28.7,1000.2,80.6,16.5,149.3,25.9,85.1,0.592,12.18,4.44,14.39,45.7,22.7,1
Bihar,4,7.2,27.8,997.5,42.4,16.2,120.2,25.9,85.1,0.345,10.13,4.26,12.24,0.0,7.2,0
Bihar,4,35.6,25.6,1009.4,67.4,13.5,213.3,25.9,85.1,0.734,15.86,3.61,11.39,52.2,16.6,1
Bihar,4,11.0,31.0,1006.9,81.2,6.6,353.9,25.9,85.1,0.633,23.23,4.37,13.64,13.0,2.0,0
Bihar,4,27.6,31.1,1007.3,74.6,0.0,241.5,25.9,85.1,0.743,16.79,5.02,10.33,27.7,0.1,0
Bihar,4,30.3,33.0,1011.7,65.5,26.3,50.9,25.9,85.1,0.782,21.32,5.68,13.21,25.0,5.3,0
Bihar,4,19.4,30.5,1017.8,96.5,10.6,356.8,25.9,85.1,0.576,14.28,2.81,16.1,25.5,6.1,0
Bihar,4,22.0,28.6,1009.9,71.1,10.2,252.2,25.9,85.1,0.474,8.34,4.08,8.64,35.7,13.7,0
Bihar,4,21.3,21.1,1005.9,45.8,7.9,327.3,25.9,85.1,0.55,22.32,4.75,10.1,40.4,19.1,1
Bihar,4,3.8,27.1,1012.3,55.8,17.0,99.1,25.9,85.1,0.857,21.97,4.4,11.47,0.0,3.8,0
Bihar,4,20.8,26.5,1007.4,62.3,16.1,30.6,25.9,85.1,0.782,10.62,1.69,10.06,30.6,9.8,0
Bihar,4,6.6,28.9,1006.2,56.6,16.4,153.8,25.9,85.1,0.814,8.94,4.01,12.96,15.4,8.8,0
Bihar,5,32.7,30.8,1009.5,76.0,12.1,57.4,25.9,85.1,0.83,23.91,4.63,8.53,40.8,8.1,0
Bihar,5,6.2,31.2,1011.7,61.4,8.8,139.9,25.9,85.1,0.645,13.16,3.69,14.26,0.0,6.2,0
Bihar,5,9.0,37.8,1017.8,79.6,14.2,35.5,25.9,85.1,0.749,5.69,3.62,10.96,13.8,4.8,0
Bihar,5,26.8,34.9,1008.2,57.5,13.0,312.1,25.9,85.1,0.803,13.3,4.93,8.96,20.8,6.1,0
Bihar,5,25.9,25.1,1006.2,67.7,13.8,212.2,25.9,85.1,0.891,12.84,6.28,11.18,38.7,12.9,0
Bihar,5,30.4,26.8,1003.2,74.8,6.9,29.2,25.9,85.1,0.947,15.71,3.45,10.89,26.3,4.2,0
Bihar,5,51.3,32.3,1003.9,64.4,17.0,295.4,25.9,85.1,0.714,15.32,3.24,15.67,46.7,4.6,0
Bihar,5,18.2,28.7,1015.9,66.6,24.7,10.9,25.9,85.1,0.781,20.26,6.6,11.59,38.2,20.0,1
Bihar,5,32.1,25.2,1007.9,67.1,8.8,319.5,25.9,85.1,0.842,18.01,4.38,10.38,67.4,35.3,1
Bihar,5,23.0,33.4,1010.2,82.6,10.1,227.6,25.9,85.1,0.736,14.22,4.62,11.65,9.7,13.3,0
Bihar,5,15.5,26.7,1012.4,53.0,11.4,295.6,25.9,85.1,0.975,14.33,5.56,12.24,27.4,11.9,0
Bihar,5,35.8,23.4,1006.8,71.7,15.0,268.3,25.9,85.1,0.965,16.7,4.45,11.72,2.2,33.6,1
Bihar,5,27.7,30.6,1005.9,52.7,11.3,130.3,25.9,85.1,0.744,16.6,3.9,13.33,15.9,11.8,0
Bihar,5,17.0,32.6,1003.4,64.8,19.3,22.8,25.9,85.1,0.916,18.07,4.75,11.69,36.1,19.1,1
Bihar,5,13.1,24.3,1001.1,61.3,10.9,22.8,25.9,85.1,0.59,18.01,3.16,14.03,25.6,12.5,0
Bihar,5,56.9,26.4,1007.2,60.0,8.1,101.2,25.9,85.1,0.67,11.78,4.58,9.17,67.9,11.0,0
Bihar,5,32.2,24.8,1015.0,71.5,13.6,354.9,25.9,85.1,0.483,22.8,5.88,17.18,58.1,25.9,1
Bihar,5,39.7,29.2,1010.8,60.7,15.2,110.4,25.9,85.1,0.979,16.01,1.86,7.84,51.4,11.8,0
Bihar,5,12.6,30.9,1001.9,81.1,9.3,259.0,25.9,85.1,0.515,18.93,3.18,12.36,29.0,16.4,0
Bihar,5,32.9,25.0,1004.9,51.8,5.0,78.8,25.9,85.1,0.655,10.49,4.05,12.29,36.6,3.8,0
Bihar,5,8.4,25.9,1006.4,75.7,10.6,258.6,25.9,85.1,0.761,14.77,2.36,11.19,2.0,6.4,0
Bihar,5,18.7,29.9,1005.3,72.6,12.5,274.9,25.9,85.1,0.764,15.74,2.65,6.9,37.2,18.4,1
Bihar,5,22.9,26.1,1013.3,96.1,6.5,49.0,25.9,85.1,0.959,9.99,2.47,15.24,28.0,5.1,0
Bihar,5,9.9,21.7,1009.6,53.5,8.9,313.2,25.9,85.1,0.758,12.11,3.16,15.22,16.5,6.6,0
Bihar,5,20.1,30.0,1002.7,71.1,16.1,262.8,25.9,85.1,0.945,17.45,4.61,17.38,27.3,7.2,0
Bihar,5,6.6,28.8,1008.1,56.4,3.9,91.8,25.9,85.1,1.014,20.32,4.64,17.09,14.8,8.2,0
Bihar,5,17.0,29.1,1004.3,54.8,9.1,175.7,25.9,85.1,0.999,10.72,3.13,14.8,18.6,1.6,0
Bihar,5,17.0,26.8,1017.7,73.1,15.3,231.6,25.9,85.1,0.907,23.9,3.85,12.89,22.8,5.8,0
Bihar,5,32.9,35.1,1005.1,72.0,14.9,213.5,25.9,85.1,1.02,22.77,5.28,10.49,22.2,10.7,0
Bihar,5,29.1,23.9,1003.1,69.6,17.7,100.1,25.9,85.1,0.784,16.06,3.2,11.24,13.8,15.3,0
Bihar,5,30.5,39.4,1008.3,79.4,12.7,224.3,25.9,85.1,1.276,13.13,5.44,13.03,52.8,22.4,1
Bihar,5,18.9,23.6,1004.7,91.0,15.6,87.2,25.9,85.1,0.752,19.37,2.76,12.47,50.9,32.0,1
Bihar,5,8.6,25.5,1012.1,68.6,23.5,234.0,25.9,85.1,0.839,17.78,3.01,8.49,0.0,8.6,0
Bihar,5,0.0,27.9,1001.5,62.1,19.1,30.0,25.9,85.1,0.964,10.19,3.48,17.61,0.5,0.5,0
Bihar,5,38.4,37.7,1005.9,60.8,3.2,3.6,25.9,85.1,0.901,19.59,5.97,9.31,67.0,28.6,1
Bihar,5,15.8,29.7,1007.7,59.8,8.0,279.1,25.9,85.1,0.633,15.63,3.81,11.3,0.0,15.8,0
Bihar,5,0.0,31.6,1013.6,41.9,16.1,230.4,25.9,85.1,0.561,20.1,5.67,15.56,25.0,25.0,1
Bihar,5,34.3,24.9,1008.1,71.4,21.6,11.5,25.9,85.1,0.699,9.9,5.35,13.01,27.7,6.5,0
Bihar,5,31.0,26.9,1001.4,80.8,3.7,137.5,25.9,85.1,0.803,9.96,4.69,10.3,56.6,25.7,1
Bihar,5,34.3,29.1,995.5,61.9,10.8,41.5,25.9,85.1,0.861,17.78,5.52,17.28,57.6,23.2,1
Bihar,6,29.8,27.0,1010.2,67.7,18.3,70.1,25.9,85.1,1.093,18.43,5.21,10.09,32.6,2.8,0
Bihar,6,28.4,27.4,996.3,55.7,16.1,115.9,25.9,85.1,0.865,16.28,6.01,13.71,43.7,15.4,0
Bihar,6,17.7,26.5,1012.1,74.7,12.8,348.5,25.9,85.1,0.578,12.09,3.99,14.63,0.0,17.7,1
Bihar,6,0.0,29.6,1015.8,78.9,5.2,235.4,25.9,85.1,1.103,16.26,4.47,14.68,13.3,13.3,0
Bihar,6,27.4,31.0,1009.1,61.7,12.2,339.0,25.9,85.1,0.82,20.49,3.82,16.89,18.8,8.6,0
Bihar,6,24.9,31.4,1010.2,49.5,15.1,152.1,25.9,85.1,0.648,19.13,3.25,14.41,48.7,23.8,1
Bihar,6,26.3,27.2,1007.2,77.1,12.9,276.1,25.9,85.1,0.726,14.66,5.82,12.22,38.2,11.9,0
Bihar,6,31.1,24.3,1004.0,73.8,15.1,48.3,25.9,85.1,1.004,22.29,4.7,11.97,38.7,7.6,0
Bihar,6,10.4,28.7,1008.0,59.8,12.4,326.3,25.9,85.1,1.059,14.74,3.78,12.56,24.4,14.1,0
Bihar,6,32.4,29.1,1011.6,79.6,15.2,314.3,25.9,85.1,0.897,12.79,5.22,12.21,39.3,6.9,0
Bihar,6,20.7,26.6,1009.1,66.8,11.2,128.4,25.9,85.1,0.983,13.41,6.9,17.54,4.9,15.8,0
Bihar,6,31.0,32.7,1005.1,71.5,13.8,124.1,25.9,85.1,0.823,22.3,4.58,12.73,44.8,13.8,0
Bihar,6,34.9,18.8,993.5,71.4,11.1,254.2,25.9,85.1,0.837,29.88,3.15,16.34,29.5,5.4,0
Bihar,6,1.0,25.7,1000.9,52.3,10.8,259.5,25.9,85.1,0.883,18.91,3.8,15.57,0.0,1.0,0
Bihar,6,19.7,19.4,1008.4,90.5,18.4,14.7,25.9,85.1,0.68,24.77,4.56,11.66,14.9,4.8,0
Bihar,6,51.8,27.6,1010.3,66.0,14.1,103.2,25.9,85.1,1.196,18.42,3.06,14.86,57.4,5.6,0
Bihar,6,27.4,26.8,1005.3,76.9,23.7,212.0,25.9,85.1,0.928,16.08,3.66,7.21,37.9,10.5,0
Bihar,6,15.0,25.9,1014.0,63.6,12.0,212.0,25.9,85.1,0.73,24.11,5.48,17.54,7.9,7.1,0
Bihar,6,27.1,32.3,1010.9,83.8,16.4,90.1,25.9,85.1,0.441,19.91,5.47,17.12,18.9,8.2,0
Bihar,6,21.5,21.7,999.9,73.1,20.7,210.6,25.9,85.1,1.0,26.42,4.28,16.37,9.4,12.0,0
Bihar,6,0.0,26.2,1007.4,70.3,13.5,245.2,25.9,85.1,1.26,21.19,3.83,6.14,0.0,0.0,0
Bihar,6,41.3,26.1,1011.4,74.4,14.1,101.6,25.9,85.1,0.779,27.15,3.6,17.04,57.3,16.0,0
Bihar,6,30.8,27.6,1000.6,56.5,10.5,245.7,25.9,85.1,1.09,19.5,5.06,16.81,8.8,22.0,1
Bihar,6,0.0,21.9,1012.6,47.9,14.4,161.3,25.9,85.1,0.943,17.67,5.05,12.48,15.3,15.3,0
Bihar,6,43.0,33.2,1006.2,59.3,15.4,123.8,25.9,85.1,0.901,21.59,5.69,16.0,65.8,22.8,1
Bihar,6,3.0,24.2,1008.2,80.3,20.5,1.4,25.9,85.1,1.112,16.55,3.76,9.69,7.8,4.8,0
Bihar,6,17.0,32.1,1010.8,68.5,14.7,104.0,25.9,85.1,0.556,13.51,5.69,13.26,2.3,14.6,0
Bihar,6,41.6,34.9,1014.0,72.2,15.8,270.4,25.9,85.1,0.945,20.75,5.6,15.04,2.5,39.2,1
Bihar,6,38.5,28.9,1001.2,70.0,15.9,117.1,25.9,85.1,0.783,13.82,3.58,15.39,34.7,3.8,0
Bihar,6,23.3,31.1,1005.8,75.8,21.2,246.7,25.9,85.1,1.032,21.66,5.22,16.23,13.4,9.9,0
Bihar,6,20.9,29.7,1007.6,93.0,13.4,305.1,25.9,85.1,0.923,21.55,3.7,13.57,25.4,4.5,0
Bihar,6,21.1,25.7,1013.5,89.7,10.2,170.9,25.9,85.1,0.824,23.87,4.44,14.78,13.6,7.5,0
Bihar,6,47.6,26.9,1009.2,60.0,9.9,0.4,25.9,85.1,0.933,21.69,2.72,10.83,43.8,3.8,0
Bihar,6,23.7,23.6,1007.5,61.6,13.7,68.7,25.9,85.1,0.71,19.38,6.09,16.12,43.2,19.5,1
Bihar,6,39.7,27.5,1017.4,75.6,9.7,244.8,25.9,85.1,0.942,21.76,4.48,10.77,56.1,16.5,0
Bihar,6,5.9,29.3,1008.2,54.6,23.3,315.5,25.9,85.1,0.675,18.43,2.67,14.76,21.7,15.8,0
Bihar,6,60.9,28.5,1004.7,70.1,21.6,109.2,25.9,85.1,1.079,21.28,5.36,9.47,47.4,13.5,0
Bihar,6,0.0,23.3,1002.6,86.6,10.9,317.4,25.9,85.1,0.863,19.01,4.83,9.91,13.4,13.4,0
Bihar,6,12.2,25.2,1006.5,76.1,11.3,2.2,25.9,85.1,0.993,19.27,4.99,9.47,19.8,7.7,0
Bihar,6,8.8,21.1,1005.7,62.8,29.2,175.6,25.9,85.1,1.069,16.61,4.53,21.39,6.5,2.3,0
Bihar,7,27.7,35.3,1004.4,70.0,14.7,349.2,25.9,85.1,1.153,15.51,6.13,16.26,48.1,20.4,1
Bihar,7,21.2,29.5,1013.1,54.4,8.8,209.1,25.9,85.1,1.163,20.51,6.3,13.89,47.2,26.0,1
Bihar,7,23.0,24.8,1015.1,76.8,12.5,89.3,25.9,85.1,1.096,22.37,4.0,15.94,27.0,4.0,0
Bihar,7,27.1,19.9,1003.5,71.0,20.1,233.8,25.9,85.1,1.143,14.04,4.66,15.82,33.0,5.9,0
Bihar,7,35.0,26.9,1006.8,75.0,12.1,293.2,25.9,85.1,1.091,16.11,6.9,9.45,37.1,2.1,0
Bihar,7,47.4,35.9,1007.5,79.5,18.7,260.0,25.9,85.1,1.092,16.52,3.33,16.49,62.4,15.0,0
Bihar,7,7.0,27.4,1002.1,63.9,12.6,172.0,25.9,85.1,0.898,14.92,7.26,16.46,25.8,18.8,1
Bihar,7,32.8,31.7,1010.2,73.2,15.4,284.7,25.9,85.1,1.176,18.91,5.34,16.09,46.6,13.9,0
Bihar,7,9.4,28.8,1002.9,70.3,18.7,41.1,25.9,85.1,1.114,23.42,3.89,16.59,0.0,9.4,0
Bihar,7,41.3,23.7,1003.1,76.0,23.2,312.6,25.9,85.1,0.928,16.01,4.69,15.35,45.7,4.4,0
Bihar,7,9.2,33.1,1014.5,87.3,6.5,242.0,25.9,85.1,1.049,19.99,4.66,12.41,0.6,8.7,0
Bihar,7,53.2,22.2,1000.2,56.6,15.8,51.9,25.9,85.1,1.081,17.14,5.31,15.23,83.3,30.1,1
Bihar,7,49.6,27.3,1012.3,70.1,18.7,334.0,25.9,85.1,1.146,23.38,5.71,15.39,72.1,22.5,1
Bihar,7,22.1,25.6,1000.2,72.8,18.3,309.5,25.9,85.1,0.876,22.97,5.03,15.14,41.0,18.9,1
Bihar,7,22.5,29.5,1002.6,72.0,8.1,34.9,25.9,85.1,0.898,22.16,5.26,12.61,41.0,18.5,1
Bihar,7,28.6,32.1,1003.5,82.8,22.7,297.6,25.9,85.1,1.096,21.95,5.6,10.86,26.2,2.4,0
Bihar,7,22.5,23.8,1015.2,73.5,23.7,163.7,25.9,85.1,0.719,25.2,4.66,19.07,49.4,26.9,1
Bihar,7,43.5,32.2,1010.2,68.4,24.2,142.3,25.9,85.1,0.921,21.74,6.58,18.31,32.8,10.7,0
Bihar,7,39.6,30.7,1006.3,60.3,22.0,119.1,25.9,85.1,1.312,14.74,4.95,15.15,70.0,30.4,1
Bihar,7,35.7,27.1,1008.8,75.6,18.5,39.9,25.9,85.1,1.29,24.96,4.28,12.87,28.6,7.1,0
Bihar,7,30.1,26.1,1011.0,75.9,16.0,38.3,25.9,85.1,0.875,14.18,4.39,17.58,63.4,33.3,1
Bihar,7,45.8,27.3,1013.0,55.0,22.7,64.2,25.9,85.1,1.164,12.48,5.81,20.64,57.9,12.1,0
Bihar,7,23.4,27.1,1004.6,69.9,9.0,151.9,25.9,85.1,1.23,18.45,5.72,14.93,37.4,14.0,0
Bihar,7,37.9,29.8,1012.6,74.2,19.4,56.5,25.9,85.1,1.075,22.93,5.17,16.48,31.7,6.2,0
Bihar,7,0.0,28.5,1004.3,88.3,11.0,350.5,25.9,85.1,0.865,20.05,3.91,11.48,10.1,10.1,0
Bihar,7,18.9,31.1,1014.5,53.0,20.3,167.9,25.9,85.1,0.932,14.36,3.55,9.14,18.5,0.5,0
Bihar,7,24.9,26.5,999.0,48.9,14.9,36.3,25.9,85.1,1.048,27.44,5.15,15.92,30.9,6.0,0
Bihar,7,12.8,27.3,1012.2,77.3,16.6,164.1,25.9,85.1,1.09,21.28,7.0,12.83,40.7,27.9,1
Bihar,7,10.0,26.9,998.8,71.0,21.4,332.4,25.9,85.1,0.942,19.08,4.94,11.83,16.2,6.2,0
Bihar,7,46.6,25.9,1009.2,70.7,12.8,191.2,25.9,85.1,0.922,21.64,5.12,10.76,25.2,21.4,1
Bihar,7,0.0,26.3,1012.2,61.2,13.6,196.6,25.9,85.1,0.831,28.78,4.24,10.92,0.0,0.0,0
Bihar,7,25.1,25.7,1009.4,61.2,11.9,147.1,25.9,85.1,0.98,22.82,6.18,19.2,11.3,13.8,0
Bihar,7,9.1,24.3,1008.0,57.7,11.4,152.3,25.9,85.1,1.212,22.74,5.58,12.99,16.6,7.6,0
Bihar,7,40.5,30.6,1012.4,78.0,13.2,244.3,25.9,85.1,0.922,22.35,6.67,19.64,54.9,14.4,0
Bihar,7,29.7,33.5,1003.7,83.0,15.5,100.1,25.9,85.1,0.908,15.28,6.97,16.19,29.6,0.1,0
Bihar,7,29.1,26.6,999.5,66.7,7.8,231.1,25.9,85.1,1.316,17.4,6.15,13.06,36.7,7.6,0
Bihar,7,11.4,30.4,1014.7,70.4,17.5,330.9,25.9,85.1,0.949,25.2,4.58,10.26,3.3,8.1,0
Bihar,7,32.9,26.4,1008.5,66.1,15.7,219.9,25.9,85.1,1.304,16.09,6.32,15.57,22.4,10.5,0
Bihar,7,31.1,35.3,1004.3,66.2,6.8,228.5,25.9,85.1,1.03,27.86,4.08,17.87,41.8,10.7,0
Bihar,7,56.2,28.7,1007.7,77.0,17.2,196.6,25.9,85.1,1.111,14.07,5.83,16.47,51.8,4.4,0
Bihar,8,30.3,20.5,1009.3,75.8,20.0,287.1,25.9,85.1,0.908,15.83,6.78,17.49,43.7,13.5,0
Bihar,8,50.3,21.4,1017.0,63.4,19.3,270.5,25.9,85.1,1.016,15.66,4.84,17.67,62.2,11.9,0
Bihar,8,39.8,25.0,1011.7,69.7,18.4,147.5,25.9,85.1,0.991,22.7,6.2,18.63,70.2,30.4,1
Bihar,8,17.0,23.1,1014.4,56.1,20.4,330.8,25.9,85.1,0.959,21.38,3.91,13.36,0.0,17.0,1
Bihar,8,35.7,27.8,1008.1,68.4,15.1,105.8,25.9,85.1,1.276,14.64,3.92,20.35,47.7,12.0,0
Bihar,8,0.0,29.1,1000.1,82.0,19.8,307.3,25.9,85.1,1.025,16.83,5.0,14.72,12.4,12.4,0
Bihar,8,0.0,27.8,1002.9,63.9,22.1,19.9,25.9,85.1,1.231,24.24,5.33,16.13,0.0,0.0,0
Bihar,8,8.3,28.3,1002.4,75.9,15.0,15.3,25.9,85.1,0.963,23.5,6.46,13.63,5.6,2.8,0
Bihar,8,23.4,29.1,1009.5,68.0,18.7,95.7,25.9,85.1,0.805,27.04,6.83,12.14,31.1,7.7,0
Bihar,8,44.8,26.6,1011.9,80.1,16.5,132.2,25.9,85.1,1.215,22.1,5.45,16.13,42.9,1.9,0
Bihar,8,10.1,24.2,1007.3,77.0,16.8,96.1,25.9,85.1,1.509,28.43,4.55,18.39,0.0,10.1,0
Bihar,8,30.0,22.3,1005.0,75.2,12.9,259.8,25.9,85.1,0.947,17.92,6.14,19.88,32.4,2.5,0
Bihar,8,40.9,25.5,1007.5,86.8,14.3,331.6,25.9,85.1,0.941,21.62,4.62,16.47,50.5,9.5,0
Bihar,8,37.0,25.5,1007.2,80.9,9.2,169.5,25.9,85.1,0.954,24.14,5.75,13.4,43.9,6.9,0
Bihar,8,20.8,21.5,1006.3,76.4,13.8,173.5,25.9,85.1,1.43,17.72,6.1,18.78,36.3,15.4,0
Bihar,8,22.8,20.5,1013.9,57.3,20.1,287.3,25.9,85.1,0.841,16.75,5.18,19.03,18.1,4.7,0
Bihar,8,27.5,25.8,1011.9,62.7,11.6,126.9,25.9,85.1,0.872,25.95,5.22,13.42,5.5,22.0,1
Bihar,8,22.2,24.5,1002.9,61.3,15.8,162.5,25.9,85.1,1.024,25.24,4.99,13.08,45.5,23.3,1
Bihar,8,24.8,27.1,1010.6,68.1,15.5,118.9,25.9,85.1,0.917,29.15,4.4,16.48,58.7,33.8,1
Bihar,8,36.0,29.0,1004.0,62.8,13.7,17.0,25.9,85.1,1.339,22.17,4.96,15.98,52.5,16.5,0
Bihar,8,31.0,26.8,1002.4,79.8,13.9,145.7,25.9,85.1,0.949,18.89,6.25,12.47,17.7,13.2,0
Bihar,8,47.8,31.1,1010.1,58.3,16.3,49.1,25.9,85.1,0.996,21.34,3.93,10.06,58.6,10.8,0
Bihar,8,28.4,28.8,1011.8,74.1,22.6,30.4,25.9,85.1,1.096,22.33,5.92,11.67,50.0,21.5,1
Bihar,8,34.5,21.2,1015.7,64.7,14.6,190.2,25.9,85.1,1.05,31.27,5.34,15.3,41.2,6.6,0
Bihar,8,13.9,29.0,1003.9,74.0,10.0,345.6,25.9,85.1,0.884,19.57,3.51,8.94,13.9,0.1,0
Bihar,8,4.0,34.7,1006.2,76.1,16.7,126.8,25.9,85.1,1.001,24.66,6.46,18.87,0.0,4.0,0
Bihar,8,34.5,25.4,1013.1,78.8,8.3,240.9,25.9,85.1,0.866,25.01,4.3,17.24,51.7,17.2,1
Bihar,8,27.1,31.2,1009.5,84.7,9.7,196.6,25.9,85.1,0.701,20.51,4.23,12.11,6.0,21.1,1
Bihar,8,19.3,28.8,1010.4,79.0,19.9,309.9,25.9,85.1,0.936,22.47,5.9,20.41,20.2,0.9,0
Bihar,8,37.2,27.2,1009.8,72.9,15.1,295.4,25.9,85.1,1.14,24.27,5.78,7.98,41.1,4.0,0
Bihar,8,35.9,23.9,1013.3,62.9,13.6,185.2,25.9,85.1,0.901,25.34,7.17,12.97,38.3,2.4,0
Bihar,8,53.4,32.2,999.9,80.7,0.0,241.1,25.9,85.1,0.913,23.54,5.95,16.67,68.4,15.0,0
Bihar,8,19.0,25.4,1012.7,69.1,12.4,229.0,25.9,85.1,1.032,20.31,6.18,13.66,49.9,30.9,1
Bihar,8,29.3,20.5,1009.4,59.7,15.1,65.4,25.9,85.1,1.22,24.36,5.92,22.0,24.9,4.5,0
Bihar,8,45.8,33.4,1009.7,73.6,20.0,70.0,25.9,85.1,0.984,19.88,6.0,14.86,39.9,5.9,0
Bihar,8,11.2,23.9,1004.8,62.8,15.7,174.6,25.9,85.1,1.183,29.57,7.15,13.09,13.4,2.2,0
Bihar,8,7.8,28.6,1009.3,70.7,10.0,59.1,25.9,85.1,1.276,23.28,4.61,12.42,14.3,6.5,0
Bihar,8,24.3,22.7,1006.5,64.2,12.3,188.1,25.9,85.1,1.14,22.05,7.16,16.87,44.3,19.9,1
Bihar,8,7.0,28.4,1006.1,76.2,16.5,119.0,25.9,85.1,0.898,18.85,6.06,15.88,0.0,7.0,0
Bihar,8,31.5,25.8,1010.3,52.0,13.7,318.7,25.9,85.1,1.119,24.49,5.36,17.61,37.1,5.6,0
Bihar,9,38.7,21.5,995.0,82.0,12.8,358.3,25.9,85.1,1.139,21.35,6.54,19.04,38.2,0.5,0
Bihar,9,41.6,22.8,996.2,71.0,14.3,165.5,25.9,85.1,1.293,16.63,5.97,19.87,53.8,12.3,0
Bihar,9,31.1,25.8,1008.8,74.6,12.4,79.2,25.9,85.1,1.329,30.83,7.89,9.69,61.0,30.0,1
Bihar,9,19.0,34.9,1002.8,58.2,15.3,74.3,25.9,85.1,1.101,27.2,7.58,14.74,54.5,35.4,1
Bihar,9,10.5,25.2,1020.7,73.2,12.3,108.0,25.9,85.1,1.312,24.77,7.64,14.97,6.8,3.6,0
Bihar,9,15.4,24.3,1008.2,58.9,17.1,350.9,25.9,85.1,0.927,20.9,5.49,16.91,18.0,2.7,0
Bihar,9,41.2,31.6,1004.0,76.4,22.5,221.6,25.9,85.1,1.212,23.21,4.42,16.33,22.2,19.0,1
Bihar,9,44.6,26.6,1007.6,63.3,8.5,353.9,25.9,85.1,1.272,27.16,4.0,21.52,50.0,5.4,0
Bihar,9,39.4,17.1,1010.1,68.8,14.5,187.8,25.9,85.1,1.052,17.77,4.58,17.65,68.7,29.4,1
Bihar,9,44.1,28.6,1005.6,90.1,19.0,101.8,25.9,85.1,0.905,24.45,4.61,23.81,34.8,9.3,0
Bihar,9,19.4,25.1,1006.1,76.2,15.6,46.7,25.9,85.1,1.315,17.35,7.0,17.97,15.0,4.5,0
Bihar,9,30.1,28.1,994.9,83.2,21.6,293.1,25.9,85.1,1.02,28.84,6.9,18.73,43.9,13.8,0
Bihar,9,33.6,23.4,1005.2,79.5,18.9,27.6,25.9,85.1,1.042,27.38,4.94,22.01,27.1,6.5,0
Bihar,9,15.6,27.8,1009.1,70.5,9.0,10.0,25.9,85.1,1.367,23.1,4.24,16.93,3.9,11.7,0
Bihar,9,0.4,25.5,1016.1,68.7,14.2,27.0,25.9,85.1,1.293,17.56,8.34,18.16,24.1,23.7,1
Bihar,9,19.6,19.8,1007.4,58.5,21.5,129.4,25.9,85.1,1.177,25.82,6.61,16.07,0.0,19.6,1
Bihar,9,6.5,24.6,1000.9,68.7,11.8,207.5,25.9,85.1,0.887,17.06,6.03,15.37,12.3,5.8,0
Bihar,9,27.1,26.8,1011.2,54.8,18.9,54.2,25.9,85.1,1.132,20.19,6.15,18.91,9.3,17.8,1
Bihar,9,37.0,34.6,1007.7,82.5,18.0,96.5,25.9,85.1,1.031,22.06,4.92,20.4,30.1,6.9,0
Bihar,9,53.6,29.4,1010.0,56.3,18.9,231.7,25.9,85.1,1.058,20.8,4.61,17.6,57.0,3.4,0
Bihar,9,9.3,29.7,1018.6,55.3,15.0,30.5,25.9,85.1,1.016,25.18,6.57,19.54,47.6,38.3,1
Bihar,9,2.4,28.4,1005.5,69.1,15.8,282.0,25.9,85.1,0.954,19.35,8.65,13.42,29.7,27.3,1
Bihar,9,13.3,28.0,1017.8,77.4,8.4,14.7,25.9,85.1,1.166,27.55,6.16,17.09,50.5,37.2,1
Bihar,9,50.9,30.4,1004.9,43.0,9.2,167.2,25.9,85.1,1.159,27.18,8.47,21.39,45.4,5.5,0
Bihar,9,31.8,29.3,1000.2,60.8,13.4,129.0,25.9,85.1,1.248,18.17,5.59,18.91,34.9,3.1,0
Bihar,9,23.1,30.6,1015.0,81.7,14.1,185.1,25.9,85.1,1.109,27.65,5.63,11.8,38.2,15.1,0
Bihar,9,35.8,26.0,1017.3,64.1,22.7,208.0,25.9,85.1,1.226,20.19,6.01,19.85,33.2,2.7,0
Bihar,9,18.1,26.8,1026.8,71.5,16.3,312.2,25.9,85.1,0.828,27.11,6.95,12.22,65.3,47.2,1
Bihar,9,28.2,23.2,1009.6,60.4,7.5,233.3,25.9,85.1,1.126,17.13,5.16,14.47,28.7,0.5,0
Bihar,9,37.5,28.2,1007.8,51.2,15.5,264.7,25.9,85.1,0.828,26.93,4.5,17.85,33.9,3.6,0
Bihar,9,14.5,32.5,1005.0,64.2,11.9,101.1,25.9,85.1,1.139,20.62,4.99,17.44,9.9,4.6,0
Bihar,9,53.0,25.5,1009.7,68.6,14.2,30.5,25.9,85.1,1.287,25.67,6.76,12.72,68.5,15.5,0
Bihar,9,24.6,25.6,1025.3,54.8,15.1,7.6,25.9,85.1,1.155,19.37,6.37,14.2,36.5,11.9,0
Bihar,9,30.4,26.7,1007.6,85.3,18.5,183.4,25.9,85.1,1.256,23.58,6.76,15.75,76.8,46.4,1
Bihar,9,30.9,39.0,1019.1,64.5,16.8,51.6,25.9,85.1,1.358,23.95,7.55,12.29,28.3,2.6,0
Bihar,9,25.4,25.0,999.3,78.3,10.1,17.9,25.9,85.1,1.322,28.32,5.42,14.46,19.1,6.4,0
Bihar,9,44.2,32.3,1009.7,72.0,9.0,145.1,25.9,85.1,1.328,24.09,6.34,14.47,72.7,28.5,1
Bihar,9,8.6,27.6,1010.3,80.9,20.9,177.3,25.9,85.1,1.111,32.72,7.41,16.51,10.2,1.6,0
Bihar,9,39.1,25.8,1001.6,70.3,4.2,14.4,25.9,85.1,1.299,22.36,7.48,20.12,29.0,10.1,0
Bihar,9,28.8,25.6,1006.4,81.0,18.7,12.8,25.9,85.1,1.216,20.4,5.52,22.19,80.9,52.0,1
Bihar,10,55.9,28.6,1008.9,80.2,16.5,33.1,25.9,85.1,1.621,20.4,8.0,21.14,100.7,44.8,1
Bihar,10,42.7,25.1,1013.4,66.4,11.1,350.3,25.9,85.1,1.233,18.4,8.27,14.15,42.9,0.2,0
Bihar,10,25.4,28.2,1003.7,81.3,16.8,45.4,25.9,85.1,1.128,27.35,8.23,26.95,14.4,11.0,0
Bihar,10,28.3,19.9,1011.4,56.3,17.4,207.6,25.9,85.1,1.175,21.42,8.13,21.0,14.0,14.3,0
Bihar,10,32.3,24.1,1013.3,71.2,23.6,156.2,25.9,85.1,1.303,25.1,6.86,17.17,0.0,32.3,1
Bihar,10,40.0,27.7,1003.8,65.0,10.2,117.6,25.9,85.1,1.465,27.44,4.93,26.44,27.6,12.5,0
Bihar,10,40.6,27.5,1001.7,73.5,15.1,155.7,25.9,85.1,1.521,27.65,7.41,18.22,56.3,15.8,0
Bihar,10,29.9,29.5,1003.1,46.3,22.8,315.2,25.9,85.1,1.372,22.41,6.28,23.42,45.0,15.1,0
Bihar,10,62.0,31.1,1004.7,74.4,24.4,276.1,25.9,85.1,1.387,30.8,3.74,20.97,95.7,33.7,1
Bihar,10,19.2,31.7,1008.0,53.1,20.0,90.4,25.9,85.1,1.243,27.74,5.41,21.18,9.5,9.8,0
Bihar,10,52.0,32.1,1015.7,74.6,13.9,212.3,25.9,85.1,1.101,24.46,5.73,19.84,43.5,8.6,0
Bihar,10,21.3,26.0,1004.1,66.6,18.9,109.6,25.9,85.1,1.017,24.44,5.18,22.87,14.2,7.1,0
Bihar,10,31.0,29.3,1001.7,61.6,12.8,346.9,25.9,85.1,1.624,32.58,8.08,15.14,24.2,6.8,0
Bihar,10,50.2,33.6,1012.0,78.1,13.9,262.1,25.9,85.1,1.111,18.71,7.51,17.12,32.4,17.8,1
Bihar,10,42.9,20.2,1010.3,65.5,24.0,243.6,25.9,85.1,1.472,20.81,4.52,17.78,63.3,20.4,1
Bihar,10,31.3,32.1,1010.7,59.5,18.3,95.8,25.9,85.1,1.512,21.45,5.75,20.05,67.0,35.7,1
Bihar,10,27.4,29.9,1008.2,69.6,21.8,94.6,25.9,85.1,1.169,23.15,6.18,16.79,29.9,2.5,0
Bihar,10,31.1,28.6,1003.1,65.8,14.1,28.4,25.9,85.1,1.142,28.75,8.19,17.92,24.5,6.6,0
Bihar,10,29.1,27.8,1011.5,66.0,13.3,40.4,25.9,85.1,0.999,28.76,8.34,18.1,43.4,14.3,0
Bihar,10,6.1,27.6,1013.8,71.2,16.2,269.5,25.9,85.1,1.421,27.98,5.58,11.53,21.7,15.6,0
Bihar,10,30.3,30.6,1008.6,70.4,16.2,204.7,25.9,85.1,0.889,21.61,5.23,18.73,4.9,25.5,1
Bihar,10,23.4,35.2,1007.6,70.5,16.1,100.4,25.9,85.1,1.152,24.49,5.9,14.39,52.4,29.0,1
Bihar,10,17.6,33.9,1004.2,56.4,25.7,74.9,25.9,85.1,0.805,19.37,6.38,14.85,11.8,5.8,0
Bihar,10,1.0,31.8,1010.1,57.3,4.4,333.2,25.9,85.1,1.388,29.46,6.27,17.36,0.0,1.0,0
Bihar,10,34.6,31.0,1007.3,66.3,19.9,300.6,25.9,85.1,1.2,25.49,5.65,19.1,24.4,10.3,0
Bihar,10,50.7,31.0,1016.7,64.4,26.4,139.9,25.9,85.1,1.231,30.18,5.33,18.96,55.2,4.4,0
Bihar,10,36.3,25.7,1005.3,66.2,14.5,91.9,25.9,85.1,1.515,16.53,7.47,17.45,42.0,5.7,0
Bihar,10,14.6,27.7,1006.0,67.8,18.9,248.2,25.9,85.1,1.542,22.78,7.37,20.76,25.5,10.9,0
Bihar,10,54.5,24.9,1008.8,73.0,10.0,350.6,25.9,85.1,1.236,26.9,8.45,19.51,62.7,8.2,0
Bihar,10,31.2,23.5,1006.1,68.5,16.5,355.2,25.9,85.1,1.443,22.8,6.52,23.07,7.4,23.9,1
Bihar,10,27.0,22.3,1020.2,77.7,13.5,227.3,25.9,85.1,1.093,33.12,3.8,19.85,32.2,5.2,0
Bihar,10,15.4,26.5,999.9,85.7,16.1,206.7,25.9,85.1,1.161,30.53,6.59,22.08,33.1,17.7,1
Bihar,10,29.8,31.5,1028.9,58.7,15.4,41.5,25.9,85.1,1.341,26.06,8.88,18.09,55.8,26.0,1
Bihar,10,0.3,28.1,1003.7,75.9,21.8,20.4,25.9,85.1,1.366,23.72,6.61,20.1,0.0,0.3,0
Bihar,10,15.9,31.0,1004.6,82.8,7.1,123.4,25.9,85.1,1.259,24.78,6.73,14.53,44.6,28.7,1
Bihar,10,24.1,24.2,1018.8,66.5,11.7,176.9,25.9,85.1,1.31,29.19,6.65,21.73,70.6,46.6,1
Bihar,10,19.3,25.7,1000.0,73.8,16.6,339.6,25.9,85.1,1.252,24.82,6.78,18.16,33.8,14.5,0
Bihar,10,33.5,29.7,1006.9,75.5,19.1,290.6,25.9,85.1,1.241,24.45,5.08,17.41,55.3,21.8,1
Bihar,10,42.4,28.9,1002.9,79.8,25.3,296.2,25.9,85.1,1.257,21.7,6.53,17.38,46.2,3.8,0
Bihar,10,48.8,31.0,1006.3,70.9,16.0,189.2,25.9,85.1,0.989,28.46,7.97,17.04,42.4,6.4,0
Punjab,1,16.8,26.2,1001.1,61.1,19.2,284.5,31.1,75.3,0.23,5.32,1.12,1.45,16.8,0.0,0
Punjab,1,0.0,27.3,1009.3,69.3,11.7,257.9,31.1,75.3,0.278,8.58,3.24,4.58,0.0,0.0,0
Punjab,1,7.9,27.4,1002.9,68.6,12.5,216.4,31.1,75.3,0.234,6.44,0.67,3.22,12.7,4.8,0
Punjab,1,1.7,25.7,1013.4,69.0,15.9,131.4,31.1,75.3,0.303,7.16,2.77,12.26,4.0,2.3,0
Punjab,1,18.7,38.0,1016.6,67.1,18.1,92.6,31.1,75.3,0.352,10.56,3.56,6.92,19.9,1.2,0
Punjab,1,1.8,24.0,1008.8,67.9,16.6,159.5,31.1,75.3,0.381,6.39,2.43,9.14,11.0,9.2,0
Punjab,1,18.0,29.2,1007.1,77.5,21.0,260.7,31.1,75.3,0.458,7.36,3.33,7.67,18.6,0.6,0
Punjab,1,4.9,41.0,1006.0,74.0,9.8,50.1,31.1,75.3,0.176,3.52,3.24,6.89,15.9,11.0,0
Punjab,1,7.3,29.5,1007.8,55.8,15.3,230.7,31.1,75.3,0.073,11.63,1.81,6.39,9.7,2.4,0
Punjab,1,9.3,24.8,1015.0,58.2,0.1,204.8,31.1,75.3,0.523,2.42,2.49,8.64,20.0,10.8,0
Punjab,1,13.6,32.2,1011.6,64.1,7.0,277.6,31.1,75.3,0.585,11.66,2.74,4.4,26.5,12.9,1
Punjab,1,8.3,31.4,1002.0,64.9,17.8,30.4,31.1,75.3,0.352,8.84,4.21,8.33,19.6,11.3,0
Punjab,1,16.0,32.4,1003.2,55.7,20.8,56.9,31.1,75.3,0.252,0.0,3.77,2.04,13.1,2.9,0
Punjab,1,18.8,20.0,1014.8,57.2,11.7,114.2,31.1,75.3,0.094,4.16,1.51,1.71,27.7,8.9,0
Punjab,1,0.0,21.3,997.7,69.9,3.7,185.5,31.1,75.3,0.754,7.93,2.89,3.81,4.5,4.5,0
Punjab,1,4.7,30.1,1016.3,61.2,8.5,182.4,31.1,75.3,0.552,5.85,2.82,6.93,19.6,14.9,1
Punjab,1,17.0,25.4,997.0,67.0,8.9,151.6,31.1,75.3,0.161,5.18,1.87,5.05,14.3,2.7,0
Punjab,1,0.0,31.0,1008.0,65.5,12.2,160.3,31.1,75.3,0.647,15.33,3.99,0.11,0.3,0.3,0
Punjab,1,14.6,25.8,1004.5,51.8,10.6,135.0,31.1,75.3,0.439,3.91,0.0,8.85,19.5,4.9,0
Punjab,1,0.0,32.3,1008.6,77.1,16.1,340.9,31.1,75.3,0.494,10.04,3.77,8.39,14.2,14.2,1
Punjab,1,17.3,25.7,1008.9,55.0,18.4,294.3,31.1,75.3,0.806,6.03,2.45,4.01,18.3,1.0,0
Punjab,1,1.3,29.8,1008.1,61.2,13.9,67.1,31.1,75.3,0.359,14.26,1.81,4.49,0.0,1.3,0
Punjab,1,3.3,30.3,1005.4,54.2,14.2,26.5,31.1,75.3,0.483,2.24,4.14,3.94,0.8,2.5,0
Punjab,1,18.1,34.2,1006.4,57.2,14.6,218.9,31.1,75.3,0.87,3.07,2.93,4.92,18.3,0.3,0
Punjab,1,0.0,33.4,1009.8,58.5,9.6,77.1,31.1,75.3,0.536,10.89,3.13,6.16,6.6,6.6,0
Punjab,1,0.0,30.0,1013.3,67.8,12.7,346.1,31.1,75.3,0.246,5.11,2.77,3.94,0.0,0.0,0
Punjab,1,15.6,30.9,1009.8,56.1,9.9,256.7,31.1,75.3,0.365,4.41,4.06,2.86,1.7,13.9,1
Punjab,1,7.9,29.4,1008.3,69.5,9.6,299.9,31.1,75.3,0.087,7.11,1.75,8.42,4.2,3.8,0
Punjab,1,7.8,29.2,1009.0,58.2,14.2,90.8,31.1,75.3,0.429,13.5,2.64,2.41,20.9,13.2,1
Punjab,1,17.6,31.5,1007.1,72.9,2.1,208.7,31.1,75.3,0.539,6.49,3.55,7.26,15.4,2.2,0
Punjab,1,8.9,30.4,1007.3,63.3,16.9,101.7,31.1,75.3,0.736,4.59,2.99,2.64,17.0,8.1,0
Punjab,1,0.0,30.0,1013.9,66.0,7.4,344.4,31.1,75.3,0.432,6.86,1.34,0.57,14.8,14.8,1
Punjab,1,0.8,24.9,1009.6,55.3,14.9,259.5,31.1,75.3,0.148,6.01,3.02,1.75,0.0,0.8,0
Punjab,1,5.7,36.7,1003.7,62.7,24.8,162.5,31.1,75.3,0.021,6.27,3.2,9.74,13.4,7.6,0
Punjab,1,13.0,31.7,1001.5,58.6,5.9,306.8,31.1,75.3,0.435,7.63,4.35,7.01,21.8,8.8,0
Punjab,1,15.2,32.3,1002.8,75.2,14.8,156.1,31.1,75.3,0.497,12.34,2.38,3.15,14.4,0.8,0
Punjab,1,0.0,28.2,1011.0,82.8,8.4,96.5,31.1,75.3,0.365,7.17,0.66,2.37,12.0,12.0,0
Punjab,1,17.9,30.0,1010.3,72.9,10.2,76.3,31.1,75.3,0.237,7.88,1.12,3.41,22.1,4.2,0
Punjab,1,3.2,21.8,1006.1,71.0,13.0,71.6,31.1,75.3,0.566,6.21,2.91,8.53,5.9,2.7,0
Punjab,1,0.0,35.9,997.0,62.2,18.9,211.5,31.1,75.3,0.232,6.33,2.28,2.82,0.0,0.0,0
Punjab,2,19.9,26.6,1010.5,56.9,19.7,199.0,31.1,75.3,0.407,11.06,4.78,3.37,15.6,4.3,0
Punjab,2,12.3,23.5,1000.2,50.0,13.5,27.6,31.1,75.3,0.344,0.0,3.48,7.89,13.0,0.7,0
Punjab,2,21.0,31.9,1004.0,57.2,17.2,25.3,31.1,75.3,0.371,1.46,4.07,6.57,22.9,1.9,0
Punjab,2,0.0,30.8,1007.7,60.6,8.6,2.9,31.1,75.3,0.518,6.97,3.62,2.92,0.0,0.0,0
Punjab,2,15.7,27.1,1016.6,68.8,7.0,87.2,31.1,75.3,0.582,6.07,4.05,4.75,20.7,5.0,0
Punjab,2,4.6,29.7,1011.6,66.2,16.1,269.9,31.1,75.3,0.242,10.16,2.98,5.59,0.0,4.6,0
Punjab,2,0.0,29.6,1009.8,70.1,12.8,36.6,31.1,75.3,0.219,0.06,3.1,12.09,0.7,0.7,0
Punjab,2,0.0,28.8,1007.3,48.6,14.1,93.3,31.1,75.3,0.391,16.45,2.83,11.84,0.0,0.0,0
Punjab,2,0.0,25.5,1013.9,58.4,5.7,8.9,31.1,75.3,0.348,10.79,2.14,3.6,12.7,12.7,1
Punjab,2,0.0,25.4,1010.3,38.1,16.5,125.2,31.1,75.3,0.598,4.33,2.08,6.57,5.9,5.9,0
Punjab,2,25.7,35.0,1006.9,60.7,8.9,236.5,31.1,75.3,0.641,8.77,2.95,12.71,33.9,8.2,0
Punjab,2,0.0,28.6,1009.0,63.3,19.1,15.2,31.1,75.3,0.228,5.66,3.76,2.31,0.0,0.0,0
Punjab,2,17.4,23.3,1002.8,49.0,8.3,331.5,31.1,75.3,0.377,4.83,2.49,9.31,21.8,4.4,0
Punjab,2,31.3,26.0,1005.8,67.5,10.2,317.3,31.1,75.3,0.041,7.01,4.0,12.08,40.8,9.5,0
Punjab,2,9.6,30.6,1009.7,60.5,8.0,186.8,31.1,75.3,0.403,11.85,0.09,5.85,19.7,10.1,0
Punjab,2,14.5,24.8,1001.5,65.5,16.7,107.0,31.1,75.3,0.448,11.06,3.26,8.17,23.1,8.7,0
Punjab,2,3.5,25.2,1011.6,60.9,3.1,31.6,31.1,75.3,0.476,9.33,2.73,8.88,0.0,3.5,0
Punjab,2,8.3,29.8,1010.8,48.9,15.8,295.2,31.1,75.3,0.294,2.25,5.63,5.99,11.6,3.3,0
Punjab,2,0.0,22.6,1012.1,52.5,19.3,257.0,31.1,75.3,0.27,6.65,0.0,1.14,5.6,5.6,0
Punjab,2,21.8,25.6,1004.8,50.2,7.1,209.2,31.1,75.3,0.487,1.32,3.63,13.49,22.2,0.4,0
Punjab,2,1.1,31.0,1013.0,74.2,11.2,103.1,31.1,75.3,0.08,3.58,3.38,4.77,3.1,2.0,0
Punjab,2,5.7,28.9,1008.1,73.5,17.0,226.1,31.1,75.3,0.384,8.35,2.01,9.63,4.4,1.3,0
Punjab,2,6.5,29.4,1009.6,68.7,12.1,267.6,31.1,75.3,0.44,7.49,5.11,4.04,20.6,14.1,1
Punjab,2,0.0,27.1,999.7,52.4,15.1,101.6,31.1,75.3,0.303,15.03,4.31,6.22,0.0,0.0,0
Punjab,2,18.6,26.8,1009.5,74.0,10.8,30.0,31.1,75.3,0.349,10.65,3.86,9.11,31.8,13.2,1
Punjab,2,0.0,24.2,1006.4,96.4,19.6,268.6,31.1,75.3,0.245,7.11,2.93,7.19,5.6,5.6,0
Punjab,2,15.6,33.5,1018.0,64.7,11.7,54.0,31.1,75.3,0.369,9.97,3.71,11.55,13.3,2.3,0
Punjab,2,12.1,25.3,1010.0,92.7,12.1,266.9,31.1,75.3,0.257,6.65,2.54,6.9,12.7,0.6,0
Punjab,2,16.5,17.7,1003.1,84.9,5.8,145.1,31.1,75.3,0.547,8.31,1.93,7.71,25.1,8.6,0
Punjab,2,1.8,30.3,1012.3,76.8,14.7,173.7,31.1,75.3,0.434,4.56,2.69,10.01,0.0,1.8,0
Punjab,2,0.0,30.5,1005.8,88.5,14.1,214.6,31.1,75.3,0.327,10.87,3.4,10.51,3.2,3.2,0
Punjab,2,2.6,32.9,1004.4,57.8,12.6,239.0,31.1,75.3,0.428,5.82,4.29,9.69,10.5,7.9,0
Punjab,2,16.2,21.3,1008.6,74.6,19.5,186.5,31.1,75.3,0.686,9.73,0.0,6.07,14.9,1.2,0
Punjab,2,1.6,32.9,1009.5,60.8,9.4,248.3,31.1,75.3,0.388,11.28,1.96,5.23,0.0,1.6,0
Punjab,2,2.3,37.4,1004.3,61.3,8.7,232.3,31.1,75.3,0.41,13.37,2.46,6.71,0.0,2.3,0
Punjab,2,0.0,33.0,1003.7,73.7,8.2,235.1,31.1,75.3,0.768,11.48,0.61,16.04,0.0,0.0,0
Punjab,2,28.4,26.9,1001.9,61.5,9.5,207.1,31.1,75.3,0.437,10.41,4.65,7.02,31.5,3.1,0
Punjab,2,0.5,27.6,1005.5,52.3,25.6,141.7,31.1,75.3,0.476,13.37,0.0,13.09,0.0,0.5,0
Punjab,2,0.0,26.5,1012.9,87.4,21.0,292.5,31.1,75.3,0.065,6.84,2.18,1.44,4.1,4.1,0
Punjab,2,8.3,30.7,1011.7,72.8,12.5,265.3,31.1,75.3,0.327,5.94,2.67,7.99,14.6,6.3,0
Punjab,3,5.8,27.3,1014.5,53.4,26.9,103.3,31.1,75.3,0.449,11.27,4.04,5.38,11.0,5.2,0
Punjab,3,0.0,26.2,1000.0,67.9,12.3,268.9,31.1,75.3,0.353,9.68,4.43,3.5,0.0,0.0,0
Punjab,3,0.0,31.5,1004.7,71.7,11.4,298.6,31.1,75.3,0.476,5.05,4.74,12.8,7.5,7.5,0
Punjab,3,2.6,28.6,1009.5,77.3,12.3,233.0,31.1,75.3,0.154,10.76,2.37,7.47,0.0,2.6,0
Punjab,3,14.0,31.1,1006.8,57.8,16.1,253.1,31.1,75.3,0.874,11.38,3.73,3.4,28.9,14.9,1
Punjab,3,0.0,33.3,1008.1,42.2,14.9,319.6,31.1,75.3,0.4,8.71,3.38,7.28,0.0,0.0,0
Punjab,3,13.9,27.0,1015.9,75.1,18.1,38.5,31.1,75.3,0.637,9.21,0.33,8.07,30.4,16.5,1
Punjab,3,19.2,26.5,1008.3,60.9,14.7,116.0,31.1,75.3,0.777,10.27,3.71,4.86,20.8,1.6,0
Punjab,3,0.0,34.2,1005.4,68.1,5.5,267.9,31.1,75.3,0.44,8.55,3.69,13.38,0.0,0.0,0
Punjab,3,20.1,30.5,1004.9,62.2,18.8,138.1,31.1,75.3,0.425,5.6,2.4,3.7,29.1,9.0,0
Punjab,3,1.1,23.8,1008.9,58.3,20.9,226.2,31.1,75.3,0.531,10.62,4.09,9.48,4.4,3.4,0
Punjab,3,0.0,27.9,1008.3,50.2,2.7,113.8,31.1,75.3,0.099,7.85,2.47,7.61,5.8,5.8,0
Punjab,3,12.6,30.3,1012.7,63.2,0.2,224.4,31.1,75.3,0.589,10.58,4.23,15.87,17.8,5.1,0
Punjab,3,8.5,29.9,1002.0,74.0,12.3,38.1,31.1,75.3,0.169,9.81,2.65,4.14,14.1,5.6,0
Punjab,3,6.1,33.9,1005.3,62.6,23.3,119.2,31.1,75.3,0.333,0.0,2.86,9.42,11.1,5.0,0
Punjab,3,11.1,25.0,1007.0,62.5,13.2,138.7,31.1,75.3,0.419,9.89,3.28,5.32,14.2,3.1,0
Punjab,3,0.0,29.3,1002.4,66.2,15.5,173.5,31.1,75.3,0.696,16.95,2.62,6.91,13.1,13.1,1
Punjab,3,0.0,28.7,1006.5,75.5,12.0,196.1,31.1,75.3,0.325,13.6,2.05,9.96,2.5,2.5,0
Punjab,3,0.0,28.8,1011.0,54.2,9.0,55.7,31.1,75.3,0.387,11.11,3.15,3.38,19.4,19.4,1
Punjab,3,5.8,29.0,1016.9,75.1,15.9,251.5,31.1,75.3,0.6,12.0,4.08,6.84,17.3,11.5,0
Punjab,3,16.8,19.4,1012.3,58.6,14.4,86.1,31.1,75.3,0.373,8.33,4.04,5.58,3.1,13.7,1
Punjab,3,4.2,27.0,1011.2,68.0,9.4,341.9,31.1,75.3,0.856,14.47,1.11,14.77,18.1,13.8,1
Punjab,3,26.6,22.5,1005.9,72.4,7.6,150.1,31.1,75.3,0.816,8.46,5.44,9.45,17.9,8.8,0
Punjab,3,0.1,33.0,1002.8,77.3,16.3,52.7,31.1,75.3,0.374,11.0,5.42,6.17,6.9,6.7,0
Punjab,3,31.2,29.6,1005.5,61.5,2.8,130.5,31.1,75.3,0.557,13.67,2.89,10.21,41.1,9.9,0
Punjab,3,1.2,26.2,1001.3,73.9,13.2,42.7,31.1,75.3,0.478,6.03,4.34,1.4,1.6,0.4,0
Punjab,3,1.2,34.7,1016.7,70.7,10.3,208.9,31.1,75.3,0.35,4.26,1.02,7.65,0.0,1.2,0
Punjab,3,24.8,26.2,1001.6,77.7,17.6,256.4,31.1,75.3,0.15,2.15,5.27,0.0,16.8,8.0,0
Punjab,3,10.1,23.2,1009.1,55.0,19.7,150.5,31.1,75.3,0.545,8.37,2.16,6.94,4.3,5.8,0
Punjab,3,30.2,29.8,1003.6,82.2,13.0,344.6,31.1,75.3,0.763,11.54,1.88,5.6,61.2,30.9,1
Punjab,3,3.6,27.5,1005.6,57.1,16.7,38.2,31.1,75.3,0.323,11.03,3.1,7.83,5.3,1.7,0
Punjab,3,0.0,34.4,1013.7,56.9,15.6,97.7,31.1,75.3,0.706,13.23,4.91,4.5,0.0,0.0,0
Punjab,3,0.0,39.3,1012.5,78.9,6.0,110.9,31.1,75.3,0.145,11.61,3.42,6.45,0.0,0.0,0
Punjab,3,22.2,26.5,1014.8,66.0,15.1,11.7,31.1,75.3,0.582,10.71,5.98,10.73,6.9,15.3,1
Punjab,3,7.3,34.5,1003.9,66.5,13.6,41.2,31.1,75.3,0.28,6.18,4.01,8.38,12.8,5.5,0
Punjab,3,13.0,28.1,1010.8,68.6,12.0,186.2,31.1,75.3,0.382,6.96,4.07,3.42,20.3,7.3,0
Punjab,3,6.7,28.1,1007.1,71.5,20.6,173.4,31.1,75.3,0.699,10.11,4.36,1.28,15.3,8.7,0
Punjab,3,13.7,22.4,1005.1,69.3,15.1,70.5,31.1,75.3,0.824,9.2,2.03,9.81,28.1,14.4,1
Punjab,3,23.2,30.4,1018.0,63.8,21.2,80.9,31.1,75.3,0.036,5.08,2.71,7.35,16.6,6.6,0
Punjab,3,10.9,31.1,1009.8,65.1,19.2,61.3,31.1,75.3,0.441,7.59,4.18,6.07,16.5,5.6,0
Punjab,4,19.6,26.4,1000.0,64.7,9.6,247.2,31.1,75.3,0.06,4.61,4.81,5.5,29.6,10.0,0
Punjab,4,3.1,30.3,1006.7,73.5,12.3,281.5,31.1,75.3,0.801,12.97,3.02,2.7,6.9,3.9,0
Punjab,4,15.4,29.0,1003.6,68.5,16.9,165.7,31.1,75.3,0.509,20.92,5.59,8.82,20.7,5.2,0
Punjab,4,25.8,24.5,1004.0,54.1,12.3,268.4,31.1,75.3,0.483,10.95,2.2,12.41,38.6,12.8,1
Punjab,4,5.8,34.3,1009.9,78.0,6.8,146.3,31.1,75.3,0.68,10.43,3.64,7.98,13.0,7.2,0
Punjab,4,12.0,34.6,1003.1,67.9,17.1,117.8,31.1,75.3,0.486,11.78,5.65,8.73,21.2,9.2,0
Punjab,4,19.7,17.4,1008.4,62.6,21.1,118.5,31.1,75.3,0.729,13.17,3.98,10.82,23.9,4.2,0
Punjab,4,24.7,24.1,1013.2,63.4,17.0,245.5,31.1,75.3,0.608,10.48,3.8,3.01,28.6,3.9,0
Punjab,4,12.2,21.3,1002.2,68.6,15.6,1.2,31.1,75.3,0.563,11.2,3.2,7.78,3.9,8.3,0
Punjab,4,4.5,28.2,1014.2,65.8,23.9,169.3,31.1,75.3,0.568,9.43,6.57,10.55,11.5,7.1,0
Punjab,4,3.0,26.7,1003.0,81.9,16.1,332.6,31.1,75.3,0.46,7.12,3.77,8.83,0.0,3.0,0
Punjab,4,0.4,25.7,1013.4,61.5,4.6,331.9,31.1,75.3,0.899,9.6,2.6,3.3,6.0,5.6,0
Punjab,4,12.2,30.2,1021.6,54.6,11.8,6.5,31.1,75.3,0.467,2.83,4.46,6.42,6.1,6.0,0
Punjab,4,1.1,34.6,1014.5,56.1,4.9,249.0,31.1,75.3,0.966,20.42,2.15,12.39,6.9,5.8,0
Punjab,4,0.0,25.0,1004.1,71.8,6.8,157.8,31.1,75.3,0.649,15.17,3.06,9.51,0.0,0.0,0
Punjab,4,18.1,27.5,1007.3,66.7,4.9,154.8,31.1,75.3,0.571,15.86,5.19,5.88,19.3,1.2,0
Punjab,4,0.0,33.3,1009.6,69.0,12.2,298.7,31.1,75.3,0.811,19.11,5.44,7.81,8.1,8.1,0
Punjab,4,22.3,28.8,1017.7,79.5,27.5,5.3,31.1,75.3,0.071,11.38,3.39,8.83,37.6,15.3,1
Punjab,4,4.9,25.1,1004.8,88.5,11.3,55.0,31.1,75.3,0.924,13.74,1.14,6.87,5.0,0.1,0
Punjab,4,0.0,26.5,994.4,70.3,13.6,10.9,31.1,75.3,0.193,16.67,3.17,11.61,0.1,0.1,0
Punjab,4,26.5,30.7,1008.6,58.6,20.1,104.6,31.1,75.3,0.391,10.46,3.79,10.94,13.2,13.3,1
Punjab,4,36.5,30.3,1007.9,71.4,5.9,227.9,31.1,75.3,0.684,9.91,4.48,10.7,34.6,2.0,0
Punjab,4,24.3,28.2,1017.5,80.1,15.6,332.9,31.1,75.3,0.532,15.12,3.18,9.62,32.0,7.7,0
Punjab,4,9.6,25.1,1016.0,71.8,12.1,84.1,31.1,75.3,0.734,10.81,5.02,5.55,16.5,6.9,0
Punjab,4,5.6,35.4,1009.8,57.0,18.3,334.7,31.1,75.3,0.487,7.85,1.21,11.62,0.0,5.6,0
Punjab,4,10.3,21.5,1017.0,80.3,15.1,23.2,31.1,75.3,0.528,7.79,1.84,10.69,5.0,5.2,0
Punjab,4,38.1,24.0,1013.1,79.8,6.9,282.9,31.1,75.3,0.508,25.02,3.56,4.9,45.2,7.1,0
Punjab,4,0.0,28.2,1005.7,72.2,10.8,150.3,31.1,75.3,0.77,12.24,3.88,2.54,9.8,9.8,0
Punjab,4,5.7,29.5,998.8,69.8,14.6,345.8,31.1,75.3,0.377,15.75,2.95,11.05,16.7,11.0,0
Punjab,4,1.8,31.4,1005.9,73.4,8.9,6.5,31.1,75.3,0.57,10.97,4.31,5.89,0.6,1.2,0
Punjab,4,18.5,26.8,1005.5,58.6,11.3,32.2,31.1,75.3,0.7,9.29,2.55,7.71,11.1,7.4,0
Punjab,4,1.5,33.8,1002.6,65.6,24.6,278.9,31.1,75.3,0.452,3.14,4.05,6.01,8.9,7.4,0
Punjab,4,3.5,29.5,1015.2,73.7,7.0,229.0,31.1,75.3,0.747,5.01,5.87,8.74,12.8,9.3,0
Punjab,4,7.1,28.6,1003.5,82.5,22.6,306.4,31.1,75.3,0.201,12.41,4.37,6.2,11.4,4.3,0
Punjab,4,0.0,34.3,1000.3,69.5,17.5,331.7,31.1,75.3,0.829,3.79,3.81,3.26,0.0,0.0,0
Punjab,4,5.4,26.2,1014.4,55.3,5.8,15.4,31.1,75.3,0.577,13.1,5.23,1.87,23.0,17.5,1
Punjab,4,1.9,27.3,1008.1,45.3,11.4,107.9,31.1,75.3,0.681,9.09,4.11,9.7,3.9,1.9,0
Punjab,4,16.1,25.2,1003.3,64.0,1.5,208.1,31.1,75.3,0.571,10.2,4.81,9.48,28.4,12.3,0
Punjab,4,27.8,29.7,1004.4,74.2,10.0,19.1,31.1,75.3,0.496,15.72,4.75,10.97,31.8,4.0,0
Punjab,4,16.9,30.8,1004.6,72.9,13.6,248.6,31.1,75.3,0.483,8.88,3.51,8.29,25.4,8.4,0
Punjab,5,28.3,30.5,1008.6,47.5,26.1,155.5,31.1,75.3,0.484,17.44,2.98,10.4,26.9,1.4,0
Punjab,5,9.3,28.4,1002.0,66.3,19.1,227.6,31.1,75.3,1.319,12.75,2.86,7.72,0.0,9.3,0
Punjab,5,23.7,34.7,1012.2,59.1,9.6,82.6,31.1,75.3,0.515,8.94,3.13,14.9,22.5,1.2,0
Punjab,5,21.0,30.4,1003.8,67.9,9.0,299.6,31.1,75.3,0.437,13.85,3.71,6.51,33.7,12.6,0
Punjab,5,6.4,20.9,1010.1,60.4,14.8,290.0,31.1,75.3,0.691,15.94,2.74,12.88,7.8,1.4,0
Punjab,5,0.0,18.4,1006.5,59.6,10.1,16.4,31.1,75.3,0.963,8.78,4.41,7.58,0.0,0.0,0
Punjab,5,1.1,34.8,1008.1,65.6,10.6,227.2,31.1,75.3,0.492,20.1,4.6,9.71,5.1,4.0,0
Punjab,5,26.2,28.2,1005.6,69.1,18.0,308.0,31.1,75.3,0.662,13.3,5.49,1.09,31.0,4.8,0
Punjab,5,5.7,28.5,1009.8,80.0,7.1,15.9,31.1,75.3,0.441,9.96,2.66,15.7,16.5,10.7,0
Punjab,5,3.7,28.3,1005.8,69.1,10.2,127.4,31.1,75.3,0.505,17.91,2.52,12.58,11.9,8.2,0
Punjab,5,7.7,31.3,1009.0,46.1,12.0,195.7,31.1,75.3,0.908,10.78,4.05,5.8,12.6,4.9,0
Punjab,5,0.0,32.6,1005.9,55.6,20.1,347.1,31.1,75.3,0.67,6.43,4.65,12.49,0.0,0.0,0
Punjab,5,0.0,23.7,1007.7,86.8,19.3,41.1,31.1,75.3,0.405,16.77,5.48,10.2,0.0,0.0,0
Punjab,5,22.5,25.5,1011.3,63.7,9.1,333.6,31.1,75.3,1.013,7.72,5.49,11.81,26.9,4.4,0
Punjab,5,6.1,23.3,1014.4,55.6,0.1,143.9,31.1,75.3,0.349,11.95,2.69,7.54,8.8,2.7,0
Punjab,5,15.0,33.6,1008.0,68.6,12.8,339.7,31.1,75.3,0.393,10.63,4.3,6.57,30.3,15.3,1
Punjab,5,15.5,23.3,1010.0,80.6,10.4,306.1,31.1,75.3,0.671,13.19,5.74,9.9,23.1,7.6,0
Punjab,5,13.0,21.2,1010.1,70.0,12.1,357.0,31.1,75.3,0.744,8.94,2.95,5.62,0.0,13.0,1
Punjab,5,17.0,37.7,1005.1,75.7,13.5,51.8,31.1,75.3,0.606,15.51,2.85,9.59,31.2,14.2,1
Punjab,5,19.6,29.6,1008.5,63.9,12.2,308.7,31.1,75.3,0.72,17.84,4.65,9.34,29.5,9.9,0
Punjab,5,0.0,26.2,1007.6,50.4,14.8,261.2,31.1,75.3,0.757,13.29,4.07,11.57,5.9,5.9,0
Punjab,5,17.2,29.4,1003.7,83.2,20.2,13.5,31.1,75.3,0.649,15.39,5.81,15.0,16.0,1.1,0
Punjab,5,23.3,27.9,1000.0,75.9,21.3,152.9,31.1,75.3,0.585,13.93,5.14,11.01,38.3,14.9,1
Punjab,5,22.2,25.9,1008.1,62.5,14.8,312.3,31.1,75.3,1.005,9.27,3.68,9.54,15.5,6.8,0
Punjab,5,8.4,28.9,1016.2,68.9,12.0,201.5,31.1,75.3,1.047,12.69,4.4,5.17,19.6,11.2,0
Punjab,5,5.7,34.1,1010.3,68.8,7.4,137.7,31.1,75.3,0.576,12.88,1.94,6.56,4.5,1.1,0
Punjab,5,17.4,20.5,1014.9,79.9,9.0,304.5,31.1,75.3,0.667,11.95,5.01,10.54,22.5,5.1,0
Punjab,5,0.3,26.5,1009.8,75.8,21.2,10.3,31.1,75.3,0.635,9.74,5.61,8.35,0.0,0.3,0
Punjab,5,12.7,21.6,1010.7,64.4,27.8,236.1,31.1,75.3,0.566,16.45,5.24,12.4,13.5,0.8,0
Punjab,5,0.0,38.9,1010.6,69.8,18.0,312.1,31.1,75.3,0.528,8.21,4.5,5.15,9.4,9.4,0
Punjab,5,24.8,32.8,1010.2,69.4,11.9,218.1,31.1,75.3,0.597,4.91,3.56,11.66,17.9,6.9,0
Punjab,5,0.0,27.5,997.2,74.8,17.2,265.6,31.1,75.3,0.663,8.97,2.82,10.94,10.6,10.6,0
Punjab,5,0.0,23.2,1007.9,68.9,18.7,257.1,31.1,75.3,0.603,16.53,3.88,8.36,11.5,11.5,0
Punjab,5,22.4,32.2,1007.1,68.2,9.7,120.1,31.1,75.3,0.501,4.4,3.77,6.72,0.2,22.1,1
Punjab,5,5.8,31.4,1010.1,71.6,21.1,312.2,31.1,75.3,0.39,14.36,4.73,5.49,6.6,0.7,0
Punjab,5,17.9,29.3,1011.7,60.8,6.9,193.1,31.1,75.3,0.792,16.53,4.1,13.83,21.1,3.2,0
Punjab,5,6.5,22.6,1007.6,78.1,20.3,36.6,31.1,75.3,0.719,18.77,3.14,12.84,13.4,6.9,0
Punjab,5,14.3,22.6,1009.7,79.0,3.4,291.8,31.1,75.3,0.162,6.71,4.19,14.04,14.1,0.2,0
Punjab,5,17.1,24.6,1007.0,67.0,22.1,328.9,31.1,75.3,0.487,16.69,4.0,9.63,24.1,7.0,0
Punjab,5,5.2,20.0,1013.4,68.7,7.6,105.5,31.1,75.3,1.021,17.15,6.8,5.6,13.6,8.4,0
Punjab,6,17.1,27.6,1006.4,38.4,22.9,302.4,31.1,75.3,0.865,13.72,4.71,9.64,24.4,7.2,0
Punjab,6,20.2,31.9,1007.4,55.9,8.2,81.3,31.1,75.3,0.63,9.58,3.86,9.98,10.8,9.4,0
Punjab,6,13.0,33.1,1007.4,50.3,18.7,340.3,31.1,75.3,0.917,13.92,7.55,12.47,49.1,36.2,1
Punjab,6,27.9,32.9,1004.9,58.5,15.0,276.0,31.1,75.3,0.576,13.16,4.51,8.34,38.1,10.2,0
Punjab,6,5.2,27.9,1001.9,69.0,15.4,334.0,31.1,75.3,0.698,13.29,4.2,8.91,14.0,8.8,0
Punjab,6,13.6,31.9,1002.8,66.1,11.3,181.0,31.1,75.3,0.738,8.95,5.46,16.75,19.8,6.2,0
Punjab,6,3.9,26.9,1006.4,61.3,18.0,300.6,31.1,75.3,0.738,18.84,6.22,13.33,1.6,2.3,0
Punjab,6,29.0,29.6,1015.1,78.8,16.0,322.6,31.1,75.3,1.157,6.56,4.54,6.04,37.2,8.1,0
Punjab,6,17.2,25.5,1005.2,54.8,16.7,141.3,31.1,75.3,0.768,11.58,5.05,12.48,26.7,9.5,0
Punjab,6,15.6,27.7,1010.4,62.0,13.4,68.1,31.1,75.3,0.991,11.23,3.69,11.12,33.9,18.3,1
Punjab,6,22.1,28.2,1014.1,49.9,19.5,242.1,31.1,75.3,0.81,17.71,4.98,10.47,22.9,0.8,0
Punjab,6,31.6,29.5,1009.1,83.1,11.9,326.3,31.1,75.3,0.871,20.78,4.8,11.42,20.5,11.1,0
Punjab,6,27.1,23.8,1005.3,69.9,11.2,216.0,31.1,75.3,0.437,14.07,6.55,14.51,33.7,6.5,0
Punjab,6,15.0,31.3,1014.6,69.2,15.2,277.1,31.1,75.3,0.886,8.21,4.77,11.46,0.9,14.1,1
Punjab,6,23.2,32.4,998.3,63.9,12.5,248.2,31.1,75.3,0.534,11.59,5.48,14.0,32.1,8.9,0
Punjab,6,3.4,31.3,1011.0,38.7,20.6,139.3,31.1,75.3,0.718,6.71,6.69,11.27,15.7,12.3,0
Punjab,6,0.0,30.1,1010.7,66.4,7.9,227.6,31.1,75.3,0.493,10.89,6.14,10.52,2.1,2.1,0
Punjab,6,0.6,27.9,1007.2,58.2,19.8,291.9,31.1,75.3,0.529,15.26,2.53,11.21,11.8,11.2,0
Punjab,6,1.2,28.2,1008.6,96.9,27.3,59.8,31.1,75.3,0.551,14.66,6.1,5.24,0.0,1.2,0
Punjab,6,0.9,31.1,1012.1,72.4,20.0,50.3,31.1,75.3,0.63,15.22,6.8,11.49,3.7,2.8,0
Punjab,6,17.7,33.8,1006.2,63.5,12.0,166.0,31.1,75.3,0.528,16.24,2.98,9.48,20.2,2.6,0
Punjab,6,32.6,32.0,1006.2,62.8,11.0,172.7,31.1,75.3,1.007,10.66,6.82,10.56,37.8,5.2,0
Punjab,6,14.4,32.9,1003.7,73.1,14.2,158.9,31.1,75.3,0.643,12.24,5.38,6.12,32.5,18.2,1
Punjab,6,14.5,25.9,1009.8,61.1,14.8,184.0,31.1,75.3,0.936,14.8,3.41,12.0,27.5,13.0,1
Punjab,6,0.0,23.3,1018.0,64.7,12.9,1.6,31.1,75.3,0.556,6.59,3.4,8.34,0.0,0.0,0
Punjab,6,5.0,22.1,1005.2,79.2,11.0,97.5,31.1,75.3,0.973,10.93,8.42,12.94,11.6,6.6,0
Punjab,6,10.6,33.5,1004.5,63.7,22.4,239.0,31.1,75.3,0.591,11.03,2.43,13.3,13.7,3.1,0
Punjab,6,24.9,27.4,1005.9,61.4,17.8,313.9,31.1,75.3,0.761,13.83,3.5,8.92,29.5,4.7,0
Punjab,6,9.9,35.7,1009.2,66.0,12.6,193.8,31.1,75.3,0.562,10.39,5.47,14.88,8.7,1.2,0
Punjab,6,17.9,25.4,1008.5,54.9,10.1,154.3,31.1,75.3,0.655,9.0,2.06,6.15,20.1,2.1,0
Punjab,6,4.7,25.8,1009.3,59.8,14.0,309.4,31.1,75.3,0.608,12.86,5.21,7.81,2.3,2.4,0
Punjab,6,12.3,28.9,1003.3,73.6,22.1,217.3,31.1,75.3,0.762,13.31,4.39,11.24,31.0,18.7,1
Punjab,6,16.1,31.9,1007.8,71.7,11.7,182.2,31.1,75.3,0.63,14.11,2.76,6.91,32.0,16.0,1
Punjab,6,28.4,21.2,1005.2,60.5,15.7,3.4,31.1,75.3,0.82,8.27,5.17,9.26,25.7,2.6,0
Punjab,6,18.1,27.1,1007.5,81.4,14.8,83.9,31.1,75.3,0.218,13.64,3.42,7.48,12.7,5.4,0
Punjab,6,23.3,26.5,1002.3,74.6,8.5,78.5,31.1,75.3,0.426,12.53,7.06,9.29,30.2,6.9,0
Punjab,6,12.1,28.1,1003.9,72.5,21.0,313.5,31.1,75.3,0.499,11.47,3.69,12.19,8.9,3.2,0
Punjab,6,14.2,34.1,999.0,71.2,13.8,4.1,31.1,75.3,0.503,12.16,4.74,9.71,24.3,10.2,0
Punjab,6,1.5,22.5,998.0,69.4,18.2,207.6,31.1,75.3,0.431,21.23,6.28,14.26,7.7,6.2,0
Punjab,6,20.9,27.0,1000.9,54.3,14.4,168.6,31.1,75.3,0.651,16.12,4.64,11.17,32.7,11.8,0
Punjab,7,28.9,29.1,1017.7,66.2,21.4,286.0,31.1,75.3,0.383,20.63,4.1,10.49,41.0,12.1,0
Punjab,7,6.5,27.7,1011.3,60.3,13.6,150.6,31.1,75.3,0.942,21.25,3.88,11.47,6.3,0.2,0
Punjab,7,14.9,35.0,1009.9,62.9,8.0,206.0,31.1,75.3,0.657,11.87,5.56,12.97,14.7,0.2,0
Punjab,7,4.3,33.4,1011.4,78.4,13.0,200.5,31.1,75.3,0.642,8.88,4.8,9.21,7.3,3.0,0
Punjab,7,15.1,28.3,1005.1,56.6,7.6,335.1,31.1,75.3,0.776,9.41,6.91,13.74,8.3,6.8,0
Punjab,7,17.4,27.4,1009.3,70.2,18.2,89.7,31.1,75.3,0.809,17.11,6.96,9.62,11.8,5.6,0
Punjab,7,21.8,23.1,1004.0,83.5,6.2,187.5,31.1,75.3,0.46,16.62,7.4,8.19,1.0,20.9,1
Punjab,7,18.4,25.4,1007.1,72.1,17.6,16.2,31.1,75.3,0.743,16.72,4.97,10.25,22.7,4.3,0
Punjab,7,20.8,25.4,1009.1,63.9,11.1,289.6,31.1,75.3,0.823,16.5,4.07,10.49,32.5,11.7,0
Punjab,7,18.6,38.2,1009.1,61.9,12.6,130.1,31.1,75.3,0.62,15.37,4.64,15.24,32.2,13.6,1
Punjab,7,23.9,26.9,1012.6,78.7,22.8,201.5,31.1,75.3,0.751,11.97,8.37,10.63,42.7,18.8,1
Punjab,7,16.3,31.5,1007.9,77.7,16.2,223.0,31.1,75.3,0.81,12.09,5.82,11.26,10.0,6.2,0
Punjab,7,18.7,25.5,1006.8,68.9,4.7,260.3,31.1,75.3,0.934,14.21,2.92,10.99,29.7,11.0,0
Punjab,7,11.3,26.9,1005.8,74.7,10.7,223.3,31.1,75.3,0.695,19.99,4.62,7.9,22.5,11.1,0
Punjab,7,19.9,29.6,1012.2,58.5,10.9,174.2,31.1,75.3,0.836,13.15,3.08,7.5,14.1,5.7,0
Punjab,7,8.5,29.2,1001.2,63.2,8.5,252.1,31.1,75.3,1.226,19.73,5.89,9.67,3.8,4.7,0
Punjab,7,13.6,21.7,1011.2,66.5,14.7,39.5,31.1,75.3,0.759,14.02,4.05,11.91,13.7,0.1,0
Punjab,7,17.7,30.4,1002.6,69.6,15.2,167.3,31.1,75.3,0.917,13.58,4.69,11.68,10.6,7.1,0
Punjab,7,4.0,26.1,996.1,58.6,13.1,359.4,31.1,75.3,0.62,17.62,4.96,12.55,0.0,4.0,0
Punjab,7,0.0,33.5,1001.3,83.3,12.9,110.0,31.1,75.3,0.646,21.38,4.36,10.09,14.8,14.8,1
Punjab,7,19.7,36.3,1013.8,61.5,21.3,310.9,31.1,75.3,0.903,12.36,5.91,17.12,6.3,13.3,1
Punjab,7,24.5,31.3,1011.3,58.7,14.4,212.3,31.1,75.3,0.835,9.76,4.68,13.12,21.3,3.2,0
Punjab,7,10.3,24.3,1009.3,67.1,11.1,9.2,31.1,75.3,0.78,10.74,5.15,11.33,16.7,6.4,0
Punjab,7,8.8,30.4,1012.8,75.0,15.8,126.0,31.1,75.3,1.084,15.21,5.57,9.12,12.9,4.1,0
Punjab,7,27.3,31.1,1006.4,83.8,9.8,256.6,31.1,75.3,0.363,18.16,4.36,10.81,41.8,14.5,1
Punjab,7,18.1,23.2,1016.1,65.6,14.5,155.7,31.1,75.3,0.526,15.9,3.47,10.98,39.1,21.0,1
Punjab,7,22.7,28.8,1002.5,67.9,10.8,351.8,31.1,75.3,0.654,11.83,4.94,8.89,29.2,6.6,0
Punjab,7,34.2,28.0,1003.4,66.9,8.4,85.1,31.1,75.3,1.109,19.96,6.1,10.74,39.3,5.0,0
Punjab,7,12.2,37.5,1007.0,62.9,14.3,350.2,31.1,75.3,0.052,16.55,2.15,15.65,0.0,12.2,0
Punjab,7,5.9,20.3,1017.0,68.4,25.9,212.7,31.1,75.3,0.999,9.37,5.4,15.33,16.2,10.4,0
Punjab,7,10.6,29.4,1010.2,53.7,12.0,72.4,31.1,75.3,0.924,15.95,4.71,10.66,7.6,2.9,0
Punjab,7,13.4,31.4,1020.1,56.5,21.1,236.9,31.1,75.3,0.429,14.59,4.98,11.23,27.8,14.3,1
Punjab,7,35.9,33.1,1009.1,71.7,25.2,199.6,31.1,75.3,0.997,10.39,3.37,13.13,23.3,12.6,0
Punjab,7,10.3,33.4,1003.4,86.5,3.5,29.9,31.1,75.3,0.472,14.2,5.46,10.39,10.3,0.1,0
Punjab,7,0.0,33.6,1001.9,56.2,14.3,120.3,31.1,75.3,0.917,12.84,5.2,11.58,16.4,16.4,1
Punjab,7,8.9,21.3,1004.0,79.9,16.5,105.0,31.1,75.3,0.761,13.91,6.15,12.24,10.3,1.4,0
Punjab,7,24.5,32.7,1003.4,59.5,26.8,252.9,31.1,75.3,1.083,18.55,5.75,4.82,17.3,7.2,0
Punjab,7,21.6,24.3,1007.3,77.6,15.5,192.7,31.1,75.3,1.026,20.92,5.13,15.05,16.9,4.6,0
Punjab,7,17.0,30.2,1007.5,66.3,9.2,136.4,31.1,75.3,0.427,14.44,5.27,13.47,6.4,10.6,0
Punjab,7,18.2,30.2,1007.9,73.0,16.1,36.3,31.1,75.3,0.564,23.55,5.99,9.43,25.7,7.5,0
Punjab,8,23.5,34.0,1006.1,63.0,12.7,162.5,31.1,75.3,0.693,17.02,5.14,12.02,50.5,27.0,1
Punjab,8,5.5,29.1,1002.3,78.3,20.8,296.0,31.1,75.3,0.674,18.94,5.32,16.46,0.0,5.5,0
Punjab,8,27.5,36.8,1010.0,62.6,11.3,326.5,31.1,75.3,0.949,10.3,5.28,12.6,52.1,24.7,1
Punjab,8,35.9,27.3,1002.5,70.4,16.1,312.1,31.1,75.3,0.725,12.32,5.64,11.18,35.8,0.1,0
Punjab,8,6.4,22.8,1011.1,71.6,11.2,161.6,31.1,75.3,0.445,14.64,5.91,15.53,2.3,4.1,0
Punjab,8,28.0,25.2,1012.1,85.8,10.2,93.2,31.1,75.3,0.922,11.29,6.17,10.5,23.2,4.8,0
Punjab,8,11.2,25.8,1012.0,69.0,26.8,63.0,31.1,75.3,0.908,15.67,4.12,16.98,18.2,6.9,0
Punjab,8,7.4,29.4,1013.2,60.5,15.5,174.8,31.1,75.3,0.847,18.49,5.33,7.49,9.4,2.0,0
Punjab,8,9.8,27.4,1005.3,70.7,13.5,18.9,31.1,75.3,0.937,12.57,7.16,10.03,1.7,8.1,0
Punjab,8,27.2,25.4,1008.5,56.1,13.4,159.1,31.1,75.3,0.874,14.7,5.03,12.33,44.5,17.3,1
Punjab,8,5.7,17.7,1014.2,62.4,12.3,217.1,31.1,75.3,0.548,14.69,5.31,13.51,2.3,3.4,0
Punjab,8,0.0,22.5,1013.6,60.6,17.9,21.2,31.1,75.3,0.976,16.67,3.91,8.69,0.0,0.0,0
Punjab,8,25.7,22.8,1006.2,68.2,16.3,207.7,31.1,75.3,0.498,11.44,4.39,4.26,33.9,8.3,0
Punjab,8,21.3,23.5,1014.5,67.9,19.4,211.0,31.1,75.3,0.787,8.15,5.89,13.78,18.0,3.2,0
Punjab,8,17.6,27.7,1003.2,68.0,12.7,113.7,31.1,75.3,0.696,13.43,3.68,18.82,16.2,1.3,0
Punjab,8,3.6,30.2,1008.9,74.5,18.5,336.0,31.1,75.3,0.601,16.86,3.76,11.28,15.4,11.8,0
Punjab,8,6.2,36.7,1008.1,50.9,18.7,220.9,31.1,75.3,0.366,19.13,4.46,12.04,0.0,6.2,0
Punjab,8,25.0,26.5,1013.8,58.7,14.2,313.7,31.1,75.3,1.333,23.95,8.27,16.8,25.8,0.8,0
Punjab,8,15.3,29.0,1009.9,58.0,9.5,266.9,31.1,75.3,0.728,14.99,5.11,12.96,2.8,12.5,0
Punjab,8,6.6,24.8,1012.1,71.0,16.9,63.5,31.1,75.3,0.822,13.17,4.76,13.31,3.6,3.0,0
Punjab,8,14.7,26.7,1002.1,63.2,12.4,286.5,31.1,75.3,0.453,13.35,6.74,13.52,12.5,2.2,0
Punjab,8,3.1,28.2,1012.8,84.2,12.6,39.6,31.1,75.3,0.91,17.71,5.66,10.3,0.0,3.1,0
Punjab,8,23.1,31.4,1006.2,86.1,16.4,274.2,31.1,75.3,0.577,9.47,5.04,13.31,55.0,31.9,1
Punjab,8,16.5,30.2,1003.9,71.1,15.6,28.6,31.1,75.3,1.081,15.74,6.98,12.23,19.0,2.4,0
Punjab,8,7.4,26.4,1015.3,60.0,18.5,232.1,31.1,75.3,0.931,17.1,4.05,12.7,39.4,32.0,1
Punjab,8,19.1,31.5,1009.5,76.9,11.6,317.1,31.1,75.3,0.99,14.87,6.94,9.19,25.8,6.7,0
Punjab,8,13.0,38.4,1006.1,73.2,5.2,129.2,31.1,75.3,0.875,15.22,5.36,11.23,16.0,3.0,0
Punjab,8,0.0,27.5,1006.9,79.7,19.4,314.6,31.1,75.3,1.018,13.33,7.81,14.92,12.1,12.1,0
Punjab,8,10.4,30.8,1000.4,63.3,16.9,81.0,31.1,75.3,0.857,17.85,5.85,11.26,31.9,21.5,1
Punjab,8,35.8,27.6,1002.1,66.7,15.6,130.4,31.1,75.3,1.081,13.72,4.66,11.19,36.5,0.7,0
Punjab,8,16.4,31.0,1014.4,76.9,10.5,182.7,31.1,75.3,0.835,17.5,6.24,12.44,20.4,4.0,0
Punjab,8,25.7,27.3,1012.8,77.1,22.5,97.3,31.1,75.3,1.102,15.06,6.06,14.5,19.9,5.7,0
Punjab,8,11.6,25.1,1007.7,63.7,15.7,2.9,31.1,75.3,0.758,16.88,4.83,9.62,1.6,10.0,0
Punjab,8,0.0,25.1,1010.7,67.0,15.3,68.3,31.1,75.3,1.2,16.93,4.97,9.03,28.1,28.1,1
Punjab,8,0.7,24.6,1004.0,68.7,17.0,226.3,31.1,75.3,0.741,10.68,7.88,13.0,12.1,11.4,0
Punjab,8,8.5,26.6,1013.9,46.9,19.0,53.3,31.1,75.3,0.897,22.93,5.08,4.1,0.6,7.9,0
Punjab,8,16.0,34.4,1006.1,84.5,3.6,17.3,31.1,75.3,1.021,20.05,3.3,9.68,20.4,4.4,0
Punjab,8,8.6,32.5,1008.1,54.6,17.5,109.9,31.1,75.3,0.584,12.71,4.8,16.3,11.1,2.4,0
Punjab,8,0.0,23.0,1011.6,64.9,9.1,241.6,31.1,75.3,1.01,24.98,5.58,13.67,4.8,4.8,0
Punjab,8,18.2,24.1,1015.2,64.4,9.7,39.2,31.1,75.3,0.947,13.48,7.47,14.12,34.4,16.2,1
Punjab,9,12.6,25.2,1008.2,57.6,18.0,70.8,31.1,75.3,0.74,20.33,6.41,16.52,38.7,26.1,1
Punjab,9,25.5,27.4,1014.0,70.0,14.3,62.2,31.1,75.3,0.898,21.59,4.86,9.46,14.8,10.7,0
Punjab,9,28.1,29.2,1015.4,64.3,9.5,84.4,31.1,75.3,0.731,20.27,4.5,13.72,30.4,2.2,0
Punjab,9,1.7,35.2,1003.6,60.1,12.3,268.2,31.1,75.3,0.813,14.95,7.29,14.12,0.0,1.7,0
Punjab,9,10.0,36.3,1003.4,77.7,12.2,199.8,31.1,75.3,0.77,23.45,4.34,15.15,30.7,20.7,1
Punjab,9,11.1,31.6,1012.2,61.4,10.9,47.9,31.1,75.3,0.9,16.09,6.78,10.85,4.5,6.6,0
Punjab,9,17.1,28.6,1014.6,74.0,19.1,238.7,31.1,75.3,0.811,15.03,6.32,13.61,23.3,6.1,0
Punjab,9,14.9,27.5,1016.3,72.2,18.5,103.3,31.1,75.3,0.844,19.72,6.12,9.43,12.3,2.6,0
Punjab,9,38.6,32.3,1006.5,76.2,16.7,76.9,31.1,75.3,0.852,18.47,5.14,12.77,7.6,31.0,1
Punjab,9,19.9,31.7,1016.5,74.3,13.8,161.9,31.1,75.3,0.783,11.17,5.8,9.5,16.7,3.2,0
Punjab,9,14.9,29.0,999.7,66.1,19.0,69.1,31.1,75.3,0.864,26.36,6.94,13.36,36.4,21.6,1
Punjab,9,11.6,23.5,1012.6,74.8,20.8,340.4,31.1,75.3,1.28,11.76,5.67,12.31,34.7,23.1,1
Punjab,9,21.1,32.3,1009.4,69.3,19.0,322.6,31.1,75.3,0.956,20.18,6.62,16.12,27.5,6.4,0
Punjab,9,18.9,23.6,1012.9,86.6,6.6,326.3,31.1,75.3,0.849,16.83,6.85,13.09,29.2,10.3,0
Punjab,9,13.2,33.7,1006.8,61.9,17.3,246.3,31.1,75.3,0.925,24.16,6.05,9.11,13.3,0.1,0
Punjab,9,25.9,28.1,1011.5,63.2,13.5,164.9,31.1,75.3,1.201,16.02,6.14,16.48,34.8,8.9,0
Punjab,9,24.0,24.7,1008.0,63.3,7.2,20.9,31.1,75.3,0.968,19.78,7.02,14.7,26.9,2.9,0
Punjab,9,0.0,23.1,1013.5,61.1,15.2,8.4,31.1,75.3,0.601,18.9,7.93,13.12,0.1,0.1,0
Punjab,9,4.6,26.6,1010.7,69.4,13.4,161.0,31.1,75.3,0.826,15.86,6.27,17.1,7.5,2.9,0
Punjab,9,7.5,29.8,1006.3,75.0,5.4,227.9,31.1,75.3,0.829,13.73,4.64,12.34,0.0,7.5,0
Punjab,9,0.0,22.9,1001.9,69.8,9.7,90.1,31.1,75.3,0.688,20.7,6.55,12.28,6.0,6.0,0
Punjab,9,23.3,27.9,1008.7,48.4,13.0,167.9,31.1,75.3,1.089,16.01,5.29,14.92,9.8,13.5,1
Punjab,9,16.1,19.7,1004.4,64.9,22.9,52.4,31.1,75.3,0.7,17.03,7.83,7.01,30.5,14.4,1
Punjab,9,21.2,27.2,1006.4,83.9,19.2,342.4,31.1,75.3,0.883,22.55,6.75,13.96,9.3,11.9,0
Punjab,9,42.1,30.5,1016.9,72.5,15.5,169.7,31.1,75.3,1.073,23.56,7.35,19.94,50.2,8.2,0
Punjab,9,10.4,28.7,1012.0,66.9,15.4,183.8,31.1,75.3,0.977,18.11,6.35,15.08,26.4,16.0,1
Punjab,9,11.7,20.3,1002.8,74.1,11.9,322.4,31.1,75.3,0.867,17.84,6.69,16.75,16.7,5.0,0
Punjab,9,5.8,28.9,1011.6,47.0,12.0,46.2,31.1,75.3,0.782,18.11,5.35,15.99,11.2,5.4,0
Punjab,9,0.0,30.6,1012.0,69.1,6.4,258.5,31.1,75.3,0.674,16.12,5.41,8.86,4.1,4.1,0
Punjab,9,19.3,28.1,1007.0,62.1,22.9,185.7,31.1,75.3,0.691,19.33,6.54,15.02,23.0,3.7,0
Punjab,9,10.4,22.2,1005.3,52.9,17.1,340.6,31.1,75.3,0.807,20.48,5.81,13.0,21.0,10.7,0
Punjab,9,22.6,31.8,1010.8,73.1,5.8,323.1,31.1,75.3,1.21,20.16,7.26,11.15,29.0,6.4,0
Punjab,9,23.2,29.4,1012.0,58.2,11.6,35.1,31.1,75.3,0.93,16.82,5.87,11.13,17.6,5.5,0
Punjab,9,17.1,32.1,1015.8,85.2,13.3,357.7,31.1,75.3,1.055,22.67,6.6,13.11,15.2,1.9,0
Punjab,9,23.6,30.0,1009.4,58.4,10.6,95.6,31.1,75.3,1.087,21.21,5.62,7.7,47.7,24.1,1
Punjab,9,30.5,28.1,1005.9,66.4,20.3,190.7,31.1,75.3,0.793,26.37,4.26,11.37,27.6,2.9,0
Punjab,9,18.2,32.2,1012.1,70.8,9.0,222.2,31.1,75.3,0.651,15.96,6.01,10.75,11.2,7.0,0
Punjab,9,26.7,33.5,1007.6,51.7,17.0,302.0,31.1,75.3,0.951,18.75,3.84,12.0,40.5,13.8,1
Punjab,9,16.1,23.3,1011.3,52.8,16.8,58.9,31.1,75.3,0.965,16.66,6.68,17.26,31.0,14.9,1
Punjab,9,24.4,30.0,999.4,70.3,16.9,160.0,31.1,75.3,0.861,20.43,4.95,19.15,36.9,12.5,0
Punjab,10,8.4,32.9,1002.4,70.1,16.6,245.3,31.1,75.3,0.919,19.12,5.26,14.97,14.0,5.6,0
Punjab,10,39.3,33.4,1004.3,68.6,12.5,99.2,31.1,75.3,1.115,18.45,5.95,15.96,18.6,20.7,1
Punjab,10,14.2,33.0,1015.1,83.1,9.8,41.2,31.1,75.3,0.844,18.91,5.67,9.11,32.4,18.2,1
Punjab,10,26.6,25.1,1011.6,79.4,4.1,288.7,31.1,75.3,0.931,8.81,7.77,14.39,9.6,17.0,1
Punjab,10,22.6,28.2,1010.7,50.7,14.5,111.8,31.1,75.3,0.911,12.07,5.21,18.77,44.5,21.9,1
Punjab,10,28.8,33.4,998.7,69.4,17.2,234.2,31.1,75.3,0.571,22.4,7.29,12.29,44.2,15.4,1
Punjab,10,19.7,30.0,1003.4,72.4,17.2,282.5,31.1,75.3,0.408,19.55,6.84,11.31,30.2,10.5,0
Punjab,10,21.0,29.1,1006.1,52.9,7.6,80.8,31.1,75.3,0.724,15.67,7.56,7.74,2.6,18.4,1
Punjab,10,26.9,27.8,998.0,65.6,16.9,121.2,31.1,75.3,0.654,12.11,7.57,17.28,41.5,14.6,1
Punjab,10,31.6,32.6,1000.4,80.0,16.6,209.9,31.1,75.3,1.62,18.08,6.18,13.0,42.4,10.7,0
Punjab,10,20.8,38.1,1008.7,65.7,16.1,70.1,31.1,75.3,0.608,18.27,9.35,16.81,17.7,3.1,0
Punjab,10,22.1,37.6,1009.0,61.1,16.3,109.7,31.1,75.3,1.027,24.68,6.67,7.12,35.0,12.8,1
Punjab,10,22.7,28.9,1003.8,89.9,10.6,216.9,31.1,75.3,0.897,24.17,8.19,16.07,40.7,18.0,1
Punjab,10,4.3,20.7,1006.1,78.9,20.6,305.7,31.1,75.3,0.748,23.54,6.78,7.93,0.0,4.3,0
Punjab,10,23.6,22.8,1003.1,60.5,20.4,180.2,31.1,75.3,1.278,17.15,6.3,15.15,22.4,1.2,0
Punjab,10,1.1,26.1,1004.3,68.7,13.0,311.6,31.1,75.3,0.873,12.4,5.8,10.54,33.5,32.4,1
Punjab,10,18.8,30.2,1007.5,88.3,9.7,34.7,31.1,75.3,1.166,16.79,5.65,12.46,53.2,34.3,1
Punjab,10,40.4,29.1,1009.0,77.8,18.0,183.6,31.1,75.3,0.853,16.4,7.15,14.57,66.3,25.9,1
Punjab,10,15.5,23.8,1000.7,62.3,8.8,262.2,31.1,75.3,0.858,15.79,7.13,20.0,14.7,0.9,0
Punjab,10,6.1,25.9,998.7,75.1,18.9,12.8,31.1,75.3,0.719,28.47,5.07,11.9,10.9,4.8,0
Punjab,10,27.6,26.9,1008.2,76.1,32.0,60.1,31.1,75.3,0.841,18.43,7.36,21.72,31.1,3.5,0
Punjab,10,24.3,18.9,1008.3,69.9,21.1,171.8,31.1,75.3,0.699,19.78,4.68,11.74,29.3,5.0,0
Punjab,10,0.0,26.5,1015.9,53.9,12.6,145.6,31.1,75.3,1.106,19.1,6.33,19.11,9.6,9.6,0
Punjab,10,6.9,28.0,1007.3,65.6,7.6,0.2,31.1,75.3,1.06,21.87,6.56,14.25,5.4,1.6,0
Punjab,10,28.8,22.7,1005.4,61.9,15.4,359.3,31.1,75.3,0.706,19.98,6.91,11.26,30.3,1.5,0
Punjab,10,8.7,27.9,1007.4,85.0,12.2,140.1,31.1,75.3,0.868,24.29,5.96,11.47,2.9,5.8,0
Punjab,10,9.8,25.2,1003.7,70.2,9.5,289.1,31.1,75.3,0.951,25.35,7.11,15.25,43.9,34.1,1
Punjab,10,23.0,26.6,1003.7,84.5,11.0,168.1,31.1,75.3,0.716,15.85,6.6,13.36,34.8,11.7,0
Punjab,10,6.6,24.0,1008.8,60.4,9.2,134.4,31.1,75.3,0.933,18.59,6.41,17.8,16.4,9.9,0
Punjab,10,18.3,32.9,1012.9,62.7,20.2,82.0,31.1,75.3,1.299,22.77,7.02,15.02,46.8,28.4,1
Punjab,10,3.9,32.6,1008.7,60.8,10.1,179.5,31.1,75.3,1.056,26.55,5.95,11.59,27.3,23.4,1
Punjab,10,19.6,32.5,1003.1,76.5,25.1,247.6,31.1,75.3,0.879,17.42,7.45,17.93,15.2,4.4,0
Punjab,10,45.3,27.7,1005.2,84.3,16.7,102.4,31.1,75.3,0.835,27.27,5.36,17.53,38.8,6.5,0
Punjab,10,11.6,27.2,1010.3,53.6,13.3,348.4,31.1,75.3,1.148,17.7,5.14,14.79,30.3,18.7,1
Punjab,10,20.3,33.1,1006.7,56.8,13.0,270.0,31.1,75.3,0.803,16.79,7.7,11.71,6.3,14.0,1
Punjab,10,27.1,30.1,1002.8,77.1,10.3,258.6,31.1,75.3,0.722,17.03,7.23,14.96,19.9,7.2,0
Punjab,10,20.4,29.0,1012.8,73.6,19.7,182.0,31.1,75.3,0.78,19.51,8.01,17.95,0.0,20.4,1
Punjab,10,25.1,25.5,1010.0,56.3,13.8,129.9,31.1,75.3,0.857,21.29,7.08,20.59,23.0,2.1,0
Punjab,10,8.9,33.0,999.4,71.9,18.5,218.8,31.1,75.3,0.725,13.4,7.55,12.22,9.5,0.7,0
Punjab,10,0.9,24.3,1004.0,67.8,14.5,153.1,31.1,75.3,1.082,11.76,7.77,16.79,8.4,7.5,0
Andhra Pradesh,1,24.7,33.7,1005.6,53.3,15.2,204.3,15.9,79.7,0.533,5.45,3.67,4.92,26.4,1.7,0
Andhra Pradesh,1,6.5,23.2,1013.4,78.4,11.7,166.0,15.9,79.7,0.433,7.58,2.47,6.26,2.6,3.9,0
Andhra Pradesh,1,26.8,28.0,1017.7,66.5,10.4,143.9,15.9,79.7,0.407,9.18,2.77,3.83,21.9,4.9,0
Andhra Pradesh,1,21.7,30.9,1000.1,70.7,16.6,322.4,15.9,79.7,0.149,4.25,2.44,12.85,18.8,3.0,0
Andhra Pradesh,1,19.2,26.3,1016.5,65.9,6.3,314.0,15.9,79.7,0.301,10.07,1.66,5.71,35.0,15.8,0
Andhra Pradesh,1,2.1,29.6,1006.6,65.0,15.7,121.4,15.9,79.7,0.51,8.1,2.71,6.59,3.7,1.7,0
Andhra Pradesh,1,14.8,26.6,1017.8,55.9,19.6,30.9,15.9,79.7,0.427,10.84,1.38,4.19,15.3,0.5,0
Andhra Pradesh,1,23.4,29.2,1017.5,71.1,10.1,40.7,15.9,79.7,0.17,8.54,0.62,6.62,26.0,2.6,0
Andhra Pradesh,1,6.3,27.8,1017.8,66.2,11.7,115.7,15.9,79.7,0.479,7.69,4.66,8.91,19.4,13.1,0
Andhra Pradesh,1,13.5,33.8,1003.0,68.0,8.1,103.5,15.9,79.7,0.488,5.77,0.75,10.15,4.3,9.2,0
Andhra Pradesh,1,34.8,25.6,1010.8,71.8,6.9,148.1,15.9,79.7,0.514,12.13,3.95,9.64,31.7,3.2,0
Andhra Pradesh,1,8.5,25.6,1005.1,70.4,15.4,151.8,15.9,79.7,0.538,11.36,1.95,11.25,16.6,8.0,0
Andhra Pradesh,1,10.2,33.4,1005.4,66.7,16.9,207.1,15.9,79.7,0.925,7.24,1.96,7.26,21.1,10.9,0
Andhra Pradesh,1,22.5,34.8,1007.7,68.8,4.7,163.3,15.9,79.7,0.462,11.03,2.44,8.77,24.9,2.4,0
Andhra Pradesh,1,7.1,38.5,1006.7,75.6,5.9,109.4,15.9,79.7,0.345,17.52,1.83,7.11,3.3,3.9,0
Andhra Pradesh,1,0.0,28.5,1009.8,76.1,9.5,156.6,15.9,79.7,0.737,15.98,2.4,8.6,16.4,16.4,0
Andhra Pradesh,1,48.6,30.5,1011.8,66.8,5.0,9.5,15.9,79.7,0.754,6.59,0.27,8.97,40.5,8.1,0
Andhra Pradesh,1,0.0,22.3,998.0,76.1,13.1,116.8,15.9,79.7,0.627,17.85,1.73,8.29,0.0,0.0,0
Andhra Pradesh,1,6.5,34.6,1007.8,63.2,12.3,199.2,15.9,79.7,0.509,14.93,1.63,6.58,10.3,3.8,0
Andhra Pradesh,1,0.0,27.1,1011.8,57.3,26.3,267.7,15.9,79.7,0.515,11.9,3.42,8.88,3.8,3.8,0
Andhra Pradesh,1,50.1,26.0,1006.1,66.2,15.6,128.0,15.9,79.7,0.48,11.91,2.96,6.95,61.9,11.8,0
Andhra Pradesh,1,16.7,32.8,1006.5,60.1,10.7,276.8,15.9,79.7,0.704,17.99,2.71,12.79,25.4,8.7,0
Andhra Pradesh,1,0.9,29.3,1011.8,74.0,10.0,94.1,15.9,79.7,0.413,8.81,2.87,12.86,0.3,0.6,0
Andhra Pradesh,1,0.0,22.0,1012.1,60.0,13.7,112.3,15.9,79.7,0.45,8.3,1.68,10.91,12.1,12.1,0
Andhra Pradesh,1,19.7,37.0,1001.4,63.4,10.7,150.0,15.9,79.7,0.228,12.27,0.77,9.44,29.4,9.7,0
Andhra Pradesh,1,0.0,27.4,1014.0,79.4,5.3,158.4,15.9,79.7,0.611,9.56,4.22,5.56,0.7,0.7,0
Andhra Pradesh,1,1.0,29.8,1006.7,74.2,10.7,51.3,15.9,79.7,0.531,6.49,3.78,9.42,9.3,8.3,0
Andhra Pradesh,1,0.0,35.2,999.0,73.4,13.4,328.2,15.9,79.7,0.448,10.16,3.41,7.36,4.6,4.6,0
Andhra Pradesh,1,14.9,37.9,1000.3,79.0,14.9,154.8,15.9,79.7,0.237,14.44,1.21,11.79,12.8,2.1,0
Andhra Pradesh,1,32.5,26.2,1003.6,65.1,9.0,4.9,15.9,79.7,0.828,7.6,2.77,12.14,39.6,7.1,0
Andhra Pradesh,1,27.5,31.3,1013.3,65.4,15.6,171.9,15.9,79.7,0.424,11.48,1.75,10.47,18.4,9.1,0
Andhra Pradesh,1,7.0,33.1,1007.5,48.1,8.8,299.4,15.9,79.7,0.805,12.96,3.63,3.66,12.2,5.2,0
Andhra Pradesh,1,33.6,32.6,1005.7,73.9,6.2,341.9,15.9,79.7,0.113,9.35,3.32,4.46,34.0,0.4,0
Andhra Pradesh,1,0.0,26.7,1003.0,78.4,9.2,184.6,15.9,79.7,0.385,11.06,5.55,15.7,1.1,1.1,0
Andhra Pradesh,1,17.2,32.9,1014.5,72.4,18.2,233.5,15.9,79.7,0.364,14.2,2.73,8.36,10.0,7.2,0
Andhra Pradesh,1,0.2,27.5,1010.9,84.0,16.6,186.0,15.9,79.7,0.293,14.8,2.95,0.0,9.8,9.6,0
Andhra Pradesh,1,16.6,20.5,1011.4,66.9,6.1,84.8,15.9,79.7,0.578,7.87,1.62,6.78,19.3,2.7,0
Andhra Pradesh,1,19.5,28.1,1006.2,67.6,10.5,277.3,15.9,79.7,0.766,7.86,2.35,4.91,32.1,12.6,0
Andhra Pradesh,1,0.0,25.5,1011.6,64.0,16.8,238.8,15.9,79.7,0.346,9.11,0.95,4.72,8.6,8.6,0
Andhra Pradesh,1,6.8,28.7,1008.6,49.8,4.6,53.6,15.9,79.7,0.398,8.72,3.24,4.4,5.1,1.7,0
Andhra Pradesh,2,7.3,30.0,1006.2,59.7,21.3,182.0,15.9,79.7,0.697,4.09,1.4,10.25,9.4,2.1,0
Andhra Pradesh,2,6.8,24.9,1012.9,72.5,12.5,275.2,15.9,79.7,0.505,8.59,2.33,10.79,6.5,0.3,0
Andhra Pradesh,2,13.2,27.0,1012.7,59.5,20.4,290.5,15.9,79.7,0.452,19.34,1.67,8.38,24.5,11.3,0
Andhra Pradesh,2,0.0,29.7,1000.3,66.4,23.0,216.6,15.9,79.7,0.551,9.51,1.74,3.91,12.6,12.6,0
Andhra Pradesh,2,15.2,21.3,1003.3,60.5,4.9,2.7,15.9,79.7,0.617,12.29,5.37,5.67,14.9,0.3,0
Andhra Pradesh,2,4.8,32.1,1011.7,54.7,20.0,16.8,15.9,79.7,0.737,14.5,3.43,7.51,6.6,1.8,0
Andhra Pradesh,2,19.3,30.8,1011.5,73.1,14.5,165.4,15.9,79.7,0.446,11.5,2.28,15.83,28.5,9.2,0
Andhra Pradesh,2,27.0,30.5,1007.7,92.7,18.9,9.5,15.9,79.7,0.512,12.22,2.3,7.45,17.1,9.8,0
Andhra Pradesh,2,0.0,36.6,1005.5,63.0,13.1,32.8,15.9,79.7,0.722,15.44,3.64,7.69,15.1,15.1,0
Andhra Pradesh,2,9.8,32.8,1000.3,79.0,8.3,167.5,15.9,79.7,0.307,12.14,5.69,7.91,10.7,0.9,0
Andhra Pradesh,2,23.5,26.4,1007.3,62.5,22.6,52.0,15.9,79.7,0.716,8.48,1.58,10.49,29.9,6.4,0
Andhra Pradesh,2,27.2,25.2,1007.5,53.1,10.3,39.5,15.9,79.7,0.51,16.56,1.92,5.88,28.9,1.6,0
Andhra Pradesh,2,9.7,31.8,1001.5,41.0,13.1,299.6,15.9,79.7,0.528,12.91,2.85,10.73,10.4,0.7,0
Andhra Pradesh,2,11.3,35.3,1013.7,59.1,9.5,16.0,15.9,79.7,0.342,9.12,2.8,6.18,17.7,6.4,0
Andhra Pradesh,2,0.0,24.0,1011.3,85.0,14.1,26.3,15.9,79.7,0.344,9.83,4.47,10.04,0.0,0.0,0
Andhra Pradesh,2,17.6,34.4,1013.9,79.3,16.8,255.1,15.9,79.7,0.405,18.29,2.54,2.81,25.2,7.6,0
Andhra Pradesh,2,27.7,28.4,1010.7,57.7,10.5,117.3,15.9,79.7,0.352,17.07,0.0,7.33,25.3,2.4,0
Andhra Pradesh,2,21.0,20.2,1004.2,60.1,14.8,91.2,15.9,79.7,0.235,9.97,2.02,9.89,20.3,0.7,0
Andhra Pradesh,2,37.6,26.0,1005.2,60.7,11.8,115.5,15.9,79.7,0.478,9.75,3.38,5.66,45.8,8.2,0
Andhra Pradesh,2,6.9,25.1,998.8,55.0,11.8,6.6,15.9,79.7,0.51,5.41,2.7,3.84,0.0,6.9,0
Andhra Pradesh,2,28.0,28.2,1010.1,80.0,12.4,259.7,15.9,79.7,0.637,8.32,2.74,6.14,36.8,8.7,0
Andhra Pradesh,2,26.3,23.1,1003.4,62.1,8.6,61.1,15.9,79.7,0.632,16.34,2.3,6.74,32.9,6.7,0
Andhra Pradesh,2,11.2,22.3,1003.5,62.1,16.5,32.0,15.9,79.7,0.347,8.1,3.94,7.0,15.9,4.8,0
Andhra Pradesh,2,9.1,28.7,1005.7,76.8,4.8,287.0,15.9,79.7,0.763,10.31,2.76,11.23,17.2,8.1,0
Andhra Pradesh,2,23.9,33.3,1000.5,60.9,8.4,142.8,15.9,79.7,0.763,1.1,0.98,2.1,20.6,3.3,0
Andhra Pradesh,2,11.9,34.9,1001.0,89.1,15.0,60.4,15.9,79.7,0.692,5.31,2.13,5.15,20.7,8.8,0
Andhra Pradesh,2,0.0,27.5,1004.2,79.3,9.3,217.2,15.9,79.7,0.642,10.67,4.51,9.12,5.3,5.3,0
Andhra Pradesh,2,23.6,30.1,1011.5,72.1,10.7,310.2,15.9,79.7,0.511,2.9,1.95,7.01,36.8,13.2,0
Andhra Pradesh,2,8.8,35.3,1009.9,48.7,18.0,266.7,15.9,79.7,0.211,13.84,4.57,1.77,0.1,8.7,0
Andhra Pradesh,2,24.7,27.6,1014.9,74.6,16.5,251.0,15.9,79.7,0.386,9.76,5.19,7.2,35.6,10.9,0
Andhra Pradesh,2,8.3,25.3,1002.7,70.7,18.9,160.2,15.9,79.7,0.601,6.41,2.85,8.79,3.8,4.6,0
Andhra Pradesh,2,17.5,25.6,1005.6,72.9,20.4,203.3,15.9,79.7,0.522,13.2,3.62,10.14,21.0,3.6,0
Andhra Pradesh,2,29.9,25.9,1001.9,68.8,10.9,87.4,15.9,79.7,0.458,15.16,3.43,4.07,37.1,7.2,0
Andhra Pradesh,2,1.9,38.0,1003.7,56.0,1.5,72.4,15.9,79.7,0.697,6.91,3.48,9.05,0.0,1.9,0
Andhra Pradesh,2,9.6,24.6,1011.9,47.0,16.1,76.8,15.9,79.7,0.575,12.9,3.03,14.46,8.9,0.7,0
Andhra Pradesh,2,0.0,37.1,1009.5,66.8,23.6,177.5,15.9,79.7,0.536,6.71,2.74,4.0,3.4,3.4,0
Andhra Pradesh,2,11.7,28.3,996.3,73.1,11.3,44.3,15.9,79.7,0.461,8.55,3.08,4.62,24.4,12.7,0
Andhra Pradesh,2,0.0,25.2,1011.9,68.1,13.8,312.3,15.9,79.7,0.761,7.2,0.88,9.61,2.7,2.7,0
Andhra Pradesh,2,8.9,31.4,1006.4,48.5,11.1,278.2,15.9,79.7,0.602,10.61,5.84,13.47,2.4,6.6,0
Andhra Pradesh,2,0.0,34.0,1013.3,80.8,10.6,326.7,15.9,79.7,0.211,11.9,2.18,6.15,9.1,9.1,0
Andhra Pradesh,3,12.0,31.8,1007.5,72.0,6.6,163.5,15.9,79.7,0.743,19.83,3.96,9.84,31.2,19.2,1
Andhra Pradesh,3,11.1,25.4,1008.0,70.2,6.9,230.4,15.9,79.7,0.308,11.85,3.21,9.7,0.0,11.1,0
Andhra Pradesh,3,15.7,32.0,1015.0,81.0,13.3,85.8,15.9,79.7,0.501,10.14,3.42,12.27,25.0,9.3,0
Andhra Pradesh,3,0.0,24.7,1011.8,57.6,12.6,185.7,15.9,79.7,0.75,16.5,4.93,11.69,0.0,0.0,0
Andhra Pradesh,3,22.7,32.9,1010.3,79.4,14.4,140.9,15.9,79.7,0.483,21.19,2.15,9.78,22.1,0.6,0
Andhra Pradesh,3,0.0,32.1,1010.5,68.9,10.1,332.3,15.9,79.7,0.601,14.98,5.12,2.46,13.4,13.4,0
Andhra Pradesh,3,48.5,35.4,1011.9,78.7,9.0,321.0,15.9,79.7,0.623,11.19,4.59,9.2,34.0,14.4,0
Andhra Pradesh,3,20.6,28.4,1011.5,62.4,4.6,287.3,15.9,79.7,0.47,8.95,2.72,11.97,9.9,10.7,0
Andhra Pradesh,3,27.0,23.5,1006.1,66.1,11.7,65.4,15.9,79.7,0.631,12.43,0.55,10.99,49.2,22.2,1
Andhra Pradesh,3,7.2,31.2,1003.9,76.4,15.8,116.7,15.9,79.7,0.566,15.64,3.45,6.1,0.0,7.2,0
Andhra Pradesh,3,22.8,25.5,1008.2,72.4,7.2,119.5,15.9,79.7,0.977,11.41,4.62,17.31,31.0,8.2,0
Andhra Pradesh,3,1.9,29.1,1007.1,67.2,16.8,261.4,15.9,79.7,0.252,17.82,3.73,8.07,10.6,8.7,0
Andhra Pradesh,3,0.0,24.5,1013.3,67.2,21.0,252.4,15.9,79.7,0.711,14.61,3.89,11.65,8.8,8.8,0
Andhra Pradesh,3,14.6,20.8,1012.3,42.8,7.0,298.5,15.9,79.7,0.833,12.17,5.65,5.63,8.8,5.8,0
Andhra Pradesh,3,0.0,24.0,1004.8,81.1,18.4,322.0,15.9,79.7,0.591,16.11,4.93,7.85,0.0,0.0,0
Andhra Pradesh,3,8.1,21.6,1014.1,60.7,11.8,132.3,15.9,79.7,0.545,18.12,1.3,11.48,7.0,1.1,0
Andhra Pradesh,3,0.0,24.0,1008.7,56.9,15.1,287.2,15.9,79.7,0.329,16.94,3.75,4.38,8.4,8.4,0
Andhra Pradesh,3,16.0,26.8,1006.0,79.9,14.8,335.6,15.9,79.7,0.748,14.0,2.49,10.27,30.5,14.5,0
Andhra Pradesh,3,15.4,36.3,1013.1,54.5,10.8,169.7,15.9,79.7,0.347,12.59,2.28,9.91,8.5,7.0,0
Andhra Pradesh,3,29.4,26.5,1011.3,51.6,11.7,73.6,15.9,79.7,0.891,9.96,3.3,10.85,27.5,2.0,0
Andhra Pradesh,3,0.0,29.3,998.3,79.9,12.5,258.0,15.9,79.7,0.6,15.37,2.42,3.97,2.4,2.4,0
Andhra Pradesh,3,25.2,29.5,1010.0,76.1,21.1,307.6,15.9,79.7,0.388,13.73,3.73,5.15,19.9,5.3,0
Andhra Pradesh,3,39.1,27.1,1009.1,84.4,13.7,330.5,15.9,79.7,0.767,11.71,2.93,13.34,43.6,4.5,0
Andhra Pradesh,3,0.0,32.9,993.7,82.3,12.3,315.2,15.9,79.7,0.669,18.38,3.61,9.72,0.0,0.0,0
Andhra Pradesh,3,4.0,31.1,1009.1,83.4,9.1,116.5,15.9,79.7,0.713,12.71,1.96,8.23,15.2,11.2,0
Andhra Pradesh,3,0.0,24.0,1004.4,59.4,17.2,239.8,15.9,79.7,0.979,8.88,3.84,9.67,5.9,5.9,0
Andhra Pradesh,3,0.0,24.2,1007.2,46.8,0.0,107.2,15.9,79.7,0.72,14.96,1.93,9.19,8.5,8.5,0
Andhra Pradesh,3,33.4,33.7,1012.6,61.1,13.0,226.5,15.9,79.7,0.609,7.55,5.13,11.09,45.5,12.2,0
Andhra Pradesh,3,23.8,26.8,1000.5,74.0,16.6,189.1,15.9,79.7,1.083,10.79,3.02,10.41,25.4,1.6,0
Andhra Pradesh,3,10.9,32.7,1004.8,60.7,16.1,39.4,15.9,79.7,0.636,12.52,4.15,12.2,13.2,2.3,0
Andhra Pradesh,3,13.0,28.4,1006.5,79.4,15.7,44.5,15.9,79.7,0.477,18.06,3.54,11.84,0.0,13.0,0
Andhra Pradesh,3,37.7,30.3,1017.3,77.6,3.0,74.5,15.9,79.7,0.69,15.62,4.05,9.5,37.9,0.2,0
Andhra Pradesh,3,24.4,25.2,1008.1,80.5,7.1,187.7,15.9,79.7,0.886,9.78,1.11,3.85,25.2,0.7,0
Andhra Pradesh,3,38.5,25.5,1006.6,67.0,18.7,28.5,15.9,79.7,0.622,15.45,4.67,4.86,38.6,0.0,0
Andhra Pradesh,3,0.0,25.6,1011.3,54.5,24.7,204.8,15.9,79.7,0.536,12.53,1.85,5.37,0.0,0.0,0
Andhra Pradesh,3,33.1,22.9,1014.2,64.6,14.4,92.2,15.9,79.7,0.808,17.45,3.14,11.32,50.7,17.6,0
Andhra Pradesh,3,26.0,26.9,1007.0,56.6,22.3,116.0,15.9,79.7,0.372,9.7,3.22,13.82,26.4,0.4,0
Andhra Pradesh,3,23.0,25.7,1011.2,79.5,17.1,222.7,15.9,79.7,0.622,8.83,4.21,10.0,43.5,20.5,1
Andhra Pradesh,3,9.5,28.8,1007.4,73.7,8.3,128.0,15.9,79.7,0.54,15.4,4.65,9.51,18.5,9.0,0
Andhra Pradesh,3,21.6,28.3,1007.6,74.1,22.8,207.4,15.9,79.7,0.893,21.21,2.56,11.9,41.2,19.6,1
Andhra Pradesh,4,29.7,26.0,1004.0,83.3,15.7,69.2,15.9,79.7,0.743,20.82,5.02,10.53,44.3,14.6,0
Andhra Pradesh,4,18.7,31.9,1014.8,79.4,5.0,250.2,15.9,79.7,1.035,11.91,6.24,12.95,35.6,16.8,0
Andhra Pradesh,4,30.0,23.0,1013.0,71.9,11.4,210.1,15.9,79.7,0.36,12.33,5.59,14.12,26.2,3.8,0
Andhra Pradesh,4,5.9,27.8,1010.0,63.6,13.7,8.7,15.9,79.7,0.695,13.47,2.59,11.39,11.0,5.1,0
Andhra Pradesh,4,4.5,30.0,1014.5,68.9,16.4,211.0,15.9,79.7,0.758,18.86,1.24,9.34,0.0,4.5,0
Andhra Pradesh,4,38.3,31.4,1002.6,58.5,7.4,244.4,15.9,79.7,0.803,13.59,2.95,11.37,73.1,34.8,1
Andhra Pradesh,4,12.4,33.5,1007.1,77.9,17.2,137.5,15.9,79.7,0.892,20.07,4.08,10.91,26.5,14.1,0
Andhra Pradesh,4,41.4,23.3,1002.3,82.4,11.5,89.6,15.9,79.7,0.649,20.25,3.19,10.05,58.2,16.8,0
Andhra Pradesh,4,28.5,24.4,1011.6,61.5,16.4,275.8,15.9,79.7,0.729,12.81,1.99,9.56,41.9,13.4,0
Andhra Pradesh,4,24.5,25.6,1014.2,71.9,17.3,248.8,15.9,79.7,1.127,17.26,5.86,9.62,12.6,11.9,0
Andhra Pradesh,4,4.6,33.1,1003.1,83.4,10.7,281.7,15.9,79.7,0.815,14.13,3.66,8.57,32.9,28.2,1
Andhra Pradesh,4,25.7,22.5,1001.9,73.8,14.3,43.6,15.9,79.7,1.276,4.21,3.47,11.58,27.4,1.7,0
Andhra Pradesh,4,30.5,31.0,1009.4,67.7,17.0,4.1,15.9,79.7,0.466,19.23,6.12,11.77,36.1,5.5,0
Andhra Pradesh,4,17.7,23.7,1006.0,76.4,15.6,34.5,15.9,79.7,0.918,13.74,4.84,10.94,6.6,11.1,0
Andhra Pradesh,4,33.4,31.0,1023.5,63.1,18.0,167.6,15.9,79.7,0.596,24.72,1.56,11.42,57.9,24.5,1
Andhra Pradesh,4,0.0,26.9,1013.3,56.4,16.0,72.5,15.9,79.7,1.035,20.57,3.45,2.9,13.5,13.5,0
Andhra Pradesh,4,33.0,31.1,1010.7,71.1,12.6,331.3,15.9,79.7,0.774,14.37,4.83,8.9,34.2,1.2,0
Andhra Pradesh,4,19.0,25.8,1001.6,74.5,7.6,51.3,15.9,79.7,0.866,20.88,6.74,15.35,17.5,1.5,0
Andhra Pradesh,4,13.3,30.0,1008.2,69.5,20.3,235.8,15.9,79.7,0.942,10.65,4.54,6.35,32.4,19.1,1
Andhra Pradesh,4,14.8,23.2,1007.1,72.7,7.9,63.7,15.9,79.7,0.678,18.48,1.54,12.73,17.1,2.2,0
Andhra Pradesh,4,32.9,30.4,1015.2,72.0,8.0,277.2,15.9,79.7,0.856,12.35,3.3,4.11,47.1,14.2,0
Andhra Pradesh,4,15.2,26.4,1003.3,62.7,16.1,285.8,15.9,79.7,0.685,10.14,3.51,8.76,17.5,2.3,0
Andhra Pradesh,4,25.9,26.4,1016.6,61.8,5.3,274.0,15.9,79.7,0.627,28.61,3.35,6.63,30.1,4.2,0
Andhra Pradesh,4,13.8,23.7,1009.8,72.7,14.0,327.8,15.9,79.7,0.666,12.29,2.31,15.54,44.8,31.0,1
Andhra Pradesh,4,1.4,26.0,1002.6,75.9,8.5,110.5,15.9,79.7,0.825,14.17,5.48,10.04,6.4,5.0,0
Andhra Pradesh,4,0.0,18.6,1013.3,60.8,19.4,152.6,15.9,79.7,0.717,15.61,3.2,6.24,0.0,0.0,0
Andhra Pradesh,4,2.5,28.3,1013.6,59.7,13.1,321.8,15.9,79.7,0.58,16.33,5.17,12.27,5.4,2.9,0
Andhra Pradesh,4,4.1,27.9,1004.2,61.1,13.0,5.2,15.9,79.7,0.946,12.43,4.32,9.69,0.0,4.1,0
Andhra Pradesh,4,24.9,30.1,1005.0,35.7,19.2,108.5,15.9,79.7,0.97,19.62,3.87,9.84,10.9,14.0,0
Andhra Pradesh,4,18.1,26.6,1004.1,53.4,8.4,301.3,15.9,79.7,0.938,19.25,2.96,14.76,24.9,6.8,0
Andhra Pradesh,4,37.3,30.8,1011.2,69.5,10.0,248.5,15.9,79.7,0.78,14.4,6.97,13.33,32.6,4.7,0
Andhra Pradesh,4,15.0,26.9,1007.8,53.9,18.1,14.4,15.9,79.7,0.87,12.37,3.37,12.87,0.0,15.0,0
Andhra Pradesh,4,30.4,34.3,1015.3,60.0,15.1,284.3,15.9,79.7,0.442,15.14,2.1,12.89,42.1,11.7,0
Andhra Pradesh,4,34.8,30.4,1005.9,65.1,14.2,32.6,15.9,79.7,1.034,14.45,5.03,9.54,45.8,11.0,0
Andhra Pradesh,4,11.1,29.4,1003.9,52.8,7.4,177.5,15.9,79.7,0.516,13.42,4.92,14.45,3.4,7.8,0
Andhra Pradesh,4,0.0,25.2,1009.0,73.7,7.7,215.6,15.9,79.7,0.558,12.71,6.36,11.42,10.5,10.5,0
Andhra Pradesh,4,32.0,26.6,1008.5,69.5,16.6,184.2,15.9,79.7,0.948,19.2,3.51,13.37,42.0,10.0,0
Andhra Pradesh,4,54.5,32.0,1009.9,61.3,8.4,328.3,15.9,79.7,0.398,21.28,1.38,8.0,68.0,13.5,0
Andhra Pradesh,4,15.7,29.1,1004.6,65.7,17.0,260.1,15.9,79.7,0.687,14.81,3.53,13.34,24.9,9.2,0
Andhra Pradesh,4,14.7,21.6,1013.9,57.8,22.5,258.3,15.9,79.7,0.79,17.33,3.61,12.02,16.3,1.6,0
Andhra Pradesh,5,45.3,29.1,1007.4,69.9,19.7,14.9,15.9,79.7,0.862,10.77,5.69,13.43,44.9,0.3,0
Andhra Pradesh,5,22.8,33.8,1011.6,87.2,18.4,76.8,15.9,79.7,1.078,9.54,5.92,15.04,50.0,27.3,1
Andhra Pradesh,5,24.4,29.4,1014.2,55.7,14.2,143.0,15.9,79.7,0.74,14.23,4.49,14.54,47.3,22.9,1
Andhra Pradesh,5,14.0,26.8,993.9,82.1,7.2,238.3,15.9,79.7,0.884,20.47,3.24,14.11,39.4,25.5,1
Andhra Pradesh,5,21.4,24.7,1000.7,82.4,11.8,323.0,15.9,79.7,1.331,20.2,5.67,17.31,10.1,11.3,0
Andhra Pradesh,5,40.2,34.9,1005.8,75.0,18.8,79.0,15.9,79.7,1.009,13.97,7.41,12.87,53.2,13.1,0
Andhra Pradesh,5,0.0,29.8,1014.1,58.6,11.4,13.4,15.9,79.7,0.595,11.33,5.54,8.59,0.0,0.0,0
Andhra Pradesh,5,10.4,28.5,1010.9,58.6,11.1,68.3,15.9,79.7,1.007,21.49,4.88,7.41,5.6,4.8,0
Andhra Pradesh,5,36.1,35.3,1007.6,65.7,9.0,244.8,15.9,79.7,0.614,24.36,4.2,9.8,17.7,18.4,0
Andhra Pradesh,5,14.2,27.7,1006.4,67.6,20.9,344.5,15.9,79.7,0.865,21.08,3.2,14.52,28.0,13.8,0
Andhra Pradesh,5,39.7,22.8,1003.7,59.4,16.4,280.9,15.9,79.7,0.939,8.08,6.07,13.09,52.1,12.5,0
Andhra Pradesh,5,23.4,25.7,1010.6,68.3,14.3,243.0,15.9,79.7,0.805,11.07,4.08,17.26,21.4,2.0,0
Andhra Pradesh,5,19.4,31.6,1018.6,64.9,7.9,212.6,15.9,79.7,0.663,17.69,5.03,10.95,20.0,0.6,0
Andhra Pradesh,5,29.9,32.6,1008.2,69.2,8.4,52.1,15.9,79.7,0.747,16.83,6.0,9.01,48.9,19.0,1
Andhra Pradesh,5,20.9,28.1,1003.7,70.3,24.9,134.6,15.9,79.7,0.434,15.8,4.69,15.2,29.1,8.2,0
Andhra Pradesh,5,0.0,30.7,1007.1,76.4,10.4,22.8,15.9,79.7,0.735,18.48,4.76,12.43,0.0,0.0,0
Andhra Pradesh,5,16.2,34.2,1020.8,71.8,19.1,125.0,15.9,79.7,1.096,15.12,2.78,15.84,23.8,7.7,0
Andhra Pradesh,5,38.1,31.6,1001.5,69.3,9.5,293.1,15.9,79.7,0.843,13.88,1.86,15.88,38.9,0.8,0
Andhra Pradesh,5,14.3,30.2,1003.6,52.3,15.0,244.8,15.9,79.7,0.81,13.05,2.67,7.46,20.4,6.1,0
Andhra Pradesh,5,33.8,32.2,1008.1,81.7,11.3,252.6,15.9,79.7,0.727,13.61,5.27,13.68,46.0,12.2,0
Andhra Pradesh,5,0.0,32.4,1011.4,63.5,16.9,211.2,15.9,79.7,0.678,13.59,3.95,5.72,8.2,8.2,0
Andhra Pradesh,5,31.2,30.5,1010.4,77.7,13.5,261.7,15.9,79.7,0.851,21.72,4.73,11.27,46.0,14.8,0
Andhra Pradesh,5,23.6,27.4,1008.6,64.3,17.1,13.8,15.9,79.7,0.892,19.99,4.59,13.13,29.8,6.2,0
Andhra Pradesh,5,25.8,26.8,1007.3,58.5,12.7,125.4,15.9,79.7,0.831,18.98,4.22,15.15,47.3,21.5,1
Andhra Pradesh,5,17.8,24.3,1013.5,76.4,16.2,64.7,15.9,79.7,0.901,15.27,3.42,13.46,11.2,6.6,0
Andhra Pradesh,5,28.9,29.4,1007.4,67.1,8.6,344.6,15.9,79.7,1.172,15.91,2.59,15.14,23.3,5.7,0
Andhra Pradesh,5,26.4,34.1,1006.9,79.1,17.7,169.3,15.9,79.7,0.942,14.4,1.8,10.01,25.8,0.6,0
Andhra Pradesh,5,32.4,33.1,1002.5,79.7,10.1,81.8,15.9,79.7,0.549,17.86,3.6,16.32,24.4,8.0,0
Andhra Pradesh,5,28.6,23.4,1013.2,68.7,15.5,322.1,15.9,79.7,0.743,18.5,6.47,9.24,28.8,0.2,0
Andhra Pradesh,5,9.2,22.2,1000.4,60.2,12.0,307.0,15.9,79.7,1.023,13.23,5.23,9.99,14.3,5.1,0
Andhra Pradesh,5,22.7,36.7,1009.3,52.7,17.7,301.5,15.9,79.7,1.003,12.54,4.45,12.33,50.7,27.9,1
Andhra Pradesh,5,26.9,35.1,1004.5,65.3,11.3,169.0,15.9,79.7,1.054,18.08,4.41,13.64,16.1,10.8,0
Andhra Pradesh,5,12.1,26.9,1007.9,61.0,9.8,80.2,15.9,79.7,0.912,11.03,5.5,13.36,28.6,16.4,0
Andhra Pradesh,5,5.2,35.7,1019.1,67.8,16.0,270.3,15.9,79.7,1.027,19.68,2.17,9.9,16.2,11.0,0
Andhra Pradesh,5,29.2,28.8,999.5,73.1,23.1,358.4,15.9,79.7,1.013,23.84,5.43,12.14,46.4,17.2,0
Andhra Pradesh,5,16.8,30.4,1008.4,68.6,10.2,80.7,15.9,79.7,1.151,14.03,1.95,22.93,18.3,1.5,0
Andhra Pradesh,5,14.2,26.6,1008.1,59.9,21.4,346.4,15.9,79.7,0.616,5.04,5.61,11.06,22.5,8.4,0
Andhra Pradesh,5,4.7,28.6,1007.9,76.7,14.8,80.7,15.9,79.7,1.306,18.25,3.17,12.95,17.4,12.7,0
Andhra Pradesh,5,25.0,29.7,1009.2,76.7,17.6,324.2,15.9,79.7,0.47,9.57,3.35,11.64,18.4,6.6,0
Andhra Pradesh,5,3.4,29.2,1003.6,43.5,7.2,157.9,15.9,79.7,0.774,20.11,4.82,6.37,26.1,22.6,1
Andhra Pradesh,6,17.1,28.4,1008.6,59.5,17.2,260.2,15.9,79.7,1.18,18.99,5.19,15.26,18.1,1.0,0
Andhra Pradesh,6,38.3,25.2,1003.0,69.5,7.5,129.4,15.9,79.7,0.964,21.18,4.71,10.97,39.4,1.2,0
Andhra Pradesh,6,10.3,27.7,1004.9,58.2,8.9,214.5,15.9,79.7,1.128,21.1,3.28,15.63,17.7,7.3,0
Andhra Pradesh,6,1.3,23.9,1007.3,75.4,17.4,294.2,15.9,79.7,1.004,17.59,3.87,16.56,9.5,8.2,0
Andhra Pradesh,6,27.3,23.7,1005.4,76.2,13.0,50.7,15.9,79.7,0.7,19.03,3.46,14.78,17.9,9.4,0
Andhra Pradesh,6,16.9,34.4,1009.8,64.5,18.7,294.8,15.9,79.7,0.715,16.78,6.07,16.81,14.4,2.5,0
Andhra Pradesh,6,15.9,29.8,1020.1,65.6,21.3,198.7,15.9,79.7,1.083,22.29,4.96,13.59,19.5,3.7,0
Andhra Pradesh,6,25.0,32.9,1014.6,80.1,12.1,110.9,15.9,79.7,0.746,18.86,5.87,11.98,27.0,2.0,0
Andhra Pradesh,6,29.3,26.8,1007.0,79.1,14.5,24.5,15.9,79.7,0.931,19.97,7.76,18.24,78.5,49.3,1
Andhra Pradesh,6,4.6,33.7,1015.8,68.3,12.4,151.3,15.9,79.7,0.847,13.66,3.05,9.19,12.9,8.3,0
Andhra Pradesh,6,29.6,24.2,1010.4,72.8,16.1,254.6,15.9,79.7,0.955,23.57,5.5,9.92,60.5,30.9,1
Andhra Pradesh,6,6.1,28.0,1020.8,72.9,10.3,208.6,15.9,79.7,1.016,19.04,4.14,9.84,0.0,6.1,0
Andhra Pradesh,6,8.7,33.3,1001.9,69.6,21.4,297.9,15.9,79.7,1.196,15.89,5.5,17.13,28.8,20.1,1
Andhra Pradesh,6,32.8,23.3,1011.3,72.9,13.6,349.8,15.9,79.7,1.002,14.29,4.23,16.51,53.0,20.3,1
Andhra Pradesh,6,26.9,26.3,1002.4,60.2,20.8,285.0,15.9,79.7,0.892,18.89,5.57,10.6,25.6,1.3,0
Andhra Pradesh,6,29.3,29.1,1013.5,75.5,10.5,86.1,15.9,79.7,0.953,14.06,5.36,18.45,20.9,8.4,0
Andhra Pradesh,6,29.3,31.6,1009.7,71.3,4.0,91.7,15.9,79.7,0.91,22.44,5.9,12.15,8.7,20.5,1
Andhra Pradesh,6,0.0,33.7,1007.6,53.5,7.8,239.1,15.9,79.7,0.936,24.86,4.65,14.84,5.0,5.0,0
Andhra Pradesh,6,31.7,35.1,1012.7,87.7,17.1,32.9,15.9,79.7,0.747,21.52,4.46,13.69,25.1,6.6,0
Andhra Pradesh,6,40.7,34.2,1006.9,65.8,20.8,70.6,15.9,79.7,0.586,20.96,5.34,14.24,32.3,8.5,0
Andhra Pradesh,6,7.6,15.7,1004.7,48.3,11.7,281.7,15.9,79.7,0.678,23.57,7.1,14.39,20.0,12.4,0
Andhra Pradesh,6,0.0,28.8,1001.0,50.8,8.1,274.3,15.9,79.7,0.904,17.95,3.35,14.0,0.0,0.0,0
Andhra Pradesh,6,21.8,27.2,999.0,61.2,17.1,287.4,15.9,79.7,0.666,15.18,4.21,17.19,32.2,10.4,0
Andhra Pradesh,6,1.5,30.1,1014.3,70.2,10.5,287.8,15.9,79.7,0.949,17.24,5.82,13.67,8.3,6.8,0
Andhra Pradesh,6,32.3,26.1,1002.2,71.3,22.2,87.2,15.9,79.7,1.059,18.38,4.11,11.74,51.0,18.7,1
Andhra Pradesh,6,29.7,24.0,1009.5,81.7,17.9,83.6,15.9,79.7,1.041,13.25,5.01,11.44,41.5,11.8,0
Andhra Pradesh,6,10.3,23.9,1009.6,69.2,18.5,118.6,15.9,79.7,0.609,20.94,6.49,11.95,20.6,10.3,0
Andhra Pradesh,6,15.5,35.8,1005.4,67.5,4.3,74.7,15.9,79.7,0.805,23.43,3.95,13.44,9.6,5.9,0
Andhra Pradesh,6,6.5,26.9,1007.3,64.4,6.8,99.0,15.9,79.7,0.521,16.89,2.85,16.38,26.5,20.0,1
Andhra Pradesh,6,28.5,26.2,1004.3,65.5,14.1,127.1,15.9,79.7,1.105,20.17,5.23,7.57,44.2,15.7,0
Andhra Pradesh,6,25.5,25.0,1003.2,68.6,15.3,211.7,15.9,79.7,0.924,18.98,5.78,13.35,3.3,22.2,1
Andhra Pradesh,6,23.6,21.3,1003.8,54.5,16.9,344.2,15.9,79.7,1.112,13.61,2.33,12.64,12.1,11.5,0
Andhra Pradesh,6,38.9,25.4,1013.8,64.9,16.2,56.7,15.9,79.7,1.387,13.64,1.09,14.46,33.2,5.7,0
Andhra Pradesh,6,22.9,27.8,1005.4,63.9,16.4,331.2,15.9,79.7,0.881,16.25,6.7,17.61,8.0,14.9,0
Andhra Pradesh,6,20.0,24.8,1001.8,36.0,12.8,111.1,15.9,79.7,1.183,22.43,5.34,15.89,38.7,18.8,1
Andhra Pradesh,6,27.0,33.6,1001.7,63.1,11.3,7.5,15.9,79.7,0.882,24.77,5.82,17.35,31.2,4.2,0
Andhra Pradesh,6,18.2,30.4,1010.2,72.3,26.0,296.3,15.9,79.7,0.755,15.42,5.76,15.97,36.1,17.9,0
Andhra Pradesh,6,27.5,23.9,1015.7,81.4,12.5,332.1,15.9,79.7,0.949,16.75,3.36,15.4,12.7,14.7,0
Andhra Pradesh,6,11.4,34.9,1010.1,71.8,12.9,43.3,15.9,79.7,0.986,11.99,5.25,15.18,28.2,16.8,0
Andhra Pradesh,6,14.3,26.5,1010.8,55.4,18.5,5.7,15.9,79.7,0.971,27.47,4.42,14.1,20.5,6.2,0
Andhra Pradesh,7,0.0,30.4,996.3,76.1,11.3,76.9,15.9,79.7,0.991,14.66,5.07,11.69,0.0,0.0,0
Andhra Pradesh,7,18.7,32.8,1011.6,63.1,14.0,283.9,15.9,79.7,0.76,15.78,5.52,12.79,22.3,3.6,0
Andhra Pradesh,7,7.1,31.1,1011.2,84.1,21.6,131.7,15.9,79.7,0.826,21.37,4.14,15.68,6.9,0.2,0
Andhra Pradesh,7,35.0,31.7,1006.5,50.2,19.9,263.6,15.9,79.7,0.994,19.42,5.66,13.11,24.2,10.8,0
Andhra Pradesh,7,24.0,31.3,1007.4,67.2,8.9,201.4,15.9,79.7,1.116,19.54,4.03,15.22,33.2,9.2,0
Andhra Pradesh,7,21.2,23.6,1009.3,70.1,16.9,10.2,15.9,79.7,1.255,19.96,6.87,15.64,11.4,9.8,0
Andhra Pradesh,7,33.9,26.5,1005.8,78.9,8.6,261.0,15.9,79.7,0.955,21.17,6.24,15.41,5.9,28.0,1
Andhra Pradesh,7,7.9,22.9,998.6,66.8,17.4,346.3,15.9,79.7,1.098,17.74,6.5,14.34,15.3,7.5,0
Andhra Pradesh,7,12.3,27.0,1005.9,54.7,18.0,58.3,15.9,79.7,1.157,17.15,6.05,10.27,27.4,15.1,0
Andhra Pradesh,7,31.6,23.8,1013.6,84.1,11.9,269.2,15.9,79.7,0.658,19.42,2.06,17.76,12.6,19.0,1
Andhra Pradesh,7,0.0,29.0,1013.2,64.5,15.5,210.6,15.9,79.7,0.808,16.04,6.5,15.65,26.2,26.2,1
Andhra Pradesh,7,3.2,20.8,1000.8,75.6,20.8,259.9,15.9,79.7,1.109,24.98,4.47,9.02,0.0,3.2,0
Andhra Pradesh,7,0.9,20.2,1001.2,59.2,17.8,187.0,15.9,79.7,1.3,15.01,5.65,18.92,1.1,0.1,0
Andhra Pradesh,7,15.4,33.5,1006.2,82.8,7.4,42.8,15.9,79.7,1.25,16.14,4.83,11.25,15.5,0.1,0
Andhra Pradesh,7,0.0,20.8,1001.7,78.9,5.5,297.6,15.9,79.7,1.181,25.24,5.61,19.92,0.0,0.0,0
Andhra Pradesh,7,41.5,40.1,1006.7,67.9,10.2,226.4,15.9,79.7,1.036,10.52,5.93,18.3,34.6,7.0,0
Andhra Pradesh,7,15.7,31.3,1003.4,75.9,16.2,177.7,15.9,79.7,0.973,17.83,5.5,15.32,46.0,30.3,1
Andhra Pradesh,7,44.6,25.0,1007.0,61.6,10.4,127.5,15.9,79.7,1.336,17.29,4.66,23.29,43.0,1.6,0
Andhra Pradesh,7,19.2,29.0,1009.7,62.3,20.4,318.8,15.9,79.7,1.021,17.27,5.04,17.9,40.0,20.8,1
Andhra Pradesh,7,15.7,24.9,1012.4,71.5,19.2,210.7,15.9,79.7,0.994,23.49,4.35,20.64,46.0,30.4,1
Andhra Pradesh,7,18.9,27.2,1009.6,70.2,20.9,255.6,15.9,79.7,0.824,21.05,5.79,14.87,37.3,18.4,0
Andhra Pradesh,7,41.5,30.9,1009.9,66.3,15.2,175.0,15.9,79.7,0.76,25.0,7.3,10.88,54.3,12.7,0
Andhra Pradesh,7,0.0,34.5,1007.9,93.7,11.6,233.6,15.9,79.7,1.078,23.58,6.17,17.9,3.1,3.1,0
Andhra Pradesh,7,36.0,36.8,1012.0,60.3,16.9,159.1,15.9,79.7,1.139,13.3,6.06,14.86,57.9,21.9,1
Andhra Pradesh,7,22.5,33.6,1010.9,79.5,12.9,284.1,15.9,79.7,0.72,15.42,5.32,15.17,32.9,10.3,0
Andhra Pradesh,7,11.9,28.6,1014.7,72.8,15.0,234.0,15.9,79.7,1.247,20.66,4.58,13.45,11.3,0.7,0
Andhra Pradesh,7,13.6,31.1,1016.5,64.4,10.3,209.6,15.9,79.7,1.344,23.83,4.38,15.4,42.7,29.1,1
Andhra Pradesh,7,20.9,31.4,1007.2,65.5,1.6,156.3,15.9,79.7,0.891,22.05,5.5,15.57,40.5,19.6,1
Andhra Pradesh,7,0.0,27.8,1002.2,56.0,13.3,135.6,15.9,79.7,1.099,21.71,4.21,14.38,28.1,28.1,1
Andhra Pradesh,7,45.1,26.7,1008.5,59.5,19.9,356.8,15.9,79.7,0.891,24.67,6.08,14.47,40.0,5.1,0
Andhra Pradesh,7,57.5,31.0,1012.8,66.4,15.1,173.5,15.9,79.7,1.151,18.47,3.97,12.41,100.5,43.0,1
Andhra Pradesh,7,17.6,29.4,1002.0,66.6,7.9,276.1,15.9,79.7,0.816,23.16,3.05,13.08,40.1,22.5,1
Andhra Pradesh,7,43.9,28.0,1006.1,69.7,25.1,94.7,15.9,79.7,0.999,15.76,4.39,16.3,63.3,19.4,1
Andhra Pradesh,7,26.2,31.3,1003.0,57.5,18.8,153.3,15.9,79.7,0.763,20.78,5.3,14.41,54.5,28.3,1
Andhra Pradesh,7,48.8,31.8,1010.1,82.3,15.6,324.9,15.9,79.7,0.882,16.84,6.31,10.47,45.2,3.6,0
Andhra Pradesh,7,16.7,22.3,1006.0,69.4,19.9,201.1,15.9,79.7,1.019,13.99,3.74,9.27,37.5,20.8,1
Andhra Pradesh,7,17.1,28.8,1010.6,76.6,24.8,226.3,15.9,79.7,0.856,22.76,8.04,13.36,10.3,6.8,0
Andhra Pradesh,7,0.0,19.7,1015.1,66.8,9.1,225.1,15.9,79.7,1.519,19.98,7.5,12.17,31.0,31.0,1
Andhra Pradesh,7,13.8,24.9,1003.3,65.3,19.7,154.6,15.9,79.7,1.212,17.1,5.1,13.38,48.2,34.4,1
Andhra Pradesh,7,29.3,29.1,1006.6,62.7,9.8,268.7,15.9,79.7,0.675,18.52,6.26,9.95,36.0,6.7,0
Andhra Pradesh,8,11.2,27.9,1007.2,46.5,18.4,290.6,15.9,79.7,0.975,21.9,6.1,17.61,29.9,18.7,1
Andhra Pradesh,8,0.0,29.7,1008.1,63.5,16.5,207.6,15.9,79.7,0.909,27.3,7.03,17.38,0.0,0.0,0
Andhra Pradesh,8,54.8,28.9,1008.7,70.1,18.0,24.9,15.9,79.7,1.08,16.72,6.89,13.83,44.9,9.9,0
Andhra Pradesh,8,22.8,26.0,1009.9,74.7,12.8,319.3,15.9,79.7,0.988,24.76,6.24,18.42,24.1,1.3,0
Andhra Pradesh,8,27.4,29.8,1011.7,75.6,14.6,342.2,15.9,79.7,1.185,23.5,4.33,18.81,37.1,9.7,0
Andhra Pradesh,8,21.9,28.7,1012.7,84.6,14.9,153.9,15.9,79.7,1.206,16.34,6.68,12.21,6.7,15.1,0
Andhra Pradesh,8,46.1,19.5,1014.5,84.6,16.9,27.8,15.9,79.7,0.77,19.73,6.08,17.26,57.9,11.9,0
Andhra Pradesh,8,28.5,27.9,1001.9,72.5,9.5,50.8,15.9,79.7,1.363,15.44,5.5,18.88,47.0,18.6,1
Andhra Pradesh,8,28.1,25.1,1014.6,56.8,18.7,321.9,15.9,79.7,0.927,20.14,7.82,12.79,5.1,23.1,1
Andhra Pradesh,8,14.5,29.5,1015.1,69.3,7.1,322.8,15.9,79.7,1.256,22.98,6.24,10.66,0.2,14.3,0
Andhra Pradesh,8,21.8,32.3,1004.1,71.0,16.0,119.9,15.9,79.7,0.938,21.6,5.21,18.73,20.6,1.2,0
Andhra Pradesh,8,36.5,26.4,1008.1,77.0,14.7,279.7,15.9,79.7,1.071,25.27,6.05,9.84,31.2,5.3,0
Andhra Pradesh,8,13.5,30.1,998.4,71.8,18.4,325.7,15.9,79.7,1.068,15.23,5.34,20.69,10.2,3.3,0
Andhra Pradesh,8,55.1,31.0,1007.3,71.3,17.1,324.8,15.9,79.7,1.002,29.67,7.44,15.14,48.5,6.7,0
Andhra Pradesh,8,0.8,36.4,1013.1,81.5,12.5,240.2,15.9,79.7,0.901,9.06,4.6,17.23,10.2,9.4,0
Andhra Pradesh,8,14.9,30.4,1004.6,76.7,19.0,199.5,15.9,79.7,1.1,18.43,4.22,9.77,33.8,18.9,1
Andhra Pradesh,8,0.0,27.3,1009.1,58.3,14.6,67.2,15.9,79.7,1.03,23.54,5.12,15.44,0.0,0.0,0
Andhra Pradesh,8,21.8,27.8,1003.4,73.3,2.9,339.9,15.9,79.7,0.801,25.86,6.39,19.31,8.3,13.5,0
Andhra Pradesh,8,20.8,29.0,1010.1,77.4,18.5,13.3,15.9,79.7,1.183,24.43,5.67,19.71,26.6,5.8,0
Andhra Pradesh,8,0.0,32.8,1010.3,67.5,15.8,296.2,15.9,79.7,1.105,27.77,6.22,15.18,0.0,0.0,0
Andhra Pradesh,8,25.0,33.1,1005.2,72.7,22.9,253.9,15.9,79.7,1.164,23.91,6.08,11.16,19.7,5.4,0
Andhra Pradesh,8,0.0,22.5,1012.2,65.7,19.3,339.2,15.9,79.7,0.86,22.37,3.75,17.1,12.1,12.1,0
Andhra Pradesh,8,20.5,21.1,1000.6,94.4,18.3,345.7,15.9,79.7,1.277,27.58,7.1,15.69,22.7,2.2,0
Andhra Pradesh,8,35.2,26.9,1014.0,70.1,19.2,29.7,15.9,79.7,0.825,22.28,7.03,13.85,31.2,4.0,0
Andhra Pradesh,8,41.0,33.9,990.4,81.0,3.6,230.8,15.9,79.7,0.808,19.51,5.78,17.86,69.1,28.1,1
Andhra Pradesh,8,4.4,32.4,1006.6,66.4,23.7,111.1,15.9,79.7,0.748,21.38,4.75,14.97,6.7,2.4,0
Andhra Pradesh,8,30.4,22.8,1006.9,65.1,17.1,93.6,15.9,79.7,1.272,22.73,6.37,16.97,19.3,11.1,0
Andhra Pradesh,8,18.3,25.1,1011.8,77.5,14.8,14.9,15.9,79.7,0.769,20.14,2.65,18.7,59.2,40.9,1
Andhra Pradesh,8,16.1,28.7,1010.1,57.6,14.5,56.3,15.9,79.7,1.119,21.93,5.29,13.82,33.8,17.7,0
Andhra Pradesh,8,49.1,19.8,997.2,56.9,13.0,298.9,15.9,79.7,1.11,21.99,5.48,20.09,40.7,8.4,0
Andhra Pradesh,8,36.8,35.7,1000.6,49.5,16.1,286.6,15.9,79.7,1.092,13.19,3.63,14.75,50.1,13.3,0
Andhra Pradesh,8,18.6,28.7,1008.9,78.3,9.4,274.5,15.9,79.7,1.373,18.54,4.9,16.53,9.7,9.0,0
Andhra Pradesh,8,7.0,26.4,1006.8,76.5,10.7,136.0,15.9,79.7,1.332,26.4,5.52,16.84,0.2,6.7,0
Andhra Pradesh,8,27.9,33.9,1014.5,68.8,16.9,14.7,15.9,79.7,0.899,20.24,5.97,18.44,32.0,4.1,0
Andhra Pradesh,8,30.1,17.6,1008.9,62.8,8.9,330.2,15.9,79.7,1.374,21.64,6.71,15.02,71.7,41.6,1
Andhra Pradesh,8,1.0,27.4,1011.8,68.7,22.1,30.8,15.9,79.7,1.063,20.7,5.52,11.52,2.7,1.6,0
Andhra Pradesh,8,18.9,28.8,1013.5,70.1,17.3,204.1,15.9,79.7,1.323,12.16,6.61,18.65,22.5,3.7,0
Andhra Pradesh,8,17.1,23.3,998.3,77.5,19.0,227.0,15.9,79.7,1.227,25.79,3.5,17.02,20.5,3.4,0
Andhra Pradesh,8,30.0,28.5,1011.8,53.2,21.8,195.6,15.9,79.7,1.058,14.66,5.53,16.22,35.0,5.0,0
Andhra Pradesh,8,13.1,22.9,1011.2,51.6,19.2,118.7,15.9,79.7,1.528,17.36,6.36,14.58,42.2,29.1,1
Andhra Pradesh,9,31.3,26.5,1003.4,65.8,12.2,140.1,15.9,79.7,0.922,23.53,5.43,15.64,47.8,16.6,0
Andhra Pradesh,9,35.7,24.4,1007.7,60.9,28.6,79.7,15.9,79.7,1.222,25.2,5.3,14.99,38.1,2.4,0
Andhra Pradesh,9,13.2,28.4,1003.8,71.0,5.3,217.7,15.9,79.7,1.087,27.43,3.88,20.61,31.3,18.1,0
Andhra Pradesh,9,0.0,29.8,1003.3,75.2,18.8,250.1,15.9,79.7,1.057,26.15,7.95,16.69,3.5,3.5,0
Andhra Pradesh,9,35.8,16.3,1003.1,79.6,16.4,191.5,15.9,79.7,0.983,23.53,5.46,12.33,64.6,28.8,1
Andhra Pradesh,9,15.6,26.6,999.1,64.1,20.6,256.1,15.9,79.7,1.176,20.92,6.13,19.09,0.0,15.6,0
Andhra Pradesh,9,29.2,30.7,1007.7,69.3,12.0,145.2,15.9,79.7,1.493,29.05,5.41,16.44,62.2,32.9,1
Andhra Pradesh,9,34.2,29.9,999.0,78.6,14.2,325.2,15.9,79.7,1.03,30.02,4.93,23.43,40.9,6.7,0
Andhra Pradesh,9,23.2,24.1,1005.4,67.5,16.3,237.0,15.9,79.7,1.129,25.58,7.52,20.74,41.0,17.8,0
Andhra Pradesh,9,32.8,23.4,1009.0,58.7,20.7,90.0,15.9,79.7,1.313,24.58,7.46,21.09,48.5,15.6,0
Andhra Pradesh,9,15.9,18.7,1010.7,67.8,19.6,164.3,15.9,79.7,1.291,24.41,4.11,21.36,1.5,14.3,0
Andhra Pradesh,9,16.3,26.3,1008.1,66.3,12.8,132.8,15.9,79.7,0.905,21.77,3.58,14.48,0.0,16.3,0
Andhra Pradesh,9,36.2,28.4,1004.0,37.5,8.0,300.2,15.9,79.7,1.099,26.46,4.37,13.52,13.3,22.8,1
Andhra Pradesh,9,25.7,19.0,999.2,74.2,23.2,273.5,15.9,79.7,1.108,32.14,5.47,16.01,22.9,2.8,0
Andhra Pradesh,9,47.2,29.8,1010.6,72.8,13.3,62.2,15.9,79.7,0.978,21.84,6.44,16.98,67.3,20.1,1
Andhra Pradesh,9,29.4,28.4,1003.7,57.2,10.0,343.9,15.9,79.7,0.826,24.18,6.33,15.52,33.7,4.3,0
Andhra Pradesh,9,28.1,23.0,1004.1,68.2,15.1,359.0,15.9,79.7,1.172,23.59,7.2,17.25,26.6,1.5,0
Andhra Pradesh,9,35.5,31.8,1000.7,63.4,4.6,116.3,15.9,79.7,1.451,18.77,6.55,18.53,32.3,3.1,0
Andhra Pradesh,9,17.8,32.9,1012.3,91.0,2.4,52.1,15.9,79.7,0.676,22.89,5.72,13.84,9.5,8.3,0
Andhra Pradesh,9,19.9,29.0,1001.8,61.1,17.7,65.0,15.9,79.7,1.678,23.7,6.74,16.6,52.9,33.0,1
Andhra Pradesh,9,10.8,27.0,1008.8,73.4,19.8,146.5,15.9,79.7,1.33,17.37,6.28,11.61,13.0,2.3,0
Andhra Pradesh,9,60.2,28.3,1005.1,73.6,14.9,76.7,15.9,79.7,0.782,22.97,5.75,16.51,78.0,17.8,0
Andhra Pradesh,9,44.2,30.2,1005.9,70.0,20.8,118.7,15.9,79.7,1.273,21.22,7.34,21.6,66.3,22.0,1
Andhra Pradesh,9,68.0,30.6,1013.7,75.9,15.0,348.0,15.9,79.7,1.017,20.39,4.65,16.71,74.2,6.2,0
Andhra Pradesh,9,42.8,22.8,1012.5,72.2,17.5,110.1,15.9,79.7,0.874,31.79,5.16,15.89,50.1,7.3,0
Andhra Pradesh,9,31.3,28.5,1007.8,74.8,18.6,4.3,15.9,79.7,1.539,25.19,5.77,21.3,4.9,26.4,1
Andhra Pradesh,9,9.4,26.8,1002.1,77.5,19.4,162.9,15.9,79.7,1.056,25.69,7.64,18.06,33.1,23.7,1
Andhra Pradesh,9,24.2,32.9,1004.2,54.0,13.7,140.3,15.9,79.7,1.259,25.23,5.25,14.57,60.3,36.1,1
Andhra Pradesh,9,23.6,25.7,1009.6,59.8,12.0,66.6,15.9,79.7,0.968,18.11,5.67,18.35,53.6,30.0,1
Andhra Pradesh,9,30.5,29.7,1002.9,71.4,10.0,17.7,15.9,79.7,1.194,23.22,6.71,16.1,29.2,1.4,0
Andhra Pradesh,9,11.9,34.8,1006.9,66.3,19.1,315.3,15.9,79.7,0.707,31.52,5.52,15.05,13.3,1.4,0
Andhra Pradesh,9,18.2,25.7,1008.6,50.9,19.3,352.2,15.9,79.7,0.833,25.25,5.07,16.25,29.4,11.2,0
Andhra Pradesh,9,38.1,29.0,1001.1,70.1,18.0,357.2,15.9,79.7,1.002,23.14,6.79,15.87,48.3,10.2,0
Andhra Pradesh,9,7.5,28.7,998.9,72.6,20.0,275.3,15.9,79.7,1.283,24.41,4.45,14.02,8.8,1.3,0
Andhra Pradesh,9,23.5,24.5,1001.9,40.9,24.0,130.1,15.9,79.7,1.002,17.66,7.85,11.21,47.6,24.1,1
Andhra Pradesh,9,34.8,26.3,1015.0,62.9,19.8,324.3,15.9,79.7,0.928,31.6,5.25,16.28,54.6,19.9,1
Andhra Pradesh,9,43.5,22.4,1015.2,69.4,15.2,317.1,15.9,79.7,1.168,17.19,6.59,18.18,44.0,0.6,0
Andhra Pradesh,9,28.6,26.8,1007.6,73.7,14.5,313.5,15.9,79.7,1.323,19.12,7.36,16.54,51.9,23.3,1
Andhra Pradesh,9,46.3,27.4,1012.4,75.8,16.5,247.4,15.9,79.7,1.115,29.99,6.2,15.38,45.4,0.9,0
Andhra Pradesh,9,38.4,24.0,1017.5,82.6,9.4,72.6,15.9,79.7,0.978,20.09,5.54,15.34,57.0,18.6,1
Andhra Pradesh,10,31.2,29.2,1008.0,64.7,13.4,341.7,15.9,79.7,1.188,30.73,5.79,19.0,44.1,13.0,0
Andhra Pradesh,10,44.5,31.4,1009.5,70.7,11.5,192.6,15.9,79.7,1.71,21.32,5.87,14.72,40.7,3.8,0
Andhra Pradesh,10,10.5,22.6,1009.6,77.3,17.8,344.0,15.9,79.7,0.921,16.97,5.09,15.79,7.3,3.1,0
Andhra Pradesh,10,31.3,26.0,1015.9,93.1,15.5,263.3,15.9,79.7,1.15,24.08,7.37,14.86,7.6,23.7,1
Andhra Pradesh,10,31.3,25.3,1005.2,61.2,14.0,143.2,15.9,79.7,0.777,25.22,7.38,20.21,75.7,44.4,1
Andhra Pradesh,10,21.2,27.1,1014.4,70.5,23.5,299.2,15.9,79.7,1.286,25.11,6.27,18.76,13.0,8.2,0
Andhra Pradesh,10,37.3,35.2,998.9,81.8,17.2,213.4,15.9,79.7,1.14,24.43,8.07,18.72,59.7,22.4,1
Andhra Pradesh,10,19.0,26.7,1010.5,74.0,20.1,57.1,15.9,79.7,1.258,29.03,8.28,16.35,49.0,30.0,1
Andhra Pradesh,10,16.4,28.3,1009.4,65.1,15.1,310.7,15.9,79.7,1.403,24.04,6.5,17.15,38.6,22.1,1
Andhra Pradesh,10,30.2,22.9,1007.4,59.6,16.1,122.8,15.9,79.7,1.296,26.89,7.82,16.41,29.7,0.5,0
Andhra Pradesh,10,1.6,26.0,1004.9,76.5,18.3,118.7,15.9,79.7,1.157,26.74,7.44,25.74,16.8,15.2,0
Andhra Pradesh,10,26.8,28.0,1010.3,83.7,13.9,284.8,15.9,79.7,1.782,20.64,7.58,20.11,43.6,16.8,0
Andhra Pradesh,10,9.8,38.3,1008.9,64.8,9.4,268.6,15.9,79.7,1.398,21.8,6.23,17.06,28.4,18.5,1
Andhra Pradesh,10,33.1,30.5,1012.0,62.8,9.3,55.8,15.9,79.7,1.361,25.59,4.31,19.04,22.4,10.7,0
Andhra Pradesh,10,27.8,31.4,995.5,85.1,10.8,168.9,15.9,79.7,1.426,23.95,7.1,16.76,3.8,24.0,1
Andhra Pradesh,10,43.9,24.8,1017.0,78.8,11.8,331.1,15.9,79.7,1.363,32.04,5.96,18.17,60.2,16.4,0
Andhra Pradesh,10,27.8,21.9,1013.1,86.0,16.8,297.9,15.9,79.7,1.235,21.51,6.24,19.42,47.6,19.8,1
Andhra Pradesh,10,47.7,30.0,1002.7,76.8,14.6,319.9,15.9,79.7,1.255,25.69,7.77,20.35,32.9,14.8,0
Andhra Pradesh,10,5.9,30.1,1010.7,82.6,15.5,274.5,15.9,79.7,1.353,18.93,4.62,21.07,21.0,15.1,0
Andhra Pradesh,10,46.9,34.9,1006.5,66.5,9.2,86.1,15.9,79.7,0.846,21.27,6.92,16.89,51.1,4.2,0
Andhra Pradesh,10,24.5,23.1,997.7,77.0,15.1,279.6,15.9,79.7,1.246,24.85,6.75,18.29,25.6,1.1,0
Andhra Pradesh,10,13.0,37.4,1013.0,84.9,22.3,52.9,15.9,79.7,1.221,25.16,6.11,21.5,5.0,8.0,0
Andhra Pradesh,10,12.1,22.3,1006.4,65.3,12.9,182.3,15.9,79.7,1.024,28.12,5.23,15.35,6.2,6.0,0
Andhra Pradesh,10,25.5,30.9,1007.6,54.0,18.4,161.2,15.9,79.7,1.142,25.84,8.27,16.27,50.5,25.0,1
Andhra Pradesh,10,45.7,28.2,1001.9,83.1,20.6,107.5,15.9,79.7,1.247,29.78,5.53,21.44,47.1,1.4,0
Andhra Pradesh,10,3.4,23.5,1010.0,72.2,18.2,130.4,15.9,79.7,1.3,27.65,9.38,17.69,30.5,27.1,1
Andhra Pradesh,10,36.8,28.0,1001.5,83.9,17.2,155.6,15.9,79.7,1.081,26.2,5.42,17.16,32.1,4.7,0
Andhra Pradesh,10,28.2,29.9,1006.4,67.9,16.5,128.2,15.9,79.7,1.14,23.28,6.9,23.69,11.5,16.7,0
Andhra Pradesh,10,31.0,26.6,1007.2,65.1,21.7,87.2,15.9,79.7,1.03,29.51,7.95,24.14,42.9,12.0,0
Andhra Pradesh,10,34.5,20.0,1008.0,75.6,13.6,183.8,15.9,79.7,1.504,30.98,6.85,18.71,57.2,22.8,1
Andhra Pradesh,10,22.2,31.7,1005.4,77.5,15.9,146.3,15.9,79.7,1.329,23.58,7.74,15.88,34.4,12.2,0
Andhra Pradesh,10,17.0,32.3,1011.6,69.6,15.9,307.6,15.9,79.7,1.409,22.13,7.67,17.18,28.3,11.3,0
Andhra Pradesh,10,0.0,30.8,1004.7,67.9,9.0,48.3,15.9,79.7,1.272,20.05,6.59,18.07,30.7,30.7,1
Andhra Pradesh,10,17.3,29.4,1000.6,70.8,17.8,102.3,15.9,79.7,1.234,32.08,6.12,20.31,18.8,1.5,0
Andhra Pradesh,10,15.4,22.7,1003.4,76.0,22.6,65.5,15.9,79.7,1.191,22.64,6.75,15.74,39.3,23.8,1
Andhra Pradesh,10,32.8,23.6,1015.5,57.9,16.3,291.1,15.9,79.7,1.404,22.65,6.06,16.0,45.4,12.6,0
Andhra Pradesh,10,39.3,19.9,1010.8,65.1,15.5,65.7,15.9,79.7,1.134,33.12,6.14,18.83,28.9,10.5,0
Andhra Pradesh,10,64.7,29.4,1007.9,79.2,17.8,185.8,15.9,79.7,1.232,19.0,6.11,17.35,78.2,13.4,0
Andhra Pradesh,10,24.5,30.2,1008.5,61.6,23.4,147.1,15.9,79.7,1.368,19.91,7.47,13.96,69.2,44.8,1
Andhra Pradesh,10,37.4,26.6,1010.9,57.3,15.0,61.0,15.9,79.7,1.372,25.12,6.93,22.11,59.2,21.9,1
Telangana,1,0.0,28.8,1008.1,53.0,7.1,37.8,18.1,79.0,0.295,7.11,1.54,7.84,3.6,3.6,0
Telangana,1,35.4,26.7,1010.6,46.6,5.3,359.7,18.1,79.0,0.661,10.58,3.85,3.37,50.3,14.9,0
Telangana,1,0.0,30.1,1021.9,56.7,19.1,173.1,18.1,79.0,0.333,17.16,1.41,6.49,6.2,6.2,0
Telangana,1,8.5,41.3,1001.7,81.7,1.1,267.2,18.1,79.0,0.451,11.75,4.29,11.43,12.6,4.0,0
Telangana,1,16.4,29.8,1015.6,53.1,9.1,62.7,18.1,79.0,0.651,14.18,2.42,5.11,24.9,8.5,0
Telangana,1,0.0,35.5,1005.5,62.7,16.2,290.9,18.1,79.0,0.21,13.41,1.25,7.38,1.4,1.4,0
Telangana,1,0.0,24.7,1009.8,77.8,8.6,79.1,18.1,79.0,0.566,12.01,3.62,7.26,0.0,0.0,0
Telangana,1,20.1,28.5,1011.4,60.3,11.4,244.2,18.1,79.0,0.029,14.15,2.44,0.0,21.4,1.3,0
Telangana,1,4.1,24.7,1017.8,73.9,11.6,226.8,18.1,79.0,0.493,2.29,5.65,6.73,19.0,14.9,0
Telangana,1,0.0,31.2,1002.1,36.7,16.9,296.1,18.1,79.0,0.334,0.0,1.94,7.42,0.0,0.0,0
Telangana,1,11.5,26.3,1002.0,64.1,1.6,56.5,18.1,79.0,0.46,11.22,3.85,5.84,0.0,11.5,0
Telangana,1,6.4,24.3,1015.2,61.8,16.6,312.3,18.1,79.0,0.29,9.1,2.55,13.22,16.5,10.1,0
Telangana,1,0.0,26.4,1005.7,57.4,10.8,195.1,18.1,79.0,0.447,8.34,3.88,4.31,0.0,0.0,0
Telangana,1,3.3,26.4,1015.4,74.0,18.9,203.4,18.1,79.0,0.046,5.39,0.7,11.3,9.1,5.8,0
Telangana,1,15.1,26.6,1005.7,56.9,15.6,95.3,18.1,79.0,0.579,10.47,3.49,8.15,25.8,10.7,0
Telangana,1,19.6,26.8,1010.4,68.6,11.4,270.5,18.1,79.0,0.641,10.96,3.62,6.72,31.0,11.4,0
Telangana,1,20.0,25.6,1006.2,57.0,7.0,135.0,18.1,79.0,0.164,19.52,4.5,10.07,24.0,3.9,0
Telangana,1,2.6,24.4,1007.0,58.3,16.0,4.1,18.1,79.0,0.611,9.77,0.47,6.08,8.9,6.2,0
Telangana,1,13.4,26.6,1005.5,58.8,4.1,91.3,18.1,79.0,0.596,6.9,1.01,9.58,26.0,12.6,0
Telangana,1,4.0,25.1,1007.3,68.3,10.2,73.5,18.1,79.0,0.632,9.77,4.36,6.73,17.5,13.5,0
Telangana,1,6.8,26.4,1005.5,83.7,11.5,32.2,18.1,79.0,0.348,3.26,3.34,4.68,10.9,4.1,0
Telangana,1,12.5,29.6,1016.2,68.0,13.0,321.5,18.1,79.0,0.548,10.58,2.02,9.43,14.4,1.9,0
Telangana,1,17.5,23.5,1012.6,58.3,15.8,248.4,18.1,79.0,0.522,13.41,1.21,6.35,16.3,1.1,0
Telangana,1,1.1,22.5,1008.4,74.9,18.7,201.6,18.1,79.0,0.344,5.84,1.53,5.71,3.3,2.2,0
Telangana,1,6.0,23.3,1012.8,67.3,14.4,113.3,18.1,79.0,0.563,9.41,1.5,11.15,13.6,7.6,0
Telangana,1,0.0,25.3,1017.9,63.9,9.0,285.8,18.1,79.0,0.53,6.9,2.66,13.53,0.0,0.0,0
Telangana,1,4.4,29.1,999.2,70.7,16.9,69.7,18.1,79.0,0.424,9.53,3.19,14.61,2.1,2.4,0
Telangana,1,16.9,28.3,1006.5,65.7,14.5,45.3,18.1,79.0,0.495,8.48,1.38,9.08,26.6,9.7,0
Telangana,1,22.8,31.5,1004.1,56.0,17.0,243.2,18.1,79.0,0.303,17.38,3.11,7.08,12.3,10.4,0
Telangana,1,0.9,32.2,1000.6,69.5,5.5,152.7,18.1,79.0,0.125,9.18,0.46,6.35,5.9,5.0,0
Telangana,1,12.4,30.7,1009.1,64.6,12.1,39.3,18.1,79.0,0.744,4.43,2.02,12.7,20.1,7.7,0
Telangana,1,26.3,30.2,1004.3,62.5,3.7,160.0,18.1,79.0,0.619,5.45,3.42,8.62,30.5,4.2,0
Telangana,1,16.1,31.1,1009.9,67.0,12.8,102.3,18.1,79.0,0.622,16.73,1.16,6.7,15.5,0.6,0
Telangana,1,17.1,30.6,1008.7,59.6,10.0,201.6,18.1,79.0,0.096,13.72,3.3,10.47,15.3,1.7,0
Telangana,1,16.3,25.5,1005.2,86.0,10.5,35.2,18.1,79.0,0.49,3.22,2.34,7.73,23.9,7.6,0
Telangana,1,0.0,25.0,1009.6,56.1,18.5,138.9,18.1,79.0,0.537,13.98,1.04,7.99,4.1,4.1,0
Telangana,1,12.0,28.0,1008.8,36.2,18.6,260.5,18.1,79.0,0.795,5.0,1.31,7.82,18.5,6.6,0
Telangana,1,15.8,30.3,1007.3,61.8,15.3,41.6,18.1,79.0,0.464,2.02,2.8,6.9,18.3,2.5,0
Telangana,1,32.3,34.8,1012.6,74.4,12.9,328.3,18.1,79.0,0.527,11.21,2.59,8.23,35.9,3.6,0
Telangana,1,15.4,32.5,1004.7,66.8,12.8,21.6,18.1,79.0,0.718,5.5,4.22,2.57,9.8,5.6,0
Telangana,2,7.1,30.3,1010.0,78.9,9.0,241.7,18.1,79.0,0.188,6.52,2.63,4.49,12.5,5.4,0
Telangana,2,3.0,32.7,1012.3,59.2,11.0,318.6,18.1,79.0,0.79,6.61,0.1,6.52,0.5,2.4,0
Telangana,2,0.0,28.6,1002.1,69.4,6.8,38.5,18.1,79.0,0.731,7.45,2.02,7.22,10.1,10.1,0
Telangana,2,5.7,24.1,1000.7,65.8,9.2,230.6,18.1,79.0,0.094,12.27,2.56,2.52,9.0,3.4,0
Telangana,2,18.1,25.5,1011.2,52.3,1.3,275.6,18.1,79.0,0.342,5.4,3.63,8.43,33.0,14.8,0
Telangana,2,17.1,30.9,1003.6,44.6,22.7,23.7,18.1,79.0,0.84,5.66,4.16,8.65,30.4,13.3,0
Telangana,2,19.2,27.8,1009.4,62.5,17.0,334.5,18.1,79.0,0.379,9.74,3.69,7.95,18.9,0.3,0
Telangana,2,25.5,31.1,1005.7,55.6,11.9,168.2,18.1,79.0,0.365,13.38,4.3,7.61,27.7,2.1,0
Telangana,2,1.8,24.4,1012.0,53.3,9.7,296.7,18.1,79.0,0.604,9.59,2.27,11.87,18.1,16.3,1
Telangana,2,16.7,29.3,1005.5,65.8,6.8,254.9,18.1,79.0,0.493,7.63,2.55,9.91,17.7,1.0,0
Telangana,2,1.2,20.3,1007.6,69.8,10.3,337.9,18.1,79.0,0.294,8.88,1.61,4.43,0.0,1.2,0
Telangana,2,36.4,38.0,1013.9,72.4,3.1,89.1,18.1,79.0,0.598,5.99,6.17,7.49,46.5,10.1,0
Telangana,2,7.4,31.0,1011.4,74.6,19.2,4.3,18.1,79.0,0.561,10.19,1.7,5.07,8.4,1.0,0
Telangana,2,28.2,30.6,1007.5,63.4,7.0,20.9,18.1,79.0,0.55,10.42,3.88,7.14,35.9,7.7,0
Telangana,2,0.0,24.9,1009.3,66.2,16.5,162.1,18.1,79.0,0.763,16.73,5.14,6.72,22.5,22.5,1
Telangana,2,49.7,23.5,1005.1,69.6,14.0,34.9,18.1,79.0,0.329,11.25,2.69,9.65,66.9,17.2,1
Telangana,2,0.0,38.0,1017.4,48.7,6.8,280.5,18.1,79.0,0.329,12.71,3.71,8.21,4.9,4.9,0
Telangana,2,9.8,30.3,1017.6,42.1,12.9,218.1,18.1,79.0,0.499,11.64,4.39,6.24,30.0,20.2,1
Telangana,2,0.0,31.2,1007.9,68.6,16.6,114.7,18.1,79.0,0.74,18.28,2.6,6.23,14.3,14.3,0
Telangana,2,24.5,22.4,1010.8,73.8,12.5,220.3,18.1,79.0,0.198,1.78,4.23,5.35,25.5,0.9,0
Telangana,2,0.0,32.1,1009.7,64.7,6.6,285.6,18.1,79.0,0.586,8.26,2.35,7.82,8.8,8.8,0
Telangana,2,17.2,33.4,1007.6,76.1,7.0,60.2,18.1,79.0,0.588,19.81,2.15,4.18,14.7,2.5,0
Telangana,2,3.2,30.3,1001.7,69.5,13.0,107.7,18.1,79.0,0.643,13.7,3.54,11.29,0.0,3.2,0
Telangana,2,0.0,28.6,1008.4,55.8,15.6,249.3,18.1,79.0,0.466,10.31,3.64,6.28,12.3,12.3,0
Telangana,2,33.7,34.9,1017.0,76.7,15.9,120.1,18.1,79.0,0.406,14.18,0.81,11.76,31.5,2.3,0
Telangana,2,4.5,31.8,1009.4,61.8,8.2,121.8,18.1,79.0,0.087,16.24,2.69,5.12,10.9,6.4,0
Telangana,2,1.3,25.7,1013.9,73.4,13.7,197.8,18.1,79.0,0.566,12.71,3.26,11.43,0.0,1.3,0
Telangana,2,8.2,30.9,1005.1,75.5,19.5,272.0,18.1,79.0,0.596,9.55,2.6,11.64,5.2,2.9,0
Telangana,2,22.5,26.7,1003.8,76.1,16.3,284.9,18.1,79.0,0.486,9.89,3.23,6.32,38.9,16.4,1
Telangana,2,0.0,22.6,1007.4,46.1,8.9,22.3,18.1,79.0,0.522,9.59,3.23,5.45,0.2,0.2,0
Telangana,2,19.2,19.6,1010.1,44.6,12.9,294.5,18.1,79.0,0.581,7.9,3.26,4.96,33.5,14.2,0
Telangana,2,22.5,24.9,1014.9,67.9,7.2,85.0,18.1,79.0,0.848,9.36,3.39,7.75,32.1,9.6,0
Telangana,2,22.1,32.6,998.8,60.8,17.6,237.2,18.1,79.0,0.589,6.72,3.76,7.9,30.3,8.2,0
Telangana,2,16.8,23.1,1018.5,52.9,25.2,45.0,18.1,79.0,0.785,1.74,3.03,3.57,34.1,17.3,1
Telangana,2,0.0,24.3,1008.2,80.3,19.0,233.3,18.1,79.0,0.455,12.47,2.88,8.03,1.6,1.6,0
Telangana,2,19.6,30.5,1015.6,59.6,9.6,2.6,18.1,79.0,0.479,13.84,1.68,11.6,20.3,0.7,0
Telangana,2,27.2,38.8,1013.1,72.2,18.4,309.4,18.1,79.0,0.521,11.44,2.14,5.96,32.7,5.5,0
Telangana,2,12.8,30.4,1008.7,63.2,17.4,55.2,18.1,79.0,0.569,14.97,3.8,7.7,2.3,10.6,0
Telangana,2,7.1,37.2,1006.8,65.9,13.6,326.9,18.1,79.0,0.388,13.42,3.44,2.62,0.0,7.1,0
Telangana,2,4.5,23.9,1009.5,62.3,15.2,55.1,18.1,79.0,0.318,8.93,2.29,10.59,5.0,0.5,0
Telangana,3,29.8,33.8,1007.3,60.6,8.8,293.1,18.1,79.0,0.578,9.05,4.48,11.72,24.8,5.0,0
Telangana,3,18.1,30.9,1016.5,64.8,13.2,75.7,18.1,79.0,0.852,13.57,3.67,7.29,20.3,2.2,0
Telangana,3,11.4,31.4,1010.2,59.6,17.4,50.2,18.1,79.0,0.567,15.04,4.47,10.01,31.6,20.2,1
Telangana,3,0.0,32.4,1003.0,66.3,13.3,47.9,18.1,79.0,0.418,6.57,1.1,8.38,3.8,3.8,0
Telangana,3,21.3,33.2,1012.2,76.5,8.2,295.4,18.1,79.0,0.675,6.81,4.7,6.36,16.1,5.2,0
Telangana,3,33.8,29.5,1002.8,61.2,18.5,71.7,18.1,79.0,0.572,11.43,6.68,4.63,24.6,9.2,0
Telangana,3,5.9,26.0,1008.2,61.9,17.5,318.4,18.1,79.0,0.407,11.05,3.09,12.43,16.2,10.3,0
Telangana,3,22.9,25.7,1009.6,55.1,16.5,205.3,18.1,79.0,0.183,11.67,3.31,11.74,18.8,4.1,0
Telangana,3,5.6,29.3,1011.1,68.8,17.7,155.9,18.1,79.0,0.499,12.14,4.08,6.66,2.6,2.9,0
Telangana,3,0.0,33.4,1019.0,60.0,16.2,130.3,18.1,79.0,0.37,13.46,5.02,8.27,1.8,1.8,0
Telangana,3,32.0,27.0,1005.3,65.0,22.5,113.6,18.1,79.0,0.714,14.24,2.11,10.8,32.9,0.9,0
Telangana,3,11.5,27.8,1013.0,85.4,8.9,29.3,18.1,79.0,0.582,15.41,3.88,7.45,10.3,1.2,0
Telangana,3,11.9,30.4,1011.0,97.3,16.5,81.0,18.1,79.0,0.873,14.81,3.34,6.0,15.7,3.8,0
Telangana,3,30.3,31.0,1015.4,80.7,14.8,311.1,18.1,79.0,0.441,6.27,5.24,10.87,32.1,1.7,0
Telangana,3,8.0,33.3,1004.1,54.7,6.9,294.3,18.1,79.0,0.458,16.41,3.51,5.08,9.4,1.4,0
Telangana,3,1.6,28.4,1013.9,65.7,10.2,104.4,18.1,79.0,0.527,14.38,3.88,6.02,0.0,1.6,0
Telangana,3,9.3,30.4,1017.0,55.8,8.5,153.9,18.1,79.0,0.647,11.44,4.26,12.84,22.9,13.6,0
Telangana,3,4.7,30.5,1013.9,64.1,15.3,236.9,18.1,79.0,0.417,13.81,4.57,11.41,0.0,4.7,0
Telangana,3,31.3,31.1,1013.9,57.8,17.7,341.9,18.1,79.0,0.357,13.98,2.24,9.21,54.9,23.5,1
Telangana,3,18.0,28.4,1000.9,70.1,12.8,263.7,18.1,79.0,0.393,15.79,5.03,9.4,30.0,12.0,0
Telangana,3,14.7,25.8,1019.3,53.1,15.7,312.6,18.1,79.0,0.57,18.59,3.53,8.21,13.8,0.9,0
Telangana,3,21.6,25.0,1008.8,65.8,9.6,169.1,18.1,79.0,0.619,10.75,3.75,2.67,21.8,0.2,0
Telangana,3,25.5,22.2,1017.7,70.8,12.8,185.3,18.1,79.0,0.441,17.91,3.69,9.37,37.7,12.2,0
Telangana,3,19.3,26.1,1008.2,72.8,13.8,246.5,18.1,79.0,0.891,12.87,3.0,11.12,20.8,1.5,0
Telangana,3,0.0,28.8,1011.7,64.4,12.3,206.2,18.1,79.0,0.903,11.8,3.65,11.55,12.6,12.6,0
Telangana,3,40.9,35.8,1004.0,64.8,17.1,224.5,18.1,79.0,0.673,8.77,3.4,9.18,29.6,11.3,0
Telangana,3,46.0,26.6,1015.5,50.7,10.2,121.0,18.1,79.0,0.558,15.32,4.21,6.6,60.7,14.7,0
Telangana,3,21.4,22.9,1008.7,73.4,12.9,316.4,18.1,79.0,0.702,5.56,3.2,7.95,32.7,11.3,0
Telangana,3,6.3,36.5,1005.2,55.6,19.5,188.5,18.1,79.0,0.681,11.1,3.01,10.43,5.5,0.8,0
Telangana,3,37.1,29.6,1006.8,62.6,7.2,222.6,18.1,79.0,0.445,11.45,6.46,3.56,38.9,1.8,0
Telangana,3,0.0,26.4,1007.3,53.5,15.2,131.7,18.1,79.0,0.665,15.33,5.35,10.8,0.0,0.0,0
Telangana,3,15.7,18.5,1004.4,51.5,14.6,261.8,18.1,79.0,0.658,15.09,2.25,9.73,0.0,15.7,1
Telangana,3,0.0,33.6,1003.6,61.2,9.1,29.6,18.1,79.0,0.392,11.94,2.94,12.2,0.0,0.0,0
Telangana,3,13.2,26.4,1012.7,52.2,15.6,324.7,18.1,79.0,0.434,11.57,3.86,6.9,9.4,3.8,0
Telangana,3,0.0,36.6,1005.7,54.2,4.4,245.0,18.1,79.0,0.652,10.95,3.82,11.12,2.6,2.6,0
Telangana,3,11.6,34.8,1011.7,70.3,11.5,10.0,18.1,79.0,0.669,13.23,4.26,9.95,2.0,9.6,0
Telangana,3,14.0,24.1,1011.2,50.8,13.0,1.0,18.1,79.0,0.369,11.64,4.32,7.31,18.9,4.8,0
Telangana,3,20.0,24.3,1008.2,64.4,13.1,79.2,18.1,79.0,0.317,16.85,4.31,9.64,30.0,10.0,0
Telangana,3,0.0,27.6,1006.4,58.8,7.5,172.9,18.1,79.0,0.473,13.77,3.8,12.11,9.4,9.4,0
Telangana,3,9.3,23.5,1012.5,78.7,25.5,343.0,18.1,79.0,0.471,9.93,0.91,6.54,0.7,8.6,0
Telangana,4,22.9,32.2,1019.3,97.9,14.8,208.5,18.1,79.0,0.599,10.78,6.66,1.85,42.9,20.1,1
Telangana,4,2.8,26.8,995.1,77.5,17.6,346.5,18.1,79.0,0.899,17.21,3.21,4.01,5.9,3.2,0
Telangana,4,28.8,24.7,1013.4,58.4,13.1,244.0,18.1,79.0,0.709,16.84,5.81,10.79,17.3,11.6,0
Telangana,4,23.4,27.2,1006.4,68.1,16.4,233.1,18.1,79.0,0.794,15.17,4.55,12.8,5.8,17.7,1
Telangana,4,9.9,27.8,1006.8,58.3,10.3,278.5,18.1,79.0,0.77,13.68,2.65,12.74,22.5,12.6,0
Telangana,4,29.8,25.3,1026.1,69.2,9.8,80.4,18.1,79.0,0.827,14.36,4.24,14.01,37.3,7.5,0
Telangana,4,0.0,28.3,1012.5,66.5,8.7,90.7,18.1,79.0,0.85,18.66,2.52,6.63,4.5,4.5,0
Telangana,4,5.9,26.1,1006.7,74.7,9.4,159.0,18.1,79.0,0.53,7.5,3.91,10.49,19.4,13.4,0
Telangana,4,1.1,28.9,1009.7,51.5,14.7,101.1,18.1,79.0,0.652,8.43,3.76,4.3,8.3,7.2,0
Telangana,4,24.9,27.5,1014.4,60.0,10.0,145.4,18.1,79.0,1.13,12.42,6.42,10.05,23.5,1.4,0
Telangana,4,40.9,29.1,1006.5,75.6,19.8,37.3,18.1,79.0,0.858,12.65,2.67,8.04,34.1,6.8,0
Telangana,4,16.2,28.8,1013.7,75.7,11.6,188.5,18.1,79.0,0.548,13.99,3.59,10.31,34.4,18.1,1
Telangana,4,35.1,25.9,1011.9,73.5,10.9,123.7,18.1,79.0,0.382,17.85,3.71,6.95,35.5,0.4,0
Telangana,4,39.9,38.4,1004.1,66.6,12.7,271.7,18.1,79.0,1.003,11.99,2.91,8.83,44.0,4.1,0
Telangana,4,25.3,28.9,1011.3,77.6,12.2,230.2,18.1,79.0,0.776,11.09,3.9,13.34,31.2,5.9,0
Telangana,4,31.9,24.8,1009.7,72.8,15.2,275.3,18.1,79.0,0.386,18.03,2.16,6.16,40.1,8.2,0
Telangana,4,10.2,29.0,1001.6,69.9,17.8,88.1,18.1,79.0,0.728,17.16,2.25,10.6,15.1,4.9,0
Telangana,4,19.8,27.3,1000.7,63.0,10.8,137.2,18.1,79.0,0.919,7.61,5.0,15.47,42.7,22.9,1
Telangana,4,38.7,29.2,1008.4,48.9,12.5,341.2,18.1,79.0,0.393,10.11,3.98,5.2,59.6,20.9,1
Telangana,4,22.8,29.8,1012.0,63.6,15.0,150.0,18.1,79.0,0.214,13.42,5.75,15.19,22.2,0.6,0
Telangana,4,11.4,22.2,1013.3,71.2,12.7,264.9,18.1,79.0,0.317,14.07,2.0,11.78,19.3,7.9,0
Telangana,4,0.0,28.6,1003.3,76.4,30.1,273.0,18.1,79.0,0.973,17.66,3.76,11.76,0.0,0.0,0
Telangana,4,16.9,27.2,1014.8,60.7,8.3,120.4,18.1,79.0,0.849,12.82,1.83,13.21,6.6,10.3,0
Telangana,4,7.9,27.6,1002.5,50.0,17.7,197.0,18.1,79.0,0.688,15.01,1.81,11.73,16.2,8.3,0
Telangana,4,20.9,30.2,1013.0,65.8,13.9,209.8,18.1,79.0,0.815,10.88,3.13,8.94,14.9,6.0,0
Telangana,4,13.7,31.7,1002.4,66.8,16.9,132.4,18.1,79.0,1.048,11.7,2.73,10.41,13.1,0.6,0
Telangana,4,14.2,25.4,1013.6,93.8,17.2,9.9,18.1,79.0,0.567,17.8,2.93,11.12,12.3,1.9,0
Telangana,4,0.0,27.5,1003.1,81.8,9.8,59.3,18.1,79.0,0.548,8.61,4.67,9.88,27.1,27.1,1
Telangana,4,28.9,28.7,1009.8,66.1,8.5,178.7,18.1,79.0,0.466,18.9,4.16,11.78,39.7,10.8,0
Telangana,4,12.5,26.0,1018.1,72.3,5.3,267.2,18.1,79.0,0.828,10.02,3.69,3.6,12.7,0.3,0
Telangana,4,27.1,26.3,1002.1,64.6,13.8,15.7,18.1,79.0,0.362,15.13,3.16,10.69,19.4,7.8,0
Telangana,4,31.5,31.3,1006.2,70.0,21.8,120.3,18.1,79.0,0.979,15.97,3.2,11.93,54.7,23.1,1
Telangana,4,23.1,25.1,1008.3,74.6,14.5,290.6,18.1,79.0,0.554,12.69,4.26,11.33,20.0,3.1,0
Telangana,4,0.0,16.9,1007.8,68.8,12.6,1.0,18.1,79.0,0.998,11.57,4.29,15.22,0.0,0.0,0
Telangana,4,38.5,32.3,1006.4,41.7,20.6,156.8,18.1,79.0,0.539,20.88,1.82,11.04,39.9,1.4,0
Telangana,4,0.0,27.4,1007.8,55.1,17.0,288.3,18.1,79.0,0.606,19.34,3.06,3.38,1.1,1.1,0
Telangana,4,16.5,27.4,1012.3,71.0,10.6,15.9,18.1,79.0,0.77,15.29,3.66,11.02,22.3,5.7,0
Telangana,4,11.1,30.3,1010.8,72.6,16.7,357.8,18.1,79.0,0.858,9.7,5.19,6.08,32.4,21.2,1
Telangana,4,0.0,29.7,1006.2,71.6,22.2,198.2,18.1,79.0,0.866,19.69,3.11,11.25,19.1,19.1,1
Telangana,4,19.7,26.1,1010.6,68.1,16.1,149.2,18.1,79.0,0.726,12.99,3.26,14.09,18.9,0.9,0
Telangana,5,6.9,23.5,1007.7,66.0,17.6,117.2,18.1,79.0,0.42,7.72,4.85,14.46,20.2,13.3,0
Telangana,5,10.2,28.8,996.8,83.7,19.8,175.5,18.1,79.0,0.577,13.68,4.07,16.45,25.1,14.8,0
Telangana,5,14.4,30.6,1003.4,53.7,13.7,253.8,18.1,79.0,0.418,15.27,3.98,8.33,12.4,2.0,0
Telangana,5,21.9,27.3,1008.7,65.8,22.7,154.4,18.1,79.0,0.78,11.86,3.63,7.48,17.5,4.4,0
Telangana,5,25.7,25.9,1007.1,79.3,16.8,190.8,18.1,79.0,0.734,14.34,5.42,12.25,27.2,1.5,0
Telangana,5,0.0,30.2,1009.7,51.7,13.2,104.9,18.1,79.0,0.705,22.39,6.13,7.57,1.5,1.4,0
Telangana,5,29.6,27.9,1011.7,61.0,6.2,65.4,18.1,79.0,0.69,25.45,5.43,8.17,41.4,11.8,0
Telangana,5,15.9,30.4,1004.4,70.6,19.3,266.9,18.1,79.0,0.976,27.6,3.74,16.77,25.1,9.2,0
Telangana,5,11.7,28.2,1012.5,63.8,4.2,108.7,18.1,79.0,0.802,13.06,2.79,12.57,31.2,19.5,1
Telangana,5,5.0,29.4,1019.1,77.0,14.0,49.9,18.1,79.0,0.663,15.47,3.81,10.58,7.8,2.8,0
Telangana,5,0.0,27.7,1021.7,54.0,21.9,124.3,18.1,79.0,0.896,13.23,5.48,17.07,18.6,18.6,1
Telangana,5,21.3,28.7,1005.3,69.5,17.2,61.8,18.1,79.0,0.761,15.28,6.62,12.19,29.4,8.2,0
Telangana,5,0.0,32.5,1011.5,73.9,17.6,353.9,18.1,79.0,0.719,22.6,2.74,7.64,0.0,0.0,0
Telangana,5,15.8,35.0,1009.9,79.4,4.5,163.3,18.1,79.0,0.641,21.95,4.6,11.51,23.0,7.2,0
Telangana,5,15.1,36.6,1018.3,79.7,19.6,122.3,18.1,79.0,0.871,7.54,3.91,7.0,27.2,12.1,0
Telangana,5,16.9,31.7,1011.8,79.8,10.7,313.6,18.1,79.0,1.166,13.38,4.37,14.88,21.8,4.9,0
Telangana,5,3.1,37.1,1005.8,87.0,16.4,127.5,18.1,79.0,0.976,13.93,5.15,17.61,25.3,22.1,1
Telangana,5,33.6,31.5,1008.1,60.1,22.6,153.4,18.1,79.0,0.683,15.68,2.68,10.59,30.5,3.1,0
Telangana,5,0.0,23.7,1008.4,78.8,14.1,110.9,18.1,79.0,0.647,16.94,5.81,14.55,7.8,7.8,0
Telangana,5,38.3,26.6,1002.7,65.7,20.9,198.1,18.1,79.0,0.997,15.22,4.61,11.05,35.8,2.5,0
Telangana,5,18.9,27.8,1006.2,74.7,15.2,44.9,18.1,79.0,0.806,21.02,3.4,10.49,4.9,13.9,0
Telangana,5,5.3,31.2,1012.7,75.6,21.1,295.8,18.1,79.0,0.794,18.3,3.54,6.8,7.1,1.7,0
Telangana,5,14.9,29.2,1004.7,62.8,18.6,77.3,18.1,79.0,0.764,13.19,2.43,10.53,10.8,4.1,0
Telangana,5,13.1,29.1,997.8,79.2,29.7,161.3,18.1,79.0,0.666,12.39,3.16,17.74,15.1,2.0,0
Telangana,5,27.8,33.5,1013.9,80.1,8.1,330.6,18.1,79.0,0.707,22.25,3.4,8.17,33.0,5.2,0
Telangana,5,26.4,21.4,1006.4,57.3,19.0,217.8,18.1,79.0,0.997,12.57,4.75,7.43,32.0,5.6,0
Telangana,5,3.4,34.7,1013.7,70.4,19.5,335.4,18.1,79.0,0.894,15.12,5.01,11.95,9.0,5.6,0
Telangana,5,0.0,26.0,1017.4,67.1,10.8,273.1,18.1,79.0,0.468,13.55,4.62,13.07,7.6,7.6,0
Telangana,5,37.9,25.9,1000.9,64.7,11.6,102.5,18.1,79.0,0.715,16.02,4.52,14.24,42.9,5.0,0
Telangana,5,20.6,35.7,1000.2,70.1,13.8,48.3,18.1,79.0,0.888,12.1,3.71,13.78,25.0,4.4,0
Telangana,5,5.2,31.7,1011.5,69.8,16.4,328.4,18.1,79.0,0.752,16.64,2.95,10.93,21.4,16.2,1
Telangana,5,46.7,29.0,1003.8,64.6,7.1,67.3,18.1,79.0,0.779,11.58,4.15,13.67,52.8,6.0,0
Telangana,5,8.7,32.6,1010.1,60.5,14.5,357.1,18.1,79.0,0.822,26.58,5.69,11.04,17.1,8.5,0
Telangana,5,24.9,30.9,1007.7,46.3,12.6,12.2,18.1,79.0,0.749,12.38,5.1,17.61,41.1,16.2,1
Telangana,5,16.7,34.5,1013.0,75.4,11.4,272.1,18.1,79.0,0.885,23.99,6.09,13.3,24.5,7.8,0
Telangana,5,27.7,30.6,1015.9,57.1,14.5,198.6,18.1,79.0,1.054,23.18,2.62,9.38,33.9,6.2,0
Telangana,5,1.3,35.2,1008.9,79.9,13.4,163.2,18.1,79.0,0.496,11.15,3.13,6.4,16.6,15.3,0
Telangana,5,17.5,32.7,1007.7,79.4,19.1,273.8,18.1,79.0,0.809,16.79,5.71,11.44,27.1,9.6,0
Telangana,5,0.0,25.0,1004.6,73.3,10.8,184.1,18.1,79.0,0.736,15.39,5.41,12.02,2.3,2.3,0
Telangana,5,23.0,35.0,1008.6,55.3,7.4,75.9,18.1,79.0,0.529,5.57,3.95,12.49,41.8,18.9,1
Telangana,6,18.4,29.3,1010.6,68.8,11.1,302.8,18.1,79.0,0.638,18.39,3.81,12.88,27.4,9.0,0
Telangana,6,16.0,23.2,1006.3,79.2,6.9,89.6,18.1,79.0,0.855,19.58,3.49,12.09,12.7,3.2,0
Telangana,6,22.5,23.7,1004.9,88.7,17.6,140.8,18.1,79.0,0.909,22.55,4.6,15.35,0.0,22.5,1
Telangana,6,17.0,26.9,1005.4,75.4,13.7,154.3,18.1,79.0,0.679,15.15,2.34,11.59,3.4,13.7,0
Telangana,6,39.0,31.0,1012.6,54.8,18.6,283.9,18.1,79.0,0.891,15.97,3.1,9.43,52.6,13.6,0
Telangana,6,26.9,22.6,1013.7,64.2,8.0,334.1,18.1,79.0,0.565,13.82,4.18,14.09,40.5,13.6,0
Telangana,6,32.7,31.2,998.5,53.6,19.9,239.6,18.1,79.0,0.808,19.25,6.3,13.95,26.7,5.9,0
Telangana,6,2.5,23.8,1014.1,76.6,14.6,304.1,18.1,79.0,1.014,17.48,3.83,12.38,15.0,12.4,0
Telangana,6,12.7,24.0,1008.9,70.5,4.9,137.3,18.1,79.0,0.667,18.63,2.71,8.72,0.0,12.7,0
Telangana,6,24.1,22.1,1001.4,67.1,13.6,67.4,18.1,79.0,0.984,21.24,6.69,15.67,34.2,10.1,0
Telangana,6,21.5,30.6,997.9,66.5,5.3,338.1,18.1,79.0,0.541,18.28,5.47,16.19,12.6,8.9,0
Telangana,6,9.9,32.4,1005.4,60.8,18.0,193.1,18.1,79.0,1.027,18.65,4.28,16.66,27.2,17.2,1
Telangana,6,18.4,31.6,1007.9,58.7,15.0,81.0,18.1,79.0,1.044,18.38,3.67,8.99,21.6,3.2,0
Telangana,6,10.6,28.2,1008.8,53.8,10.2,188.0,18.1,79.0,0.923,18.61,3.51,8.87,4.3,6.3,0
Telangana,6,29.1,26.2,1008.5,72.2,20.5,15.0,18.1,79.0,1.079,19.03,6.75,16.76,37.0,7.8,0
Telangana,6,8.7,30.7,1002.4,70.2,10.7,187.0,18.1,79.0,0.4,16.38,4.89,10.94,10.1,1.3,0
Telangana,6,4.3,31.2,1008.1,90.4,15.9,7.7,18.1,79.0,0.742,21.49,4.24,17.73,30.1,25.8,1
Telangana,6,11.9,27.0,1004.4,54.6,15.9,45.3,18.1,79.0,0.968,16.52,5.8,12.4,15.2,3.4,0
Telangana,6,19.8,31.1,1006.2,77.1,10.7,99.5,18.1,79.0,0.463,15.35,3.4,14.2,28.9,9.2,0
Telangana,6,34.7,34.7,1007.2,60.6,16.7,55.1,18.1,79.0,0.715,16.65,4.04,18.72,35.7,1.0,0
Telangana,6,18.2,31.3,1018.9,65.7,5.0,227.7,18.1,79.0,0.495,14.65,6.55,10.14,8.1,10.1,0
Telangana,6,29.9,27.2,1014.0,65.2,17.6,157.1,18.1,79.0,0.649,15.98,4.27,20.03,46.6,16.6,1
Telangana,6,31.7,27.4,1001.0,84.7,6.3,247.3,18.1,79.0,0.951,27.15,6.84,14.41,64.3,32.7,1
Telangana,6,12.1,29.9,1015.3,54.0,16.3,8.5,18.1,79.0,0.918,12.55,5.27,13.42,10.7,1.4,0
Telangana,6,28.9,33.5,1004.5,73.0,21.3,77.7,18.1,79.0,0.805,21.01,4.46,14.99,24.5,4.4,0
Telangana,6,0.0,30.2,1012.4,75.1,10.3,309.4,18.1,79.0,1.011,22.55,2.48,11.62,0.0,0.0,0
Telangana,6,21.9,33.4,1006.8,62.9,16.4,264.9,18.1,79.0,1.004,20.95,4.76,11.22,24.4,2.5,0
Telangana,6,15.0,27.9,1000.2,72.1,12.6,225.5,18.1,79.0,0.72,18.24,6.35,13.17,0.0,15.0,0
Telangana,6,18.7,28.9,1007.7,60.3,14.2,246.6,18.1,79.0,0.777,22.24,3.97,9.45,20.4,1.8,0
Telangana,6,0.0,28.1,1006.3,74.9,5.9,254.5,18.1,79.0,0.867,23.06,4.55,13.56,13.2,13.2,0
Telangana,6,0.0,32.5,1007.4,55.3,14.0,68.7,18.1,79.0,0.768,17.14,2.35,9.97,13.5,13.5,0
Telangana,6,32.6,28.9,1010.9,64.0,14.5,265.3,18.1,79.0,0.738,16.61,2.87,19.72,28.2,4.4,0
Telangana,6,21.4,23.1,992.9,85.1,14.7,26.8,18.1,79.0,0.631,24.99,5.33,4.8,18.8,2.6,0
Telangana,6,16.2,30.2,1008.0,50.7,11.2,155.6,18.1,79.0,0.986,14.55,4.08,11.76,11.3,4.9,0
Telangana,6,38.5,32.6,1013.8,55.7,16.2,155.0,18.1,79.0,0.631,12.03,3.56,8.15,55.5,16.9,1
Telangana,6,31.2,26.8,1007.7,61.2,26.0,297.0,18.1,79.0,0.73,16.21,3.17,13.34,53.5,22.3,1
Telangana,6,16.3,31.3,998.2,58.5,14.9,312.8,18.1,79.0,0.902,15.49,5.11,11.84,19.7,3.4,0
Telangana,6,0.0,23.7,1010.5,53.8,9.5,248.3,18.1,79.0,0.767,19.58,5.03,10.56,0.0,0.0,0
Telangana,6,59.0,28.3,1012.6,44.2,12.5,81.2,18.1,79.0,0.743,19.83,4.43,11.25,63.3,4.3,0
Telangana,6,19.0,23.3,1013.0,62.2,13.9,43.1,18.1,79.0,1.417,18.59,2.66,11.68,49.0,30.0,1
Telangana,7,17.3,31.3,1012.1,61.5,24.3,115.4,18.1,79.0,0.91,17.65,3.79,11.36,8.8,8.6,0
Telangana,7,50.4,32.1,1003.0,86.9,21.6,286.7,18.1,79.0,1.021,15.58,6.43,15.2,50.7,0.3,0
Telangana,7,4.0,27.7,1010.5,81.5,17.9,111.4,18.1,79.0,0.765,10.39,3.17,12.85,0.0,4.0,0
Telangana,7,18.8,30.9,1011.1,45.0,27.7,294.3,18.1,79.0,0.973,17.71,4.86,17.03,11.2,7.5,0
Telangana,7,24.4,34.0,1008.9,73.6,7.8,243.0,18.1,79.0,0.989,17.9,6.07,10.3,55.1,30.7,1
Telangana,7,58.6,25.5,1013.9,67.1,8.6,310.7,18.1,79.0,0.858,20.75,7.49,15.31,66.6,8.0,0
Telangana,7,7.7,24.1,1007.3,64.7,18.2,178.0,18.1,79.0,0.76,17.7,5.32,13.9,9.6,1.9,0
Telangana,7,10.0,30.3,1013.9,71.6,11.9,43.3,18.1,79.0,1.247,17.6,6.79,18.65,28.5,18.5,1
Telangana,7,33.0,31.5,1006.9,57.0,18.8,172.1,18.1,79.0,0.837,15.75,5.89,14.43,29.2,3.8,0
Telangana,7,14.8,35.8,1004.1,66.7,17.7,184.4,18.1,79.0,1.037,22.7,6.93,13.86,26.6,11.8,0
Telangana,7,23.2,24.4,1009.0,52.0,16.7,312.2,18.1,79.0,0.717,21.73,5.76,13.68,21.3,1.9,0
Telangana,7,9.0,25.7,1011.4,66.0,4.4,28.6,18.1,79.0,0.753,17.25,4.85,10.56,21.9,13.0,0
Telangana,7,0.0,25.0,1011.9,73.9,13.5,289.3,18.1,79.0,0.967,18.59,5.92,14.95,24.1,24.1,1
Telangana,7,16.7,27.0,1009.0,68.7,24.1,325.3,18.1,79.0,0.771,12.34,7.09,12.6,25.9,9.2,0
Telangana,7,20.1,31.2,1005.2,69.7,12.1,172.7,18.1,79.0,0.765,20.54,8.61,17.02,24.4,4.3,0
Telangana,7,22.6,24.7,1016.4,66.2,14.4,254.8,18.1,79.0,0.853,18.57,6.51,14.53,42.7,20.1,1
Telangana,7,0.0,33.6,1001.3,76.2,0.0,227.0,18.1,79.0,1.105,14.94,5.24,16.51,16.7,16.7,1
Telangana,7,0.0,31.9,1016.5,80.7,8.6,122.7,18.1,79.0,0.93,20.65,6.25,11.35,4.6,4.6,0
Telangana,7,9.6,23.9,1010.0,67.8,17.1,59.7,18.1,79.0,1.049,13.79,4.65,10.41,19.8,10.2,0
Telangana,7,44.3,29.4,1007.5,66.5,11.9,208.1,18.1,79.0,0.998,11.61,6.51,11.12,41.3,3.0,0
Telangana,7,25.7,25.6,1019.2,66.1,18.0,264.3,18.1,79.0,0.792,17.78,6.4,10.5,46.9,21.2,1
Telangana,7,22.1,29.3,1004.3,58.8,3.9,189.1,18.1,79.0,1.041,16.86,3.3,12.06,33.4,11.4,0
Telangana,7,22.8,30.6,999.9,64.4,14.3,168.4,18.1,79.0,0.795,20.44,4.06,14.38,23.6,0.7,0
Telangana,7,15.7,37.6,1006.3,64.3,7.7,263.1,18.1,79.0,0.806,18.18,4.19,14.98,33.4,17.6,1
Telangana,7,37.7,27.5,1005.0,61.9,14.9,7.6,18.1,79.0,1.024,14.92,5.36,10.67,42.0,4.4,0
Telangana,7,38.8,27.0,1003.6,72.0,19.3,258.4,18.1,79.0,0.644,15.06,4.67,18.28,23.4,15.4,0
Telangana,7,0.0,29.0,1004.4,58.6,18.0,1.9,18.1,79.0,1.116,21.24,3.75,8.69,22.1,22.1,1
Telangana,7,18.7,40.0,1012.8,82.2,10.1,92.7,18.1,79.0,1.077,17.97,5.27,14.46,15.3,3.5,0
Telangana,7,8.7,27.2,1005.9,59.7,14.2,355.4,18.1,79.0,1.068,20.66,6.02,11.21,1.9,6.8,0
Telangana,7,37.8,27.2,1010.9,57.0,13.4,344.2,18.1,79.0,0.942,17.3,5.88,14.68,72.1,34.3,1
Telangana,7,20.9,30.5,1007.3,58.6,16.9,19.1,18.1,79.0,1.113,13.04,4.14,10.82,36.1,15.2,0
Telangana,7,5.6,30.0,1004.6,67.3,12.1,222.6,18.1,79.0,0.582,20.26,5.19,11.39,14.5,8.9,0
Telangana,7,7.7,23.7,1002.3,69.3,11.8,306.1,18.1,79.0,0.984,22.62,3.5,14.72,20.8,13.1,0
Telangana,7,37.2,26.8,1015.7,74.3,5.4,10.1,18.1,79.0,0.912,22.24,6.62,10.81,55.1,17.9,1
Telangana,7,18.7,25.1,1015.2,63.7,15.0,92.0,18.1,79.0,1.018,23.58,7.13,16.44,1.6,17.1,1
Telangana,7,39.6,30.4,1013.5,65.5,14.7,194.3,18.1,79.0,1.318,19.08,3.7,15.52,45.0,5.3,0
Telangana,7,6.4,27.4,1010.4,79.0,12.4,198.1,18.1,79.0,0.895,25.33,6.81,15.42,19.0,12.6,0
Telangana,7,16.2,31.0,1003.0,73.3,4.6,34.2,18.1,79.0,0.528,25.83,5.01,9.67,52.9,36.6,1
Telangana,7,10.2,30.1,1004.1,76.4,14.7,330.8,18.1,79.0,0.648,15.47,3.99,8.44,24.1,14.0,0
Telangana,7,35.1,25.2,997.6,72.1,15.6,266.1,18.1,79.0,0.903,7.27,5.21,13.27,58.8,23.7,1
Telangana,8,25.5,28.2,1017.8,61.1,7.7,78.7,18.1,79.0,1.203,24.16,5.37,12.78,14.2,11.3,0
Telangana,8,10.4,21.8,1005.8,85.6,12.5,229.4,18.1,79.0,1.104,18.44,5.21,18.77,19.8,9.4,0
Telangana,8,37.1,37.4,1003.7,67.4,14.4,170.3,18.1,79.0,0.908,25.5,5.77,22.38,36.4,0.6,0
Telangana,8,42.0,34.8,1007.6,73.5,19.6,198.6,18.1,79.0,1.327,16.64,5.03,13.39,53.4,11.3,0
Telangana,8,26.5,25.3,1007.4,57.9,21.0,130.0,18.1,79.0,0.925,19.12,4.85,12.13,15.9,10.6,0
Telangana,8,9.9,31.6,1013.2,55.3,18.7,31.2,18.1,79.0,1.147,20.22,5.03,16.25,36.9,27.0,1
Telangana,8,0.0,32.4,1004.0,83.2,19.5,62.9,18.1,79.0,0.878,21.81,6.79,16.34,11.1,11.1,0
Telangana,8,13.7,27.9,1007.6,54.0,16.9,241.5,18.1,79.0,1.27,24.57,5.87,18.23,30.5,16.8,1
Telangana,8,21.9,22.1,1007.2,65.7,14.6,149.7,18.1,79.0,1.215,24.74,5.06,10.94,14.7,7.2,0
Telangana,8,38.5,31.6,1002.3,54.3,12.2,353.8,18.1,79.0,1.078,18.94,5.5,9.27,40.7,2.1,0
Telangana,8,38.5,26.2,1006.8,72.3,9.6,195.2,18.1,79.0,0.829,17.89,5.2,13.78,45.0,6.5,0
Telangana,8,21.2,27.1,1008.6,59.9,4.4,90.3,18.1,79.0,0.857,21.71,4.99,9.22,24.5,3.4,0
Telangana,8,36.0,29.1,1000.9,62.7,12.7,229.5,18.1,79.0,0.877,12.86,5.48,19.21,31.5,4.5,0
Telangana,8,5.7,33.5,1017.6,64.9,16.4,276.0,18.1,79.0,1.172,15.42,5.61,11.65,17.9,12.2,0
Telangana,8,42.1,29.1,1003.8,79.0,12.1,239.3,18.1,79.0,0.839,14.57,4.74,6.81,31.0,11.1,0
Telangana,8,50.4,16.5,1000.1,86.4,10.4,141.4,18.1,79.0,0.991,13.3,6.9,14.55,46.9,3.5,0
Telangana,8,34.6,22.5,1008.2,58.9,8.9,309.7,18.1,79.0,1.02,23.68,5.03,11.83,0.0,34.6,1
Telangana,8,18.0,21.2,1008.5,56.1,17.5,120.0,18.1,79.0,1.56,21.17,5.64,12.81,15.7,2.3,0
Telangana,8,10.0,33.7,1006.0,90.6,10.6,276.9,18.1,79.0,0.741,22.02,5.41,14.82,9.8,0.2,0
Telangana,8,29.5,30.5,1012.2,59.6,16.8,235.5,18.1,79.0,1.26,20.88,6.01,14.09,24.9,4.6,0
Telangana,8,23.1,32.7,1004.2,82.2,18.0,83.4,18.1,79.0,0.811,29.04,5.5,12.2,15.0,8.1,0
Telangana,8,20.4,31.5,1006.3,61.2,3.9,348.0,18.1,79.0,0.855,21.17,6.14,19.23,7.7,12.6,0
Telangana,8,23.9,28.4,1003.0,78.1,23.7,271.1,18.1,79.0,0.899,25.86,6.17,11.27,26.4,2.5,0
Telangana,8,17.4,24.4,1004.0,62.3,19.3,141.5,18.1,79.0,1.012,23.76,5.29,11.31,37.5,20.2,1
Telangana,8,17.1,34.9,1013.0,74.3,16.3,338.2,18.1,79.0,1.044,11.2,5.53,16.63,8.4,8.7,0
Telangana,8,56.4,27.2,1010.8,80.7,18.2,318.4,18.1,79.0,1.075,19.12,5.54,11.47,58.9,2.6,0
Telangana,8,6.3,27.8,1006.0,74.0,7.7,153.4,18.1,79.0,0.81,19.83,5.36,18.21,11.8,5.5,0
Telangana,8,22.1,23.6,1006.6,55.7,17.7,111.0,18.1,79.0,0.693,20.07,5.52,18.53,11.4,10.8,0
Telangana,8,12.1,28.9,1005.6,64.6,12.9,329.0,18.1,79.0,1.222,19.56,5.33,16.91,22.5,10.4,0
Telangana,8,24.2,32.3,1002.7,66.4,10.3,330.1,18.1,79.0,0.739,18.38,6.09,7.02,23.8,0.4,0
Telangana,8,21.0,26.7,999.6,78.6,19.9,14.9,18.1,79.0,0.883,20.58,4.77,11.7,9.5,11.5,0
Telangana,8,24.8,31.1,1014.4,68.5,11.8,184.7,18.1,79.0,1.189,26.38,7.06,18.15,52.2,27.4,1
Telangana,8,23.1,28.9,1013.3,74.1,19.5,198.1,18.1,79.0,1.274,17.89,6.98,14.65,22.8,0.3,0
Telangana,8,0.0,26.9,1001.8,59.8,17.7,75.2,18.1,79.0,1.24,29.97,5.07,18.53,0.0,0.0,0
Telangana,8,27.4,29.2,1023.4,65.3,17.5,97.5,18.1,79.0,0.92,19.34,5.42,13.02,36.9,9.5,0
Telangana,8,10.3,26.2,1017.6,67.8,19.6,2.6,18.1,79.0,1.148,19.19,2.55,14.82,2.3,8.1,0
Telangana,8,18.2,30.6,1017.1,54.9,14.0,225.4,18.1,79.0,1.004,20.11,6.33,13.6,21.3,3.1,0
Telangana,8,27.4,25.0,1005.0,68.3,12.2,211.9,18.1,79.0,0.775,19.71,7.29,16.09,17.8,9.6,0
Telangana,8,42.6,25.8,1015.9,68.3,16.5,208.1,18.1,79.0,0.935,25.42,5.43,17.74,48.9,6.3,0
Telangana,8,20.6,30.3,1007.4,61.1,11.4,242.9,18.1,79.0,0.553,21.39,3.92,15.44,43.9,23.3,1
Telangana,9,12.2,29.7,1013.6,63.7,12.4,14.4,18.1,79.0,1.324,30.6,5.21,18.05,12.4,0.2,0
Telangana,9,9.0,26.7,1006.8,70.4,17.7,97.8,18.1,79.0,1.317,28.98,6.12,14.63,13.7,4.7,0
Telangana,9,20.9,25.3,1000.5,56.0,19.0,242.3,18.1,79.0,1.139,20.5,5.49,11.99,17.2,3.7,0
Telangana,9,14.2,22.0,1009.1,62.1,15.8,341.7,18.1,79.0,1.191,23.19,5.48,20.22,20.1,5.8,0
Telangana,9,25.7,21.4,1004.1,63.0,19.5,75.2,18.1,79.0,0.96,22.15,7.13,15.08,7.9,17.8,1
Telangana,9,33.3,29.3,1009.5,79.1,20.8,348.1,18.1,79.0,0.839,15.42,6.52,16.3,40.6,7.3,0
Telangana,9,46.2,31.3,1007.1,62.1,18.8,59.0,18.1,79.0,1.031,10.53,4.95,18.65,31.6,14.6,0
Telangana,9,31.6,29.4,1003.0,78.5,15.2,7.6,18.1,79.0,0.844,26.66,4.67,12.49,38.9,7.3,0
Telangana,9,11.0,35.9,1003.1,77.4,23.8,16.5,18.1,79.0,0.923,22.85,7.73,11.61,34.2,23.2,1
Telangana,9,30.4,35.2,1010.1,71.0,19.0,208.7,18.1,79.0,0.91,21.75,5.47,14.27,68.7,38.3,1
Telangana,9,47.6,17.5,1008.2,57.6,21.4,96.7,18.1,79.0,1.367,18.03,4.96,15.45,46.2,1.4,0
Telangana,9,22.7,32.4,1010.3,66.5,15.9,314.8,18.1,79.0,0.683,26.32,5.19,20.41,21.9,0.8,0
Telangana,9,25.7,31.0,1012.7,64.4,16.0,180.6,18.1,79.0,1.149,22.24,5.22,16.55,9.0,16.7,1
Telangana,9,24.0,28.1,1003.1,66.7,13.0,267.0,18.1,79.0,1.225,23.32,7.25,22.34,49.0,25.0,1
Telangana,9,3.6,25.0,1014.7,65.6,13.3,198.5,18.1,79.0,1.017,28.31,5.91,23.34,0.7,2.9,0
Telangana,9,15.2,24.3,1004.1,76.7,8.9,77.1,18.1,79.0,1.178,12.79,4.33,15.95,28.9,13.6,0
Telangana,9,19.5,29.4,1003.7,84.6,20.2,245.5,18.1,79.0,1.036,13.61,7.22,12.27,17.0,2.5,0
Telangana,9,20.0,22.1,1003.8,73.2,13.1,266.5,18.1,79.0,1.222,18.08,5.56,14.74,20.9,0.8,0
Telangana,9,43.4,28.4,999.7,63.0,13.3,57.2,18.1,79.0,1.434,24.62,5.98,13.55,74.9,31.5,1
Telangana,9,20.0,22.0,1009.8,57.1,18.9,77.3,18.1,79.0,1.012,10.49,7.39,12.57,14.4,5.6,0
Telangana,9,26.4,27.1,1019.5,52.3,13.7,68.9,18.1,79.0,0.985,21.46,9.2,16.3,54.9,28.5,1
Telangana,9,32.5,30.6,1007.0,53.2,21.0,57.9,18.1,79.0,1.181,20.87,5.32,20.07,44.8,12.3,0
Telangana,9,0.0,27.4,1006.5,43.2,11.9,219.8,18.1,79.0,0.602,16.86,3.18,11.36,0.0,0.0,0
Telangana,9,8.3,34.5,1012.5,66.9,24.0,55.2,18.1,79.0,0.883,19.74,4.2,10.45,24.2,15.9,1
Telangana,9,28.3,22.5,1010.3,74.6,12.6,159.1,18.1,79.0,1.232,23.26,8.19,17.41,7.1,21.2,1
Telangana,9,3.7,26.8,1012.0,72.7,12.5,87.8,18.1,79.0,1.367,27.16,4.41,18.1,16.0,12.3,0
Telangana,9,32.9,33.7,1015.1,74.6,14.4,59.5,18.1,79.0,1.03,32.39,6.15,18.44,45.8,12.9,0
Telangana,9,10.9,29.6,1004.7,60.0,18.6,256.1,18.1,79.0,1.249,23.75,7.62,17.54,3.0,7.9,0
Telangana,9,38.6,32.3,1012.5,76.8,8.2,246.8,18.1,79.0,0.824,18.99,5.1,11.4,46.4,7.8,0
Telangana,9,23.5,33.0,1014.0,71.3,19.5,321.6,18.1,79.0,1.052,21.97,5.92,16.74,40.5,17.0,1
Telangana,9,7.8,26.0,1011.9,64.0,12.9,31.9,18.1,79.0,0.926,23.21,6.28,18.77,12.3,4.5,0
Telangana,9,13.5,25.0,1016.3,64.2,12.6,103.8,18.1,79.0,1.019,19.84,6.78,16.41,10.1,3.4,0
Telangana,9,33.4,28.8,1014.6,72.7,15.0,231.8,18.1,79.0,1.103,22.94,6.1,14.78,50.2,16.7,1
Telangana,9,29.6,27.7,1011.3,68.7,15.7,240.4,18.1,79.0,1.234,24.09,5.18,17.23,37.7,8.1,0
Telangana,9,29.1,34.9,1006.9,69.7,12.8,185.5,18.1,79.0,0.938,17.18,3.75,14.02,24.6,4.5,0
Telangana,9,23.1,25.5,1013.2,71.8,19.3,204.0,18.1,79.0,1.351,25.36,5.04,18.68,36.4,13.3,0
Telangana,9,41.7,27.8,1013.7,70.5,16.3,291.5,18.1,79.0,1.011,23.68,4.28,17.55,27.3,14.4,0
Telangana,9,31.2,15.2,998.9,70.0,16.0,230.9,18.1,79.0,1.218,25.2,9.14,16.24,55.2,24.0,1
Telangana,9,13.0,25.5,1003.9,68.4,16.7,296.2,18.1,79.0,1.143,26.82,7.72,16.23,18.2,5.2,0
Telangana,9,3.8,25.5,1004.0,61.8,13.5,64.2,18.1,79.0,1.132,25.43,6.56,14.33,22.8,19.0,1
Telangana,10,7.6,31.4,1004.2,47.0,18.7,169.1,18.1,79.0,1.388,26.91,5.37,21.86,0.0,7.6,0
Telangana,10,31.8,33.2,1002.9,91.1,16.8,100.6,18.1,79.0,1.388,24.73,4.96,7.64,23.3,8.6,0
Telangana,10,14.0,23.7,1004.8,41.5,10.0,105.5,18.1,79.0,1.361,20.14,7.38,9.52,26.8,12.8,0
Telangana,10,41.3,29.6,1007.9,44.5,25.5,210.9,18.1,79.0,1.293,28.38,6.55,19.58,63.6,22.3,1
Telangana,10,24.8,24.2,1012.4,88.8,22.2,149.2,18.1,79.0,1.206,24.34,3.81,16.97,28.3,3.5,0
Telangana,10,9.7,31.7,1009.4,43.8,17.2,81.0,18.1,79.0,1.034,18.96,5.0,17.59,3.4,6.4,0
Telangana,10,6.3,34.0,1009.0,64.8,24.4,57.2,18.1,79.0,1.126,23.93,5.92,16.87,23.1,16.9,1
Telangana,10,47.9,25.3,1011.1,55.3,18.5,312.5,18.1,79.0,1.158,20.75,5.91,18.74,55.9,8.0,0
Telangana,10,20.3,30.1,1003.6,78.7,14.4,77.3,18.1,79.0,1.321,15.29,6.46,12.7,0.0,20.3,1
Telangana,10,22.6,28.7,1000.3,72.7,11.6,93.8,18.1,79.0,1.659,21.79,5.18,17.24,29.2,6.7,0
Telangana,10,21.1,27.6,1007.1,57.6,20.1,164.7,18.1,79.0,1.078,24.46,4.1,17.24,60.8,39.7,1
Telangana,10,36.2,28.1,1007.8,67.0,18.1,156.0,18.1,79.0,1.052,26.06,5.58,15.98,23.3,12.9,0
Telangana,10,27.8,27.8,1010.0,73.1,19.6,132.6,18.1,79.0,1.299,15.16,6.25,17.19,8.2,19.6,1
Telangana,10,36.6,34.7,1003.7,82.6,21.4,325.2,18.1,79.0,1.319,20.0,7.93,21.09,52.8,16.2,1
Telangana,10,29.7,24.3,1012.7,70.1,15.3,165.6,18.1,79.0,1.095,20.23,7.86,12.76,48.9,19.2,1
Telangana,10,9.4,20.3,1011.3,73.2,12.8,297.7,18.1,79.0,1.22,21.18,7.5,15.56,9.4,0.0,0
Telangana,10,40.3,23.4,1000.7,60.7,17.2,222.7,18.1,79.0,1.183,19.57,5.56,18.52,17.4,22.9,1
Telangana,10,0.8,28.3,1012.4,79.1,17.7,131.0,18.1,79.0,1.115,21.54,6.49,18.18,74.8,74.0,1
Telangana,10,23.1,28.2,1016.7,75.5,7.6,221.0,18.1,79.0,1.218,11.7,6.06,15.13,22.2,0.9,0
Telangana,10,25.2,30.4,1014.3,83.0,24.0,234.5,18.1,79.0,0.735,13.04,7.48,17.11,55.5,30.3,1
Telangana,10,31.8,20.5,1005.0,74.3,10.4,42.4,18.1,79.0,1.065,21.77,4.62,23.41,34.8,3.0,0
Telangana,10,29.5,24.4,1006.0,73.1,18.2,144.9,18.1,79.0,1.355,25.83,7.2,15.32,33.7,4.2,0
Telangana,10,9.5,25.5,1010.1,74.0,19.3,88.5,18.1,79.0,0.89,15.59,6.23,21.72,39.7,30.3,1
Telangana,10,28.3,26.4,1009.3,81.2,12.1,302.4,18.1,79.0,1.172,27.53,7.55,11.38,49.8,21.5,1
Telangana,10,25.5,30.0,1006.9,75.0,16.2,76.7,18.1,79.0,1.001,22.29,5.0,15.96,25.9,0.4,0
Telangana,10,39.4,30.2,1018.1,53.2,14.7,23.7,18.1,79.0,1.208,22.18,5.43,19.37,49.8,10.5,0
Telangana,10,21.2,31.5,1019.2,61.1,18.9,51.4,18.1,79.0,1.283,28.34,8.26,15.8,0.2,21.0,1
Telangana,10,24.4,27.1,994.2,80.1,13.4,93.0,18.1,79.0,1.039,22.23,8.08,17.54,67.4,42.9,1
Telangana,10,34.0,30.3,1007.0,69.4,21.2,44.4,18.1,79.0,1.206,25.28,6.38,17.95,42.7,8.7,0
Telangana,10,26.2,31.5,1007.7,63.7,14.7,236.8,18.1,79.0,1.241,20.82,7.9,16.48,60.8,34.6,1
Telangana,10,26.0,29.6,1013.0,82.2,19.1,35.5,18.1,79.0,1.153,17.02,6.51,19.68,40.8,14.8,0
Telangana,10,12.2,26.1,1004.0,63.4,15.5,332.2,18.1,79.0,1.007,20.52,7.4,14.72,2.7,9.5,0
Telangana,10,54.7,25.4,998.9,57.6,6.0,26.3,18.1,79.0,1.138,18.89,7.22,22.43,58.6,3.9,0
Telangana,10,47.2,26.2,1002.1,88.1,12.4,89.6,18.1,79.0,0.88,20.79,7.8,17.4,50.6,3.4,0
Telangana,10,22.3,24.8,1008.9,74.9,14.9,111.4,18.1,79.0,1.235,24.61,6.21,16.18,36.1,13.8,0
Telangana,10,9.8,39.1,995.4,64.4,18.6,213.3,18.1,79.0,0.984,20.45,6.61,13.22,0.0,9.8,0
Telangana,10,37.2,30.8,1008.1,77.7,16.5,194.2,18.1,79.0,0.921,25.55,5.74,19.72,37.5,0.2,0
Telangana,10,42.8,23.7,1002.3,72.1,14.3,280.5,18.1,79.0,1.138,20.99,6.23,10.72,75.4,32.6,1
Telangana,10,17.2,29.2,997.6,61.1,17.2,123.7,18.1,79.0,1.241,25.25,5.95,17.23,21.1,3.9,0
Telangana,10,29.6,32.4,1006.2,70.2,14.0,96.2,18.1,79.0,1.377,24.81,6.92,16.88,22.8,6.8,0
Jharkhand,1,21.8,32.2,1012.4,65.3,8.5,101.1,23.6,85.3,0.694,12.92,1.55,8.31,11.9,9.9,0
Jharkhand,1,31.1,29.5,1009.0,80.9,9.4,276.8,23.6,85.3,0.308,3.61,2.83,7.9,17.6,13.4,0
Jharkhand,1,22.4,28.7,1011.8,67.9,17.6,216.1,23.6,85.3,0.52,13.29,3.56,3.65,19.2,3.2,0
Jharkhand,1,0.0,31.5,1004.5,45.2,7.4,187.3,23.6,85.3,0.572,14.77,3.64,7.73,0.0,0.0,0
Jharkhand,1,0.0,26.9,1006.6,66.5,16.9,64.0,23.6,85.3,0.499,8.01,0.67,4.8,0.0,0.0,0
Jharkhand,1,49.2,36.8,1001.7,69.4,5.6,319.6,23.6,85.3,0.382,9.03,3.76,8.32,57.8,8.6,0
Jharkhand,1,19.1,25.9,1001.4,62.5,10.9,15.2,23.6,85.3,0.339,9.87,4.09,0.9,12.2,6.9,0
Jharkhand,1,15.7,21.4,1000.8,86.7,15.2,264.7,23.6,85.3,0.138,17.94,0.93,9.89,0.8,14.8,0
Jharkhand,1,16.1,30.3,1005.8,51.6,11.0,187.7,23.6,85.3,0.25,8.77,2.42,8.56,6.1,10.0,0
Jharkhand,1,3.3,29.6,1006.0,54.5,17.1,28.6,23.6,85.3,0.631,8.14,2.25,10.95,12.9,9.6,0
Jharkhand,1,30.1,29.2,1011.0,72.1,19.6,176.7,23.6,85.3,0.505,13.41,3.91,5.84,35.9,5.8,0
Jharkhand,1,22.5,33.9,1009.8,68.1,11.0,351.2,23.6,85.3,0.729,13.77,3.39,7.94,22.6,0.1,0
Jharkhand,1,1.2,33.0,1013.7,68.0,13.6,275.7,23.6,85.3,0.72,12.63,1.98,8.73,0.0,1.2,0
Jharkhand,1,3.0,21.9,1003.7,57.9,2.0,345.1,23.6,85.3,0.378,8.31,1.47,8.9,15.2,12.2,0
Jharkhand,1,19.4,30.2,998.1,64.5,15.6,245.1,23.6,85.3,0.601,17.95,1.63,5.01,25.8,6.4,0
Jharkhand,1,30.3,34.6,997.8,66.6,17.2,240.5,23.6,85.3,0.593,9.26,0.0,13.37,38.3,8.0,0
Jharkhand,1,0.0,27.6,1009.3,70.3,5.5,77.9,23.6,85.3,0.58,7.29,0.37,4.83,3.4,3.4,0
Jharkhand,1,0.0,35.4,1013.9,74.7,12.9,351.1,23.6,85.3,0.312,14.89,1.55,7.1,0.0,0.0,0
Jharkhand,1,9.6,28.3,1006.8,61.0,10.8,279.9,23.6,85.3,0.291,4.0,2.06,4.57,10.9,1.3,0
Jharkhand,1,0.0,21.3,1015.3,59.2,1.3,56.2,23.6,85.3,0.382,9.33,2.64,9.96,3.8,3.8,0
Jharkhand,1,0.0,23.7,1000.4,59.6,13.9,157.3,23.6,85.3,0.326,6.36,1.69,8.97,0.0,0.0,0
Jharkhand,1,26.6,26.4,1007.8,62.8,13.5,54.7,23.6,85.3,0.471,20.1,4.25,5.39,38.7,12.1,0
Jharkhand,1,28.9,23.5,997.3,67.4,11.6,134.6,23.6,85.3,0.5,9.68,1.74,11.86,30.1,1.2,0
Jharkhand,1,5.8,28.7,1001.1,56.1,0.0,108.6,23.6,85.3,0.658,10.62,2.71,6.85,20.4,14.6,0
Jharkhand,1,9.2,32.3,1011.8,51.3,15.5,116.0,23.6,85.3,0.359,8.71,3.95,4.92,13.5,4.2,0
Jharkhand,1,0.0,27.9,1005.4,77.7,8.4,121.3,23.6,85.3,0.385,6.97,2.74,11.05,0.0,0.0,0
Jharkhand,1,16.6,28.3,1010.3,55.4,12.1,68.5,23.6,85.3,0.321,8.77,2.38,2.65,23.5,6.9,0
Jharkhand,1,3.2,28.5,1010.9,72.3,6.3,61.4,23.6,85.3,0.67,6.83,3.41,8.34,10.5,7.3,0
Jharkhand,1,23.9,25.2,1003.1,76.8,10.7,257.0,23.6,85.3,0.444,9.1,2.78,6.0,38.9,15.1,0
Jharkhand,1,0.0,21.0,1000.6,58.0,14.7,319.2,23.6,85.3,0.546,6.85,2.97,2.4,4.3,4.3,0
Jharkhand,1,20.2,25.1,1016.3,46.5,15.8,340.8,23.6,85.3,0.303,10.78,1.44,8.01,20.3,0.1,0
Jharkhand,1,11.6,26.4,1005.0,57.5,15.5,260.0,23.6,85.3,0.931,13.25,2.47,10.13,19.5,8.0,0
Jharkhand,1,6.7,36.7,1012.8,57.9,17.1,153.0,23.6,85.3,0.29,9.84,2.42,0.0,0.0,6.7,0
Jharkhand,1,27.4,25.9,1010.9,78.1,2.0,354.4,23.6,85.3,0.445,11.14,4.82,10.09,28.8,1.4,0
Jharkhand,1,4.2,27.1,1005.2,78.1,15.1,50.3,23.6,85.3,0.436,12.51,0.24,12.79,4.9,0.7,0
Jharkhand,1,0.0,33.4,1013.6,64.8,19.0,260.4,23.6,85.3,0.556,3.04,2.65,7.23,1.5,1.5,0
Jharkhand,1,6.6,31.9,1001.8,77.4,12.1,342.2,23.6,85.3,0.422,10.4,4.23,9.33,17.6,11.0,0
Jharkhand,1,11.0,28.0,1017.3,64.1,9.7,125.5,23.6,85.3,0.539,5.26,2.72,7.69,18.5,7.5,0
Jharkhand,1,0.0,20.9,1005.8,64.1,6.8,75.0,23.6,85.3,0.566,8.35,3.47,3.07,2.6,2.6,0
Jharkhand,1,36.0,27.7,1005.1,74.6,18.5,247.2,23.6,85.3,0.368,13.06,2.86,8.17,39.9,3.9,0
Jharkhand,2,13.3,32.7,1014.9,55.7,17.2,48.2,23.6,85.3,0.309,7.63,2.46,11.67,6.4,6.9,0
Jharkhand,2,0.0,27.6,1005.6,76.7,14.1,24.8,23.6,85.3,0.488,6.46,4.52,6.73,8.4,8.4,0
Jharkhand,2,8.7,31.3,1009.5,67.3,14.9,52.2,23.6,85.3,0.225,12.48,4.32,8.36,7.4,1.3,0
Jharkhand,2,17.8,32.6,1006.6,51.1,13.6,96.4,23.6,85.3,0.601,9.35,3.35,7.8,17.7,0.1,0
Jharkhand,2,9.9,29.4,1009.4,60.9,13.8,246.4,23.6,85.3,0.678,13.26,4.51,10.55,31.0,21.1,1
Jharkhand,2,28.9,32.7,1001.9,73.6,17.1,322.0,23.6,85.3,0.157,2.01,2.61,6.88,17.2,11.7,0
Jharkhand,2,19.6,24.2,999.7,86.6,15.3,237.2,23.6,85.3,0.284,7.79,2.2,6.87,18.6,1.0,0
Jharkhand,2,0.0,25.2,999.4,46.2,5.1,164.3,23.6,85.3,0.505,13.19,3.45,10.37,0.4,0.4,0
Jharkhand,2,23.5,20.1,1011.0,65.6,17.6,129.8,23.6,85.3,0.749,4.82,4.29,5.97,31.5,8.0,0
Jharkhand,2,12.8,32.8,1008.8,81.7,9.2,285.9,23.6,85.3,0.436,13.86,3.76,4.63,8.2,4.6,0
Jharkhand,2,18.2,33.7,1004.5,51.7,17.8,172.8,23.6,85.3,0.674,2.65,2.81,7.44,15.6,2.6,0
Jharkhand,2,34.8,28.4,1007.2,63.4,9.0,265.0,23.6,85.3,0.491,18.75,1.96,8.55,33.7,1.1,0
Jharkhand,2,2.5,27.9,1016.3,78.9,12.9,306.9,23.6,85.3,0.631,9.21,1.79,10.41,0.0,2.5,0
Jharkhand,2,15.5,30.5,1011.3,53.2,21.2,142.2,23.6,85.3,0.561,5.92,1.93,7.34,18.4,2.9,0
Jharkhand,2,18.6,27.2,1015.1,61.9,13.6,19.1,23.6,85.3,0.451,5.74,2.42,11.14,21.6,3.0,0
Jharkhand,2,23.3,23.3,999.8,71.5,14.4,113.2,23.6,85.3,0.331,10.55,2.86,4.75,24.5,1.2,0
Jharkhand,2,0.0,26.0,1001.3,64.6,9.5,267.3,23.6,85.3,0.622,5.97,4.01,7.82,9.9,9.9,0
Jharkhand,2,0.0,31.0,1018.1,71.6,9.7,306.4,23.6,85.3,0.424,13.15,5.61,6.68,6.7,6.7,0
Jharkhand,2,42.5,32.5,1011.4,46.1,7.9,205.7,23.6,85.3,0.499,9.25,4.33,10.4,38.3,4.2,0
Jharkhand,2,24.6,24.7,999.9,68.9,6.5,353.2,23.6,85.3,0.356,11.85,3.85,7.5,16.2,8.4,0
Jharkhand,2,0.0,22.3,1011.4,56.6,13.7,134.9,23.6,85.3,0.483,16.23,2.88,3.65,0.0,0.0,0
Jharkhand,2,16.0,25.0,1009.6,78.3,17.1,95.2,23.6,85.3,0.843,11.92,2.74,8.05,21.4,5.4,0
Jharkhand,2,19.6,24.9,1013.4,78.5,24.9,344.6,23.6,85.3,0.563,7.93,3.67,12.02,22.9,3.3,0
Jharkhand,2,9.0,26.6,1006.8,69.4,14.5,297.4,23.6,85.3,0.527,14.85,1.85,4.62,20.5,11.5,0
Jharkhand,2,19.7,26.5,1003.3,61.1,13.8,4.9,23.6,85.3,0.275,6.22,3.11,10.23,14.6,5.1,0
Jharkhand,2,0.0,28.8,997.0,62.1,15.8,95.5,23.6,85.3,0.253,17.35,2.96,9.12,9.0,9.0,0
Jharkhand,2,11.4,27.6,1014.1,57.8,17.4,241.8,23.6,85.3,0.421,12.49,4.66,8.94,2.1,9.4,0
Jharkhand,2,24.3,25.5,1011.2,68.9,5.3,195.7,23.6,85.3,0.319,16.74,1.06,8.02,18.2,6.1,0
Jharkhand,2,34.4,22.5,1019.7,62.4,10.0,103.7,23.6,85.3,0.56,7.93,2.03,7.0,31.8,2.5,0
Jharkhand,2,25.7,29.0,1010.3,61.8,16.0,58.2,23.6,85.3,0.382,9.29,4.66,6.77,23.5,2.2,0
Jharkhand,2,17.2,28.2,1002.6,54.2,16.5,129.3,23.6,85.3,0.743,9.46,0.16,10.44,28.5,11.3,0
Jharkhand,2,22.4,26.8,1006.2,61.5,9.2,68.0,23.6,85.3,0.525,9.47,2.1,8.94,36.3,13.9,0
Jharkhand,2,15.8,23.3,1007.9,70.8,16.3,232.9,23.6,85.3,0.593,22.17,1.52,12.97,24.0,8.3,0
Jharkhand,2,47.1,22.9,1015.7,82.4,12.0,343.0,23.6,85.3,0.991,8.03,4.21,12.98,51.7,4.6,0
Jharkhand,2,11.6,35.8,1006.5,60.4,0.0,248.2,23.6,85.3,0.492,14.46,2.77,12.5,26.3,14.6,0
Jharkhand,2,0.0,26.8,1010.9,80.1,13.4,197.6,23.6,85.3,0.636,7.82,2.41,7.94,12.3,12.3,0
Jharkhand,2,39.9,25.1,1011.6,68.2,10.3,307.2,23.6,85.3,0.612,8.99,3.4,5.49,34.2,5.7,0
Jharkhand,2,29.5,29.5,1008.9,60.9,16.6,4.3,23.6,85.3,0.722,9.51,1.68,6.32,37.5,7.9,0
Jharkhand,2,0.0,35.9,1001.2,64.5,18.8,233.1,23.6,85.3,0.496,15.93,1.84,7.63,0.0,0.0,0
Jharkhand,2,26.8,30.9,1010.8,67.3,13.2,92.0,23.6,85.3,0.627,11.85,1.83,1.72,48.3,21.5,1
Jharkhand,3,6.8,27.8,1013.6,69.9,6.0,268.3,23.6,85.3,0.829,15.44,2.78,9.67,12.2,5.3,0
Jharkhand,3,19.7,30.2,1006.1,73.5,16.2,89.5,23.6,85.3,0.807,16.04,2.85,9.42,16.3,3.5,0
Jharkhand,3,19.1,25.3,1010.3,78.5,13.2,283.0,23.6,85.3,0.752,17.19,2.5,10.14,26.7,7.6,0
Jharkhand,3,12.2,30.6,999.8,69.9,22.2,157.7,23.6,85.3,0.66,8.19,2.99,10.72,17.1,4.9,0
Jharkhand,3,0.0,29.5,1003.7,60.8,17.7,280.6,23.6,85.3,0.524,9.12,2.54,8.17,11.5,11.5,0
Jharkhand,3,15.7,33.4,1002.2,79.4,12.5,51.8,23.6,85.3,0.605,22.09,2.83,16.0,27.8,12.1,0
Jharkhand,3,0.3,24.7,1009.0,67.5,11.2,173.1,23.6,85.3,0.963,13.67,3.96,10.14,6.5,6.2,0
Jharkhand,3,47.2,30.8,1021.2,74.3,9.9,345.6,23.6,85.3,0.637,19.15,2.59,5.04,52.0,4.8,0
Jharkhand,3,37.3,26.0,1010.9,59.8,17.9,77.2,23.6,85.3,0.706,11.72,2.5,4.02,28.8,8.5,0
Jharkhand,3,12.2,30.3,1017.3,61.3,10.0,342.5,23.6,85.3,0.824,15.34,3.94,10.83,13.5,1.3,0
Jharkhand,3,35.7,25.4,1005.6,56.3,12.6,70.5,23.6,85.3,0.527,8.26,2.25,4.97,42.4,6.7,0
Jharkhand,3,3.8,35.0,1012.7,67.2,16.1,330.0,23.6,85.3,0.554,12.24,4.69,13.22,0.0,3.8,0
Jharkhand,3,49.2,23.1,996.6,83.7,16.8,3.8,23.6,85.3,0.815,10.34,1.31,8.44,47.3,1.9,0
Jharkhand,3,2.0,26.1,1005.1,61.8,15.1,146.0,23.6,85.3,0.713,2.89,2.18,6.78,17.9,16.0,0
Jharkhand,3,4.0,21.0,1011.4,67.4,25.8,73.1,23.6,85.3,0.609,8.91,2.16,7.32,0.0,4.0,0
Jharkhand,3,18.9,28.8,1007.8,79.2,16.0,268.5,23.6,85.3,0.685,14.29,4.51,6.36,16.6,2.3,0
Jharkhand,3,17.2,28.7,1000.9,74.1,20.4,260.0,23.6,85.3,0.514,16.46,2.92,10.0,31.1,13.9,0
Jharkhand,3,35.5,26.8,1005.4,81.5,12.7,129.1,23.6,85.3,0.741,9.85,3.06,11.57,21.8,13.7,0
Jharkhand,3,27.2,22.5,1004.3,69.7,7.0,71.5,23.6,85.3,0.72,15.17,3.19,11.65,71.0,43.8,1
Jharkhand,3,0.0,19.6,1013.6,54.7,15.0,198.0,23.6,85.3,0.646,14.17,5.45,7.96,16.4,16.4,0
Jharkhand,3,0.0,30.0,1010.4,65.7,18.1,271.2,23.6,85.3,0.719,10.23,2.2,6.72,0.0,0.0,0
Jharkhand,3,0.0,36.0,1006.5,66.4,7.5,308.2,23.6,85.3,0.602,10.7,2.8,9.16,0.6,0.6,0
Jharkhand,3,0.0,32.0,1002.4,74.6,6.5,321.8,23.6,85.3,0.448,10.14,3.98,13.33,20.5,20.5,1
Jharkhand,3,21.6,28.5,1003.2,48.6,16.3,7.2,23.6,85.3,0.655,11.46,2.54,11.82,42.2,20.6,1
Jharkhand,3,0.0,21.1,1006.8,59.3,19.1,196.6,23.6,85.3,1.032,17.37,3.53,10.23,10.0,10.0,0
Jharkhand,3,3.1,30.3,1014.9,60.2,12.0,108.6,23.6,85.3,0.953,10.09,3.69,9.7,6.1,3.0,0
Jharkhand,3,0.0,25.6,1001.9,65.2,10.9,170.8,23.6,85.3,0.6,20.52,2.6,8.63,1.4,1.4,0
Jharkhand,3,5.7,22.2,1017.0,48.2,4.6,239.0,23.6,85.3,0.243,16.14,4.43,7.39,7.6,1.9,0
Jharkhand,3,15.5,25.3,1004.9,64.9,10.9,55.2,23.6,85.3,0.623,14.86,2.93,11.71,27.8,12.4,0
Jharkhand,3,0.0,30.1,1004.5,62.1,14.8,325.4,23.6,85.3,0.606,15.7,3.62,7.52,14.4,14.4,0
Jharkhand,3,31.5,28.6,1005.2,58.8,21.6,142.8,23.6,85.3,0.682,14.74,0.09,7.04,57.2,25.6,1
Jharkhand,3,0.0,22.6,1005.8,56.6,9.4,308.4,23.6,85.3,0.618,14.48,3.88,7.33,13.2,13.2,0
Jharkhand,3,18.2,32.8,1009.4,63.9,12.0,308.8,23.6,85.3,0.905,13.56,3.65,11.49,6.3,11.9,0
Jharkhand,3,0.0,29.4,1003.2,63.9,13.1,347.7,23.6,85.3,0.617,4.6,3.64,12.84,8.9,8.9,0
Jharkhand,3,22.9,25.6,1005.9,58.0,9.5,230.6,23.6,85.3,0.837,24.58,3.58,11.41,4.3,18.6,1
Jharkhand,3,9.9,34.7,1008.5,65.5,27.7,350.7,23.6,85.3,0.807,12.8,3.73,16.21,36.6,26.7,1
Jharkhand,3,8.4,22.1,1008.2,74.1,22.2,137.6,23.6,85.3,0.583,17.5,2.29,9.08,12.0,3.6,0
Jharkhand,3,15.2,33.7,1010.7,61.1,12.0,264.0,23.6,85.3,0.364,5.54,1.91,10.7,28.5,13.3,0
Jharkhand,3,14.5,26.3,1004.3,49.2,21.2,275.0,23.6,85.3,0.697,16.47,5.06,9.11,9.8,4.7,0
Jharkhand,3,15.9,28.0,1005.2,53.9,15.1,306.2,23.6,85.3,1.003,10.03,5.51,6.49,23.4,7.5,0
Jharkhand,4,33.4,30.6,1015.1,56.8,12.7,238.8,23.6,85.3,0.967,13.86,4.13,10.31,43.2,9.8,0
Jharkhand,4,7.5,23.9,1005.5,57.8,12.6,204.9,23.6,85.3,0.472,13.13,6.45,5.7,0.0,7.5,0
Jharkhand,4,22.7,22.0,1007.3,83.7,10.5,207.6,23.6,85.3,0.414,11.26,3.56,17.49,23.1,0.4,0
Jharkhand,4,16.3,28.2,1003.6,43.4,20.8,151.4,23.6,85.3,0.961,15.72,5.24,6.46,22.7,6.3,0
Jharkhand,4,25.8,33.7,1010.1,71.2,14.7,343.3,23.6,85.3,0.62,12.77,4.85,12.63,46.2,20.4,1
Jharkhand,4,25.4,27.5,1014.4,54.6,12.1,70.1,23.6,85.3,0.515,10.44,3.06,11.66,24.6,0.8,0
Jharkhand,4,22.1,29.3,996.3,68.5,9.8,268.6,23.6,85.3,0.784,15.04,4.03,13.17,19.2,2.8,0
Jharkhand,4,4.0,28.2,1005.7,94.0,12.8,180.6,23.6,85.3,0.556,10.45,1.79,9.92,4.3,0.3,0
Jharkhand,4,33.1,27.1,1005.6,68.5,12.6,314.2,23.6,85.3,1.008,14.25,2.57,10.35,40.4,7.3,0
Jharkhand,4,0.0,26.8,1000.0,70.2,7.6,59.6,23.6,85.3,0.688,9.23,3.78,7.55,19.5,19.5,1
Jharkhand,4,36.1,32.7,1008.3,69.5,12.3,12.3,23.6,85.3,1.049,10.51,4.27,5.68,36.9,0.7,0
Jharkhand,4,16.1,29.3,1010.9,79.2,6.1,343.8,23.6,85.3,1.082,12.93,3.14,11.45,21.0,4.8,0
Jharkhand,4,15.2,34.1,1019.9,63.7,25.2,331.3,23.6,85.3,0.891,10.6,2.79,10.11,29.7,14.6,0
Jharkhand,4,21.3,21.8,1001.3,49.7,15.2,278.0,23.6,85.3,0.765,15.25,2.94,11.59,41.8,20.5,1
Jharkhand,4,26.5,23.7,1006.3,60.7,18.0,179.9,23.6,85.3,0.65,10.55,4.07,10.06,21.8,4.7,0
Jharkhand,4,21.3,27.5,1011.7,62.1,7.7,99.2,23.6,85.3,0.789,17.23,3.63,13.62,11.2,10.1,0
Jharkhand,4,32.4,30.7,1005.8,77.5,15.2,119.4,23.6,85.3,0.584,12.05,4.51,11.29,20.0,12.5,0
Jharkhand,4,45.3,35.4,1009.0,60.1,10.3,97.2,23.6,85.3,1.027,25.36,3.49,10.02,49.6,4.3,0
Jharkhand,4,24.2,25.0,1001.2,64.7,15.1,42.3,23.6,85.3,0.523,19.3,3.73,10.36,10.1,14.1,0
Jharkhand,4,24.0,29.5,1019.3,64.4,21.4,189.6,23.6,85.3,0.671,8.06,5.23,11.5,27.9,4.0,0
Jharkhand,4,14.1,29.3,1004.4,71.5,8.8,274.1,23.6,85.3,0.839,20.41,4.1,14.98,19.0,4.9,0
Jharkhand,4,4.9,36.7,1007.4,76.5,10.5,61.0,23.6,85.3,0.808,14.78,6.28,12.37,5.6,0.7,0
Jharkhand,4,41.0,21.2,1000.7,75.8,14.7,119.8,23.6,85.3,0.818,19.05,2.58,10.83,46.3,5.3,0
Jharkhand,4,22.7,31.0,998.2,72.4,4.1,272.9,23.6,85.3,0.528,15.57,4.65,11.26,18.7,4.1,0
Jharkhand,4,0.0,28.3,1006.0,70.4,11.4,263.0,23.6,85.3,0.749,18.46,3.25,13.29,11.4,11.4,0
Jharkhand,4,8.5,22.4,1014.3,62.8,10.4,14.2,23.6,85.3,0.55,17.3,3.84,11.25,24.4,15.9,0
Jharkhand,4,19.8,34.7,1007.9,51.9,9.2,173.3,23.6,85.3,0.762,20.87,4.08,10.4,21.0,1.2,0
Jharkhand,4,26.2,30.1,1012.0,60.0,24.9,341.5,23.6,85.3,0.612,19.56,4.93,9.16,37.4,11.2,0
Jharkhand,4,12.2,30.1,1009.2,92.5,20.6,168.5,23.6,85.3,0.892,9.77,4.07,9.77,17.0,4.8,0
Jharkhand,4,19.6,21.5,1006.6,68.3,18.2,113.5,23.6,85.3,0.581,11.36,3.47,7.7,37.8,18.2,1
Jharkhand,4,29.5,39.3,1005.3,75.6,7.5,346.7,23.6,85.3,0.696,14.45,5.38,14.73,22.8,6.7,0
Jharkhand,4,16.8,34.1,1006.2,70.1,16.3,355.8,23.6,85.3,0.873,13.81,1.49,13.2,23.9,7.1,0
Jharkhand,4,43.9,30.7,1005.2,54.5,12.7,64.1,23.6,85.3,0.76,9.74,0.51,8.22,21.4,22.5,1
Jharkhand,4,4.2,29.4,1015.2,42.5,8.5,173.4,23.6,85.3,0.649,15.43,4.3,9.85,21.4,17.3,0
Jharkhand,4,53.3,24.1,1012.6,88.1,20.8,107.5,23.6,85.3,0.674,7.85,3.17,9.47,62.4,9.1,0
Jharkhand,4,2.0,28.7,1009.0,62.3,17.8,99.5,23.6,85.3,0.804,9.59,2.92,13.97,0.0,2.0,0
Jharkhand,4,29.2,27.1,997.8,62.6,17.3,219.1,23.6,85.3,1.112,11.06,4.81,9.74,29.1,0.1,0
Jharkhand,4,32.8,29.3,1009.2,50.2,8.8,86.4,23.6,85.3,0.842,17.71,5.93,8.26,57.4,24.6,1
Jharkhand,4,14.6,28.7,1007.4,69.5,17.1,352.5,23.6,85.3,0.69,15.14,2.76,13.12,21.7,7.1,0
Jharkhand,4,7.1,23.4,1008.8,80.1,21.5,36.6,23.6,85.3,0.926,17.97,5.51,12.51,9.0,1.8,0
Jharkhand,5,31.8,17.9,1003.0,58.8,10.6,308.3,23.6,85.3,0.713,14.3,3.98,13.24,20.6,11.2,0
Jharkhand,5,13.9,27.9,998.7,66.8,15.2,208.2,23.6,85.3,0.562,15.91,5.79,7.18,17.2,3.3,0
Jharkhand,5,0.0,26.5,1004.0,71.2,12.5,27.7,23.6,85.3,1.13,17.22,5.48,9.1,1.9,1.9,0
Jharkhand,5,34.9,25.3,1008.0,66.8,2.2,1.9,23.6,85.3,0.742,15.85,3.44,8.52,29.2,5.6,0
Jharkhand,5,12.9,30.7,1005.2,68.6,15.0,254.2,23.6,85.3,1.02,15.01,3.63,15.7,20.7,7.8,0
Jharkhand,5,0.0,17.6,1016.0,68.3,13.1,121.7,23.6,85.3,0.796,12.29,3.92,10.2,1.2,1.2,0
Jharkhand,5,23.3,29.7,1007.7,68.6,5.1,93.5,23.6,85.3,0.867,16.19,6.08,11.59,12.1,11.2,0
Jharkhand,5,20.5,26.0,999.4,64.5,21.4,235.7,23.6,85.3,1.042,19.38,7.14,13.75,27.7,7.2,0
Jharkhand,5,21.8,29.4,1006.7,62.4,16.3,208.4,23.6,85.3,0.452,11.27,6.28,11.43,34.0,12.2,0
Jharkhand,5,10.4,31.8,1010.0,87.4,20.6,167.7,23.6,85.3,0.708,11.81,4.13,12.44,9.6,0.8,0
Jharkhand,5,30.6,28.6,1008.0,82.7,14.5,313.5,23.6,85.3,1.03,17.35,3.97,9.52,52.4,21.8,1
Jharkhand,5,44.8,25.6,1009.5,71.9,5.3,227.3,23.6,85.3,0.477,16.44,7.02,8.04,70.9,26.1,1
Jharkhand,5,46.0,28.2,1010.6,64.7,11.8,319.3,23.6,85.3,0.671,18.4,4.35,9.18,58.9,12.8,0
Jharkhand,5,31.1,32.7,1005.6,77.8,24.8,135.7,23.6,85.3,0.849,19.23,1.7,8.29,29.3,1.7,0
Jharkhand,5,15.6,28.7,1009.3,53.8,19.8,103.1,23.6,85.3,0.838,18.47,3.56,11.67,7.2,8.4,0
Jharkhand,5,0.0,27.3,1016.6,61.8,6.2,328.8,23.6,85.3,0.73,18.26,5.09,10.86,9.5,9.5,0
Jharkhand,5,20.0,20.4,1005.4,59.2,6.5,177.8,23.6,85.3,0.96,16.57,2.07,9.05,25.9,5.9,0
Jharkhand,5,20.4,27.0,1011.8,71.2,11.1,156.0,23.6,85.3,0.785,8.18,4.65,8.61,40.1,19.7,1
Jharkhand,5,0.0,29.7,998.0,61.0,16.0,156.2,23.6,85.3,0.999,19.26,5.26,15.03,0.0,0.0,0
Jharkhand,5,14.9,30.9,1013.4,65.8,11.2,233.2,23.6,85.3,0.655,18.29,5.63,13.76,18.3,3.4,0
Jharkhand,5,47.7,28.2,1014.8,56.5,15.0,332.2,23.6,85.3,0.64,13.26,4.37,10.99,25.9,21.8,1
Jharkhand,5,14.2,25.7,999.3,72.0,17.3,284.5,23.6,85.3,1.166,12.02,2.98,12.28,19.7,5.5,0
Jharkhand,5,22.4,31.6,1006.7,77.8,10.1,237.3,23.6,85.3,0.603,2.87,2.2,15.07,39.7,17.3,0
Jharkhand,5,2.0,32.0,995.9,57.2,11.7,297.3,23.6,85.3,1.187,14.66,4.22,15.51,37.0,35.0,1
Jharkhand,5,37.6,23.4,1012.4,61.0,21.0,340.1,23.6,85.3,0.621,20.93,4.93,13.58,41.7,4.1,0
Jharkhand,5,12.9,30.7,1019.0,86.6,13.1,87.8,23.6,85.3,0.716,17.1,4.64,15.08,26.2,13.3,0
Jharkhand,5,31.1,25.7,1005.4,56.7,15.3,334.0,23.6,85.3,1.039,6.48,4.86,9.26,44.7,13.5,0
Jharkhand,5,5.4,31.2,1004.8,61.2,18.0,99.3,23.6,85.3,1.017,19.48,4.17,11.02,27.3,21.9,1
Jharkhand,5,32.4,34.8,999.3,64.6,11.7,18.6,23.6,85.3,0.636,13.28,4.35,6.76,11.3,21.1,1
Jharkhand,5,18.8,38.9,1008.6,63.7,16.2,56.9,23.6,85.3,0.8,13.81,2.42,15.09,17.8,1.0,0
Jharkhand,5,27.3,32.5,1006.5,52.8,12.9,50.3,23.6,85.3,0.925,14.22,3.55,11.23,37.5,10.2,0
Jharkhand,5,33.4,37.6,1017.6,66.2,10.4,146.6,23.6,85.3,0.563,17.01,3.11,9.06,23.9,9.5,0
Jharkhand,5,33.3,27.9,1001.2,76.3,20.0,29.5,23.6,85.3,0.669,13.02,4.62,15.12,39.4,6.1,0
Jharkhand,5,1.1,32.5,1007.7,65.5,16.2,220.9,23.6,85.3,0.598,11.15,4.24,12.28,15.9,14.8,0
Jharkhand,5,38.7,26.2,1009.6,72.1,16.8,177.8,23.6,85.3,0.93,13.19,4.99,8.91,45.0,6.3,0
Jharkhand,5,16.0,36.8,1003.5,57.8,21.3,60.5,23.6,85.3,0.873,14.43,2.87,10.96,14.1,1.9,0
Jharkhand,5,9.7,26.0,1005.0,76.7,6.8,148.0,23.6,85.3,0.871,16.08,5.05,13.55,15.7,6.0,0
Jharkhand,5,35.8,18.3,1018.8,78.8,22.4,200.7,23.6,85.3,0.833,17.63,3.82,12.84,43.7,7.9,0
Jharkhand,5,2.8,31.1,1011.2,60.5,7.4,47.2,23.6,85.3,0.657,17.59,3.35,16.88,0.0,2.8,0
Jharkhand,5,7.6,28.3,1000.0,58.8,5.7,321.3,23.6,85.3,1.011,14.79,5.81,9.83,7.9,0.3,0
Jharkhand,6,35.5,31.0,1010.3,79.1,14.1,319.4,23.6,85.3,0.776,25.94,4.21,13.04,43.0,7.5,0
Jharkhand,6,32.2,30.7,994.5,85.7,22.4,68.8,23.6,85.3,0.941,23.23,5.06,14.43,47.4,15.2,0
Jharkhand,6,30.4,32.2,997.2,67.1,8.3,286.4,23.6,85.3,0.73,17.11,5.87,17.6,46.9,16.5,0
Jharkhand,6,33.5,23.4,1002.9,54.6,9.1,49.9,23.6,85.3,1.113,22.25,2.53,13.57,36.4,2.9,0
Jharkhand,6,0.0,31.4,1012.0,61.9,12.9,52.3,23.6,85.3,0.995,15.65,3.72,10.42,26.3,26.3,1
Jharkhand,6,40.2,23.7,1003.5,57.4,7.0,354.3,23.6,85.3,0.765,21.28,4.34,13.02,40.8,0.6,0
Jharkhand,6,27.9,27.4,1011.7,79.6,11.3,189.5,23.6,85.3,0.585,16.15,4.77,13.08,29.9,2.0,0
Jharkhand,6,30.0,31.0,997.4,69.8,12.8,335.3,23.6,85.3,1.191,11.21,4.69,18.0,38.2,8.1,0
Jharkhand,6,8.9,27.2,1016.9,79.7,11.8,37.4,23.6,85.3,1.039,8.07,4.62,19.16,13.0,4.1,0
Jharkhand,6,44.5,22.4,1001.5,79.3,18.7,46.5,23.6,85.3,1.086,15.87,3.4,14.84,47.1,2.6,0
Jharkhand,6,28.6,28.9,1006.3,86.8,9.2,98.1,23.6,85.3,0.893,19.47,4.81,16.92,38.2,9.6,0
Jharkhand,6,13.2,24.0,1004.2,59.9,17.8,185.9,23.6,85.3,0.991,12.73,4.37,15.13,33.4,20.2,1
Jharkhand,6,1.2,34.4,1015.2,78.2,20.7,330.0,23.6,85.3,0.752,18.58,5.11,11.8,13.8,12.6,0
Jharkhand,6,42.9,31.7,1008.2,43.6,6.7,183.3,23.6,85.3,1.04,12.55,4.87,15.81,48.3,5.4,0
Jharkhand,6,13.7,22.2,1011.9,61.5,22.6,6.4,23.6,85.3,0.986,21.57,4.31,15.09,10.7,2.9,0
Jharkhand,6,11.1,24.5,1005.6,88.6,9.9,85.2,23.6,85.3,0.867,13.7,5.7,12.17,10.2,0.9,0
Jharkhand,6,38.2,27.1,1009.1,67.7,13.9,85.3,23.6,85.3,1.084,19.13,5.73,14.03,59.2,20.9,1
Jharkhand,6,24.8,33.6,1003.5,60.1,23.3,306.8,23.6,85.3,1.285,20.69,4.42,19.28,7.6,17.2,0
Jharkhand,6,34.1,17.9,1015.5,57.7,12.9,247.5,23.6,85.3,1.03,17.5,6.41,11.7,24.2,10.0,0
Jharkhand,6,15.8,34.7,1013.2,79.6,11.6,303.7,23.6,85.3,1.196,12.73,4.76,11.68,24.0,8.2,0
Jharkhand,6,0.0,31.5,1014.9,78.4,8.8,235.5,23.6,85.3,0.878,18.24,6.74,12.37,14.6,14.6,0
Jharkhand,6,0.0,28.4,1012.7,66.5,17.5,68.8,23.6,85.3,0.819,17.7,4.1,16.38,19.9,19.9,1
Jharkhand,6,31.9,18.0,1006.4,76.4,13.6,53.2,23.6,85.3,1.099,22.19,5.47,9.21,23.2,8.7,0
Jharkhand,6,28.3,19.8,1016.2,69.4,10.9,59.7,23.6,85.3,1.153,13.2,2.44,10.7,39.2,11.0,0
Jharkhand,6,45.7,33.0,1005.8,70.8,16.1,147.0,23.6,85.3,0.518,16.98,5.7,19.28,54.2,8.5,0
Jharkhand,6,38.3,31.6,1006.1,54.6,20.1,89.2,23.6,85.3,0.828,23.01,4.93,9.54,44.0,5.6,0
Jharkhand,6,14.4,29.9,1010.0,61.5,7.9,10.5,23.6,85.3,1.222,13.54,5.62,15.48,14.2,0.2,0
Jharkhand,6,10.5,30.5,1007.9,63.0,16.8,305.5,23.6,85.3,1.16,18.75,0.69,12.96,3.7,6.8,0
Jharkhand,6,19.7,26.7,1006.4,78.8,13.3,306.4,23.6,85.3,1.007,14.01,4.34,9.57,34.2,14.6,0
Jharkhand,6,25.9,36.4,999.8,77.7,5.6,333.9,23.6,85.3,0.483,18.52,5.08,12.71,0.0,25.9,1
Jharkhand,6,14.9,28.6,1003.4,67.7,19.8,278.8,23.6,85.3,0.695,17.92,6.93,15.2,0.0,14.9,0
Jharkhand,6,42.1,26.4,1006.8,55.1,15.1,266.6,23.6,85.3,0.687,20.67,4.9,11.42,43.6,1.5,0
Jharkhand,6,32.6,29.6,1011.3,56.1,10.9,349.2,23.6,85.3,0.833,16.4,4.9,14.34,24.0,8.6,0
Jharkhand,6,0.0,26.8,1007.9,50.3,15.7,337.8,23.6,85.3,1.107,13.85,5.19,15.34,26.9,26.9,1
Jharkhand,6,34.9,32.3,1008.8,63.5,20.7,358.5,23.6,85.3,1.217,21.41,4.35,8.91,41.2,6.3,0
Jharkhand,6,13.5,21.8,1005.1,77.0,14.4,17.2,23.6,85.3,0.598,17.51,6.64,13.79,12.1,1.4,0
Jharkhand,6,33.4,33.2,1014.9,71.4,6.2,253.0,23.6,85.3,0.834,16.13,3.58,15.31,51.5,18.1,1
Jharkhand,6,13.0,30.7,1013.5,71.7,14.4,228.5,23.6,85.3,0.781,21.28,6.12,14.07,11.6,1.4,0
Jharkhand,6,29.7,24.5,1014.3,79.4,16.9,243.3,23.6,85.3,0.874,11.28,3.83,15.88,24.4,5.3,0
Jharkhand,6,57.0,26.1,1003.4,71.4,16.3,198.5,23.6,85.3,0.861,14.69,4.05,17.29,84.6,27.6,1
Jharkhand,7,16.2,27.4,1014.9,75.9,11.9,340.3,23.6,85.3,0.863,23.26,3.38,15.5,15.5,0.7,0
Jharkhand,7,13.8,25.9,1012.2,73.6,19.8,115.3,23.6,85.3,0.657,20.6,5.15,13.42,0.0,13.8,0
Jharkhand,7,36.8,16.0,1011.4,74.9,17.7,3.7,23.6,85.3,0.538,13.43,4.16,20.43,53.9,17.1,0
Jharkhand,7,21.7,25.4,1008.5,76.7,16.2,71.2,23.6,85.3,1.28,21.77,4.56,15.95,47.1,25.4,1
Jharkhand,7,29.9,29.6,1015.5,62.0,9.9,145.3,23.6,85.3,1.167,23.8,5.39,12.43,63.5,33.7,1
Jharkhand,7,8.0,26.1,1004.5,79.1,13.9,263.1,23.6,85.3,1.159,16.24,4.82,13.37,35.7,27.7,1
Jharkhand,7,36.9,21.6,1010.6,67.9,8.4,355.9,23.6,85.3,0.955,11.11,5.47,15.23,38.9,1.9,0
Jharkhand,7,25.3,27.0,1002.4,62.1,10.9,64.8,23.6,85.3,0.785,17.76,5.23,10.4,23.2,2.1,0
Jharkhand,7,25.1,28.6,1009.7,60.8,9.3,330.6,23.6,85.3,1.035,18.76,3.85,21.59,19.3,5.8,0
Jharkhand,7,5.5,25.1,1012.3,74.2,23.7,24.9,23.6,85.3,0.938,24.02,3.94,18.45,11.6,6.1,0
Jharkhand,7,13.3,21.1,1010.6,83.3,16.5,16.0,23.6,85.3,1.051,23.66,6.67,6.32,14.8,1.5,0
Jharkhand,7,15.8,28.7,1006.0,73.0,16.5,354.4,23.6,85.3,0.563,22.99,4.2,20.13,32.0,16.1,0
Jharkhand,7,0.0,24.8,1009.2,64.0,13.9,177.4,23.6,85.3,1.067,20.05,6.11,14.83,0.0,0.0,0
Jharkhand,7,26.7,29.4,1008.0,80.8,9.4,82.8,23.6,85.3,0.755,22.58,2.73,14.08,45.5,18.8,1
Jharkhand,7,18.8,27.5,1009.3,45.1,16.2,347.4,23.6,85.3,1.183,19.47,5.49,11.31,37.3,18.5,1
Jharkhand,7,23.7,21.7,1005.2,74.7,15.2,151.8,23.6,85.3,0.915,24.6,6.83,9.55,37.2,13.5,0
Jharkhand,7,45.8,29.6,1007.5,54.7,13.0,351.9,23.6,85.3,1.164,23.74,4.94,11.96,20.1,25.7,1
Jharkhand,7,32.4,29.7,997.3,73.2,18.9,176.0,23.6,85.3,0.786,29.7,5.23,21.71,40.1,7.6,0
Jharkhand,7,40.2,26.6,1004.5,52.3,17.4,168.4,23.6,85.3,0.803,13.66,5.22,17.22,41.3,1.1,0
Jharkhand,7,19.9,34.0,999.9,86.5,8.0,142.6,23.6,85.3,1.071,23.87,3.28,15.47,17.1,2.8,0
Jharkhand,7,39.0,25.4,998.3,72.1,14.6,349.7,23.6,85.3,1.191,16.45,6.37,15.26,56.9,17.8,1
Jharkhand,7,13.8,26.4,1011.2,75.8,4.3,148.6,23.6,85.3,0.829,20.91,3.21,17.63,28.9,15.1,0
Jharkhand,7,12.9,29.6,1007.8,74.5,7.9,134.9,23.6,85.3,0.752,15.12,4.32,14.82,41.8,28.9,1
Jharkhand,7,27.2,31.7,1003.6,62.8,11.4,293.8,23.6,85.3,1.132,18.63,4.84,16.72,26.4,0.8,0
Jharkhand,7,13.6,26.6,1017.1,77.3,24.3,175.9,23.6,85.3,1.076,18.48,4.82,10.35,39.5,25.9,1
Jharkhand,7,1.4,31.5,1006.0,59.4,10.0,181.6,23.6,85.3,0.925,19.99,2.82,8.78,0.0,1.4,0
Jharkhand,7,36.3,33.7,1006.7,75.9,16.5,162.2,23.6,85.3,1.239,15.02,5.43,17.55,56.6,20.3,1
Jharkhand,7,35.8,27.8,1011.4,54.3,7.9,216.6,23.6,85.3,1.216,26.3,5.02,12.04,40.3,4.5,0
Jharkhand,7,52.7,24.6,1007.1,80.7,15.2,240.4,23.6,85.3,1.15,18.06,5.77,7.73,33.3,19.3,1
Jharkhand,7,21.4,33.3,1007.2,68.0,16.0,186.1,23.6,85.3,0.677,22.72,5.52,16.0,8.8,12.6,0
Jharkhand,7,46.7,26.2,1015.2,47.4,12.7,346.0,23.6,85.3,0.97,10.15,4.05,15.82,74.1,27.3,1
Jharkhand,7,20.6,32.3,1010.0,64.4,18.7,32.6,23.6,85.3,0.941,17.09,3.26,16.23,17.6,3.0,0
Jharkhand,7,32.3,29.1,1009.8,66.9,8.4,331.4,23.6,85.3,1.166,29.27,4.49,11.83,21.8,10.5,0
Jharkhand,7,24.0,31.2,1012.5,84.2,16.7,253.5,23.6,85.3,1.046,11.57,4.78,13.7,37.2,13.2,0
Jharkhand,7,31.1,25.0,1004.5,69.1,17.2,309.2,23.6,85.3,0.901,19.77,3.95,11.89,7.5,23.5,1
Jharkhand,7,15.6,33.1,1015.1,74.2,19.8,286.1,23.6,85.3,1.033,10.22,7.92,14.35,18.7,3.0,0
Jharkhand,7,45.8,28.6,1020.6,60.2,20.0,193.7,23.6,85.3,1.018,16.45,4.44,18.85,59.7,13.9,0
Jharkhand,7,30.8,21.4,1000.0,59.3,12.8,48.5,23.6,85.3,1.062,24.06,6.96,15.56,24.5,6.3,0
Jharkhand,7,35.3,28.7,1010.3,80.6,12.9,265.7,23.6,85.3,0.713,22.88,4.42,15.65,44.5,9.2,0
Jharkhand,7,19.7,25.4,1003.8,71.4,18.0,302.6,23.6,85.3,0.947,13.83,5.77,9.76,49.4,29.7,1
Jharkhand,8,37.8,23.8,1000.1,60.4,17.9,151.5,23.6,85.3,1.233,25.45,4.96,18.92,64.9,27.1,1
Jharkhand,8,35.0,30.0,1005.2,89.3,10.3,268.0,23.6,85.3,1.199,25.45,5.2,15.37,20.1,15.0,0
Jharkhand,8,20.1,37.5,1006.2,81.8,12.7,36.5,23.6,85.3,0.929,24.6,3.03,21.39,33.5,13.3,0
Jharkhand,8,21.5,24.6,1005.4,80.5,7.3,2.8,23.6,85.3,1.311,13.59,4.9,11.73,8.4,13.1,0
Jharkhand,8,30.0,30.4,1006.0,54.0,10.9,237.5,23.6,85.3,1.078,16.97,5.06,18.61,39.7,9.7,0
Jharkhand,8,11.8,28.8,1005.2,62.5,15.9,204.3,23.6,85.3,0.997,25.88,8.61,11.13,3.5,8.3,0
Jharkhand,8,43.2,22.8,1007.4,87.0,11.6,162.7,23.6,85.3,0.827,24.44,3.5,14.2,27.0,16.2,0
Jharkhand,8,22.3,35.2,1009.9,71.4,16.7,136.1,23.6,85.3,1.342,24.79,4.09,19.2,34.1,11.9,0
Jharkhand,8,33.4,19.8,1008.0,67.6,11.7,31.2,23.6,85.3,0.758,33.8,4.31,17.68,41.5,8.0,0
Jharkhand,8,43.7,34.5,1005.8,70.8,13.1,294.8,23.6,85.3,1.092,21.59,5.66,15.14,55.8,12.1,0
Jharkhand,8,38.2,23.0,1011.1,84.6,8.8,93.3,23.6,85.3,1.176,24.83,6.73,19.89,47.4,9.3,0
Jharkhand,8,12.5,26.4,1015.2,60.2,17.8,106.4,23.6,85.3,1.207,25.41,5.61,15.97,49.3,36.8,1
Jharkhand,8,55.3,33.6,1010.7,63.2,15.9,231.5,23.6,85.3,1.305,23.26,6.35,16.17,22.5,32.8,1
Jharkhand,8,45.8,27.5,1012.8,65.6,23.3,66.5,23.6,85.3,1.071,21.76,3.84,17.5,65.7,19.9,1
Jharkhand,8,32.9,37.1,1003.5,51.8,9.2,318.9,23.6,85.3,1.325,22.39,5.06,20.76,39.0,6.1,0
Jharkhand,8,7.1,31.8,1011.2,71.4,23.3,138.0,23.6,85.3,1.141,17.79,4.81,14.85,25.2,18.1,1
Jharkhand,8,17.2,27.4,1006.9,68.5,11.4,337.8,23.6,85.3,0.854,21.54,5.62,16.49,31.4,14.2,0
Jharkhand,8,52.9,21.2,1006.1,59.9,16.8,315.0,23.6,85.3,1.028,24.53,4.19,17.23,73.2,20.2,1
Jharkhand,8,33.0,26.4,1011.4,66.4,19.7,11.3,23.6,85.3,1.047,16.66,5.67,13.06,21.6,11.4,0
Jharkhand,8,21.9,27.5,1002.0,67.3,14.0,346.6,23.6,85.3,1.033,24.27,5.18,18.02,26.8,4.9,0
Jharkhand,8,41.6,31.0,1006.9,62.2,17.6,82.3,23.6,85.3,0.771,24.64,4.92,10.06,44.9,3.4,0
Jharkhand,8,40.4,25.4,1006.3,74.0,12.9,318.2,23.6,85.3,1.264,24.41,5.92,11.27,57.5,17.1,0
Jharkhand,8,21.2,29.8,1000.4,78.4,11.0,309.8,23.6,85.3,1.271,23.26,6.11,16.54,9.0,12.2,0
Jharkhand,8,46.0,32.2,1006.1,34.7,20.2,347.6,23.6,85.3,1.191,18.78,6.23,13.25,53.2,7.2,0
Jharkhand,8,2.3,27.9,1008.0,76.2,12.8,320.2,23.6,85.3,1.005,23.51,6.12,18.91,0.0,2.3,0
Jharkhand,8,25.6,28.9,1017.1,88.8,8.4,152.3,23.6,85.3,0.585,30.48,6.03,18.01,23.9,1.6,0
Jharkhand,8,26.8,32.3,1002.8,57.7,14.0,180.4,23.6,85.3,1.196,21.77,4.64,15.13,36.9,10.1,0
Jharkhand,8,36.4,31.8,1006.6,61.9,10.7,309.2,23.6,85.3,0.998,18.64,5.85,21.11,27.4,9.1,0
Jharkhand,8,35.4,26.0,1008.6,77.1,21.3,130.8,23.6,85.3,1.235,22.65,6.13,19.98,31.3,4.2,0
Jharkhand,8,38.1,28.4,1013.9,73.1,14.4,352.3,23.6,85.3,0.971,20.09,4.75,14.39,0.0,38.1,1
Jharkhand,8,19.5,27.5,1011.8,59.8,12.7,235.3,23.6,85.3,1.238,22.42,6.1,18.92,35.2,15.6,0
Jharkhand,8,18.2,34.6,998.5,78.0,17.4,268.1,23.6,85.3,1.038,19.71,4.33,13.08,21.7,3.5,0
Jharkhand,8,14.8,25.0,1002.7,79.3,11.6,286.8,23.6,85.3,1.06,23.08,5.34,18.6,31.1,16.3,0
Jharkhand,8,44.3,25.2,1003.8,65.1,15.8,327.8,23.6,85.3,0.959,22.5,5.43,15.47,49.9,5.6,0
Jharkhand,8,48.5,31.0,1013.2,72.6,24.0,342.9,23.6,85.3,0.8,24.61,6.06,18.14,28.9,19.6,1
Jharkhand,8,5.8,27.4,999.2,76.0,15.9,349.9,23.6,85.3,1.16,24.47,6.34,16.51,14.7,8.9,0
Jharkhand,8,26.1,18.3,1013.6,80.3,19.5,236.9,23.6,85.3,1.058,17.16,4.15,14.49,35.7,9.7,0
Jharkhand,8,32.3,25.7,1001.5,62.3,14.6,209.1,23.6,85.3,1.121,28.14,4.69,22.63,27.5,4.7,0
Jharkhand,8,23.7,29.7,1007.8,52.0,16.5,181.1,23.6,85.3,1.032,21.98,6.18,13.61,38.6,14.9,0
Jharkhand,8,18.1,33.9,1013.2,59.0,21.3,26.2,23.6,85.3,1.191,20.97,5.24,15.46,9.8,8.4,0
Jharkhand,9,2.1,25.1,1004.8,58.6,18.5,325.6,23.6,85.3,1.053,22.18,6.37,15.39,0.0,2.1,0
Jharkhand,9,46.3,27.2,1009.4,71.2,8.4,100.7,23.6,85.3,1.169,22.63,4.74,18.6,63.3,17.0,0
Jharkhand,9,23.6,31.7,1010.7,73.4,13.1,321.1,23.6,85.3,1.338,17.63,4.44,16.34,31.2,7.7,0
Jharkhand,9,27.6,29.7,1009.2,69.7,14.1,36.3,23.6,85.3,1.411,22.24,6.57,16.8,14.8,12.8,0
Jharkhand,9,5.0,32.4,1012.0,73.5,20.6,37.8,23.6,85.3,1.349,24.82,5.58,10.66,0.0,5.0,0
Jharkhand,9,53.8,34.4,1000.9,49.5,22.1,92.0,23.6,85.3,1.027,18.49,4.61,21.48,64.3,10.5,0
Jharkhand,9,3.2,24.8,1015.9,72.5,8.6,241.2,23.6,85.3,1.149,27.22,5.98,21.7,14.7,11.5,0
Jharkhand,9,0.0,29.8,1007.1,64.4,17.6,236.2,23.6,85.3,1.211,21.33,5.42,20.89,9.3,9.3,0
Jharkhand,9,34.9,25.3,1013.3,71.6,13.9,303.1,23.6,85.3,1.104,24.15,4.66,15.69,55.2,20.3,1
Jharkhand,9,28.3,28.0,1007.6,69.0,12.9,238.0,23.6,85.3,1.112,22.26,6.65,18.86,58.1,29.8,1
Jharkhand,9,39.0,24.1,1004.7,78.8,18.9,216.7,23.6,85.3,1.17,22.38,6.51,13.45,42.6,3.5,0
Jharkhand,9,57.2,26.3,1007.9,67.5,23.1,59.6,23.6,85.3,1.306,21.83,5.32,12.54,95.2,38.0,1
Jharkhand,9,39.5,22.3,1001.7,63.0,18.1,7.6,23.6,85.3,0.989,23.1,7.62,19.35,13.7,25.8,1
Jharkhand,9,13.9,27.1,1008.7,82.6,15.5,330.5,23.6,85.3,0.734,21.83,6.94,23.23,0.0,13.9,0
Jharkhand,9,26.6,20.6,1007.0,79.9,20.2,49.0,23.6,85.3,1.12,33.83,5.84,15.92,23.4,3.2,0
Jharkhand,9,7.9,29.4,1011.2,75.6,19.5,107.2,23.6,85.3,1.138,28.03,5.53,15.88,32.2,24.3,1
Jharkhand,9,17.6,23.1,1002.7,96.5,20.6,104.7,23.6,85.3,0.983,25.41,8.13,18.65,4.0,13.5,0
Jharkhand,9,36.7,27.0,1008.7,59.8,11.8,250.8,23.6,85.3,1.016,23.19,5.28,22.48,51.5,14.7,0
Jharkhand,9,40.0,27.1,998.0,77.9,15.1,70.4,23.6,85.3,1.157,14.52,5.58,15.09,50.5,10.6,0
Jharkhand,9,35.6,36.3,1010.3,63.9,13.5,241.9,23.6,85.3,1.34,18.44,5.8,17.1,15.3,20.3,1
Jharkhand,9,39.4,28.6,1007.0,71.9,18.9,177.4,23.6,85.3,1.302,18.84,9.48,14.2,54.1,14.7,0
Jharkhand,9,26.1,27.2,1009.9,74.1,22.5,59.8,23.6,85.3,1.251,25.86,8.92,19.07,13.4,12.7,0
Jharkhand,9,48.8,25.9,1003.7,82.8,16.3,319.1,23.6,85.3,1.508,21.37,5.48,19.06,18.2,30.6,1
Jharkhand,9,31.4,28.0,1003.7,69.3,16.9,226.8,23.6,85.3,1.334,24.5,5.9,19.67,44.1,12.7,0
Jharkhand,9,72.3,31.7,1005.4,52.3,12.2,293.5,23.6,85.3,1.304,22.26,5.18,19.36,73.6,1.3,0
Jharkhand,9,34.7,26.6,1008.4,82.4,20.2,350.8,23.6,85.3,1.24,16.19,5.28,12.72,58.3,23.6,1
Jharkhand,9,29.3,32.7,1013.2,68.2,24.3,347.5,23.6,85.3,1.187,25.16,7.8,18.91,24.7,4.6,0
Jharkhand,9,12.1,26.6,1004.6,71.5,13.0,241.6,23.6,85.3,1.414,30.05,5.17,16.49,16.5,4.4,0
Jharkhand,9,33.6,29.0,1005.5,74.6,13.3,23.6,23.6,85.3,0.989,27.57,7.19,18.61,51.1,17.6,0
Jharkhand,9,45.0,30.7,1011.6,65.2,8.1,194.8,23.6,85.3,1.61,22.47,8.02,19.19,54.1,9.1,0
Jharkhand,9,16.0,24.8,1007.3,68.2,18.3,345.4,23.6,85.3,1.043,26.91,8.38,17.82,30.1,14.0,0
Jharkhand,9,26.9,27.4,1006.9,66.0,18.4,102.9,23.6,85.3,1.122,21.13,5.53,19.52,19.6,7.4,0
Jharkhand,9,14.4,28.8,1007.7,68.1,19.8,317.2,23.6,85.3,1.04,24.11,5.32,20.22,21.0,6.6,0
Jharkhand,9,14.2,28.3,1004.0,79.8,15.1,192.1,23.6,85.3,1.048,22.65,6.6,17.1,4.8,9.4,0
Jharkhand,9,39.4,28.8,1002.6,65.9,11.5,325.3,23.6,85.3,1.081,22.47,4.4,16.32,62.8,23.4,1
Jharkhand,9,53.9,23.1,1013.4,91.9,14.6,336.1,23.6,85.3,1.374,21.68,7.24,16.99,78.9,25.1,1
Jharkhand,9,50.9,32.7,1006.4,75.5,13.3,351.8,23.6,85.3,1.127,26.7,5.77,21.94,59.0,8.1,0
Jharkhand,9,13.6,26.6,1004.8,82.7,18.1,271.5,23.6,85.3,1.32,20.33,4.74,13.8,0.0,13.6,0
Jharkhand,9,13.8,29.9,1011.7,60.8,5.6,350.8,23.6,85.3,1.271,26.76,6.39,14.55,34.2,20.4,1
Jharkhand,9,34.7,30.6,1003.5,74.6,19.9,133.4,23.6,85.3,1.048,17.34,5.13,17.26,15.6,19.1,1
Jharkhand,10,47.2,32.0,1007.3,63.4,15.8,40.1,23.6,85.3,1.383,17.95,3.85,16.15,54.7,7.5,0
Jharkhand,10,6.7,26.7,999.6,70.1,17.1,222.4,23.6,85.3,1.231,23.73,8.15,20.82,14.9,8.2,0
Jharkhand,10,26.8,34.3,1004.3,55.2,15.0,191.9,23.6,85.3,1.499,25.77,7.65,11.18,29.5,2.7,0
Jharkhand,10,52.4,23.2,1006.6,78.4,13.5,290.4,23.6,85.3,1.137,25.0,7.36,15.59,43.9,8.5,0
Jharkhand,10,44.3,24.3,1008.6,79.7,16.5,56.7,23.6,85.3,1.568,34.35,6.71,17.59,69.5,25.1,1
Jharkhand,10,20.0,32.8,1005.3,65.8,10.9,299.5,23.6,85.3,1.494,26.52,6.49,25.02,31.2,11.2,0
Jharkhand,10,30.9,23.0,1004.0,60.6,12.6,237.1,23.6,85.3,1.201,27.95,6.52,24.23,50.0,19.1,1
Jharkhand,10,21.0,29.3,1008.8,84.0,20.1,91.1,23.6,85.3,1.607,27.38,7.27,23.37,46.8,25.8,1
Jharkhand,10,34.3,27.2,997.9,51.5,15.4,8.9,23.6,85.3,1.261,29.22,5.62,14.13,17.3,16.9,0
Jharkhand,10,17.0,22.9,1008.2,85.4,19.1,20.8,23.6,85.3,1.301,20.2,9.24,17.91,39.5,22.4,1
Jharkhand,10,0.0,27.1,1007.1,67.3,9.0,8.6,23.6,85.3,1.502,33.55,8.53,22.66,41.2,41.2,1
Jharkhand,10,57.5,23.8,1009.3,57.2,18.7,57.8,23.6,85.3,1.227,24.06,3.56,13.14,81.0,23.5,1
Jharkhand,10,21.5,31.6,1007.2,54.1,9.0,104.2,23.6,85.3,1.072,24.8,6.85,19.88,32.2,10.7,0
Jharkhand,10,43.9,31.5,1003.4,51.4,12.6,137.5,23.6,85.3,1.153,27.68,4.95,23.61,65.6,21.7,1
Jharkhand,10,25.6,24.4,1007.2,81.5,14.0,23.2,23.6,85.3,1.257,20.13,7.84,20.73,50.3,24.6,1
Jharkhand,10,51.1,24.3,1008.1,69.1,23.9,279.8,23.6,85.3,0.9,23.31,7.61,20.46,54.8,3.6,0
Jharkhand,10,25.7,28.9,1010.8,72.2,14.3,0.7,23.6,85.3,1.148,29.29,6.39,16.06,75.2,49.5,1
Jharkhand,10,20.7,23.9,1002.0,63.1,19.7,120.6,23.6,85.3,1.29,22.82,5.58,13.65,27.6,6.9,0
Jharkhand,10,6.5,26.4,1009.7,47.4,19.5,175.4,23.6,85.3,1.621,24.38,5.51,19.48,0.0,6.5,0
Jharkhand,10,0.0,32.1,1006.3,70.8,15.2,342.3,23.6,85.3,1.034,28.07,7.16,18.73,25.5,25.5,1
Jharkhand,10,30.1,32.0,1015.4,80.8,18.1,172.3,23.6,85.3,1.346,23.26,7.41,23.71,36.5,6.4,0
Jharkhand,10,15.1,30.3,1008.0,85.4,16.3,184.4,23.6,85.3,1.277,26.38,4.17,16.43,43.6,28.5,1
Jharkhand,10,21.8,27.4,1006.9,63.1,15.2,70.4,23.6,85.3,0.961,25.98,8.48,21.11,42.0,20.3,1
Jharkhand,10,46.4,28.3,1008.1,61.4,19.9,331.4,23.6,85.3,1.12,23.89,5.2,20.44,82.2,35.9,1
Jharkhand,10,14.9,31.7,1014.0,58.4,5.7,318.1,23.6,85.3,1.223,24.27,7.9,17.81,67.9,53.0,1
Jharkhand,10,9.1,24.0,1003.6,68.1,23.1,113.1,23.6,85.3,1.077,22.61,6.44,19.35,8.2,0.9,0
Jharkhand,10,12.6,27.1,1015.2,79.2,13.7,1.5,23.6,85.3,1.357,28.69,8.39,19.67,0.0,12.6,0
Jharkhand,10,9.1,29.9,1000.8,78.2,13.0,305.8,23.6,85.3,1.36,21.06,7.12,19.41,0.0,9.1,0
Jharkhand,10,51.6,32.7,1012.8,79.7,12.4,109.3,23.6,85.3,1.409,16.78,5.39,16.59,87.9,36.3,1
Jharkhand,10,17.3,25.2,1001.6,65.2,21.2,263.6,23.6,85.3,1.352,21.64,8.81,19.21,23.8,6.5,0
Jharkhand,10,22.8,28.4,1000.6,71.0,13.1,338.4,23.6,85.3,1.67,30.77,8.3,21.41,40.5,17.7,0
Jharkhand,10,52.3,28.8,1011.1,83.9,20.1,279.4,23.6,85.3,1.417,25.6,7.16,20.68,37.5,14.8,0
Jharkhand,10,20.6,30.4,1008.7,69.8,17.5,87.0,23.6,85.3,1.224,24.51,6.77,21.43,21.0,0.5,0
Jharkhand,10,50.5,23.6,1011.5,64.8,21.8,232.4,23.6,85.3,1.016,25.57,7.03,19.54,62.8,12.3,0
Jharkhand,10,27.9,25.3,999.8,75.8,18.5,134.4,23.6,85.3,1.249,26.26,6.73,21.46,25.7,2.2,0
Jharkhand,10,33.3,27.6,1011.7,92.2,17.7,259.6,23.6,85.3,1.023,29.37,4.55,19.81,25.7,7.6,0
Jharkhand,10,70.0,22.7,1004.7,77.8,14.8,198.1,23.6,85.3,1.064,22.52,5.46,18.83,112.7,42.7,1
Jharkhand,10,60.9,35.7,1007.3,77.2,16.6,172.4,23.6,85.3,0.897,18.1,6.74,14.77,51.3,9.6,0
Jharkhand,10,36.5,18.2,1015.3,70.5,14.1,193.8,23.6,85.3,1.352,21.29,8.13,21.47,30.9,5.6,0
Jharkhand,10,28.4,32.4,1010.0,67.7,12.3,5.7,23.6,85.3,1.175,26.39,6.17,15.96,56.1,27.8,1
Chhattisgarh,1,20.4,24.9,1005.1,72.6,8.2,97.5,21.3,81.9,0.422,6.71,1.23,7.04,16.3,4.2,0
Chhattisgarh,1,4.0,32.2,1004.4,70.1,17.2,273.5,21.3,81.9,0.582,6.17,3.39,9.14,18.0,14.0,0
Chhattisgarh,1,29.5,29.9,1021.8,74.3,18.8,61.4,21.3,81.9,0.406,9.89,1.3,7.31,31.6,2.2,0
Chhattisgarh,1,28.4,33.5,1008.6,61.8,21.4,71.4,21.3,81.9,0.17,11.52,2.42,6.28,16.2,12.2,0
Chhattisgarh,1,0.0,34.8,1014.5,73.4,8.3,57.4,21.3,81.9,0.4,6.89,1.85,6.9,0.0,0.0,0
Chhattisgarh,1,29.6,28.3,1005.5,49.7,16.3,286.4,21.3,81.9,0.576,6.08,2.64,3.35,31.8,2.2,0
Chhattisgarh,1,11.5,29.5,1012.4,70.7,20.2,252.0,21.3,81.9,0.898,13.36,1.97,10.17,29.6,18.1,0
Chhattisgarh,1,28.6,24.9,1008.2,73.0,12.2,150.7,21.3,81.9,0.582,5.65,4.01,7.47,31.8,3.2,0
Chhattisgarh,1,0.0,27.9,1012.7,67.9,15.9,180.9,21.3,81.9,0.498,3.03,2.97,6.62,5.3,5.3,0
Chhattisgarh,1,0.0,39.0,1008.4,70.1,14.3,251.8,21.3,81.9,0.564,14.35,2.71,9.77,8.9,8.9,0
Chhattisgarh,1,22.8,36.3,1009.8,64.7,12.2,193.8,21.3,81.9,0.21,15.2,2.21,6.92,14.6,8.1,0
Chhattisgarh,1,14.2,23.4,999.6,58.2,11.2,202.0,21.3,81.9,0.537,14.5,2.76,0.55,17.3,3.1,0
Chhattisgarh,1,21.0,27.4,1009.6,68.1,6.9,207.0,21.3,81.9,0.422,8.28,3.04,2.38,32.6,11.6,0
Chhattisgarh,1,0.0,36.1,1013.6,55.4,14.1,297.4,21.3,81.9,0.261,0.0,3.26,5.83,7.2,7.2,0
Chhattisgarh,1,15.8,24.0,1012.2,70.7,10.0,112.2,21.3,81.9,0.426,6.46,2.27,6.09,7.7,8.1,0
Chhattisgarh,1,0.0,35.4,1013.7,80.3,16.9,239.1,21.3,81.9,0.445,7.14,3.15,8.62,0.2,0.2,0
Chhattisgarh,1,18.9,33.5,1008.0,53.9,14.7,249.4,21.3,81.9,0.318,10.7,3.24,7.49,13.5,5.4,0
Chhattisgarh,1,52.7,26.8,1010.3,59.7,7.7,272.2,21.3,81.9,0.392,9.98,1.71,7.6,49.7,3.1,0
Chhattisgarh,1,28.1,30.0,1007.4,65.3,10.5,273.4,21.3,81.9,0.78,7.31,2.69,4.9,14.9,13.2,0
Chhattisgarh,1,21.4,33.2,1010.2,88.8,10.6,175.5,21.3,81.9,0.717,14.58,3.82,3.96,20.7,0.7,0
Chhattisgarh,1,0.0,36.7,1003.4,53.4,11.9,96.3,21.3,81.9,0.613,9.08,1.68,6.01,0.0,0.0,0
Chhattisgarh,1,32.7,28.8,1011.2,63.4,3.3,29.2,21.3,81.9,0.596,11.15,0.0,6.78,47.3,14.7,0
Chhattisgarh,1,31.3,28.0,1014.1,81.2,11.6,134.0,21.3,81.9,0.735,12.96,3.62,4.58,41.3,10.1,0
Chhattisgarh,1,10.8,25.2,1015.6,64.3,13.6,139.3,21.3,81.9,0.169,8.42,3.43,7.24,9.3,1.5,0
Chhattisgarh,1,17.4,33.1,999.8,64.5,12.5,352.5,21.3,81.9,0.721,4.08,4.11,6.75,10.1,7.3,0
Chhattisgarh,1,0.0,34.3,1010.3,55.7,20.3,111.4,21.3,81.9,0.429,10.8,1.45,13.2,0.0,0.0,0
Chhattisgarh,1,0.0,29.6,1022.4,51.4,16.5,6.8,21.3,81.9,0.56,14.17,1.68,6.43,0.0,0.0,0
Chhattisgarh,1,32.8,33.9,1002.4,69.3,17.6,249.0,21.3,81.9,0.758,9.34,1.96,11.39,45.5,12.7,0
Chhattisgarh,1,0.0,31.7,1011.4,43.7,15.2,277.3,21.3,81.9,0.706,6.18,2.65,5.59,0.0,0.0,0
Chhattisgarh,1,0.0,33.1,1013.8,66.2,14.3,299.3,21.3,81.9,0.695,10.59,2.57,11.61,0.0,0.0,0
Chhattisgarh,1,0.0,30.6,1007.0,54.1,13.3,282.5,21.3,81.9,0.656,5.19,2.01,8.1,11.9,11.9,0
Chhattisgarh,1,25.7,26.9,1010.6,60.3,10.3,330.3,21.3,81.9,0.351,12.54,3.62,6.0,29.1,3.4,0
Chhattisgarh,1,7.1,25.1,1002.5,83.0,8.7,27.6,21.3,81.9,0.558,4.84,3.01,8.09,10.2,3.2,0
Chhattisgarh,1,6.3,28.8,1010.4,56.9,19.6,346.6,21.3,81.9,0.0,8.7,5.06,8.27,1.1,5.2,0
Chhattisgarh,1,21.8,20.4,1009.3,60.5,12.6,359.2,21.3,81.9,0.394,0.0,1.76,7.56,32.2,10.4,0
Chhattisgarh,1,48.1,25.6,1010.5,62.1,10.9,182.7,21.3,81.9,0.448,17.07,2.14,3.77,52.1,4.0,0
Chhattisgarh,1,0.0,27.4,1013.3,63.0,15.0,328.2,21.3,81.9,0.532,6.81,3.47,3.25,0.0,0.0,0
Chhattisgarh,1,13.8,32.1,1009.1,70.6,6.3,16.5,21.3,81.9,0.528,9.82,1.2,4.67,16.0,2.2,0
Chhattisgarh,1,23.4,37.3,1002.5,66.0,7.3,90.6,21.3,81.9,0.403,11.23,0.11,6.2,26.6,3.2,0
Chhattisgarh,1,15.5,30.2,1008.8,78.1,19.0,288.5,21.3,81.9,0.376,10.4,3.47,7.32,10.0,5.6,0
Chhattisgarh,2,28.7,30.3,1016.8,58.5,14.0,30.1,21.3,81.9,0.522,7.54,3.29,7.21,32.0,3.4,0
Chhattisgarh,2,15.5,24.5,1005.8,61.9,13.1,336.0,21.3,81.9,0.631,14.81,3.14,14.49,22.6,7.1,0
Chhattisgarh,2,0.0,27.1,1024.0,52.6,15.2,87.4,21.3,81.9,0.321,17.68,4.85,7.7,0.0,0.0,0
Chhattisgarh,2,23.9,28.4,1007.2,72.9,13.0,256.8,21.3,81.9,0.548,12.87,3.57,12.4,10.9,13.0,0
Chhattisgarh,2,29.7,27.3,1009.0,74.9,9.1,232.9,21.3,81.9,0.683,9.04,3.37,5.32,44.3,14.5,0
Chhattisgarh,2,26.0,25.7,1013.5,70.4,8.1,114.7,21.3,81.9,0.712,5.05,0.05,7.33,24.1,1.9,0
Chhattisgarh,2,24.2,26.1,1005.1,84.3,19.2,342.0,21.3,81.9,0.84,17.67,2.81,7.38,13.4,10.9,0
Chhattisgarh,2,0.0,28.3,1005.8,62.8,14.7,311.0,21.3,81.9,0.453,9.06,2.82,7.78,17.3,17.3,0
Chhattisgarh,2,12.4,32.4,1021.1,83.6,12.0,109.5,21.3,81.9,0.38,11.83,1.08,15.28,10.2,2.2,0
Chhattisgarh,2,15.8,29.9,1002.1,76.2,15.3,279.9,21.3,81.9,0.647,11.09,2.96,6.56,20.9,5.1,0
Chhattisgarh,2,21.3,25.5,1009.6,47.0,19.1,64.9,21.3,81.9,0.227,9.43,3.26,7.69,29.8,8.5,0
Chhattisgarh,2,11.9,28.0,1007.5,83.5,11.0,42.7,21.3,81.9,0.974,6.81,4.13,6.83,19.5,7.6,0
Chhattisgarh,2,0.0,28.6,1022.3,58.9,17.0,142.6,21.3,81.9,0.479,16.58,2.52,8.68,5.7,5.7,0
Chhattisgarh,2,33.9,27.5,1019.8,49.1,10.3,64.9,21.3,81.9,0.472,12.41,1.91,4.53,33.1,0.7,0
Chhattisgarh,2,27.2,26.7,1008.0,62.0,16.7,39.1,21.3,81.9,0.563,10.32,1.97,12.44,16.6,10.5,0
Chhattisgarh,2,21.5,30.9,1006.5,86.4,15.4,293.2,21.3,81.9,0.709,9.83,2.58,12.16,31.2,9.7,0
Chhattisgarh,2,31.7,19.2,1010.3,82.2,7.7,114.3,21.3,81.9,0.543,14.63,2.42,11.21,33.5,1.7,0
Chhattisgarh,2,55.6,30.6,1020.0,73.6,11.5,275.4,21.3,81.9,0.667,2.6,4.24,9.35,65.2,9.6,0
Chhattisgarh,2,25.4,24.0,1009.0,67.2,7.1,123.6,21.3,81.9,0.963,10.22,3.69,8.64,29.0,3.6,0
Chhattisgarh,2,9.9,24.1,1010.3,60.6,16.3,190.6,21.3,81.9,0.349,8.93,3.48,7.69,4.8,5.1,0
Chhattisgarh,2,39.1,23.6,1014.9,78.0,17.6,214.8,21.3,81.9,0.426,9.41,5.35,11.89,46.6,7.5,0
Chhattisgarh,2,7.8,25.5,1002.6,59.9,11.9,98.1,21.3,81.9,0.824,20.22,4.86,4.97,7.0,0.8,0
Chhattisgarh,2,2.4,33.5,1012.4,62.1,12.8,319.6,21.3,81.9,0.701,16.79,3.35,8.25,11.1,8.8,0
Chhattisgarh,2,13.7,30.8,1007.7,79.2,19.8,226.9,21.3,81.9,1.007,12.64,3.61,13.18,38.0,24.3,1
Chhattisgarh,2,33.6,30.5,1006.7,70.4,16.4,245.6,21.3,81.9,0.545,8.78,3.33,6.85,23.5,10.1,0
Chhattisgarh,2,3.5,27.3,1004.5,69.0,6.9,170.8,21.3,81.9,0.831,15.3,3.39,12.86,2.9,0.6,0
Chhattisgarh,2,26.2,28.1,1015.7,68.7,8.6,353.9,21.3,81.9,0.495,6.77,4.82,10.52,22.1,4.1,0
Chhattisgarh,2,13.9,28.3,1003.7,57.8,12.5,294.1,21.3,81.9,0.74,9.26,3.99,13.07,11.3,2.6,0
Chhattisgarh,2,25.9,28.9,1006.8,66.5,17.0,205.0,21.3,81.9,0.573,9.99,3.01,8.04,23.2,2.7,0
Chhattisgarh,2,42.5,18.4,1011.0,72.1,13.4,322.8,21.3,81.9,0.7,9.35,2.55,7.65,51.0,8.5,0
Chhattisgarh,2,22.8,24.6,1007.9,60.3,8.3,125.4,21.3,81.9,0.351,4.28,3.1,11.45,22.6,0.1,0
Chhattisgarh,2,28.8,32.0,1003.9,58.2,5.8,228.4,21.3,81.9,0.676,11.46,2.07,8.36,39.0,10.2,0
Chhattisgarh,2,23.9,30.9,1009.7,77.8,8.1,116.3,21.3,81.9,0.385,9.81,4.74,6.29,20.1,3.8,0
Chhattisgarh,2,0.0,31.3,1007.9,80.1,19.9,257.3,21.3,81.9,0.554,16.44,2.08,11.47,0.0,0.0,0
Chhattisgarh,2,14.1,26.2,1013.4,62.3,16.9,23.8,21.3,81.9,0.417,14.91,3.61,3.99,21.1,7.0,0
Chhattisgarh,2,8.2,30.6,1009.3,76.2,17.6,106.0,21.3,81.9,0.465,10.35,4.24,7.31,13.8,5.6,0
Chhattisgarh,2,28.0,28.9,1016.7,60.6,15.5,152.1,21.3,81.9,0.593,2.81,2.62,3.28,27.4,0.6,0
Chhattisgarh,2,13.8,37.9,1011.8,55.7,13.8,144.1,21.3,81.9,0.587,11.4,2.28,9.58,19.6,5.7,0
Chhattisgarh,2,24.7,32.1,1012.0,67.1,12.0,299.1,21.3,81.9,0.402,1.44,0.86,2.87,31.8,7.2,0
Chhattisgarh,2,16.8,31.8,1010.6,76.4,18.5,65.4,21.3,81.9,0.76,17.88,5.45,8.72,34.4,17.6,0
Chhattisgarh,3,8.7,26.4,1016.3,67.5,4.9,294.4,21.3,81.9,0.498,8.36,4.04,7.2,9.0,0.3,0
Chhattisgarh,3,8.4,23.1,1001.4,75.6,14.8,131.7,21.3,81.9,0.526,16.63,4.08,16.17,9.0,0.6,0
Chhattisgarh,3,22.5,25.0,1000.3,70.1,11.2,42.5,21.3,81.9,0.535,11.37,3.5,12.61,34.1,11.6,0
Chhattisgarh,3,0.0,33.8,1007.2,39.7,13.2,348.2,21.3,81.9,0.889,14.44,4.69,13.37,0.9,0.9,0
Chhattisgarh,3,20.7,33.1,1009.1,58.3,20.4,90.5,21.3,81.9,0.495,20.72,1.11,7.79,18.1,2.6,0
Chhattisgarh,3,29.8,27.1,1004.6,76.9,17.1,233.0,21.3,81.9,0.699,8.55,3.13,9.58,21.3,8.5,0
Chhattisgarh,3,0.0,27.0,1013.3,72.3,10.2,354.2,21.3,81.9,0.438,15.26,2.77,13.43,1.5,1.5,0
Chhattisgarh,3,13.7,32.4,1007.2,73.9,12.7,178.7,21.3,81.9,1.084,15.13,3.03,13.88,10.7,3.0,0
Chhattisgarh,3,4.0,22.9,1007.0,59.9,11.7,123.4,21.3,81.9,0.516,14.88,5.04,9.93,2.2,1.8,0
Chhattisgarh,3,26.2,33.3,1013.6,71.6,9.4,229.4,21.3,81.9,0.701,3.24,3.43,14.97,24.2,2.1,0
Chhattisgarh,3,0.0,25.9,1004.5,77.5,26.4,317.7,21.3,81.9,0.482,8.21,4.64,11.96,14.4,14.4,0
Chhattisgarh,3,9.5,35.1,1008.9,59.4,2.9,112.7,21.3,81.9,0.548,8.77,3.94,7.71,3.5,6.0,0
Chhattisgarh,3,3.9,22.9,1005.1,61.0,12.0,244.1,21.3,81.9,0.959,17.1,1.52,12.47,20.3,16.4,0
Chhattisgarh,3,28.0,26.7,1015.3,57.5,18.5,163.1,21.3,81.9,0.753,5.86,3.64,12.29,33.0,5.0,0
Chhattisgarh,3,16.0,27.1,1005.4,65.5,19.2,72.9,21.3,81.9,0.731,2.3,2.77,11.93,30.2,14.2,0
Chhattisgarh,3,1.1,29.7,1011.9,58.4,4.8,32.4,21.3,81.9,0.332,15.87,3.51,8.47,0.0,1.1,0
Chhattisgarh,3,32.8,27.7,1009.5,57.3,7.2,83.5,21.3,81.9,0.667,13.68,3.77,12.72,48.1,15.3,0
Chhattisgarh,3,0.8,27.5,1002.8,68.1,11.2,102.1,21.3,81.9,0.605,11.9,6.41,3.95,2.9,2.0,0
Chhattisgarh,3,0.0,29.2,1000.9,65.7,9.5,297.9,21.3,81.9,0.353,7.59,2.01,10.88,4.0,4.0,0
Chhattisgarh,3,12.7,31.0,996.6,63.9,13.0,53.1,21.3,81.9,0.662,13.99,3.92,15.59,23.5,10.8,0
Chhattisgarh,3,0.0,31.8,1007.2,60.6,5.9,95.4,21.3,81.9,0.69,16.0,2.06,8.5,0.0,0.0,0
Chhattisgarh,3,8.7,22.4,1002.6,63.3,16.3,234.9,21.3,81.9,0.411,11.96,1.89,11.98,25.7,17.0,0
Chhattisgarh,3,18.3,31.2,1004.4,68.7,12.8,199.0,21.3,81.9,0.525,12.53,2.02,11.56,14.7,3.6,0
Chhattisgarh,3,11.7,24.7,1006.7,73.0,14.7,212.4,21.3,81.9,0.509,12.84,4.7,6.79,26.0,14.2,0
Chhattisgarh,3,38.3,23.9,1019.9,63.2,4.5,296.0,21.3,81.9,0.611,11.2,2.39,5.92,27.7,10.6,0
Chhattisgarh,3,40.2,29.8,1012.8,56.6,11.0,157.4,21.3,81.9,0.543,17.13,2.82,9.35,36.4,3.7,0
Chhattisgarh,3,27.6,26.1,1014.1,62.6,25.3,292.4,21.3,81.9,0.642,13.33,5.04,10.77,37.3,9.7,0
Chhattisgarh,3,47.6,29.4,997.5,68.2,19.1,325.7,21.3,81.9,0.421,12.72,5.18,5.54,33.3,14.3,0
Chhattisgarh,3,5.1,33.1,997.8,67.7,15.7,225.0,21.3,81.9,0.357,13.58,2.09,10.23,0.0,5.1,0
Chhattisgarh,3,21.9,28.4,1001.7,72.0,12.5,188.8,21.3,81.9,0.692,17.06,4.09,11.0,7.4,14.5,0
Chhattisgarh,3,10.8,18.0,1000.5,76.9,10.3,148.8,21.3,81.9,0.471,12.0,3.43,14.06,22.3,11.4,0
Chhattisgarh,3,8.2,26.1,1008.3,89.2,13.0,75.8,21.3,81.9,0.477,11.91,3.66,6.77,19.4,11.2,0
Chhattisgarh,3,6.3,33.3,1008.8,62.2,0.0,324.8,21.3,81.9,0.637,12.93,4.01,8.39,15.2,8.9,0
Chhattisgarh,3,2.9,32.3,1012.7,69.1,16.7,17.3,21.3,81.9,0.606,11.88,4.89,10.23,0.0,2.9,0
Chhattisgarh,3,15.5,26.4,1008.6,64.3,6.2,113.5,21.3,81.9,0.568,18.36,1.14,10.83,34.2,18.7,1
Chhattisgarh,3,31.0,28.4,1006.9,72.9,20.7,155.4,21.3,81.9,0.69,17.9,3.61,10.07,41.4,10.4,0
Chhattisgarh,3,7.9,40.5,1008.8,64.7,17.4,152.5,21.3,81.9,0.516,6.22,3.0,10.65,3.8,4.2,0
Chhattisgarh,3,16.8,28.0,999.8,73.1,17.7,165.9,21.3,81.9,0.73,10.44,3.26,11.81,7.8,9.0,0
Chhattisgarh,3,2.4,22.8,1016.4,63.7,20.4,48.3,21.3,81.9,1.012,17.99,2.58,10.13,0.0,2.4,0
Chhattisgarh,3,26.7,32.9,1017.4,80.3,15.4,232.3,21.3,81.9,0.604,20.35,2.36,6.68,19.5,7.1,0
Chhattisgarh,4,34.9,32.3,1010.2,70.1,7.7,193.8,21.3,81.9,0.986,10.46,2.39,12.02,49.3,14.4,0
Chhattisgarh,4,31.2,33.2,1008.8,50.4,16.2,308.0,21.3,81.9,0.615,14.24,1.24,10.25,52.6,21.4,1
Chhattisgarh,4,13.0,24.2,1017.8,73.1,16.0,232.7,21.3,81.9,0.604,13.73,5.84,9.03,31.8,18.8,1
Chhattisgarh,4,24.4,29.8,999.6,71.3,13.3,339.7,21.3,81.9,0.748,13.08,4.17,8.53,17.7,6.8,0
Chhattisgarh,4,20.8,26.8,1006.3,54.8,13.3,58.5,21.3,81.9,0.794,13.31,1.88,8.53,17.3,3.5,0
Chhattisgarh,4,31.5,31.6,1009.6,63.5,20.1,217.2,21.3,81.9,0.324,21.11,3.66,13.91,38.6,7.2,0
Chhattisgarh,4,0.8,26.5,998.4,59.3,14.3,316.9,21.3,81.9,0.605,13.77,3.98,13.1,0.0,0.8,0
Chhattisgarh,4,17.2,23.4,1001.9,78.3,21.2,7.3,21.3,81.9,0.674,12.9,5.31,0.0,46.5,29.3,1
Chhattisgarh,4,20.6,18.2,1020.3,43.0,2.3,283.7,21.3,81.9,0.708,19.59,3.44,8.67,21.4,0.8,0
Chhattisgarh,4,14.9,34.2,1013.3,61.0,11.9,309.6,21.3,81.9,0.866,14.58,4.32,12.98,37.3,22.4,1
Chhattisgarh,4,13.8,28.6,1015.8,65.3,13.1,269.7,21.3,81.9,0.883,14.6,5.93,9.41,14.1,0.3,0
Chhattisgarh,4,0.0,30.8,1011.6,67.9,15.9,17.5,21.3,81.9,0.443,15.06,5.84,10.24,0.0,0.0,0
Chhattisgarh,4,35.0,29.0,1007.9,62.9,18.2,147.4,21.3,81.9,1.028,15.12,5.07,13.78,28.1,6.9,0
Chhattisgarh,4,26.3,27.3,1011.3,66.4,4.2,338.2,21.3,81.9,0.293,15.35,6.12,15.29,32.5,6.2,0
Chhattisgarh,4,12.0,28.1,1013.3,59.1,15.7,262.0,21.3,81.9,0.683,12.9,4.35,12.73,40.0,28.0,1
Chhattisgarh,4,17.2,29.7,1013.9,66.7,14.1,247.1,21.3,81.9,0.604,15.59,2.88,10.13,44.6,27.4,1
Chhattisgarh,4,17.3,29.3,994.8,71.4,23.5,247.7,21.3,81.9,0.956,12.3,1.86,9.78,15.5,1.8,0
Chhattisgarh,4,21.1,27.2,1003.0,72.3,19.5,359.6,21.3,81.9,0.547,17.38,4.06,10.86,30.8,9.8,0
Chhattisgarh,4,11.5,31.8,1001.6,49.6,16.7,306.4,21.3,81.9,0.588,10.63,4.57,8.7,30.4,18.9,1
Chhattisgarh,4,30.5,29.5,1016.0,57.7,14.3,213.4,21.3,81.9,0.634,9.52,4.94,14.87,31.3,0.8,0
Chhattisgarh,4,52.3,25.0,1002.1,61.6,15.5,21.5,21.3,81.9,0.898,13.43,5.2,9.53,90.0,37.6,1
Chhattisgarh,4,34.9,20.3,1005.6,59.4,24.2,13.0,21.3,81.9,0.289,18.85,0.4,10.04,45.6,10.8,0
Chhattisgarh,4,14.0,34.1,1010.0,58.0,14.8,162.3,21.3,81.9,0.791,16.95,4.43,8.97,0.5,13.5,0
Chhattisgarh,4,25.2,34.3,1011.1,53.7,15.8,257.7,21.3,81.9,0.981,17.33,4.18,9.23,29.2,4.1,0
Chhattisgarh,4,34.1,25.1,1003.7,74.4,15.6,172.6,21.3,81.9,0.925,12.65,5.73,12.06,47.7,13.6,0
Chhattisgarh,4,14.6,30.5,1005.5,46.0,22.8,193.5,21.3,81.9,0.633,12.4,6.07,12.64,25.8,11.2,0
Chhattisgarh,4,33.8,31.6,1009.3,69.2,21.3,80.8,21.3,81.9,0.569,17.52,4.29,10.15,64.0,30.1,1
Chhattisgarh,4,2.8,28.7,1009.6,63.2,10.4,322.1,21.3,81.9,1.062,13.35,4.35,9.34,17.3,14.5,0
Chhattisgarh,4,35.2,27.7,1011.5,65.9,13.8,221.9,21.3,81.9,0.803,15.74,2.08,7.38,20.9,14.4,0
Chhattisgarh,4,0.0,30.2,1006.2,60.7,22.6,200.4,21.3,81.9,0.421,11.31,2.71,11.28,0.0,0.0,0
Chhattisgarh,4,9.6,30.1,1007.3,53.9,14.1,3.4,21.3,81.9,0.782,9.15,5.03,9.6,1.5,8.1,0
Chhattisgarh,4,20.4,31.1,1011.0,79.9,10.4,307.1,21.3,81.9,0.674,3.48,2.85,10.08,19.0,1.4,0
Chhattisgarh,4,26.7,28.3,1010.2,69.8,6.2,203.2,21.3,81.9,0.631,15.64,4.4,8.7,22.9,3.9,0
Chhattisgarh,4,19.9,26.5,1016.6,67.1,7.8,32.0,21.3,81.9,0.809,14.64,5.67,12.01,23.8,4.0,0
Chhattisgarh,4,0.0,19.2,1014.1,70.0,12.6,188.9,21.3,81.9,0.801,17.32,2.92,11.67,10.6,10.6,0
Chhattisgarh,4,12.2,19.5,1004.2,54.0,19.5,354.2,21.3,81.9,0.54,12.19,4.85,13.73,6.5,5.7,0
Chhattisgarh,4,12.9,27.7,1015.0,46.5,6.5,89.8,21.3,81.9,0.553,19.5,2.06,20.5,23.3,10.4,0
Chhattisgarh,4,21.0,34.3,1003.6,62.1,14.0,334.7,21.3,81.9,0.807,15.6,3.37,12.15,28.9,7.8,0
Chhattisgarh,4,19.3,27.3,1005.4,52.4,20.7,196.1,21.3,81.9,0.941,10.15,3.25,10.88,28.9,9.6,0
Chhattisgarh,4,8.3,35.3,1012.4,68.8,15.1,147.2,21.3,81.9,0.603,5.14,4.9,11.26,25.1,16.7,0
Chhattisgarh,5,30.0,28.1,1008.5,60.1,8.0,205.1,21.3,81.9,0.634,15.74,5.24,14.44,15.0,15.0,0
Chhattisgarh,5,34.1,28.8,1011.5,72.6,5.6,278.2,21.3,81.9,1.12,11.76,3.19,6.42,35.2,1.1,0
Chhattisgarh,5,0.5,24.8,1009.2,75.7,4.3,219.1,21.3,81.9,0.779,15.99,5.26,14.79,16.1,15.6,0
Chhattisgarh,5,25.2,27.2,1005.5,73.5,9.8,22.8,21.3,81.9,0.925,19.5,4.3,14.29,27.4,2.2,0
Chhattisgarh,5,19.5,29.7,1004.1,74.7,12.8,5.3,21.3,81.9,0.843,19.84,1.65,8.58,37.3,17.8,0
Chhattisgarh,5,28.7,26.5,1008.3,73.5,21.8,326.7,21.3,81.9,1.089,18.78,3.19,10.56,50.2,21.5,1
Chhattisgarh,5,42.0,28.1,1013.5,71.0,13.7,97.2,21.3,81.9,0.547,15.43,3.67,15.39,48.4,6.4,0
Chhattisgarh,5,18.3,32.7,1000.4,58.0,20.3,348.8,21.3,81.9,0.509,17.38,2.78,11.11,27.0,8.7,0
Chhattisgarh,5,21.2,28.0,1003.9,79.0,16.5,170.3,21.3,81.9,0.85,15.27,3.64,12.82,47.0,25.8,1
Chhattisgarh,5,9.2,30.5,1012.3,72.4,18.6,316.3,21.3,81.9,0.924,17.0,2.76,9.26,27.8,18.6,1
Chhattisgarh,5,15.1,27.0,1011.8,66.3,17.6,183.7,21.3,81.9,0.62,20.58,3.31,16.17,25.9,10.8,0
Chhattisgarh,5,14.2,30.6,1005.7,59.9,15.1,191.9,21.3,81.9,0.881,13.57,2.68,11.86,5.9,8.3,0
Chhattisgarh,5,20.2,28.1,1011.6,74.0,18.9,136.0,21.3,81.9,0.745,18.27,4.81,13.52,48.4,28.1,1
Chhattisgarh,5,31.2,33.0,1002.6,57.8,10.1,180.2,21.3,81.9,0.797,17.57,6.28,12.12,42.0,10.8,0
Chhattisgarh,5,22.8,32.6,1011.2,67.0,18.8,341.3,21.3,81.9,0.998,16.69,5.1,11.7,16.2,6.6,0
Chhattisgarh,5,15.1,30.7,1010.7,60.6,20.9,354.5,21.3,81.9,0.859,14.86,4.53,8.63,0.0,15.1,0
Chhattisgarh,5,12.9,31.0,1008.9,54.0,18.8,112.7,21.3,81.9,0.976,15.16,2.15,16.85,16.6,3.7,0
Chhattisgarh,5,35.9,26.7,1008.5,51.2,9.9,311.6,21.3,81.9,1.0,21.25,4.88,13.14,53.7,17.8,0
Chhattisgarh,5,34.8,29.5,1008.5,77.1,8.8,152.8,21.3,81.9,0.547,12.71,4.55,14.71,60.7,25.9,1
Chhattisgarh,5,20.1,26.6,1007.6,69.9,23.0,315.2,21.3,81.9,0.607,18.06,4.4,12.27,20.4,0.3,0
Chhattisgarh,5,51.5,26.2,1000.3,61.5,11.5,205.3,21.3,81.9,0.788,22.97,2.78,8.23,65.5,14.0,0
Chhattisgarh,5,18.8,26.7,1013.4,62.0,6.2,132.7,21.3,81.9,0.813,16.06,1.96,9.38,21.2,2.4,0
Chhattisgarh,5,6.3,32.1,1007.7,65.1,18.9,224.1,21.3,81.9,0.68,14.18,4.76,12.39,20.8,14.5,0
Chhattisgarh,5,28.0,30.8,1005.5,61.9,13.6,199.1,21.3,81.9,0.902,19.63,3.29,8.4,27.5,0.5,0
Chhattisgarh,5,12.3,24.5,1007.0,54.7,11.2,75.6,21.3,81.9,0.592,11.59,3.12,13.93,12.4,0.1,0
Chhattisgarh,5,23.3,27.4,1011.2,72.5,16.7,185.0,21.3,81.9,0.818,11.79,3.46,14.59,21.3,1.9,0
Chhattisgarh,5,18.0,30.6,1009.2,67.5,12.8,282.5,21.3,81.9,0.692,17.77,3.96,13.98,29.8,11.8,0
Chhattisgarh,5,23.2,32.4,1011.4,64.5,15.0,145.8,21.3,81.9,1.014,10.66,5.58,7.71,34.7,11.5,0
Chhattisgarh,5,27.9,27.4,1010.9,55.6,10.0,301.5,21.3,81.9,0.693,20.63,5.77,12.1,34.3,6.4,0
Chhattisgarh,5,49.1,26.6,1004.6,76.6,11.4,256.9,21.3,81.9,0.999,21.93,3.71,12.28,66.1,17.0,0
Chhattisgarh,5,10.7,32.0,1015.2,55.2,7.3,78.9,21.3,81.9,0.722,11.48,5.6,9.49,10.0,0.7,0
Chhattisgarh,5,26.8,24.9,1008.0,74.0,29.5,332.8,21.3,81.9,0.509,19.27,4.67,13.88,28.7,1.8,0
Chhattisgarh,5,34.3,27.2,1009.5,69.5,14.5,148.5,21.3,81.9,1.049,22.02,6.62,12.77,43.4,9.1,0
Chhattisgarh,5,25.8,25.1,1012.4,64.9,17.0,257.3,21.3,81.9,0.94,21.67,3.53,11.11,25.9,0.0,0
Chhattisgarh,5,15.2,33.7,1008.7,58.2,10.1,179.6,21.3,81.9,0.68,11.66,2.9,11.24,6.4,8.8,0
Chhattisgarh,5,19.9,29.8,1009.7,70.0,1.5,288.7,21.3,81.9,1.081,25.06,5.27,12.56,16.1,3.8,0
Chhattisgarh,5,39.7,27.6,1006.8,79.0,0.0,227.7,21.3,81.9,0.531,18.72,6.24,13.87,67.3,27.6,1
Chhattisgarh,5,24.7,34.0,1000.0,69.6,7.4,143.6,21.3,81.9,0.762,15.72,4.04,15.53,31.6,7.0,0
Chhattisgarh,5,24.4,28.3,1011.6,65.3,8.5,198.9,21.3,81.9,0.738,17.63,5.22,9.17,18.7,5.7,0
Chhattisgarh,5,1.1,26.9,1013.3,67.3,21.1,96.3,21.3,81.9,0.712,13.79,6.2,14.73,3.1,2.0,0
Chhattisgarh,6,25.9,26.3,995.4,68.9,8.2,196.0,21.3,81.9,0.66,17.5,3.55,13.88,39.4,13.5,0
Chhattisgarh,6,28.4,22.2,999.7,55.2,19.5,34.5,21.3,81.9,0.778,14.15,6.41,12.42,32.0,3.6,0
Chhattisgarh,6,26.3,25.4,1004.1,67.2,12.3,311.2,21.3,81.9,0.732,17.69,4.08,15.17,20.0,6.3,0
Chhattisgarh,6,50.0,28.3,1008.4,62.9,13.1,174.6,21.3,81.9,0.912,26.11,5.83,8.79,59.5,9.4,0
Chhattisgarh,6,30.4,34.2,1004.1,90.9,15.0,153.6,21.3,81.9,0.586,17.76,5.0,10.25,42.4,12.1,0
Chhattisgarh,6,31.5,28.1,1003.7,68.2,23.6,289.9,21.3,81.9,0.56,16.75,3.78,8.12,40.5,8.9,0
Chhattisgarh,6,4.9,22.4,1012.1,82.0,27.3,31.7,21.3,81.9,0.991,12.63,4.84,13.21,0.0,4.9,0
Chhattisgarh,6,31.5,28.1,1011.0,55.4,25.0,9.5,21.3,81.9,0.979,23.76,4.73,11.0,52.3,20.8,1
Chhattisgarh,6,21.8,32.0,1007.4,89.7,14.1,14.7,21.3,81.9,0.977,16.29,3.69,17.67,10.0,11.8,0
Chhattisgarh,6,38.6,34.4,1006.2,70.5,10.1,338.7,21.3,81.9,0.65,22.15,4.73,11.07,32.6,5.9,0
Chhattisgarh,6,30.7,23.2,1010.6,69.5,12.3,157.1,21.3,81.9,0.747,17.03,4.25,9.79,30.2,0.5,0
Chhattisgarh,6,1.0,25.8,999.2,57.5,9.7,58.3,21.3,81.9,0.715,13.13,4.26,19.3,0.0,1.0,0
Chhattisgarh,6,33.6,29.4,1018.3,70.7,14.5,225.6,21.3,81.9,0.901,20.97,4.08,22.73,50.5,16.9,0
Chhattisgarh,6,20.9,27.0,1007.8,67.4,17.5,232.4,21.3,81.9,1.201,14.34,4.69,10.72,21.5,0.6,0
Chhattisgarh,6,16.4,31.2,1004.8,81.9,21.6,314.8,21.3,81.9,0.907,21.08,3.38,17.98,15.9,0.5,0
Chhattisgarh,6,19.1,30.2,1003.7,80.5,18.4,38.7,21.3,81.9,0.972,17.71,7.16,8.08,28.0,8.9,0
Chhattisgarh,6,22.0,33.0,1023.5,61.3,20.2,222.3,21.3,81.9,1.175,19.22,5.61,10.82,53.3,31.3,1
Chhattisgarh,6,8.4,24.2,1006.6,62.3,16.6,198.4,21.3,81.9,0.738,13.76,6.18,15.26,0.0,8.4,0
Chhattisgarh,6,33.1,26.8,1000.1,55.6,19.5,108.3,21.3,81.9,1.053,15.31,5.37,15.16,5.2,27.9,1
Chhattisgarh,6,32.3,28.9,1019.7,87.9,14.0,193.8,21.3,81.9,0.937,16.37,3.11,11.67,31.7,0.6,0
Chhattisgarh,6,41.1,29.0,1005.2,60.6,16.6,5.3,21.3,81.9,0.701,14.52,6.87,13.3,60.4,19.3,1
Chhattisgarh,6,0.0,32.8,1011.9,76.9,6.4,46.8,21.3,81.9,0.748,13.56,2.49,10.45,0.0,0.0,0
Chhattisgarh,6,35.3,25.7,1007.2,80.0,14.8,150.0,21.3,81.9,0.953,15.11,2.64,14.8,49.8,14.6,0
Chhattisgarh,6,21.1,27.6,1005.9,83.5,15.9,93.1,21.3,81.9,1.106,22.47,5.28,16.58,35.4,14.2,0
Chhattisgarh,6,24.7,32.1,1003.3,58.5,16.9,247.8,21.3,81.9,1.076,19.24,7.23,10.72,43.9,19.2,1
Chhattisgarh,6,16.8,29.3,1011.6,72.0,16.9,69.6,21.3,81.9,0.864,21.67,5.84,12.68,11.3,5.5,0
Chhattisgarh,6,27.9,28.9,1000.0,70.3,10.4,308.4,21.3,81.9,0.991,13.41,6.3,16.04,37.2,9.3,0
Chhattisgarh,6,44.0,32.0,1003.5,78.1,11.0,125.6,21.3,81.9,0.828,13.2,5.26,12.24,63.7,19.7,1
Chhattisgarh,6,42.8,21.2,1008.0,74.5,15.0,49.1,21.3,81.9,0.966,11.83,6.67,15.66,39.7,3.1,0
Chhattisgarh,6,13.2,31.6,1009.3,71.6,17.2,99.2,21.3,81.9,0.536,16.6,5.42,15.61,9.9,3.3,0
Chhattisgarh,6,23.4,32.8,1015.0,71.3,18.8,56.4,21.3,81.9,1.053,18.2,4.03,19.23,54.4,30.9,1
Chhattisgarh,6,24.3,29.7,1008.9,68.5,14.9,119.9,21.3,81.9,0.698,15.8,5.87,14.24,46.3,21.9,1
Chhattisgarh,6,25.5,29.7,1007.2,81.9,19.0,154.3,21.3,81.9,1.045,22.55,4.76,15.9,50.2,24.7,1
Chhattisgarh,6,23.1,29.6,1005.8,73.8,9.9,287.4,21.3,81.9,1.229,14.91,6.42,13.79,22.7,0.4,0
Chhattisgarh,6,22.0,28.5,1006.4,80.2,13.4,173.4,21.3,81.9,1.351,17.87,4.26,12.77,46.4,24.4,1
Chhattisgarh,6,23.7,29.4,1004.9,65.7,19.6,224.5,21.3,81.9,0.57,16.49,4.34,13.05,24.6,0.9,0
Chhattisgarh,6,24.9,26.7,1015.1,76.8,14.1,291.8,21.3,81.9,0.405,19.8,5.84,12.15,35.4,10.4,0
Chhattisgarh,6,15.6,29.7,1001.7,77.6,14.7,285.4,21.3,81.9,0.908,22.79,5.12,16.67,14.3,1.3,0
Chhattisgarh,6,32.8,34.6,1016.3,42.9,15.5,166.6,21.3,81.9,0.845,16.25,5.54,13.42,28.5,4.4,0
Chhattisgarh,6,32.3,24.1,1004.4,64.7,13.6,191.5,21.3,81.9,0.96,15.95,5.09,14.06,38.8,6.4,0
Chhattisgarh,7,4.7,29.9,1011.1,76.3,15.7,208.2,21.3,81.9,1.099,18.38,5.14,13.3,0.0,4.7,0
Chhattisgarh,7,36.5,27.0,1011.5,87.3,20.1,201.8,21.3,81.9,0.888,22.3,5.72,18.99,36.5,0.0,0
Chhattisgarh,7,8.2,24.3,1014.0,70.2,19.0,242.4,21.3,81.9,0.854,22.64,3.62,16.48,37.8,29.6,1
Chhattisgarh,7,0.0,24.2,1007.9,63.9,14.2,348.0,21.3,81.9,0.87,19.16,4.03,10.78,11.9,11.9,0
Chhattisgarh,7,2.9,22.8,1008.2,74.4,10.5,210.6,21.3,81.9,0.672,22.01,5.24,15.01,0.0,2.9,0
Chhattisgarh,7,37.9,25.9,1012.4,61.9,16.4,161.7,21.3,81.9,1.191,15.13,5.56,11.31,38.6,0.7,0
Chhattisgarh,7,35.4,23.4,1010.3,76.1,4.8,213.9,21.3,81.9,1.224,16.97,4.17,10.1,28.4,7.1,0
Chhattisgarh,7,40.9,26.3,1010.5,62.3,14.2,112.8,21.3,81.9,1.268,20.58,4.95,12.6,60.5,19.6,1
Chhattisgarh,7,24.5,33.1,999.6,64.2,14.1,107.4,21.3,81.9,0.74,19.42,6.37,15.92,33.9,9.4,0
Chhattisgarh,7,14.5,27.1,1002.9,78.6,16.9,319.5,21.3,81.9,1.034,24.82,7.62,15.22,21.9,7.4,0
Chhattisgarh,7,31.9,33.8,1011.9,72.5,18.7,191.1,21.3,81.9,0.719,24.25,4.25,14.72,24.7,7.3,0
Chhattisgarh,7,22.4,28.9,1014.8,64.3,22.1,224.0,21.3,81.9,0.752,16.58,6.12,12.18,8.3,14.2,0
Chhattisgarh,7,52.1,27.4,1015.4,78.8,18.8,35.2,21.3,81.9,0.945,15.35,5.82,13.92,66.8,14.7,0
Chhattisgarh,7,39.2,24.7,1005.0,67.6,21.1,195.7,21.3,81.9,1.365,13.39,7.14,15.7,55.4,16.2,0
Chhattisgarh,7,34.5,18.7,1006.6,67.0,20.9,103.0,21.3,81.9,1.283,27.25,5.9,15.56,26.9,7.6,0
Chhattisgarh,7,35.5,26.7,1015.1,54.0,11.5,36.6,21.3,81.9,1.347,22.96,6.76,15.61,69.6,34.1,1
Chhattisgarh,7,30.3,30.2,1009.3,66.4,17.2,242.7,21.3,81.9,1.101,11.23,4.23,13.59,15.4,14.9,0
Chhattisgarh,7,13.6,31.0,1009.9,78.8,19.6,259.4,21.3,81.9,1.017,25.57,4.58,19.02,33.7,20.1,1
Chhattisgarh,7,36.3,28.1,1004.8,69.0,7.4,17.3,21.3,81.9,0.911,18.47,3.06,11.95,81.6,45.3,1
Chhattisgarh,7,17.5,32.2,1001.7,55.3,14.8,228.7,21.3,81.9,0.88,19.98,4.28,18.64,53.0,35.5,1
Chhattisgarh,7,41.4,22.5,1010.3,62.8,11.9,154.1,21.3,81.9,1.021,20.45,5.26,12.29,32.3,9.0,0
Chhattisgarh,7,22.2,27.2,1010.1,77.4,13.9,96.9,21.3,81.9,1.182,18.97,5.72,15.63,24.5,2.3,0
Chhattisgarh,7,7.9,24.2,1013.2,52.3,23.7,293.8,21.3,81.9,0.645,17.8,2.5,9.86,13.3,5.4,0
Chhattisgarh,7,3.7,21.9,1008.3,69.2,17.3,5.0,21.3,81.9,0.987,22.25,6.29,15.16,17.2,13.5,0
Chhattisgarh,7,0.0,26.2,1015.2,62.9,17.3,191.1,21.3,81.9,0.872,21.77,4.65,13.5,0.0,0.0,0
Chhattisgarh,7,13.7,23.9,1005.5,69.1,12.9,326.8,21.3,81.9,1.511,22.86,3.22,15.73,27.1,13.4,0
Chhattisgarh,7,76.7,29.3,1018.5,64.5,10.9,36.5,21.3,81.9,1.175,16.3,4.42,16.52,78.9,2.2,0
Chhattisgarh,7,28.4,22.9,996.1,81.3,20.6,143.4,21.3,81.9,1.019,16.21,4.89,22.25,61.4,33.0,1
Chhattisgarh,7,30.3,20.3,1010.6,65.9,12.7,45.1,21.3,81.9,1.384,20.56,6.4,16.26,44.5,14.2,0
Chhattisgarh,7,35.8,26.3,1001.2,84.5,7.2,143.8,21.3,81.9,1.362,21.37,5.93,16.79,61.5,25.7,1
Chhattisgarh,7,45.8,22.2,1014.6,67.9,11.0,197.3,21.3,81.9,1.05,17.74,5.29,14.97,56.5,10.7,0
Chhattisgarh,7,37.7,32.7,1013.8,83.7,13.5,14.2,21.3,81.9,0.982,18.01,3.63,14.21,53.9,16.2,0
Chhattisgarh,7,43.6,27.6,1013.4,68.6,2.9,118.8,21.3,81.9,1.08,12.72,3.6,10.4,47.0,3.3,0
Chhattisgarh,7,29.6,21.1,1011.8,68.6,8.2,275.9,21.3,81.9,0.847,16.88,3.68,14.92,30.9,1.3,0
Chhattisgarh,7,22.4,27.4,1009.2,66.5,4.9,271.8,21.3,81.9,0.804,24.45,5.71,17.93,19.0,3.4,0
Chhattisgarh,7,39.0,23.5,1007.9,59.4,17.8,120.8,21.3,81.9,1.068,13.98,4.39,24.15,57.7,18.7,1
Chhattisgarh,7,15.1,31.6,1008.6,94.8,15.1,14.9,21.3,81.9,0.984,18.41,4.34,11.6,13.8,1.3,0
Chhattisgarh,7,37.3,26.9,1005.1,55.2,18.3,351.1,21.3,81.9,0.829,17.42,4.09,17.43,57.9,20.6,1
Chhattisgarh,7,28.4,23.2,1010.0,70.8,16.5,198.6,21.3,81.9,0.776,13.47,6.58,18.53,8.8,19.6,1
Chhattisgarh,7,14.7,24.8,1012.5,69.4,22.5,187.7,21.3,81.9,0.73,17.02,4.11,18.13,47.9,33.2,1
Chhattisgarh,8,35.5,25.0,1009.3,52.7,14.2,208.8,21.3,81.9,1.181,21.03,6.63,18.5,33.6,1.9,0
Chhattisgarh,8,43.1,23.1,1021.2,55.6,18.9,213.9,21.3,81.9,1.121,17.56,4.72,13.21,49.7,6.6,0
Chhattisgarh,8,39.9,29.7,1008.3,55.0,23.7,5.9,21.3,81.9,1.009,22.62,3.66,16.1,42.5,2.7,0
Chhattisgarh,8,26.0,32.7,1001.7,68.6,12.1,192.8,21.3,81.9,1.251,21.18,5.32,9.22,46.3,20.3,1
Chhattisgarh,8,5.1,25.9,1003.7,46.2,15.9,107.6,21.3,81.9,1.187,23.87,6.39,17.79,20.2,15.1,0
Chhattisgarh,8,42.2,29.2,1009.1,67.3,16.5,259.7,21.3,81.9,1.183,20.98,8.2,20.87,36.0,6.2,0
Chhattisgarh,8,28.4,34.2,1003.6,56.6,28.6,105.1,21.3,81.9,0.681,18.4,5.14,18.7,33.0,4.6,0
Chhattisgarh,8,8.2,16.0,1010.4,69.6,21.2,18.1,21.3,81.9,1.03,19.52,4.91,17.41,6.8,1.4,0
Chhattisgarh,8,4.1,33.0,1009.1,75.5,21.7,54.6,21.3,81.9,1.043,17.36,6.67,11.6,13.6,9.4,0
Chhattisgarh,8,35.9,22.5,1014.1,49.1,8.6,227.0,21.3,81.9,1.227,16.22,6.52,18.72,36.8,0.9,0
Chhattisgarh,8,30.4,32.5,1015.6,63.8,11.0,277.0,21.3,81.9,0.869,26.7,6.24,16.26,53.8,23.4,1
Chhattisgarh,8,39.6,31.7,1010.8,83.2,8.3,62.7,21.3,81.9,1.399,20.43,4.96,15.16,48.0,8.4,0
Chhattisgarh,8,44.0,27.8,1013.7,73.8,19.9,317.0,21.3,81.9,1.036,16.38,2.73,15.09,9.1,34.9,1
Chhattisgarh,8,27.1,30.4,1008.1,40.7,13.1,339.6,21.3,81.9,1.335,23.7,5.62,17.61,64.8,37.7,1
Chhattisgarh,8,28.5,21.8,1005.5,61.3,9.3,129.1,21.3,81.9,1.632,17.52,5.02,24.57,47.2,18.6,1
Chhattisgarh,8,33.0,29.8,1008.8,64.0,16.6,326.2,21.3,81.9,0.739,19.71,3.56,13.45,45.2,12.3,0
Chhattisgarh,8,21.7,26.7,994.2,55.1,9.2,264.4,21.3,81.9,1.115,21.87,6.61,20.08,50.7,29.0,1
Chhattisgarh,8,33.6,28.6,1009.4,58.9,16.6,198.2,21.3,81.9,0.839,14.5,2.74,15.5,27.5,6.1,0
Chhattisgarh,8,17.6,23.2,1005.2,58.0,15.7,294.2,21.3,81.9,0.987,26.05,4.72,10.48,45.7,28.1,1
Chhattisgarh,8,0.0,25.6,1011.9,81.4,14.4,7.1,21.3,81.9,1.505,25.37,6.94,17.69,18.9,18.9,1
Chhattisgarh,8,32.2,27.3,998.7,55.6,18.6,80.4,21.3,81.9,1.121,17.28,5.89,17.4,7.9,24.3,1
Chhattisgarh,8,50.1,31.2,1002.7,68.1,13.5,69.6,21.3,81.9,0.971,16.9,5.51,13.13,71.6,21.5,1
Chhattisgarh,8,27.1,23.0,1004.3,64.3,13.6,169.0,21.3,81.9,0.849,22.71,7.16,14.67,33.4,6.3,0
Chhattisgarh,8,61.8,28.7,998.2,74.4,16.2,66.1,21.3,81.9,0.854,24.9,2.37,14.93,60.8,1.0,0
Chhattisgarh,8,18.0,27.3,1001.7,74.4,29.7,241.0,21.3,81.9,1.164,22.27,5.88,14.85,25.0,7.0,0
Chhattisgarh,8,31.4,31.0,1011.6,81.8,11.5,141.5,21.3,81.9,1.053,25.11,3.77,19.55,42.9,11.5,0
Chhattisgarh,8,45.7,28.0,1007.1,62.4,13.2,224.7,21.3,81.9,1.052,19.57,5.76,14.16,57.7,12.0,0
Chhattisgarh,8,26.5,20.5,1008.2,77.2,19.7,72.0,21.3,81.9,0.782,26.04,6.14,13.35,17.5,9.0,0
Chhattisgarh,8,28.8,31.2,1006.3,54.0,5.6,303.5,21.3,81.9,0.917,17.2,7.34,11.56,22.2,6.6,0
Chhattisgarh,8,59.3,24.6,1007.9,83.1,14.6,13.2,21.3,81.9,0.95,18.21,3.72,15.62,71.1,11.8,0
Chhattisgarh,8,56.4,25.6,1014.0,78.3,11.5,91.0,21.3,81.9,1.093,16.15,5.35,13.74,59.1,2.8,0
Chhattisgarh,8,26.1,27.6,1005.0,58.4,6.3,83.9,21.3,81.9,1.089,25.78,5.46,16.2,28.1,2.0,0
Chhattisgarh,8,23.1,28.7,1006.5,78.6,22.1,308.2,21.3,81.9,1.393,17.1,7.09,16.53,33.1,10.0,0
Chhattisgarh,8,18.1,26.3,997.0,74.6,14.2,348.3,21.3,81.9,1.352,21.73,4.54,16.22,54.1,36.0,1
Chhattisgarh,8,26.6,31.0,1004.4,73.9,16.2,90.1,21.3,81.9,0.987,20.56,3.39,11.43,7.2,19.4,1
Chhattisgarh,8,6.5,26.7,1005.5,58.4,21.2,14.6,21.3,81.9,1.262,15.78,6.15,19.21,20.5,14.0,0
Chhattisgarh,8,22.0,26.6,1009.7,69.5,20.6,149.7,21.3,81.9,1.276,22.86,5.88,15.71,46.8,24.9,1
Chhattisgarh,8,15.6,23.2,1008.1,62.1,16.6,123.2,21.3,81.9,1.099,22.47,7.54,17.41,39.4,23.7,1
Chhattisgarh,8,24.5,27.5,1004.6,73.5,17.6,148.4,21.3,81.9,1.169,21.11,6.3,20.68,33.5,9.0,0
Chhattisgarh,8,9.3,23.8,1009.2,60.4,12.7,189.7,21.3,81.9,1.164,28.04,3.86,19.34,32.2,22.9,1
Chhattisgarh,9,34.6,26.8,1011.8,70.1,14.8,172.6,21.3,81.9,1.263,29.0,4.42,14.91,33.9,0.7,0
Chhattisgarh,9,26.7,24.8,1014.3,89.4,16.7,31.1,21.3,81.9,1.203,18.93,5.84,19.2,45.4,18.7,1
Chhattisgarh,9,38.7,25.8,1008.6,65.9,20.0,150.7,21.3,81.9,1.502,24.72,5.07,13.93,50.5,11.8,0
Chhattisgarh,9,0.0,26.0,1005.1,61.4,16.3,220.5,21.3,81.9,0.854,25.36,5.65,18.55,8.1,8.1,0
Chhattisgarh,9,38.3,28.5,1010.9,86.4,17.2,105.4,21.3,81.9,1.192,15.83,5.93,21.59,53.9,15.6,0
Chhattisgarh,9,23.7,29.1,1002.4,76.4,13.2,335.2,21.3,81.9,0.967,24.28,3.22,16.27,16.1,7.7,0
Chhattisgarh,9,20.2,13.9,1004.5,72.1,11.1,249.4,21.3,81.9,1.35,24.58,6.55,18.35,37.8,17.6,0
Chhattisgarh,9,20.9,24.2,1003.8,76.1,11.3,98.3,21.3,81.9,1.083,24.08,6.83,19.4,0.0,20.9,1
Chhattisgarh,9,35.5,27.4,1008.8,66.0,11.5,345.2,21.3,81.9,1.128,28.25,6.04,17.51,29.9,5.6,0
Chhattisgarh,9,30.3,31.3,1007.3,71.5,23.7,255.0,21.3,81.9,0.983,24.62,4.04,19.1,22.1,8.2,0
Chhattisgarh,9,24.2,31.0,1001.7,49.6,5.0,95.4,21.3,81.9,1.339,19.12,7.37,17.36,32.8,8.6,0
Chhattisgarh,9,43.9,20.5,1011.2,50.9,7.4,165.4,21.3,81.9,1.283,25.9,7.1,17.29,44.0,0.1,0
Chhattisgarh,9,37.1,26.8,1008.7,68.1,15.0,304.7,21.3,81.9,1.338,25.07,5.56,17.55,61.2,24.1,1
Chhattisgarh,9,32.4,25.8,999.3,65.1,18.7,75.4,21.3,81.9,1.451,24.14,7.7,17.13,1.2,31.2,1
Chhattisgarh,9,24.0,24.7,1003.3,73.5,10.7,124.8,21.3,81.9,1.028,26.4,5.67,14.57,21.4,2.7,0
Chhattisgarh,9,45.1,29.2,1010.2,73.2,6.8,234.6,21.3,81.9,1.352,14.25,3.64,14.01,38.1,6.9,0
Chhattisgarh,9,29.7,22.0,1010.0,90.7,12.2,263.8,21.3,81.9,1.063,25.15,6.15,19.45,29.3,0.4,0
Chhattisgarh,9,33.9,37.5,1005.5,68.3,17.3,268.7,21.3,81.9,1.321,23.41,5.42,21.28,38.4,4.5,0
Chhattisgarh,9,51.1,26.2,1004.5,53.9,17.6,261.7,21.3,81.9,1.4,17.24,3.78,17.1,74.4,23.3,1
Chhattisgarh,9,27.5,30.3,1009.1,75.3,22.9,80.1,21.3,81.9,1.181,15.18,7.61,16.22,33.6,6.2,0
Chhattisgarh,9,24.5,24.5,1011.2,74.1,12.3,313.7,21.3,81.9,1.321,29.44,3.73,15.36,47.7,23.1,1
Chhattisgarh,9,11.6,25.6,1002.3,72.5,13.4,294.7,21.3,81.9,1.498,25.64,6.74,17.88,34.0,22.4,1
Chhattisgarh,9,37.4,20.0,1017.3,86.5,13.1,86.4,21.3,81.9,0.944,19.02,6.41,16.22,31.6,5.7,0
Chhattisgarh,9,39.2,27.1,1012.6,68.7,23.9,219.7,21.3,81.9,1.214,22.07,6.0,20.68,61.4,22.2,1
Chhattisgarh,9,3.0,29.8,1006.0,72.1,15.5,194.9,21.3,81.9,0.833,16.99,5.74,17.09,6.5,3.5,0
Chhattisgarh,9,34.2,24.3,1000.9,79.2,18.3,152.2,21.3,81.9,1.341,19.32,6.35,18.23,30.8,3.4,0
Chhattisgarh,9,37.6,22.4,1007.8,69.1,10.0,114.5,21.3,81.9,1.393,23.13,6.18,16.69,44.1,6.5,0
Chhattisgarh,9,23.2,27.6,1006.6,85.7,14.4,247.8,21.3,81.9,0.82,27.33,7.79,13.96,38.3,15.1,0
Chhattisgarh,9,37.9,27.6,1002.3,74.2,22.0,43.9,21.3,81.9,1.269,26.79,3.89,19.3,55.9,18.0,0
Chhattisgarh,9,25.7,27.9,1005.2,53.7,18.6,336.5,21.3,81.9,0.993,23.65,4.48,18.2,20.1,5.5,0
Chhattisgarh,9,28.5,31.6,1009.4,68.2,10.9,290.8,21.3,81.9,0.947,28.7,6.23,14.46,7.5,21.0,1
Chhattisgarh,9,26.0,26.2,1010.3,59.2,19.5,267.1,21.3,81.9,1.188,20.53,6.21,21.18,49.0,23.0,1
Chhattisgarh,9,35.5,33.0,1014.8,84.9,12.6,356.7,21.3,81.9,1.325,23.46,7.34,17.68,17.3,18.2,0
Chhattisgarh,9,49.0,25.2,999.2,100.0,10.2,300.7,21.3,81.9,0.959,21.73,5.26,14.58,70.0,21.0,1
Chhattisgarh,9,63.5,27.7,999.1,59.0,11.4,228.6,21.3,81.9,1.088,31.89,5.98,19.99,67.0,3.5,0
Chhattisgarh,9,30.2,26.2,1008.0,64.5,15.8,114.4,21.3,81.9,1.625,25.0,6.8,17.06,14.0,16.2,0
Chhattisgarh,9,11.3,27.0,1007.0,73.4,16.5,14.4,21.3,81.9,1.701,24.81,5.57,16.44,34.2,22.9,1
Chhattisgarh,9,27.5,31.5,1007.6,65.6,8.4,347.6,21.3,81.9,0.954,26.43,5.38,20.15,55.8,28.3,1
Chhattisgarh,9,19.9,24.3,1019.1,74.1,19.2,41.3,21.3,81.9,0.968,24.27,5.64,14.55,30.6,10.7,0
Chhattisgarh,9,6.1,28.9,1003.5,76.6,16.1,195.1,21.3,81.9,1.439,20.75,4.93,21.17,44.5,38.4,1
Chhattisgarh,10,51.5,18.2,1011.0,60.7,20.5,7.8,21.3,81.9,1.19,23.58,5.83,15.03,51.4,0.1,0
Chhattisgarh,10,34.9,33.5,1010.6,67.1,14.2,40.5,21.3,81.9,1.179,25.69,5.82,17.28,0.0,34.9,1
Chhattisgarh,10,13.0,23.1,1004.4,39.6,15.1,139.1,21.3,81.9,1.34,23.43,7.54,24.22,0.0,13.0,0
Chhattisgarh,10,15.0,28.8,1010.9,57.8,24.4,256.2,21.3,81.9,1.209,27.82,8.27,15.88,36.3,21.2,1
Chhattisgarh,10,31.4,21.6,1004.9,58.0,19.4,40.3,21.3,81.9,1.345,25.09,6.95,18.85,22.8,8.6,0
Chhattisgarh,10,38.4,28.0,1005.4,95.6,10.1,193.2,21.3,81.9,1.375,23.98,6.84,20.19,45.2,6.8,0
Chhattisgarh,10,24.9,27.2,1004.9,83.7,20.4,271.4,21.3,81.9,1.108,23.87,5.84,18.56,1.2,23.7,1
Chhattisgarh,10,24.9,23.1,1004.5,88.2,14.4,147.3,21.3,81.9,1.212,27.65,6.08,17.2,19.2,5.7,0
Chhattisgarh,10,22.3,33.5,1009.9,63.8,20.2,77.9,21.3,81.9,1.115,23.98,6.56,16.55,19.6,2.7,0
Chhattisgarh,10,25.9,26.9,1023.3,61.0,8.6,26.5,21.3,81.9,1.294,23.92,7.59,15.19,39.6,13.7,0
Chhattisgarh,10,30.3,27.6,1008.3,93.8,13.5,31.3,21.3,81.9,1.365,29.24,4.93,20.03,16.5,13.8,0
Chhattisgarh,10,13.5,26.6,1004.7,57.1,11.7,122.2,21.3,81.9,1.382,21.23,6.64,13.33,17.7,4.1,0
Chhattisgarh,10,43.6,25.6,1010.7,50.8,10.4,54.6,21.3,81.9,1.384,32.63,7.4,22.34,33.8,9.8,0
Chhattisgarh,10,32.9,22.0,1013.4,67.1,18.4,171.6,21.3,81.9,0.754,32.2,10.7,19.92,66.7,33.7,1
Chhattisgarh,10,22.4,21.2,1016.3,68.7,14.9,131.4,21.3,81.9,1.188,20.44,4.89,18.85,46.0,23.6,1
Chhattisgarh,10,28.9,27.0,1004.1,64.8,23.9,47.7,21.3,81.9,1.103,31.72,6.21,18.33,30.6,1.7,0
Chhattisgarh,10,9.5,25.8,1009.0,65.6,20.9,65.6,21.3,81.9,1.312,23.03,7.66,23.41,40.2,30.7,1
Chhattisgarh,10,33.9,27.3,1007.4,59.1,20.4,131.7,21.3,81.9,1.175,31.55,4.57,20.25,54.9,21.1,1
Chhattisgarh,10,24.5,23.2,999.5,65.1,12.0,313.9,21.3,81.9,1.452,21.6,7.07,16.2,42.9,18.4,0
Chhattisgarh,10,35.7,31.6,999.9,62.1,20.5,12.5,21.3,81.9,1.175,27.25,6.17,19.13,40.0,4.4,0
Chhattisgarh,10,27.8,21.9,1005.6,75.2,14.3,239.7,21.3,81.9,1.188,27.0,5.78,15.3,50.9,23.1,1
Chhattisgarh,10,16.9,24.6,1007.9,51.8,13.0,175.3,21.3,81.9,1.199,24.11,5.95,18.27,51.2,34.3,1
Chhattisgarh,10,66.5,29.4,1006.3,60.7,12.2,186.5,21.3,81.9,1.479,20.94,6.95,17.22,93.0,26.5,1
Chhattisgarh,10,27.2,24.4,1004.4,87.1,15.6,119.1,21.3,81.9,1.321,27.45,6.06,18.43,14.5,12.7,0
Chhattisgarh,10,18.0,26.4,1006.1,68.2,19.7,65.9,21.3,81.9,1.052,26.52,5.8,13.78,68.1,50.1,1
Chhattisgarh,10,31.4,25.8,1012.3,93.7,17.3,312.7,21.3,81.9,1.247,29.08,5.54,16.37,44.1,12.7,0
Chhattisgarh,10,51.7,25.4,1012.5,73.6,14.5,338.6,21.3,81.9,1.096,29.22,6.26,21.02,62.1,10.5,0
Chhattisgarh,10,34.3,14.0,1005.2,60.0,18.8,228.5,21.3,81.9,0.923,27.41,6.35,18.69,48.5,14.2,0
Chhattisgarh,10,36.7,35.6,1012.6,70.7,17.7,191.3,21.3,81.9,1.16,28.68,8.49,18.37,53.9,17.3,0
Chhattisgarh,10,19.9,30.1,1003.4,72.1,18.2,301.2,21.3,81.9,0.846,31.58,8.01,20.46,19.2,0.7,0
Chhattisgarh,10,48.4,35.1,1006.7,84.6,21.0,174.9,21.3,81.9,1.415,25.25,5.14,17.44,70.0,21.6,1
Chhattisgarh,10,30.3,19.9,1005.1,59.0,17.3,245.3,21.3,81.9,1.303,19.25,6.1,15.76,35.7,5.4,0
Chhattisgarh,10,44.2,27.9,1008.2,85.9,11.6,127.0,21.3,81.9,1.202,35.26,6.91,13.51,44.6,0.4,0
Chhattisgarh,10,14.9,36.1,1004.5,82.6,20.8,39.5,21.3,81.9,0.955,29.14,6.15,18.92,23.9,8.9,0
Chhattisgarh,10,0.0,27.2,1013.7,52.4,20.1,187.9,21.3,81.9,1.03,26.54,6.53,22.95,0.0,0.0,0
Chhattisgarh,10,51.6,27.4,1010.2,66.5,11.2,353.8,21.3,81.9,1.248,23.83,7.74,23.36,49.0,2.5,0
Chhattisgarh,10,56.7,24.4,1009.1,78.6,0.0,337.9,21.3,81.9,1.172,26.22,6.55,11.45,56.2,0.4,0
Chhattisgarh,10,10.4,25.0,1006.2,72.0,13.7,90.4,21.3,81.9,1.147,26.44,4.97,18.62,0.0,10.4,0
Chhattisgarh,10,27.0,28.3,1003.4,68.6,14.1,170.4,21.3,81.9,1.325,27.08,5.48,11.28,23.1,3.9,0
Chhattisgarh,10,9.3,28.3,1009.2,71.8,15.5,292.8,21.3,81.9,1.106,26.69,8.9,19.51,22.3,13.0,0
